"","V1","V2","V3","V4","V5","V6","V7","V8","V9","V10","V11","V12","V13","V14","V15","V16","V17","V18","V19","V20","V21","V22","V23","V24","V25","V26","V27","V28","V29","V30","V31","V32","V33","V34","V35","V36","V37","V38","V39","V40","V41","V42","V43","V44","V45","V46","V47","V48","V49","V50","V51","V52","V53","V54","V55","V56","V57","V58","V59","V60","V61","V62","V63","V64","V65","V66","V67","V68","V69","V70","V71","V72","V73","V74","V75","V76","V77","V78","V79","V80","V81","V82","V83","V84","V85","V86","V87","V88","V89","V90","V91","V92","V93","V94","V95","V96","V97","V98","V99","V100","V101","V102","V103","V104","V105","V106","V107","V108","V109","V110","V111","V112","V113","V114","V115","V116","V117","V118","V119","V120","V121","V122","V123","V124","V125","V126","V127","V128","V129","V130","V131","V132","V133","V134","V135","V136","V137","V138","V139","V140","V141","V142","V143","V144","V145","V146","V147","V148","V149","V150","V151","V152","V153","V154","V155","V156","V157","V158","V159","V160","V161","V162","V163","V164","V165","V166","V167","V168","V169","V170","V171","V172","V173","V174","V175","V176","V177","V178","V179","V180","V181","V182","V183","V184","V185","V186","V187","V188","V189","V190","V191","V192","V193","V194","V195","V196","V197","V198","V199","V200","V201","V202","V203","V204","V205","V206","V207","V208","V209","V210","V211","V212","V213","V214","V215","V216","V217","V218","V219","V220","V221","V222","V223","V224","V225","V226","V227","V228","V229","V230","V231","V232","V233","V234","V235","V236","V237","V238","V239","V240","V241","V242","V243","V244","V245","V246","V247","V248","V249","V250","V251","V252","V253","V254","V255","V256","V257","V258","V259","V260","V261","V262","V263","V264","V265","V266","V267","V268","V269","V270","V271","V272","V273","V274","V275","V276","V277","V278","V279","V280","V281","V282","V283","V284","V285","V286","V287","V288","V289","V290","V291","V292","V293","V294","V295","V296","V297","V298","V299","V300","V301","V302","V303","V304","V305","V306","V307","V308","V309","V310","V311","V312","V313","V314","V315","V316","V317","V318","V319","V320","V321","V322","V323","V324","V325","V326","V327","V328","V329","V330","V331","V332","V333","V334","V335","V336","V337","V338","V339","V340","V341","V342","V343","V344","V345","V346","V347","V348","V349","V350","V351","V352","V353","V354","V355","V356","V357","V358","V359","V360","V361","V362","V363","V364","V365","V366","V367","V368","V369","V370","V371","V372","V373","V374","V375","V376","V377","V378","V379","V380","V381","V382","V383","V384","V385","V386","V387","V388","V389","V390","V391","V392","V393","V394","V395","V396","V397","V398","V399","V400","V401","V402","V403","V404","V405","V406","V407","V408","V409","V410","V411","V412","V413","V414","V415","V416","V417","V418","V419","V420","V421","V422","V423","V424","V425","V426","V427","V428","V429","V430","V431","V432","V433","V434","V435","V436"
"1",50.762525,50.804875,50.914425,51.517825,51.58315,51.6681,51.7528,52.066725,53.522825,56.04385,57.446475,57.4853,57.52945,0,0,0,0,0,0,0,0,0,0,0,0,0,0,0,0,0,0,0,0,0,0,0,0,0,0,0,0,0,0,0,0,0,0,0,0,0,0,0,0,0,0,0,0,0,0,0,0,0,0,0,0,0,0,0,0,0,0,0,0,0,0,0,0,0,0,0,0,0,0,0,0,0,0,0,0,0,0,0,0,0,0,0,0,0,0,0,0,0,0,0,0,0,0,0,0,0,0,0,0,0,0,0,0,0,0,0,0,0,0,0,0,0,0,0,0,0,0,0,0,0,0,0,0,0,0,0,0,0,0,0,0,0,0,0,0,0,0,0,0,0,0,0,0,0,0,0,0,0,0,0,0,0,0,0,0,0,0,0,0,0,0,0,0,0,0,0,0,0,0,0,0,0,0,0,0,0,0,0,0,0,0,0,0,0,0,0,0,0,0,0,0,0,0,0,0,0,0,0,0,0,0,0,0,0,0,0,0,0,0,0,0,0,0,0,0,0,0,0,0,0,0,0,0,0,0,0,0,0,0,0,0,0,0,0,0,0,0,0,0,0,0,0,0,0,0,0,0,0,0,0,0,0,0,0,0,0,0,0,0,0,0,0,0,0,0,0,0,0,0,0,0,0,0,0,0,0,0,0,0,0,0,0,0,0,0,0,0,0,0,0,0,0,0,0,0,0,0,0,0,0,0,0,0,0,0,0,0,0,0,0,0,0,0,0,0,0,0,0,0,0,0,0,0,0,0,0,0,0,0,0,0,0,0,0,0,0,0,0,0,0,0,0,0,0,0,0,0,0,0,0,0,0,0,0,0,0,0,0,0,0,0,0,0,0,0,0,0,0,0,0,0,0,0,0,0,0,0,0,0,0,0,0,0,0,0,0,0,0,0,0,0,0,0,0,0,0,0,0,0,0,0,0,0,0,0,0,0,0,0,0,0,0,0,0,0,0,0,0,0,0,0,0
"2",51.4771,51.52305,51.543325,51.55935,51.596225,51.6638,52.0279,52.51955,52.654125,52.73205,52.7626,52.8615,52.89565,52.982575,53.9925,54.494875,54.688825,54.87285,54.9662,55.008425,55.816975,55.9305,55.997175,56.054975,56.9752,57.024575,57.081375,57.1367,57.17805,57.213675,57.239875,57.262875,57.29895,57.339,57.351825,57.384475,57.4209,57.45215,57.488825,57.5183,57.53205,57.576275,57.62695,58.96015,59.13175,59.155225,59.234875,59.29355,59.33995,61.09845,62.798025,62.9113,62.9892,63.08975,63.14625,63.278475,63.361525,63.444825,64.186,64.314925,64.4164,0,0,0,0,0,0,0,0,0,0,0,0,0,0,0,0,0,0,0,0,0,0,0,0,0,0,0,0,0,0,0,0,0,0,0,0,0,0,0,0,0,0,0,0,0,0,0,0,0,0,0,0,0,0,0,0,0,0,0,0,0,0,0,0,0,0,0,0,0,0,0,0,0,0,0,0,0,0,0,0,0,0,0,0,0,0,0,0,0,0,0,0,0,0,0,0,0,0,0,0,0,0,0,0,0,0,0,0,0,0,0,0,0,0,0,0,0,0,0,0,0,0,0,0,0,0,0,0,0,0,0,0,0,0,0,0,0,0,0,0,0,0,0,0,0,0,0,0,0,0,0,0,0,0,0,0,0,0,0,0,0,0,0,0,0,0,0,0,0,0,0,0,0,0,0,0,0,0,0,0,0,0,0,0,0,0,0,0,0,0,0,0,0,0,0,0,0,0,0,0,0,0,0,0,0,0,0,0,0,0,0,0,0,0,0,0,0,0,0,0,0,0,0,0,0,0,0,0,0,0,0,0,0,0,0,0,0,0,0,0,0,0,0,0,0,0,0,0,0,0,0,0,0,0,0,0,0,0,0,0,0,0,0,0,0,0,0,0,0,0,0,0,0,0,0,0,0,0,0,0,0,0,0,0,0,0,0,0,0,0,0,0,0,0,0,0,0,0,0,0,0,0,0,0,0,0,0,0,0,0,0,0,0,0,0,0,0,0,0,0,0,0,0,0,0,0,0,0,0,0,0,0,0,0,0,0,0,0,0,0,0,0,0,0,0,0,0,0,0,0,0,0,0,0,0,0,0,0,0,0,0,0,0,0,0,0,0,0,0,0,0,0,0,0,0
"3",40.604875,41.8643,49.58155,49.619275,49.663675,49.85055,49.8957,49.9472,49.9967,50.69265,50.776925,51.004525,51.634125,51.71645,51.7849,51.82485,51.8911,51.915125,51.955175,51.983675,52.117725,52.135775,52.2363,52.263,52.28695,52.38905,52.66845,52.8373,52.917075,53.00645,53.05315,53.06545,53.0943,53.124125,53.134775,53.147925,53.155725,53.1645,53.182625,53.19935,53.2147,53.222625,53.234225,53.270025,53.28005,53.330275,53.39965,53.421475,53.4536,53.472125,53.6051,53.774775,53.873025,54.061475,54.7326,54.797475,54.98225,55.111875,55.1325,55.19715,55.218725,55.235075,55.259225,55.28115,55.286625,55.30445,55.315025,55.3387,55.350225,55.3626,55.377325,55.3902,55.3971,55.418975,55.425775,55.444525,55.4526,55.45855,55.4662,55.486725,55.51815,55.5378,55.570375,55.59305,55.604375,55.61725,55.627875,55.6486,55.668275,55.682925,55.7114,55.9907,56.1043,56.148375,56.18225,56.212425,56.22585,56.27355,56.287975,56.326775,56.4025,57.06705,57.272025,57.37625,57.4439,57.5472,57.6315,57.65705,57.679775,57.6928,57.705825,57.7249,57.7374,57.75045,57.772875,57.78,57.790325,57.7985,57.81545,57.841625,57.855725,57.86965,57.888775,57.899575,57.91145,57.9379,57.9521,57.9642,57.98565,58.0233,58.046825,58.0841,58.11635,58.1429,58.170025,58.215475,58.23605,58.2729,58.296525,58.324275,58.349225,58.3927,58.4156,59.257425,59.3008,59.37065,59.566,59.595425,59.638725,59.72155,59.783325,59.82775,59.91185,59.961875,60.1752,61.10665,61.804975,61.822125,61.919075,61.99005,62.9205,64.374325,64.4894,64.60725,64.7458,0,0,0,0,0,0,0,0,0,0,0,0,0,0,0,0,0,0,0,0,0,0,0,0,0,0,0,0,0,0,0,0,0,0,0,0,0,0,0,0,0,0,0,0,0,0,0,0,0,0,0,0,0,0,0,0,0,0,0,0,0,0,0,0,0,0,0,0,0,0,0,0,0,0,0,0,0,0,0,0,0,0,0,0,0,0,0,0,0,0,0,0,0,0,0,0,0,0,0,0,0,0,0,0,0,0,0,0,0,0,0,0,0,0,0,0,0,0,0,0,0,0,0,0,0,0,0,0,0,0,0,0,0,0,0,0,0,0,0,0,0,0,0,0,0,0,0,0,0,0,0,0,0,0,0,0,0,0,0,0,0,0,0,0,0,0,0,0,0,0,0,0,0,0,0,0,0,0,0,0,0,0,0,0,0,0,0,0,0,0,0,0,0,0,0,0,0,0,0,0,0,0,0,0,0,0,0,0,0,0,0,0,0,0,0,0,0,0,0,0,0,0,0,0,0,0,0,0,0,0,0,0,0,0,0,0,0,0,0,0,0,0,0,0,0,0,0,0,0,0,0,0,0,0,0,0,0,0,0,0,0,0,0,0,0,0,0,0,0,0,0
"4",45.6976,49.5113,49.54225,49.55305,49.5639,50.5335,50.54545,50.56625,50.598925,50.6208,50.6562,50.673675,50.693025,50.71345,50.7295,50.748475,50.793225,50.846375,50.861575,50.997725,51.0151,51.081075,51.317825,51.33065,51.35255,51.377275,51.403875,51.412825,51.422425,51.428725,51.440575,51.4481,51.463525,51.478675,51.4851,51.51035,51.5195,51.526075,51.539025,51.563675,51.569575,51.59355,51.60245,51.609975,51.6231,51.6735,51.69825,51.7067,51.7223,51.776225,51.7923,51.88765,51.95135,51.97965,51.98835,52.01755,52.0522,52.489425,52.49775,52.52105,52.5567,52.568525,52.577425,52.59305,52.60525,52.620875,52.63425,52.6495,52.674625,52.695175,52.7047,52.7212,52.73405,52.76125,52.7755,52.7899,52.7999,52.836425,52.851,52.864375,52.8705,52.889025,52.9072,52.9243,52.948275,53.00845,53.04515,53.07995,53.216775,53.82115,54.16225,54.3638,54.399475,54.468325,54.493675,54.54215,54.564,54.620625,54.670125,54.7152,54.7237,54.742225,54.815,54.86355,54.885625,54.89475,54.9493,54.991375,55.0213,55.0303,55.0354,55.05295,55.0719,55.0937,55.10665,55.129425,55.155775,55.2492,55.277375,55.49595,55.61455,55.7992,56.8741,56.9005,56.915225,56.944625,56.952925,57.00645,57.0209,57.095275,57.118575,57.15655,57.1692,57.2489,57.26695,57.288725,57.322,57.36875,57.391925,57.400625,57.415925,57.4329,57.4572,57.46735,57.477425,57.5079,57.526775,57.604425,57.61745,57.6505,58.757625,58.795775,58.829,58.875725,58.9123,58.92775,58.952225,58.96385,58.98665,58.998675,59.02375,59.032475,59.053075,59.115625,59.1268,59.1423,59.165325,59.177325,59.21775,59.2321,59.25145,59.288125,59.300125,59.3246,59.348925,59.537375,59.58295,60.1518,60.158825,61.011075,61.04925,64.0637,64.102875,64.1262,64.165375,64.210175,64.2486,64.3601,64.378425,64.413825,64.57465,64.64185,64.86475,64.957875,0,0,0,0,0,0,0,0,0,0,0,0,0,0,0,0,0,0,0,0,0,0,0,0,0,0,0,0,0,0,0,0,0,0,0,0,0,0,0,0,0,0,0,0,0,0,0,0,0,0,0,0,0,0,0,0,0,0,0,0,0,0,0,0,0,0,0,0,0,0,0,0,0,0,0,0,0,0,0,0,0,0,0,0,0,0,0,0,0,0,0,0,0,0,0,0,0,0,0,0,0,0,0,0,0,0,0,0,0,0,0,0,0,0,0,0,0,0,0,0,0,0,0,0,0,0,0,0,0,0,0,0,0,0,0,0,0,0,0,0,0,0,0,0,0,0,0,0,0,0,0,0,0,0,0,0,0,0,0,0,0,0,0,0,0,0,0,0,0,0,0,0,0,0,0,0,0,0,0,0,0,0,0,0,0,0,0,0,0,0,0,0,0,0,0,0,0,0,0,0,0,0,0,0,0,0,0,0,0,0,0,0,0,0,0,0,0,0,0,0,0,0,0,0,0,0,0,0,0,0,0,0,0,0,0,0,0,0,0,0,0,0
"5",50.069075,50.345425,50.4214,50.468475,50.57455,50.595425,50.645675,50.6989,50.732375,51.0191,51.05575,51.10715,51.158925,51.21545,51.25415,51.311,51.615625,51.79505,51.9134,52.365125,52.39315,52.4602,52.484725,52.528875,52.57335,52.6839,52.84575,52.9581,53.00285,53.060825,53.0949,53.639475,53.8272,53.899275,54.021425,54.077325,54.12355,54.17205,54.25925,54.3784,54.458175,54.515275,54.539675,54.629375,55.05425,55.36395,55.40085,55.630025,55.694225,56.5289,56.5571,56.677525,56.710325,56.817,56.870925,56.90975,56.942125,57.029425,57.0888,57.65385,57.853075,57.9088,58.030325,58.12645,58.2076,58.308325,58.389025,58.48465,58.528475,58.630675,58.6817,58.754525,58.776525,58.831375,59.3541,59.516075,59.767175,59.865675,59.953,60.01985,60.20775,60.250275,60.298525,60.341475,60.387575,60.428525,60.48365,60.5527,60.622525,61.692825,61.91835,62.042275,62.158,0,0,0,0,0,0,0,0,0,0,0,0,0,0,0,0,0,0,0,0,0,0,0,0,0,0,0,0,0,0,0,0,0,0,0,0,0,0,0,0,0,0,0,0,0,0,0,0,0,0,0,0,0,0,0,0,0,0,0,0,0,0,0,0,0,0,0,0,0,0,0,0,0,0,0,0,0,0,0,0,0,0,0,0,0,0,0,0,0,0,0,0,0,0,0,0,0,0,0,0,0,0,0,0,0,0,0,0,0,0,0,0,0,0,0,0,0,0,0,0,0,0,0,0,0,0,0,0,0,0,0,0,0,0,0,0,0,0,0,0,0,0,0,0,0,0,0,0,0,0,0,0,0,0,0,0,0,0,0,0,0,0,0,0,0,0,0,0,0,0,0,0,0,0,0,0,0,0,0,0,0,0,0,0,0,0,0,0,0,0,0,0,0,0,0,0,0,0,0,0,0,0,0,0,0,0,0,0,0,0,0,0,0,0,0,0,0,0,0,0,0,0,0,0,0,0,0,0,0,0,0,0,0,0,0,0,0,0,0,0,0,0,0,0,0,0,0,0,0,0,0,0,0,0,0,0,0,0,0,0,0,0,0,0,0,0,0,0,0,0,0,0,0,0,0,0,0,0,0,0,0,0,0,0,0,0,0,0,0,0,0,0,0,0,0,0,0,0,0,0,0,0,0,0,0,0,0,0,0,0,0,0,0,0,0,0,0,0,0,0,0,0,0,0,0,0,0,0,0,0,0,0,0,0,0,0,0,0,0,0,0,0,0
"6",49.528375,55.43425,55.5077,55.5763,56.600175,57.579925,58.33665,58.38625,58.43105,58.457675,58.50775,58.5563,58.623975,59.9789,60.013625,60.042475,60.075125,60.11265,60.1494,60.21055,60.25325,60.304825,60.3646,60.45465,61.5916,61.628375,61.678425,61.696275,61.728525,61.7914,61.8681,61.895925,61.93235,61.99335,62.058275,62.101725,62.139325,62.227475,62.368375,62.476925,62.84265,63.370675,63.44255,63.538325,63.6647,0,0,0,0,0,0,0,0,0,0,0,0,0,0,0,0,0,0,0,0,0,0,0,0,0,0,0,0,0,0,0,0,0,0,0,0,0,0,0,0,0,0,0,0,0,0,0,0,0,0,0,0,0,0,0,0,0,0,0,0,0,0,0,0,0,0,0,0,0,0,0,0,0,0,0,0,0,0,0,0,0,0,0,0,0,0,0,0,0,0,0,0,0,0,0,0,0,0,0,0,0,0,0,0,0,0,0,0,0,0,0,0,0,0,0,0,0,0,0,0,0,0,0,0,0,0,0,0,0,0,0,0,0,0,0,0,0,0,0,0,0,0,0,0,0,0,0,0,0,0,0,0,0,0,0,0,0,0,0,0,0,0,0,0,0,0,0,0,0,0,0,0,0,0,0,0,0,0,0,0,0,0,0,0,0,0,0,0,0,0,0,0,0,0,0,0,0,0,0,0,0,0,0,0,0,0,0,0,0,0,0,0,0,0,0,0,0,0,0,0,0,0,0,0,0,0,0,0,0,0,0,0,0,0,0,0,0,0,0,0,0,0,0,0,0,0,0,0,0,0,0,0,0,0,0,0,0,0,0,0,0,0,0,0,0,0,0,0,0,0,0,0,0,0,0,0,0,0,0,0,0,0,0,0,0,0,0,0,0,0,0,0,0,0,0,0,0,0,0,0,0,0,0,0,0,0,0,0,0,0,0,0,0,0,0,0,0,0,0,0,0,0,0,0,0,0,0,0,0,0,0,0,0,0,0,0,0,0,0,0,0,0,0,0,0,0,0,0,0,0,0,0,0,0,0,0,0,0,0,0,0,0,0,0,0,0,0,0,0,0,0,0,0,0,0,0,0,0,0,0,0,0,0,0,0,0,0,0,0,0,0
"7",49.750725,49.812,50.020675,50.469975,50.96965,51.08005,51.550275,51.753775,51.831175,52.042075,52.1792,52.3317,53.111375,53.227575,53.233425,53.28915,53.4771,54.648625,55.0396,55.90115,56.24195,56.316225,56.4482,56.7908,57.17025,57.87725,57.9223,58.00605,58.199,59.1381,59.436925,61.47165,0,0,0,0,0,0,0,0,0,0,0,0,0,0,0,0,0,0,0,0,0,0,0,0,0,0,0,0,0,0,0,0,0,0,0,0,0,0,0,0,0,0,0,0,0,0,0,0,0,0,0,0,0,0,0,0,0,0,0,0,0,0,0,0,0,0,0,0,0,0,0,0,0,0,0,0,0,0,0,0,0,0,0,0,0,0,0,0,0,0,0,0,0,0,0,0,0,0,0,0,0,0,0,0,0,0,0,0,0,0,0,0,0,0,0,0,0,0,0,0,0,0,0,0,0,0,0,0,0,0,0,0,0,0,0,0,0,0,0,0,0,0,0,0,0,0,0,0,0,0,0,0,0,0,0,0,0,0,0,0,0,0,0,0,0,0,0,0,0,0,0,0,0,0,0,0,0,0,0,0,0,0,0,0,0,0,0,0,0,0,0,0,0,0,0,0,0,0,0,0,0,0,0,0,0,0,0,0,0,0,0,0,0,0,0,0,0,0,0,0,0,0,0,0,0,0,0,0,0,0,0,0,0,0,0,0,0,0,0,0,0,0,0,0,0,0,0,0,0,0,0,0,0,0,0,0,0,0,0,0,0,0,0,0,0,0,0,0,0,0,0,0,0,0,0,0,0,0,0,0,0,0,0,0,0,0,0,0,0,0,0,0,0,0,0,0,0,0,0,0,0,0,0,0,0,0,0,0,0,0,0,0,0,0,0,0,0,0,0,0,0,0,0,0,0,0,0,0,0,0,0,0,0,0,0,0,0,0,0,0,0,0,0,0,0,0,0,0,0,0,0,0,0,0,0,0,0,0,0,0,0,0,0,0,0,0,0,0,0,0,0,0,0,0,0,0,0,0,0,0,0,0,0,0,0,0,0,0,0,0,0,0,0,0,0,0,0,0,0,0,0,0,0,0
"8",51.23575,51.632225,53.703725,54.58965,54.916625,55.638225,57.56575,0,0,0,0,0,0,0,0,0,0,0,0,0,0,0,0,0,0,0,0,0,0,0,0,0,0,0,0,0,0,0,0,0,0,0,0,0,0,0,0,0,0,0,0,0,0,0,0,0,0,0,0,0,0,0,0,0,0,0,0,0,0,0,0,0,0,0,0,0,0,0,0,0,0,0,0,0,0,0,0,0,0,0,0,0,0,0,0,0,0,0,0,0,0,0,0,0,0,0,0,0,0,0,0,0,0,0,0,0,0,0,0,0,0,0,0,0,0,0,0,0,0,0,0,0,0,0,0,0,0,0,0,0,0,0,0,0,0,0,0,0,0,0,0,0,0,0,0,0,0,0,0,0,0,0,0,0,0,0,0,0,0,0,0,0,0,0,0,0,0,0,0,0,0,0,0,0,0,0,0,0,0,0,0,0,0,0,0,0,0,0,0,0,0,0,0,0,0,0,0,0,0,0,0,0,0,0,0,0,0,0,0,0,0,0,0,0,0,0,0,0,0,0,0,0,0,0,0,0,0,0,0,0,0,0,0,0,0,0,0,0,0,0,0,0,0,0,0,0,0,0,0,0,0,0,0,0,0,0,0,0,0,0,0,0,0,0,0,0,0,0,0,0,0,0,0,0,0,0,0,0,0,0,0,0,0,0,0,0,0,0,0,0,0,0,0,0,0,0,0,0,0,0,0,0,0,0,0,0,0,0,0,0,0,0,0,0,0,0,0,0,0,0,0,0,0,0,0,0,0,0,0,0,0,0,0,0,0,0,0,0,0,0,0,0,0,0,0,0,0,0,0,0,0,0,0,0,0,0,0,0,0,0,0,0,0,0,0,0,0,0,0,0,0,0,0,0,0,0,0,0,0,0,0,0,0,0,0,0,0,0,0,0,0,0,0,0,0,0,0,0,0,0,0,0,0,0,0,0,0,0,0,0,0,0,0,0,0,0,0,0,0,0,0,0,0,0,0,0
"9",50.5115,56.044225,56.083225,56.1133,56.207075,56.2757,56.3006,56.324975,56.3587,56.40855,56.45595,56.488475,56.524075,56.82025,58.135775,58.17665,58.212775,58.3034,58.35275,58.662525,59.796025,59.889675,60.023275,60.15595,60.3694,60.5383,61.282775,61.42255,61.503025,61.572525,61.6388,61.7965,61.9297,0,0,0,0,0,0,0,0,0,0,0,0,0,0,0,0,0,0,0,0,0,0,0,0,0,0,0,0,0,0,0,0,0,0,0,0,0,0,0,0,0,0,0,0,0,0,0,0,0,0,0,0,0,0,0,0,0,0,0,0,0,0,0,0,0,0,0,0,0,0,0,0,0,0,0,0,0,0,0,0,0,0,0,0,0,0,0,0,0,0,0,0,0,0,0,0,0,0,0,0,0,0,0,0,0,0,0,0,0,0,0,0,0,0,0,0,0,0,0,0,0,0,0,0,0,0,0,0,0,0,0,0,0,0,0,0,0,0,0,0,0,0,0,0,0,0,0,0,0,0,0,0,0,0,0,0,0,0,0,0,0,0,0,0,0,0,0,0,0,0,0,0,0,0,0,0,0,0,0,0,0,0,0,0,0,0,0,0,0,0,0,0,0,0,0,0,0,0,0,0,0,0,0,0,0,0,0,0,0,0,0,0,0,0,0,0,0,0,0,0,0,0,0,0,0,0,0,0,0,0,0,0,0,0,0,0,0,0,0,0,0,0,0,0,0,0,0,0,0,0,0,0,0,0,0,0,0,0,0,0,0,0,0,0,0,0,0,0,0,0,0,0,0,0,0,0,0,0,0,0,0,0,0,0,0,0,0,0,0,0,0,0,0,0,0,0,0,0,0,0,0,0,0,0,0,0,0,0,0,0,0,0,0,0,0,0,0,0,0,0,0,0,0,0,0,0,0,0,0,0,0,0,0,0,0,0,0,0,0,0,0,0,0,0,0,0,0,0,0,0,0,0,0,0,0,0,0,0,0,0,0,0,0,0,0,0,0,0,0,0,0,0,0,0,0,0,0,0,0,0,0,0,0,0,0,0,0,0,0,0,0,0,0,0,0,0,0,0,0,0,0,0,0
"10",50.11395,50.537825,52.4748,52.544875,53.90395,54.031725,54.139225,54.525075,54.5796,55.1749,55.230675,55.4067,55.68005,56.541375,56.70475,56.779625,56.8667,57.019025,57.437475,57.82565,58.1155,58.402475,58.515775,58.579825,58.652275,58.72225,58.86555,62.221325,0,0,0,0,0,0,0,0,0,0,0,0,0,0,0,0,0,0,0,0,0,0,0,0,0,0,0,0,0,0,0,0,0,0,0,0,0,0,0,0,0,0,0,0,0,0,0,0,0,0,0,0,0,0,0,0,0,0,0,0,0,0,0,0,0,0,0,0,0,0,0,0,0,0,0,0,0,0,0,0,0,0,0,0,0,0,0,0,0,0,0,0,0,0,0,0,0,0,0,0,0,0,0,0,0,0,0,0,0,0,0,0,0,0,0,0,0,0,0,0,0,0,0,0,0,0,0,0,0,0,0,0,0,0,0,0,0,0,0,0,0,0,0,0,0,0,0,0,0,0,0,0,0,0,0,0,0,0,0,0,0,0,0,0,0,0,0,0,0,0,0,0,0,0,0,0,0,0,0,0,0,0,0,0,0,0,0,0,0,0,0,0,0,0,0,0,0,0,0,0,0,0,0,0,0,0,0,0,0,0,0,0,0,0,0,0,0,0,0,0,0,0,0,0,0,0,0,0,0,0,0,0,0,0,0,0,0,0,0,0,0,0,0,0,0,0,0,0,0,0,0,0,0,0,0,0,0,0,0,0,0,0,0,0,0,0,0,0,0,0,0,0,0,0,0,0,0,0,0,0,0,0,0,0,0,0,0,0,0,0,0,0,0,0,0,0,0,0,0,0,0,0,0,0,0,0,0,0,0,0,0,0,0,0,0,0,0,0,0,0,0,0,0,0,0,0,0,0,0,0,0,0,0,0,0,0,0,0,0,0,0,0,0,0,0,0,0,0,0,0,0,0,0,0,0,0,0,0,0,0,0,0,0,0,0,0,0,0,0,0,0,0,0,0,0,0,0,0,0,0,0,0,0,0,0,0,0,0,0,0,0,0,0,0,0,0,0,0,0,0,0,0,0,0,0,0,0,0
"11",49.949225,50.057975,50.087175,50.13595,51.088325,51.217825,52.3496,52.405325,52.4457,52.4715,54.942475,58.3707,58.47775,58.510525,58.53405,58.6033,58.633425,59.9209,59.956775,59.988375,60.035775,60.073125,60.121675,60.198525,60.2465,60.31505,61.505775,61.558,61.633925,61.7009,61.759525,61.837125,61.905925,61.9382,62.01615,62.07905,62.134525,62.38795,0,0,0,0,0,0,0,0,0,0,0,0,0,0,0,0,0,0,0,0,0,0,0,0,0,0,0,0,0,0,0,0,0,0,0,0,0,0,0,0,0,0,0,0,0,0,0,0,0,0,0,0,0,0,0,0,0,0,0,0,0,0,0,0,0,0,0,0,0,0,0,0,0,0,0,0,0,0,0,0,0,0,0,0,0,0,0,0,0,0,0,0,0,0,0,0,0,0,0,0,0,0,0,0,0,0,0,0,0,0,0,0,0,0,0,0,0,0,0,0,0,0,0,0,0,0,0,0,0,0,0,0,0,0,0,0,0,0,0,0,0,0,0,0,0,0,0,0,0,0,0,0,0,0,0,0,0,0,0,0,0,0,0,0,0,0,0,0,0,0,0,0,0,0,0,0,0,0,0,0,0,0,0,0,0,0,0,0,0,0,0,0,0,0,0,0,0,0,0,0,0,0,0,0,0,0,0,0,0,0,0,0,0,0,0,0,0,0,0,0,0,0,0,0,0,0,0,0,0,0,0,0,0,0,0,0,0,0,0,0,0,0,0,0,0,0,0,0,0,0,0,0,0,0,0,0,0,0,0,0,0,0,0,0,0,0,0,0,0,0,0,0,0,0,0,0,0,0,0,0,0,0,0,0,0,0,0,0,0,0,0,0,0,0,0,0,0,0,0,0,0,0,0,0,0,0,0,0,0,0,0,0,0,0,0,0,0,0,0,0,0,0,0,0,0,0,0,0,0,0,0,0,0,0,0,0,0,0,0,0,0,0,0,0,0,0,0,0,0,0,0,0,0,0,0,0,0,0,0,0,0,0,0,0,0,0,0,0,0,0,0,0,0,0,0,0,0,0,0,0,0,0,0,0,0,0,0,0,0,0,0,0,0,0,0,0,0,0
"12",50.778975,52.814725,0,0,0,0,0,0,0,0,0,0,0,0,0,0,0,0,0,0,0,0,0,0,0,0,0,0,0,0,0,0,0,0,0,0,0,0,0,0,0,0,0,0,0,0,0,0,0,0,0,0,0,0,0,0,0,0,0,0,0,0,0,0,0,0,0,0,0,0,0,0,0,0,0,0,0,0,0,0,0,0,0,0,0,0,0,0,0,0,0,0,0,0,0,0,0,0,0,0,0,0,0,0,0,0,0,0,0,0,0,0,0,0,0,0,0,0,0,0,0,0,0,0,0,0,0,0,0,0,0,0,0,0,0,0,0,0,0,0,0,0,0,0,0,0,0,0,0,0,0,0,0,0,0,0,0,0,0,0,0,0,0,0,0,0,0,0,0,0,0,0,0,0,0,0,0,0,0,0,0,0,0,0,0,0,0,0,0,0,0,0,0,0,0,0,0,0,0,0,0,0,0,0,0,0,0,0,0,0,0,0,0,0,0,0,0,0,0,0,0,0,0,0,0,0,0,0,0,0,0,0,0,0,0,0,0,0,0,0,0,0,0,0,0,0,0,0,0,0,0,0,0,0,0,0,0,0,0,0,0,0,0,0,0,0,0,0,0,0,0,0,0,0,0,0,0,0,0,0,0,0,0,0,0,0,0,0,0,0,0,0,0,0,0,0,0,0,0,0,0,0,0,0,0,0,0,0,0,0,0,0,0,0,0,0,0,0,0,0,0,0,0,0,0,0,0,0,0,0,0,0,0,0,0,0,0,0,0,0,0,0,0,0,0,0,0,0,0,0,0,0,0,0,0,0,0,0,0,0,0,0,0,0,0,0,0,0,0,0,0,0,0,0,0,0,0,0,0,0,0,0,0,0,0,0,0,0,0,0,0,0,0,0,0,0,0,0,0,0,0,0,0,0,0,0,0,0,0,0,0,0,0,0,0,0,0,0,0,0,0,0,0,0,0,0,0,0,0,0,0,0,0,0,0,0
"13",49.59825,49.71775,49.8536,49.91015,50.147125,50.5934,52.30975,52.388275,52.512175,52.988275,53.539275,53.7995,54.111275,54.186275,54.2709,54.426875,54.5379,55.111,55.222925,55.37935,55.577675,55.6913,56.097075,56.269325,56.356775,56.482625,56.58945,56.69905,57.891475,58.6675,60.1084,60.1796,0,0,0,0,0,0,0,0,0,0,0,0,0,0,0,0,0,0,0,0,0,0,0,0,0,0,0,0,0,0,0,0,0,0,0,0,0,0,0,0,0,0,0,0,0,0,0,0,0,0,0,0,0,0,0,0,0,0,0,0,0,0,0,0,0,0,0,0,0,0,0,0,0,0,0,0,0,0,0,0,0,0,0,0,0,0,0,0,0,0,0,0,0,0,0,0,0,0,0,0,0,0,0,0,0,0,0,0,0,0,0,0,0,0,0,0,0,0,0,0,0,0,0,0,0,0,0,0,0,0,0,0,0,0,0,0,0,0,0,0,0,0,0,0,0,0,0,0,0,0,0,0,0,0,0,0,0,0,0,0,0,0,0,0,0,0,0,0,0,0,0,0,0,0,0,0,0,0,0,0,0,0,0,0,0,0,0,0,0,0,0,0,0,0,0,0,0,0,0,0,0,0,0,0,0,0,0,0,0,0,0,0,0,0,0,0,0,0,0,0,0,0,0,0,0,0,0,0,0,0,0,0,0,0,0,0,0,0,0,0,0,0,0,0,0,0,0,0,0,0,0,0,0,0,0,0,0,0,0,0,0,0,0,0,0,0,0,0,0,0,0,0,0,0,0,0,0,0,0,0,0,0,0,0,0,0,0,0,0,0,0,0,0,0,0,0,0,0,0,0,0,0,0,0,0,0,0,0,0,0,0,0,0,0,0,0,0,0,0,0,0,0,0,0,0,0,0,0,0,0,0,0,0,0,0,0,0,0,0,0,0,0,0,0,0,0,0,0,0,0,0,0,0,0,0,0,0,0,0,0,0,0,0,0,0,0,0,0,0,0,0,0,0,0,0,0,0,0,0,0,0,0,0,0,0,0,0,0,0,0,0,0,0,0,0,0,0,0,0,0,0,0,0,0
"14",0,0,0,0,0,0,0,0,0,0,0,0,0,0,0,0,0,0,0,0,0,0,0,0,0,0,0,0,0,0,0,0,0,0,0,0,0,0,0,0,0,0,0,0,0,0,0,0,0,0,0,0,0,0,0,0,0,0,0,0,0,0,0,0,0,0,0,0,0,0,0,0,0,0,0,0,0,0,0,0,0,0,0,0,0,0,0,0,0,0,0,0,0,0,0,0,0,0,0,0,0,0,0,0,0,0,0,0,0,0,0,0,0,0,0,0,0,0,0,0,0,0,0,0,0,0,0,0,0,0,0,0,0,0,0,0,0,0,0,0,0,0,0,0,0,0,0,0,0,0,0,0,0,0,0,0,0,0,0,0,0,0,0,0,0,0,0,0,0,0,0,0,0,0,0,0,0,0,0,0,0,0,0,0,0,0,0,0,0,0,0,0,0,0,0,0,0,0,0,0,0,0,0,0,0,0,0,0,0,0,0,0,0,0,0,0,0,0,0,0,0,0,0,0,0,0,0,0,0,0,0,0,0,0,0,0,0,0,0,0,0,0,0,0,0,0,0,0,0,0,0,0,0,0,0,0,0,0,0,0,0,0,0,0,0,0,0,0,0,0,0,0,0,0,0,0,0,0,0,0,0,0,0,0,0,0,0,0,0,0,0,0,0,0,0,0,0,0,0,0,0,0,0,0,0,0,0,0,0,0,0,0,0,0,0,0,0,0,0,0,0,0,0,0,0,0,0,0,0,0,0,0,0,0,0,0,0,0,0,0,0,0,0,0,0,0,0,0,0,0,0,0,0,0,0,0,0,0,0,0,0,0,0,0,0,0,0,0,0,0,0,0,0,0,0,0,0,0,0,0,0,0,0,0,0,0,0,0,0,0,0,0,0,0,0,0,0,0,0,0,0,0,0,0,0,0,0,0,0,0,0,0,0,0,0,0,0,0,0,0,0,0,0,0,0,0,0,0,0,0,0,0,0,0,0,0
"15",47.52435,51.53285,51.653125,59.94665,60.087425,60.165575,60.2911,61.73585,62.05475,62.19135,62.5322,63.609475,63.86835,64.68245,64.983925,71.5656,76.032725,0,0,0,0,0,0,0,0,0,0,0,0,0,0,0,0,0,0,0,0,0,0,0,0,0,0,0,0,0,0,0,0,0,0,0,0,0,0,0,0,0,0,0,0,0,0,0,0,0,0,0,0,0,0,0,0,0,0,0,0,0,0,0,0,0,0,0,0,0,0,0,0,0,0,0,0,0,0,0,0,0,0,0,0,0,0,0,0,0,0,0,0,0,0,0,0,0,0,0,0,0,0,0,0,0,0,0,0,0,0,0,0,0,0,0,0,0,0,0,0,0,0,0,0,0,0,0,0,0,0,0,0,0,0,0,0,0,0,0,0,0,0,0,0,0,0,0,0,0,0,0,0,0,0,0,0,0,0,0,0,0,0,0,0,0,0,0,0,0,0,0,0,0,0,0,0,0,0,0,0,0,0,0,0,0,0,0,0,0,0,0,0,0,0,0,0,0,0,0,0,0,0,0,0,0,0,0,0,0,0,0,0,0,0,0,0,0,0,0,0,0,0,0,0,0,0,0,0,0,0,0,0,0,0,0,0,0,0,0,0,0,0,0,0,0,0,0,0,0,0,0,0,0,0,0,0,0,0,0,0,0,0,0,0,0,0,0,0,0,0,0,0,0,0,0,0,0,0,0,0,0,0,0,0,0,0,0,0,0,0,0,0,0,0,0,0,0,0,0,0,0,0,0,0,0,0,0,0,0,0,0,0,0,0,0,0,0,0,0,0,0,0,0,0,0,0,0,0,0,0,0,0,0,0,0,0,0,0,0,0,0,0,0,0,0,0,0,0,0,0,0,0,0,0,0,0,0,0,0,0,0,0,0,0,0,0,0,0,0,0,0,0,0,0,0,0,0,0,0,0,0,0,0,0,0,0,0,0,0,0,0,0,0,0,0,0,0,0,0,0,0,0,0,0,0,0,0,0,0,0,0,0,0,0,0,0,0,0,0
"16",49.54105,49.561375,49.60315,49.62775,49.698325,49.769475,49.847875,49.897575,49.959675,50.021175,50.076775,50.11055,50.343475,50.52545,50.5355,50.555275,50.5715,50.630425,50.77405,50.87385,50.939425,50.985375,51.029375,51.062125,51.103825,51.1315,51.192225,51.24765,51.3789,51.573225,51.691625,51.73315,51.786425,51.80805,51.83805,51.870375,51.908025,51.94765,52.004075,52.137525,52.193925,52.2844,52.367175,52.42765,52.47685,52.505475,52.538825,52.602075,52.784725,52.88025,52.915625,52.987175,53.018825,53.05175,53.09815,53.128225,53.157825,53.1903,53.246675,53.2998,53.393975,53.52005,53.774075,53.889525,54.0427,54.29885,54.326575,54.3822,54.4311,54.47915,54.51865,54.572525,54.6116,54.947725,55.01355,55.0813,55.1333,55.176775,55.206375,55.238975,55.2851,55.3127,55.348575,55.382175,55.408775,55.465575,55.495075,55.553075,55.6219,55.660925,55.710825,55.81625,56.14065,56.791475,56.8989,57.185375,57.260875,57.350475,57.430325,57.505625,57.561925,57.602025,57.637725,57.69645,57.724125,57.7448,57.7761,57.807625,57.84925,57.897875,57.946775,58.0327,58.247675,58.384075,58.768625,58.854375,58.97325,59.2591,59.3527,59.408125,59.4715,59.534025,59.600825,59.76355,59.9845,60.101825,60.238525,60.347125,60.909225,61.1211,61.19945,61.280675,61.3638,61.440825,61.53455,61.6727,61.725425,61.940575,62.541575,62.778225,63.045375,63.3189,63.464325,63.55825,63.96015,64.5801,65.0725,65.3924,0,0,0,0,0,0,0,0,0,0,0,0,0,0,0,0,0,0,0,0,0,0,0,0,0,0,0,0,0,0,0,0,0,0,0,0,0,0,0,0,0,0,0,0,0,0,0,0,0,0,0,0,0,0,0,0,0,0,0,0,0,0,0,0,0,0,0,0,0,0,0,0,0,0,0,0,0,0,0,0,0,0,0,0,0,0,0,0,0,0,0,0,0,0,0,0,0,0,0,0,0,0,0,0,0,0,0,0,0,0,0,0,0,0,0,0,0,0,0,0,0,0,0,0,0,0,0,0,0,0,0,0,0,0,0,0,0,0,0,0,0,0,0,0,0,0,0,0,0,0,0,0,0,0,0,0,0,0,0,0,0,0,0,0,0,0,0,0,0,0,0,0,0,0,0,0,0,0,0,0,0,0,0,0,0,0,0,0,0,0,0,0,0,0,0,0,0,0,0,0,0,0,0,0,0,0,0,0,0,0,0,0,0,0,0,0,0,0,0,0,0,0,0,0,0,0,0,0,0,0,0,0,0,0,0,0,0,0,0,0,0,0,0,0,0,0,0,0,0,0,0,0,0,0,0,0,0,0,0,0,0,0,0,0,0,0,0,0,0,0,0,0,0,0,0,0,0,0,0,0,0,0,0,0,0,0,0,0
"17",52.312375,54.21805,56.521025,56.647025,56.686075,56.782225,58.20055,58.402575,58.5272,58.6693,60.2382,0,0,0,0,0,0,0,0,0,0,0,0,0,0,0,0,0,0,0,0,0,0,0,0,0,0,0,0,0,0,0,0,0,0,0,0,0,0,0,0,0,0,0,0,0,0,0,0,0,0,0,0,0,0,0,0,0,0,0,0,0,0,0,0,0,0,0,0,0,0,0,0,0,0,0,0,0,0,0,0,0,0,0,0,0,0,0,0,0,0,0,0,0,0,0,0,0,0,0,0,0,0,0,0,0,0,0,0,0,0,0,0,0,0,0,0,0,0,0,0,0,0,0,0,0,0,0,0,0,0,0,0,0,0,0,0,0,0,0,0,0,0,0,0,0,0,0,0,0,0,0,0,0,0,0,0,0,0,0,0,0,0,0,0,0,0,0,0,0,0,0,0,0,0,0,0,0,0,0,0,0,0,0,0,0,0,0,0,0,0,0,0,0,0,0,0,0,0,0,0,0,0,0,0,0,0,0,0,0,0,0,0,0,0,0,0,0,0,0,0,0,0,0,0,0,0,0,0,0,0,0,0,0,0,0,0,0,0,0,0,0,0,0,0,0,0,0,0,0,0,0,0,0,0,0,0,0,0,0,0,0,0,0,0,0,0,0,0,0,0,0,0,0,0,0,0,0,0,0,0,0,0,0,0,0,0,0,0,0,0,0,0,0,0,0,0,0,0,0,0,0,0,0,0,0,0,0,0,0,0,0,0,0,0,0,0,0,0,0,0,0,0,0,0,0,0,0,0,0,0,0,0,0,0,0,0,0,0,0,0,0,0,0,0,0,0,0,0,0,0,0,0,0,0,0,0,0,0,0,0,0,0,0,0,0,0,0,0,0,0,0,0,0,0,0,0,0,0,0,0,0,0,0,0,0,0,0,0,0,0,0,0,0,0,0,0,0,0,0,0,0,0,0,0,0,0,0,0,0,0,0,0,0,0,0,0,0,0,0,0,0,0,0,0,0
"18",49.854,49.97855,50.032775,50.153575,50.191925,50.249475,50.330025,50.39355,50.575325,50.640625,50.911925,51.024925,51.1414,51.1721,51.248075,51.34505,52.133775,52.4159,52.46425,52.54885,52.8968,53.854,53.918725,54.0357,54.175275,54.4846,54.808525,54.999025,55.410875,55.422125,56.2929,56.6386,56.7437,56.83325,57.265375,58.489625,58.620625,58.718225,58.799525,60.2429,60.397625,60.6262,0,0,0,0,0,0,0,0,0,0,0,0,0,0,0,0,0,0,0,0,0,0,0,0,0,0,0,0,0,0,0,0,0,0,0,0,0,0,0,0,0,0,0,0,0,0,0,0,0,0,0,0,0,0,0,0,0,0,0,0,0,0,0,0,0,0,0,0,0,0,0,0,0,0,0,0,0,0,0,0,0,0,0,0,0,0,0,0,0,0,0,0,0,0,0,0,0,0,0,0,0,0,0,0,0,0,0,0,0,0,0,0,0,0,0,0,0,0,0,0,0,0,0,0,0,0,0,0,0,0,0,0,0,0,0,0,0,0,0,0,0,0,0,0,0,0,0,0,0,0,0,0,0,0,0,0,0,0,0,0,0,0,0,0,0,0,0,0,0,0,0,0,0,0,0,0,0,0,0,0,0,0,0,0,0,0,0,0,0,0,0,0,0,0,0,0,0,0,0,0,0,0,0,0,0,0,0,0,0,0,0,0,0,0,0,0,0,0,0,0,0,0,0,0,0,0,0,0,0,0,0,0,0,0,0,0,0,0,0,0,0,0,0,0,0,0,0,0,0,0,0,0,0,0,0,0,0,0,0,0,0,0,0,0,0,0,0,0,0,0,0,0,0,0,0,0,0,0,0,0,0,0,0,0,0,0,0,0,0,0,0,0,0,0,0,0,0,0,0,0,0,0,0,0,0,0,0,0,0,0,0,0,0,0,0,0,0,0,0,0,0,0,0,0,0,0,0,0,0,0,0,0,0,0,0,0,0,0,0,0,0,0,0,0,0,0,0,0,0,0,0,0,0,0,0,0,0,0,0,0,0,0,0,0,0,0,0,0,0,0,0,0,0,0,0,0,0,0,0,0,0,0,0,0,0,0,0,0,0,0,0,0,0,0
"19",53.270125,53.424975,53.5766,53.6966,53.793925,54.2511,55.3416,55.70635,55.9516,56.243,56.35295,56.4053,56.48175,56.625525,56.694975,56.786275,57.922475,58.053125,58.236825,58.310925,58.389925,58.47775,0,0,0,0,0,0,0,0,0,0,0,0,0,0,0,0,0,0,0,0,0,0,0,0,0,0,0,0,0,0,0,0,0,0,0,0,0,0,0,0,0,0,0,0,0,0,0,0,0,0,0,0,0,0,0,0,0,0,0,0,0,0,0,0,0,0,0,0,0,0,0,0,0,0,0,0,0,0,0,0,0,0,0,0,0,0,0,0,0,0,0,0,0,0,0,0,0,0,0,0,0,0,0,0,0,0,0,0,0,0,0,0,0,0,0,0,0,0,0,0,0,0,0,0,0,0,0,0,0,0,0,0,0,0,0,0,0,0,0,0,0,0,0,0,0,0,0,0,0,0,0,0,0,0,0,0,0,0,0,0,0,0,0,0,0,0,0,0,0,0,0,0,0,0,0,0,0,0,0,0,0,0,0,0,0,0,0,0,0,0,0,0,0,0,0,0,0,0,0,0,0,0,0,0,0,0,0,0,0,0,0,0,0,0,0,0,0,0,0,0,0,0,0,0,0,0,0,0,0,0,0,0,0,0,0,0,0,0,0,0,0,0,0,0,0,0,0,0,0,0,0,0,0,0,0,0,0,0,0,0,0,0,0,0,0,0,0,0,0,0,0,0,0,0,0,0,0,0,0,0,0,0,0,0,0,0,0,0,0,0,0,0,0,0,0,0,0,0,0,0,0,0,0,0,0,0,0,0,0,0,0,0,0,0,0,0,0,0,0,0,0,0,0,0,0,0,0,0,0,0,0,0,0,0,0,0,0,0,0,0,0,0,0,0,0,0,0,0,0,0,0,0,0,0,0,0,0,0,0,0,0,0,0,0,0,0,0,0,0,0,0,0,0,0,0,0,0,0,0,0,0,0,0,0,0,0,0,0,0,0,0,0,0,0,0,0,0,0,0,0,0,0,0,0,0,0,0,0,0,0,0,0,0,0
"20",49.7336,49.82265,49.929075,50.012575,50.1184,50.243725,50.5043,51.186425,51.3726,52.163275,52.265425,52.338225,52.443925,52.674525,53.6447,54.448125,54.707925,55.2494,55.42715,55.802225,58.3268,58.46215,58.564425,58.70825,58.87965,59.38485,59.606125,60.167475,60.349625,60.666125,0,0,0,0,0,0,0,0,0,0,0,0,0,0,0,0,0,0,0,0,0,0,0,0,0,0,0,0,0,0,0,0,0,0,0,0,0,0,0,0,0,0,0,0,0,0,0,0,0,0,0,0,0,0,0,0,0,0,0,0,0,0,0,0,0,0,0,0,0,0,0,0,0,0,0,0,0,0,0,0,0,0,0,0,0,0,0,0,0,0,0,0,0,0,0,0,0,0,0,0,0,0,0,0,0,0,0,0,0,0,0,0,0,0,0,0,0,0,0,0,0,0,0,0,0,0,0,0,0,0,0,0,0,0,0,0,0,0,0,0,0,0,0,0,0,0,0,0,0,0,0,0,0,0,0,0,0,0,0,0,0,0,0,0,0,0,0,0,0,0,0,0,0,0,0,0,0,0,0,0,0,0,0,0,0,0,0,0,0,0,0,0,0,0,0,0,0,0,0,0,0,0,0,0,0,0,0,0,0,0,0,0,0,0,0,0,0,0,0,0,0,0,0,0,0,0,0,0,0,0,0,0,0,0,0,0,0,0,0,0,0,0,0,0,0,0,0,0,0,0,0,0,0,0,0,0,0,0,0,0,0,0,0,0,0,0,0,0,0,0,0,0,0,0,0,0,0,0,0,0,0,0,0,0,0,0,0,0,0,0,0,0,0,0,0,0,0,0,0,0,0,0,0,0,0,0,0,0,0,0,0,0,0,0,0,0,0,0,0,0,0,0,0,0,0,0,0,0,0,0,0,0,0,0,0,0,0,0,0,0,0,0,0,0,0,0,0,0,0,0,0,0,0,0,0,0,0,0,0,0,0,0,0,0,0,0,0,0,0,0,0,0,0,0,0,0,0,0,0,0,0,0,0,0,0,0,0,0,0,0,0,0,0,0,0,0,0,0,0,0,0,0,0,0,0,0
"21",50.31025,50.545975,50.55685,50.70615,50.7964,50.824225,50.886525,50.93905,50.97485,51.01765,51.05435,51.061075,51.127425,51.154175,51.212975,51.498275,51.58835,51.6644,51.8522,51.984325,52.06665,52.0981,52.1562,52.21425,52.33375,52.427275,52.66895,52.88835,53.5806,54.090825,54.244225,54.297425,54.335975,54.534925,55.184525,55.323975,55.4035,56.975525,57.133625,57.432125,57.51075,57.632825,57.71595,59.22435,59.330875,59.383425,59.486325,60.164275,61.1285,64.47705,64.6245,64.698875,0,0,0,0,0,0,0,0,0,0,0,0,0,0,0,0,0,0,0,0,0,0,0,0,0,0,0,0,0,0,0,0,0,0,0,0,0,0,0,0,0,0,0,0,0,0,0,0,0,0,0,0,0,0,0,0,0,0,0,0,0,0,0,0,0,0,0,0,0,0,0,0,0,0,0,0,0,0,0,0,0,0,0,0,0,0,0,0,0,0,0,0,0,0,0,0,0,0,0,0,0,0,0,0,0,0,0,0,0,0,0,0,0,0,0,0,0,0,0,0,0,0,0,0,0,0,0,0,0,0,0,0,0,0,0,0,0,0,0,0,0,0,0,0,0,0,0,0,0,0,0,0,0,0,0,0,0,0,0,0,0,0,0,0,0,0,0,0,0,0,0,0,0,0,0,0,0,0,0,0,0,0,0,0,0,0,0,0,0,0,0,0,0,0,0,0,0,0,0,0,0,0,0,0,0,0,0,0,0,0,0,0,0,0,0,0,0,0,0,0,0,0,0,0,0,0,0,0,0,0,0,0,0,0,0,0,0,0,0,0,0,0,0,0,0,0,0,0,0,0,0,0,0,0,0,0,0,0,0,0,0,0,0,0,0,0,0,0,0,0,0,0,0,0,0,0,0,0,0,0,0,0,0,0,0,0,0,0,0,0,0,0,0,0,0,0,0,0,0,0,0,0,0,0,0,0,0,0,0,0,0,0,0,0,0,0,0,0,0,0,0,0,0,0,0,0,0,0,0,0,0,0,0,0,0,0,0,0,0,0,0,0,0,0,0,0,0,0,0,0,0,0,0,0,0,0,0,0,0,0,0,0,0,0,0,0,0,0,0,0,0,0,0,0,0,0,0,0,0,0,0,0,0,0
"22",51.675875,51.72835,51.779325,51.830925,51.87195,51.930225,52.88525,52.983425,53.018675,53.067975,53.1952,53.2285,55.095925,55.211625,55.23675,55.38105,55.41025,55.451,55.659225,55.6924,57.415725,57.5659,57.660125,57.810475,59.38155,59.4552,59.56685,0,0,0,0,0,0,0,0,0,0,0,0,0,0,0,0,0,0,0,0,0,0,0,0,0,0,0,0,0,0,0,0,0,0,0,0,0,0,0,0,0,0,0,0,0,0,0,0,0,0,0,0,0,0,0,0,0,0,0,0,0,0,0,0,0,0,0,0,0,0,0,0,0,0,0,0,0,0,0,0,0,0,0,0,0,0,0,0,0,0,0,0,0,0,0,0,0,0,0,0,0,0,0,0,0,0,0,0,0,0,0,0,0,0,0,0,0,0,0,0,0,0,0,0,0,0,0,0,0,0,0,0,0,0,0,0,0,0,0,0,0,0,0,0,0,0,0,0,0,0,0,0,0,0,0,0,0,0,0,0,0,0,0,0,0,0,0,0,0,0,0,0,0,0,0,0,0,0,0,0,0,0,0,0,0,0,0,0,0,0,0,0,0,0,0,0,0,0,0,0,0,0,0,0,0,0,0,0,0,0,0,0,0,0,0,0,0,0,0,0,0,0,0,0,0,0,0,0,0,0,0,0,0,0,0,0,0,0,0,0,0,0,0,0,0,0,0,0,0,0,0,0,0,0,0,0,0,0,0,0,0,0,0,0,0,0,0,0,0,0,0,0,0,0,0,0,0,0,0,0,0,0,0,0,0,0,0,0,0,0,0,0,0,0,0,0,0,0,0,0,0,0,0,0,0,0,0,0,0,0,0,0,0,0,0,0,0,0,0,0,0,0,0,0,0,0,0,0,0,0,0,0,0,0,0,0,0,0,0,0,0,0,0,0,0,0,0,0,0,0,0,0,0,0,0,0,0,0,0,0,0,0,0,0,0,0,0,0,0,0,0,0,0,0,0,0,0,0,0,0,0,0,0,0,0,0,0,0,0,0,0,0,0,0,0,0,0,0,0,0,0,0,0,0,0,0,0,0,0
"23",49.575675,49.621275,49.726925,49.8708,49.9202,49.9557,50.17075,50.2122,50.256675,50.2903,50.345725,50.377175,50.413275,50.462975,50.5325,50.547575,50.61905,50.6972,50.795225,50.950675,51.010525,51.116275,51.15465,51.316675,51.5585,51.59255,51.712675,51.71345,51.789025,51.80375,51.823175,51.863175,51.9187,51.974725,52.03025,52.04195,52.234025,52.3181,52.41625,52.510175,52.53725,52.582425,52.611525,52.6151,52.65995,52.699275,52.735075,52.79485,52.858075,52.935925,52.992625,53.025975,53.0365,53.040575,53.0697,53.0839,53.092575,53.116375,53.128875,53.14155,53.162125,53.18145,53.24595,53.3231,53.346525,53.372,53.407575,53.41205,53.438375,53.5129,53.5286,53.5356,53.78795,53.86005,53.89345,54.02915,54.1348,54.22315,54.3814,54.444775,54.5028,54.584525,54.713175,54.7414,54.821075,54.868125,54.88525,54.98825,55.01775,55.034575,55.039575,55.056,55.07595,55.101075,55.114175,55.1218,55.1334,55.2332,55.277325,55.28795,55.296275,55.3057,55.33685,55.34665,55.39015,55.39835,55.423325,55.462025,55.4761,55.6468,55.66665,55.69995,55.726,55.75345,55.757775,55.814125,55.8517,55.884775,55.93555,55.9857,56.004,56.196925,56.264525,56.380475,56.483175,56.5452,56.604575,56.7286,56.777325,56.837425,56.98995,57.063475,57.16345,57.286125,57.4121,57.616275,57.741225,57.75525,57.770425,57.780425,57.7869,57.8134,57.84865,57.974025,57.992025,58.008125,58.02905,58.070525,58.120325,58.27655,58.362125,58.40925,58.4594,58.4979,58.542225,58.60665,58.644725,58.68195,58.77775,59.26495,59.309125,59.413975,59.46655,59.531225,59.5706,59.60865,59.640025,59.6477,59.867875,59.949475,60.03445,60.108825,60.157075,60.22075,60.29535,60.412075,60.469625,60.53525,60.5961,60.74685,60.927525,61.051625,61.06115,61.135125,61.233975,61.31225,61.433525,61.51175,61.6107,61.68325,61.846375,61.928275,62.01615,62.09345,62.179425,62.249875,62.4674,62.633525,62.794525,62.9529,63.1636,63.301525,63.430025,63.561125,64.80845,64.986325,0,0,0,0,0,0,0,0,0,0,0,0,0,0,0,0,0,0,0,0,0,0,0,0,0,0,0,0,0,0,0,0,0,0,0,0,0,0,0,0,0,0,0,0,0,0,0,0,0,0,0,0,0,0,0,0,0,0,0,0,0,0,0,0,0,0,0,0,0,0,0,0,0,0,0,0,0,0,0,0,0,0,0,0,0,0,0,0,0,0,0,0,0,0,0,0,0,0,0,0,0,0,0,0,0,0,0,0,0,0,0,0,0,0,0,0,0,0,0,0,0,0,0,0,0,0,0,0,0,0,0,0,0,0,0,0,0,0,0,0,0,0,0,0,0,0,0,0,0,0,0,0,0,0,0,0,0,0,0,0,0,0,0,0,0,0,0,0,0,0,0,0,0,0,0,0,0,0,0,0,0,0,0,0,0,0,0,0,0,0,0,0,0,0,0,0,0,0,0,0,0,0,0,0,0,0,0,0,0,0,0,0,0,0,0,0,0,0,0,0,0,0,0,0,0,0,0,0,0,0
"24",49.665675,50.08185,50.664475,51.1435,51.83285,51.870175,51.9119,51.92875,52.177025,52.35235,52.606575,53.054375,53.08815,53.1432,53.238275,53.313825,53.3639,53.41625,53.444175,53.599225,53.66255,53.9467,54.103125,54.30015,54.366675,54.5272,54.590625,54.922675,55.045225,55.196375,55.80415,57.526525,57.572,57.641425,57.836875,58.068075,58.503575,58.837075,59.16665,59.54685,59.726975,59.8507,60.8463,60.9083,61.27175,62.99805,64.48765,64.623175,0,0,0,0,0,0,0,0,0,0,0,0,0,0,0,0,0,0,0,0,0,0,0,0,0,0,0,0,0,0,0,0,0,0,0,0,0,0,0,0,0,0,0,0,0,0,0,0,0,0,0,0,0,0,0,0,0,0,0,0,0,0,0,0,0,0,0,0,0,0,0,0,0,0,0,0,0,0,0,0,0,0,0,0,0,0,0,0,0,0,0,0,0,0,0,0,0,0,0,0,0,0,0,0,0,0,0,0,0,0,0,0,0,0,0,0,0,0,0,0,0,0,0,0,0,0,0,0,0,0,0,0,0,0,0,0,0,0,0,0,0,0,0,0,0,0,0,0,0,0,0,0,0,0,0,0,0,0,0,0,0,0,0,0,0,0,0,0,0,0,0,0,0,0,0,0,0,0,0,0,0,0,0,0,0,0,0,0,0,0,0,0,0,0,0,0,0,0,0,0,0,0,0,0,0,0,0,0,0,0,0,0,0,0,0,0,0,0,0,0,0,0,0,0,0,0,0,0,0,0,0,0,0,0,0,0,0,0,0,0,0,0,0,0,0,0,0,0,0,0,0,0,0,0,0,0,0,0,0,0,0,0,0,0,0,0,0,0,0,0,0,0,0,0,0,0,0,0,0,0,0,0,0,0,0,0,0,0,0,0,0,0,0,0,0,0,0,0,0,0,0,0,0,0,0,0,0,0,0,0,0,0,0,0,0,0,0,0,0,0,0,0,0,0,0,0,0,0,0,0,0,0,0,0,0,0,0,0,0,0,0,0,0,0,0,0,0,0,0,0,0,0,0,0,0,0,0,0,0,0,0,0,0,0,0,0,0,0,0,0,0,0,0,0,0,0,0,0,0,0,0,0,0,0,0,0,0,0
"25",41.6618,47.177075,48.037175,49.564175,49.924375,52.507925,53.720175,54.06105,55.172225,55.50775,55.632,56.61315,57.600075,63.299375,63.6116,64.847875,65.066375,0,0,0,0,0,0,0,0,0,0,0,0,0,0,0,0,0,0,0,0,0,0,0,0,0,0,0,0,0,0,0,0,0,0,0,0,0,0,0,0,0,0,0,0,0,0,0,0,0,0,0,0,0,0,0,0,0,0,0,0,0,0,0,0,0,0,0,0,0,0,0,0,0,0,0,0,0,0,0,0,0,0,0,0,0,0,0,0,0,0,0,0,0,0,0,0,0,0,0,0,0,0,0,0,0,0,0,0,0,0,0,0,0,0,0,0,0,0,0,0,0,0,0,0,0,0,0,0,0,0,0,0,0,0,0,0,0,0,0,0,0,0,0,0,0,0,0,0,0,0,0,0,0,0,0,0,0,0,0,0,0,0,0,0,0,0,0,0,0,0,0,0,0,0,0,0,0,0,0,0,0,0,0,0,0,0,0,0,0,0,0,0,0,0,0,0,0,0,0,0,0,0,0,0,0,0,0,0,0,0,0,0,0,0,0,0,0,0,0,0,0,0,0,0,0,0,0,0,0,0,0,0,0,0,0,0,0,0,0,0,0,0,0,0,0,0,0,0,0,0,0,0,0,0,0,0,0,0,0,0,0,0,0,0,0,0,0,0,0,0,0,0,0,0,0,0,0,0,0,0,0,0,0,0,0,0,0,0,0,0,0,0,0,0,0,0,0,0,0,0,0,0,0,0,0,0,0,0,0,0,0,0,0,0,0,0,0,0,0,0,0,0,0,0,0,0,0,0,0,0,0,0,0,0,0,0,0,0,0,0,0,0,0,0,0,0,0,0,0,0,0,0,0,0,0,0,0,0,0,0,0,0,0,0,0,0,0,0,0,0,0,0,0,0,0,0,0,0,0,0,0,0,0,0,0,0,0,0,0,0,0,0,0,0,0,0,0,0,0,0,0,0,0,0,0,0,0,0,0,0,0,0,0,0,0,0,0,0,0
"26",49.797325,49.83015,49.8621,49.899425,49.93695,49.972275,49.985775,50.00245,50.016025,50.0313,50.08055,50.110775,50.175425,50.207175,50.299775,51.050325,51.10505,51.131875,51.171775,51.200275,51.26485,52.41235,52.469425,58.406225,58.45085,58.546075,58.622875,58.732325,59.971925,60.03245,60.0951,60.1269,60.188475,60.254075,60.350975,61.57785,61.639125,61.741275,61.8805,61.965675,62.03285,62.11965,62.182625,62.2227,63.50905,63.575,65.6778,0,0,0,0,0,0,0,0,0,0,0,0,0,0,0,0,0,0,0,0,0,0,0,0,0,0,0,0,0,0,0,0,0,0,0,0,0,0,0,0,0,0,0,0,0,0,0,0,0,0,0,0,0,0,0,0,0,0,0,0,0,0,0,0,0,0,0,0,0,0,0,0,0,0,0,0,0,0,0,0,0,0,0,0,0,0,0,0,0,0,0,0,0,0,0,0,0,0,0,0,0,0,0,0,0,0,0,0,0,0,0,0,0,0,0,0,0,0,0,0,0,0,0,0,0,0,0,0,0,0,0,0,0,0,0,0,0,0,0,0,0,0,0,0,0,0,0,0,0,0,0,0,0,0,0,0,0,0,0,0,0,0,0,0,0,0,0,0,0,0,0,0,0,0,0,0,0,0,0,0,0,0,0,0,0,0,0,0,0,0,0,0,0,0,0,0,0,0,0,0,0,0,0,0,0,0,0,0,0,0,0,0,0,0,0,0,0,0,0,0,0,0,0,0,0,0,0,0,0,0,0,0,0,0,0,0,0,0,0,0,0,0,0,0,0,0,0,0,0,0,0,0,0,0,0,0,0,0,0,0,0,0,0,0,0,0,0,0,0,0,0,0,0,0,0,0,0,0,0,0,0,0,0,0,0,0,0,0,0,0,0,0,0,0,0,0,0,0,0,0,0,0,0,0,0,0,0,0,0,0,0,0,0,0,0,0,0,0,0,0,0,0,0,0,0,0,0,0,0,0,0,0,0,0,0,0,0,0,0,0,0,0,0,0,0,0,0,0,0,0,0,0,0,0,0,0,0,0,0,0,0,0,0,0,0,0,0,0,0,0,0,0,0,0,0,0,0,0,0,0,0,0,0,0,0,0,0,0,0
"27",50.585825,50.639425,50.738325,50.82025,50.8898,51.45745,51.510225,51.55065,51.626325,51.689975,51.731675,51.758975,51.838725,51.884525,51.949275,52.0141,52.076775,52.5684,52.62795,52.774325,52.92455,53.105875,54.51615,54.643375,54.678475,54.7812,54.8125,54.887325,54.9821,55.041025,55.142875,55.1958,56.94065,57.1608,57.231575,57.31075,57.355675,57.386925,57.45935,57.552075,57.580575,57.627925,57.65235,57.71335,57.7306,57.818825,57.87185,58.965075,59.039425,59.505575,59.5391,60.83915,0,0,0,0,0,0,0,0,0,0,0,0,0,0,0,0,0,0,0,0,0,0,0,0,0,0,0,0,0,0,0,0,0,0,0,0,0,0,0,0,0,0,0,0,0,0,0,0,0,0,0,0,0,0,0,0,0,0,0,0,0,0,0,0,0,0,0,0,0,0,0,0,0,0,0,0,0,0,0,0,0,0,0,0,0,0,0,0,0,0,0,0,0,0,0,0,0,0,0,0,0,0,0,0,0,0,0,0,0,0,0,0,0,0,0,0,0,0,0,0,0,0,0,0,0,0,0,0,0,0,0,0,0,0,0,0,0,0,0,0,0,0,0,0,0,0,0,0,0,0,0,0,0,0,0,0,0,0,0,0,0,0,0,0,0,0,0,0,0,0,0,0,0,0,0,0,0,0,0,0,0,0,0,0,0,0,0,0,0,0,0,0,0,0,0,0,0,0,0,0,0,0,0,0,0,0,0,0,0,0,0,0,0,0,0,0,0,0,0,0,0,0,0,0,0,0,0,0,0,0,0,0,0,0,0,0,0,0,0,0,0,0,0,0,0,0,0,0,0,0,0,0,0,0,0,0,0,0,0,0,0,0,0,0,0,0,0,0,0,0,0,0,0,0,0,0,0,0,0,0,0,0,0,0,0,0,0,0,0,0,0,0,0,0,0,0,0,0,0,0,0,0,0,0,0,0,0,0,0,0,0,0,0,0,0,0,0,0,0,0,0,0,0,0,0,0,0,0,0,0,0,0,0,0,0,0,0,0,0,0,0,0,0,0,0,0,0,0,0,0,0,0,0,0,0,0,0,0,0,0,0,0,0,0,0,0,0,0,0,0,0,0,0,0,0,0,0,0,0,0,0,0,0,0
"28",49.5595,50.524825,50.5919,50.6931,50.845675,51.03665,51.125925,51.19005,51.37475,51.4617,51.464875,51.4973,51.561825,51.657125,51.73735,51.851125,51.90095,51.928625,51.962925,52.07225,52.11005,52.1506,52.192225,52.260425,52.3273,52.36835,52.40145,52.67515,52.78695,52.965575,53.039575,53.108975,53.161575,53.2162,53.224725,53.26285,53.3176,53.411275,53.74245,54.254475,54.436425,54.450125,54.78625,54.823025,54.91135,55.032,55.083075,55.146025,55.21555,55.242675,55.315025,55.3343,55.411025,55.460225,55.551875,55.64235,55.6746,55.725575,55.750775,55.929025,56.20315,56.28445,56.322325,56.3576,56.428275,56.459025,56.60515,56.74355,57.5698,57.602775,57.609025,57.659625,57.7244,57.75085,57.803725,57.8465,57.8494,57.85695,57.870725,57.925125,57.9526,58.00445,58.073625,58.077625,58.134325,58.1458,58.1817,58.197325,58.20935,58.28425,58.310725,58.328825,58.372975,58.434125,59.404775,59.439975,59.5357,59.580275,59.5943,59.629125,59.68225,59.72555,59.8165,59.857625,59.87895,59.9836,60.0383,60.08875,60.144625,60.88885,61.21825,61.365575,61.53365,61.631725,61.777975,61.88725,64.349225,66.44235,67.126325,67.3712,67.569075,67.791375,68.1987,68.424625,68.707725,68.884375,69.18215,69.413925,69.544175,69.735525,69.900725,70.09415,70.269975,70.47075,70.6062,70.847375,71.2479,71.578525,71.808475,71.982575,72.2466,72.6864,72.953925,73.132525,73.468775,73.879275,74.216825,74.3989,74.574925,74.77475,74.94815,75.14625,75.454325,75.716425,75.8986,76.080275,76.37335,76.53985,76.6972,76.96195,77.1593,77.459225,77.6685,77.808575,77.93345,78.0992,78.240825,0,0,0,0,0,0,0,0,0,0,0,0,0,0,0,0,0,0,0,0,0,0,0,0,0,0,0,0,0,0,0,0,0,0,0,0,0,0,0,0,0,0,0,0,0,0,0,0,0,0,0,0,0,0,0,0,0,0,0,0,0,0,0,0,0,0,0,0,0,0,0,0,0,0,0,0,0,0,0,0,0,0,0,0,0,0,0,0,0,0,0,0,0,0,0,0,0,0,0,0,0,0,0,0,0,0,0,0,0,0,0,0,0,0,0,0,0,0,0,0,0,0,0,0,0,0,0,0,0,0,0,0,0,0,0,0,0,0,0,0,0,0,0,0,0,0,0,0,0,0,0,0,0,0,0,0,0,0,0,0,0,0,0,0,0,0,0,0,0,0,0,0,0,0,0,0,0,0,0,0,0,0,0,0,0,0,0,0,0,0,0,0,0,0,0,0,0,0,0,0,0,0,0,0,0,0,0,0,0,0,0,0,0,0,0,0,0,0,0,0,0,0,0,0,0,0,0,0,0,0,0,0,0,0,0,0,0,0,0,0,0,0,0,0,0,0,0,0,0,0,0,0,0,0,0,0,0,0,0,0,0,0,0,0,0,0,0,0,0
"29",51.801175,53.251925,53.37935,53.486875,53.637475,53.67155,53.720725,53.8023,53.885075,54.171775,54.2956,54.402075,54.5792,54.652475,55.751325,55.837975,55.90825,56.447,56.4879,56.505025,56.68295,56.761625,56.8851,57.953875,58.08305,58.14175,58.14355,58.199475,58.422525,58.4506,58.59045,0,0,0,0,0,0,0,0,0,0,0,0,0,0,0,0,0,0,0,0,0,0,0,0,0,0,0,0,0,0,0,0,0,0,0,0,0,0,0,0,0,0,0,0,0,0,0,0,0,0,0,0,0,0,0,0,0,0,0,0,0,0,0,0,0,0,0,0,0,0,0,0,0,0,0,0,0,0,0,0,0,0,0,0,0,0,0,0,0,0,0,0,0,0,0,0,0,0,0,0,0,0,0,0,0,0,0,0,0,0,0,0,0,0,0,0,0,0,0,0,0,0,0,0,0,0,0,0,0,0,0,0,0,0,0,0,0,0,0,0,0,0,0,0,0,0,0,0,0,0,0,0,0,0,0,0,0,0,0,0,0,0,0,0,0,0,0,0,0,0,0,0,0,0,0,0,0,0,0,0,0,0,0,0,0,0,0,0,0,0,0,0,0,0,0,0,0,0,0,0,0,0,0,0,0,0,0,0,0,0,0,0,0,0,0,0,0,0,0,0,0,0,0,0,0,0,0,0,0,0,0,0,0,0,0,0,0,0,0,0,0,0,0,0,0,0,0,0,0,0,0,0,0,0,0,0,0,0,0,0,0,0,0,0,0,0,0,0,0,0,0,0,0,0,0,0,0,0,0,0,0,0,0,0,0,0,0,0,0,0,0,0,0,0,0,0,0,0,0,0,0,0,0,0,0,0,0,0,0,0,0,0,0,0,0,0,0,0,0,0,0,0,0,0,0,0,0,0,0,0,0,0,0,0,0,0,0,0,0,0,0,0,0,0,0,0,0,0,0,0,0,0,0,0,0,0,0,0,0,0,0,0,0,0,0,0,0,0,0,0,0,0,0,0,0,0,0,0,0,0,0,0,0,0,0,0,0,0,0,0,0,0,0,0,0,0,0,0,0,0,0,0,0,0,0
"30",49.551225,49.6483,49.686675,49.7679,49.883775,49.904,49.9446,49.96765,49.9883,49.998275,50.0176,50.018725,50.022625,50.042175,50.049925,50.08605,50.09945,50.107125,50.117375,50.14645,50.1507,50.228025,50.250125,50.29125,50.295375,50.348425,50.360725,50.408475,50.414275,50.452475,50.547875,50.55795,50.575575,50.588625,50.5955,50.60415,50.777025,50.864775,50.99415,51.02725,51.036,51.06875,51.0889,51.09535,51.1169,51.201725,51.209,51.228375,51.2385,51.281275,51.3058,51.386,51.46585,51.5307,51.5884,51.609425,51.6219,51.6611,51.6942,51.727675,51.770125,51.802275,51.847325,51.894825,51.9088,51.941425,52.00885,52.047425,52.0717,52.0941,52.1479,52.274575,52.322525,52.371075,52.398725,52.4081,52.432,52.433825,52.4538,52.471375,52.502975,52.511375,52.531175,52.5934,52.66385,52.6954,52.721825,52.7532,52.78635,52.818,52.85875,52.887575,52.9233,52.990625,53.027825,53.048475,53.0858,53.13785,53.368575,53.369625,53.416775,53.473975,53.50715,53.542425,53.56665,53.653875,53.7059,53.75365,53.79435,53.839475,53.86535,53.9054,53.9405,54.0345,54.089275,54.277225,54.308775,54.356325,54.42105,54.465375,54.511325,54.582275,54.67565,54.85145,55.050075,55.09995,55.15545,55.3182,55.32335,55.3592,55.388725,55.40455,55.449075,55.46285,55.562075,55.571625,55.677225,55.733625,55.84125,55.931225,55.957725,55.984975,56.01945,56.058975,56.1188,56.1625,56.206,56.240925,56.32915,56.361775,56.37045,56.41455,56.459975,56.48355,56.49495,56.52875,56.551175,56.56695,56.601175,56.641075,56.6854,56.686225,56.71585,56.730325,56.766925,56.77,56.7935,56.826525,56.871225,56.95345,57.001775,57.053725,57.10735,57.1325,57.180175,57.199775,57.25185,57.333175,57.34045,57.3572,57.370525,57.447525,57.457075,57.482025,57.5298,57.540275,57.551175,57.65735,57.8307,57.935925,58.0202,58.0662,58.151175,58.22525,58.282675,58.440875,58.456675,58.464025,58.514025,58.5361,58.548575,58.5542,58.596775,58.6083,58.6091,58.632825,58.667125,58.670375,58.740825,58.7897,59.361675,59.417975,59.490075,59.78025,59.930425,59.997475,60.023325,60.0623,60.0917,60.095825,60.1217,60.13075,60.15185,60.181625,60.283775,60.311625,60.34965,60.356925,60.397775,60.477175,60.5302,60.5789,60.700375,61.4057,61.46075,61.5108,61.56915,61.617025,61.65135,61.664875,61.68005,61.702275,61.76505,61.80455,61.836625,61.8698,61.914225,61.96135,62.01375,62.068775,62.10075,62.106225,62.143325,62.186825,62.258,62.31955,62.421225,63.461575,63.551325,63.588875,63.680025,63.890775,64.120275,64.415225,0,0,0,0,0,0,0,0,0,0,0,0,0,0,0,0,0,0,0,0,0,0,0,0,0,0,0,0,0,0,0,0,0,0,0,0,0,0,0,0,0,0,0,0,0,0,0,0,0,0,0,0,0,0,0,0,0,0,0,0,0,0,0,0,0,0,0,0,0,0,0,0,0,0,0,0,0,0,0,0,0,0,0,0,0,0,0,0,0,0,0,0,0,0,0,0,0,0,0,0,0,0,0,0,0,0,0,0,0,0,0,0,0,0,0,0,0,0,0,0,0,0,0,0,0,0,0,0,0,0,0,0,0,0,0,0,0,0,0,0,0,0,0,0,0,0,0,0,0,0,0,0,0,0,0,0,0,0,0,0,0,0,0,0,0,0,0,0,0,0,0,0
"31",50.571,51.2171,51.4493,51.509275,51.586375,51.597,51.612925,51.6314,51.6506,51.66895,51.6766,51.695475,51.71355,51.734375,51.740725,51.747225,51.785625,51.85905,51.909225,51.92185,51.959725,51.974525,51.983675,51.99035,51.9935,52.004175,52.0246,52.037775,52.0622,52.0985,52.130125,52.156125,52.218375,52.24045,52.5657,52.690825,52.735425,52.781,52.823925,52.892625,52.921975,52.960075,52.9883,52.99765,53.045525,53.056125,53.092725,53.1287,53.130025,53.18455,53.206175,53.220025,53.23235,53.240575,53.2536,53.264725,53.284125,53.296875,53.3921,53.42225,53.44,53.474575,53.510925,53.556925,53.5853,53.7678,53.835475,53.857925,53.900525,53.949075,53.99325,54.020475,54.09515,54.133925,54.165525,54.186475,54.214075,54.23815,54.410875,54.493,54.693625,54.734325,54.7759,54.7933,54.83605,54.852825,54.8877,54.907725,54.9336,54.950025,54.96985,55.008075,55.0479,55.0661,55.0854,55.110125,55.124225,55.13025,55.168325,55.19305,55.203075,55.22025,55.23785,55.243925,55.283225,55.291575,55.32105,55.3326,55.367325,55.396925,55.4163,55.43425,55.4479,55.464775,55.48395,55.492725,55.49935,55.525325,55.539525,55.573325,55.591025,55.637175,55.64825,55.653125,55.6793,55.6892,55.71225,55.80665,55.821175,55.85295,55.915375,55.9385,55.961475,55.996225,56.077775,56.126625,56.142225,56.160725,56.193875,56.2209,56.23515,56.267025,56.289825,56.31795,56.44325,56.95415,56.989025,57.019375,57.101375,57.1426,57.2377,57.4658,57.59985,57.6474,57.69015,57.730425,57.7718,57.807975,57.844625,57.8665,57.8799,57.8975,57.93755,57.982625,57.986375,58.0086,58.024,58.030375,58.048,58.052425,58.069825,58.131,58.2645,58.49455,58.653625,59.259725,59.291525,59.37305,59.626025,61.1541,63.150075,64.5256,64.6189,64.708975,0,0,0,0,0,0,0,0,0,0,0,0,0,0,0,0,0,0,0,0,0,0,0,0,0,0,0,0,0,0,0,0,0,0,0,0,0,0,0,0,0,0,0,0,0,0,0,0,0,0,0,0,0,0,0,0,0,0,0,0,0,0,0,0,0,0,0,0,0,0,0,0,0,0,0,0,0,0,0,0,0,0,0,0,0,0,0,0,0,0,0,0,0,0,0,0,0,0,0,0,0,0,0,0,0,0,0,0,0,0,0,0,0,0,0,0,0,0,0,0,0,0,0,0,0,0,0,0,0,0,0,0,0,0,0,0,0,0,0,0,0,0,0,0,0,0,0,0,0,0,0,0,0,0,0,0,0,0,0,0,0,0,0,0,0,0,0,0,0,0,0,0,0,0,0,0,0,0,0,0,0,0,0,0,0,0,0,0,0,0,0,0,0,0,0,0,0,0,0,0,0,0,0,0,0,0,0,0,0,0,0,0,0,0,0,0,0,0,0,0,0,0,0,0,0,0,0,0,0,0,0,0,0,0,0,0,0,0,0,0,0,0,0,0,0,0,0,0,0,0,0,0
"32",42.180525,42.751925,42.9015,43.6059,44.724225,45.4909,45.8547,46.528475,47.9028,48.4634,48.8493,49.634,49.653375,49.706275,49.714525,49.837325,49.8636,49.898075,49.942,49.943025,49.99745,50.10825,50.114225,50.533825,50.55925,50.60055,50.75275,50.779375,50.79185,50.8136,50.8282,50.926125,51.023925,51.03925,51.07215,51.187625,51.227825,51.2511,51.2898,51.514025,51.550425,51.570075,51.672775,51.705325,52.166575,52.381875,52.41235,52.475325,52.9491,53.83175,54.247475,54.3397,56.948675,57.02065,57.28055,57.296725,57.3908,57.4101,57.440075,57.483125,57.51665,57.594325,57.619075,57.627925,58.398175,58.439675,58.4871,58.62765,58.6725,58.735025,59.08525,59.19715,59.9906,60.0364,60.0975,60.15025,60.214025,60.251725,60.2656,60.327,60.396925,60.498325,61.5184,61.637425,61.717725,61.7304,61.8062,62.015775,62.086175,62.159075,62.239325,62.299225,63.351575,63.401025,63.51435,63.535525,63.60615,63.7035,63.782225,65.612275,0,0,0,0,0,0,0,0,0,0,0,0,0,0,0,0,0,0,0,0,0,0,0,0,0,0,0,0,0,0,0,0,0,0,0,0,0,0,0,0,0,0,0,0,0,0,0,0,0,0,0,0,0,0,0,0,0,0,0,0,0,0,0,0,0,0,0,0,0,0,0,0,0,0,0,0,0,0,0,0,0,0,0,0,0,0,0,0,0,0,0,0,0,0,0,0,0,0,0,0,0,0,0,0,0,0,0,0,0,0,0,0,0,0,0,0,0,0,0,0,0,0,0,0,0,0,0,0,0,0,0,0,0,0,0,0,0,0,0,0,0,0,0,0,0,0,0,0,0,0,0,0,0,0,0,0,0,0,0,0,0,0,0,0,0,0,0,0,0,0,0,0,0,0,0,0,0,0,0,0,0,0,0,0,0,0,0,0,0,0,0,0,0,0,0,0,0,0,0,0,0,0,0,0,0,0,0,0,0,0,0,0,0,0,0,0,0,0,0,0,0,0,0,0,0,0,0,0,0,0,0,0,0,0,0,0,0,0,0,0,0,0,0,0,0,0,0,0,0,0,0,0,0,0,0,0,0,0,0,0,0,0,0,0,0,0,0,0,0,0,0,0,0,0,0,0,0,0,0,0,0,0,0,0,0,0,0,0,0,0,0,0,0,0,0,0,0,0,0,0,0,0,0,0,0,0,0,0,0,0,0,0,0,0,0,0,0,0,0,0,0,0,0,0,0,0,0,0,0,0,0,0,0,0,0,0
"33",52.484375,55.4191,55.612475,56.38285,56.5925,56.695025,0,0,0,0,0,0,0,0,0,0,0,0,0,0,0,0,0,0,0,0,0,0,0,0,0,0,0,0,0,0,0,0,0,0,0,0,0,0,0,0,0,0,0,0,0,0,0,0,0,0,0,0,0,0,0,0,0,0,0,0,0,0,0,0,0,0,0,0,0,0,0,0,0,0,0,0,0,0,0,0,0,0,0,0,0,0,0,0,0,0,0,0,0,0,0,0,0,0,0,0,0,0,0,0,0,0,0,0,0,0,0,0,0,0,0,0,0,0,0,0,0,0,0,0,0,0,0,0,0,0,0,0,0,0,0,0,0,0,0,0,0,0,0,0,0,0,0,0,0,0,0,0,0,0,0,0,0,0,0,0,0,0,0,0,0,0,0,0,0,0,0,0,0,0,0,0,0,0,0,0,0,0,0,0,0,0,0,0,0,0,0,0,0,0,0,0,0,0,0,0,0,0,0,0,0,0,0,0,0,0,0,0,0,0,0,0,0,0,0,0,0,0,0,0,0,0,0,0,0,0,0,0,0,0,0,0,0,0,0,0,0,0,0,0,0,0,0,0,0,0,0,0,0,0,0,0,0,0,0,0,0,0,0,0,0,0,0,0,0,0,0,0,0,0,0,0,0,0,0,0,0,0,0,0,0,0,0,0,0,0,0,0,0,0,0,0,0,0,0,0,0,0,0,0,0,0,0,0,0,0,0,0,0,0,0,0,0,0,0,0,0,0,0,0,0,0,0,0,0,0,0,0,0,0,0,0,0,0,0,0,0,0,0,0,0,0,0,0,0,0,0,0,0,0,0,0,0,0,0,0,0,0,0,0,0,0,0,0,0,0,0,0,0,0,0,0,0,0,0,0,0,0,0,0,0,0,0,0,0,0,0,0,0,0,0,0,0,0,0,0,0,0,0,0,0,0,0,0,0,0,0,0,0,0,0,0,0,0,0,0,0,0,0,0,0,0,0,0,0,0
"34",51.68975,53.366975,53.71565,54.2654,55.326325,55.702525,55.828475,56.08895,56.193325,56.476725,56.614775,57.81355,58.0381,58.050675,58.106575,58.182875,58.267675,58.323975,58.3599,58.4673,58.6238,58.861325,0,0,0,0,0,0,0,0,0,0,0,0,0,0,0,0,0,0,0,0,0,0,0,0,0,0,0,0,0,0,0,0,0,0,0,0,0,0,0,0,0,0,0,0,0,0,0,0,0,0,0,0,0,0,0,0,0,0,0,0,0,0,0,0,0,0,0,0,0,0,0,0,0,0,0,0,0,0,0,0,0,0,0,0,0,0,0,0,0,0,0,0,0,0,0,0,0,0,0,0,0,0,0,0,0,0,0,0,0,0,0,0,0,0,0,0,0,0,0,0,0,0,0,0,0,0,0,0,0,0,0,0,0,0,0,0,0,0,0,0,0,0,0,0,0,0,0,0,0,0,0,0,0,0,0,0,0,0,0,0,0,0,0,0,0,0,0,0,0,0,0,0,0,0,0,0,0,0,0,0,0,0,0,0,0,0,0,0,0,0,0,0,0,0,0,0,0,0,0,0,0,0,0,0,0,0,0,0,0,0,0,0,0,0,0,0,0,0,0,0,0,0,0,0,0,0,0,0,0,0,0,0,0,0,0,0,0,0,0,0,0,0,0,0,0,0,0,0,0,0,0,0,0,0,0,0,0,0,0,0,0,0,0,0,0,0,0,0,0,0,0,0,0,0,0,0,0,0,0,0,0,0,0,0,0,0,0,0,0,0,0,0,0,0,0,0,0,0,0,0,0,0,0,0,0,0,0,0,0,0,0,0,0,0,0,0,0,0,0,0,0,0,0,0,0,0,0,0,0,0,0,0,0,0,0,0,0,0,0,0,0,0,0,0,0,0,0,0,0,0,0,0,0,0,0,0,0,0,0,0,0,0,0,0,0,0,0,0,0,0,0,0,0,0,0,0,0,0,0,0,0,0,0,0,0,0,0,0,0,0,0,0,0,0,0,0,0,0,0,0,0,0,0,0,0,0,0,0,0,0,0,0,0,0
"35",50.260425,52.488575,0,0,0,0,0,0,0,0,0,0,0,0,0,0,0,0,0,0,0,0,0,0,0,0,0,0,0,0,0,0,0,0,0,0,0,0,0,0,0,0,0,0,0,0,0,0,0,0,0,0,0,0,0,0,0,0,0,0,0,0,0,0,0,0,0,0,0,0,0,0,0,0,0,0,0,0,0,0,0,0,0,0,0,0,0,0,0,0,0,0,0,0,0,0,0,0,0,0,0,0,0,0,0,0,0,0,0,0,0,0,0,0,0,0,0,0,0,0,0,0,0,0,0,0,0,0,0,0,0,0,0,0,0,0,0,0,0,0,0,0,0,0,0,0,0,0,0,0,0,0,0,0,0,0,0,0,0,0,0,0,0,0,0,0,0,0,0,0,0,0,0,0,0,0,0,0,0,0,0,0,0,0,0,0,0,0,0,0,0,0,0,0,0,0,0,0,0,0,0,0,0,0,0,0,0,0,0,0,0,0,0,0,0,0,0,0,0,0,0,0,0,0,0,0,0,0,0,0,0,0,0,0,0,0,0,0,0,0,0,0,0,0,0,0,0,0,0,0,0,0,0,0,0,0,0,0,0,0,0,0,0,0,0,0,0,0,0,0,0,0,0,0,0,0,0,0,0,0,0,0,0,0,0,0,0,0,0,0,0,0,0,0,0,0,0,0,0,0,0,0,0,0,0,0,0,0,0,0,0,0,0,0,0,0,0,0,0,0,0,0,0,0,0,0,0,0,0,0,0,0,0,0,0,0,0,0,0,0,0,0,0,0,0,0,0,0,0,0,0,0,0,0,0,0,0,0,0,0,0,0,0,0,0,0,0,0,0,0,0,0,0,0,0,0,0,0,0,0,0,0,0,0,0,0,0,0,0,0,0,0,0,0,0,0,0,0,0,0,0,0,0,0,0,0,0,0,0,0,0,0,0,0,0,0,0,0,0,0,0,0,0,0,0,0,0,0,0,0,0,0,0,0,0,0
"36",49.96375,50.0707,50.196375,50.5376,50.623725,50.671575,50.8712,50.98115,51.49035,51.564,51.610875,51.63905,51.72215,51.80625,51.835275,52.66615,52.76345,52.7719,52.8015,52.902725,52.912375,53.009825,53.062475,53.116475,54.044,54.55265,54.68345,57.018275,57.1295,57.189225,57.35285,57.52425,58.25265,58.34135,58.401475,58.510525,59.0392,59.1518,59.2513,59.7603,59.876875,59.915225,59.9411,59.985375,60.028125,60.106325,60.401425,61.385275,61.555625,61.62595,61.699275,61.811025,61.865725,61.9389,62.0273,62.212825,63.1152,63.2085,63.2618,63.3589,63.4305,63.45595,63.528825,63.62535,64.9249,64.979475,65.26585,0,0,0,0,0,0,0,0,0,0,0,0,0,0,0,0,0,0,0,0,0,0,0,0,0,0,0,0,0,0,0,0,0,0,0,0,0,0,0,0,0,0,0,0,0,0,0,0,0,0,0,0,0,0,0,0,0,0,0,0,0,0,0,0,0,0,0,0,0,0,0,0,0,0,0,0,0,0,0,0,0,0,0,0,0,0,0,0,0,0,0,0,0,0,0,0,0,0,0,0,0,0,0,0,0,0,0,0,0,0,0,0,0,0,0,0,0,0,0,0,0,0,0,0,0,0,0,0,0,0,0,0,0,0,0,0,0,0,0,0,0,0,0,0,0,0,0,0,0,0,0,0,0,0,0,0,0,0,0,0,0,0,0,0,0,0,0,0,0,0,0,0,0,0,0,0,0,0,0,0,0,0,0,0,0,0,0,0,0,0,0,0,0,0,0,0,0,0,0,0,0,0,0,0,0,0,0,0,0,0,0,0,0,0,0,0,0,0,0,0,0,0,0,0,0,0,0,0,0,0,0,0,0,0,0,0,0,0,0,0,0,0,0,0,0,0,0,0,0,0,0,0,0,0,0,0,0,0,0,0,0,0,0,0,0,0,0,0,0,0,0,0,0,0,0,0,0,0,0,0,0,0,0,0,0,0,0,0,0,0,0,0,0,0,0,0,0,0,0,0,0,0,0,0,0,0,0,0,0,0,0,0,0,0,0,0,0,0,0,0,0,0,0,0,0,0,0,0,0,0,0,0,0,0,0,0,0,0,0,0,0,0,0,0,0,0,0,0,0,0,0,0,0,0,0,0,0,0,0,0,0,0,0,0,0,0,0,0,0
"37",52.3202,52.9336,0,0,0,0,0,0,0,0,0,0,0,0,0,0,0,0,0,0,0,0,0,0,0,0,0,0,0,0,0,0,0,0,0,0,0,0,0,0,0,0,0,0,0,0,0,0,0,0,0,0,0,0,0,0,0,0,0,0,0,0,0,0,0,0,0,0,0,0,0,0,0,0,0,0,0,0,0,0,0,0,0,0,0,0,0,0,0,0,0,0,0,0,0,0,0,0,0,0,0,0,0,0,0,0,0,0,0,0,0,0,0,0,0,0,0,0,0,0,0,0,0,0,0,0,0,0,0,0,0,0,0,0,0,0,0,0,0,0,0,0,0,0,0,0,0,0,0,0,0,0,0,0,0,0,0,0,0,0,0,0,0,0,0,0,0,0,0,0,0,0,0,0,0,0,0,0,0,0,0,0,0,0,0,0,0,0,0,0,0,0,0,0,0,0,0,0,0,0,0,0,0,0,0,0,0,0,0,0,0,0,0,0,0,0,0,0,0,0,0,0,0,0,0,0,0,0,0,0,0,0,0,0,0,0,0,0,0,0,0,0,0,0,0,0,0,0,0,0,0,0,0,0,0,0,0,0,0,0,0,0,0,0,0,0,0,0,0,0,0,0,0,0,0,0,0,0,0,0,0,0,0,0,0,0,0,0,0,0,0,0,0,0,0,0,0,0,0,0,0,0,0,0,0,0,0,0,0,0,0,0,0,0,0,0,0,0,0,0,0,0,0,0,0,0,0,0,0,0,0,0,0,0,0,0,0,0,0,0,0,0,0,0,0,0,0,0,0,0,0,0,0,0,0,0,0,0,0,0,0,0,0,0,0,0,0,0,0,0,0,0,0,0,0,0,0,0,0,0,0,0,0,0,0,0,0,0,0,0,0,0,0,0,0,0,0,0,0,0,0,0,0,0,0,0,0,0,0,0,0,0,0,0,0,0,0,0,0,0,0,0,0,0,0,0,0,0,0,0,0,0,0,0,0,0
"38",50.642775,50.7578,51.707125,51.76205,51.79035,52.7343,52.891,53.40335,53.532575,53.625825,54.090225,54.54195,54.901975,54.961525,54.973,54.981625,55.305125,56.049175,57.39445,57.5349,57.610775,57.65165,57.8455,59.293425,59.511225,0,0,0,0,0,0,0,0,0,0,0,0,0,0,0,0,0,0,0,0,0,0,0,0,0,0,0,0,0,0,0,0,0,0,0,0,0,0,0,0,0,0,0,0,0,0,0,0,0,0,0,0,0,0,0,0,0,0,0,0,0,0,0,0,0,0,0,0,0,0,0,0,0,0,0,0,0,0,0,0,0,0,0,0,0,0,0,0,0,0,0,0,0,0,0,0,0,0,0,0,0,0,0,0,0,0,0,0,0,0,0,0,0,0,0,0,0,0,0,0,0,0,0,0,0,0,0,0,0,0,0,0,0,0,0,0,0,0,0,0,0,0,0,0,0,0,0,0,0,0,0,0,0,0,0,0,0,0,0,0,0,0,0,0,0,0,0,0,0,0,0,0,0,0,0,0,0,0,0,0,0,0,0,0,0,0,0,0,0,0,0,0,0,0,0,0,0,0,0,0,0,0,0,0,0,0,0,0,0,0,0,0,0,0,0,0,0,0,0,0,0,0,0,0,0,0,0,0,0,0,0,0,0,0,0,0,0,0,0,0,0,0,0,0,0,0,0,0,0,0,0,0,0,0,0,0,0,0,0,0,0,0,0,0,0,0,0,0,0,0,0,0,0,0,0,0,0,0,0,0,0,0,0,0,0,0,0,0,0,0,0,0,0,0,0,0,0,0,0,0,0,0,0,0,0,0,0,0,0,0,0,0,0,0,0,0,0,0,0,0,0,0,0,0,0,0,0,0,0,0,0,0,0,0,0,0,0,0,0,0,0,0,0,0,0,0,0,0,0,0,0,0,0,0,0,0,0,0,0,0,0,0,0,0,0,0,0,0,0,0,0,0,0,0,0,0,0,0,0,0,0,0,0,0,0,0,0,0,0,0,0,0,0,0,0,0,0,0,0,0,0,0,0,0,0,0,0,0,0,0,0
"39",50.122725,50.195575,50.587325,50.892,50.924025,50.948875,50.973675,51.014275,51.0375,51.06475,51.077775,51.098275,51.1468,51.1594,51.19145,51.2053,51.24235,51.873075,52.05885,52.106875,52.127125,52.280425,52.348225,52.36965,52.402075,52.43635,52.465,52.498175,52.524025,53.272875,53.518025,53.68755,53.812825,54.06075,54.1508,54.215525,54.2826,54.41955,54.484625,54.591075,55.2734,56.183575,56.6704,56.786525,58.4454,58.49245,58.53975,58.588625,58.622025,58.64605,58.71015,58.754425,60.341425,60.423,0,0,0,0,0,0,0,0,0,0,0,0,0,0,0,0,0,0,0,0,0,0,0,0,0,0,0,0,0,0,0,0,0,0,0,0,0,0,0,0,0,0,0,0,0,0,0,0,0,0,0,0,0,0,0,0,0,0,0,0,0,0,0,0,0,0,0,0,0,0,0,0,0,0,0,0,0,0,0,0,0,0,0,0,0,0,0,0,0,0,0,0,0,0,0,0,0,0,0,0,0,0,0,0,0,0,0,0,0,0,0,0,0,0,0,0,0,0,0,0,0,0,0,0,0,0,0,0,0,0,0,0,0,0,0,0,0,0,0,0,0,0,0,0,0,0,0,0,0,0,0,0,0,0,0,0,0,0,0,0,0,0,0,0,0,0,0,0,0,0,0,0,0,0,0,0,0,0,0,0,0,0,0,0,0,0,0,0,0,0,0,0,0,0,0,0,0,0,0,0,0,0,0,0,0,0,0,0,0,0,0,0,0,0,0,0,0,0,0,0,0,0,0,0,0,0,0,0,0,0,0,0,0,0,0,0,0,0,0,0,0,0,0,0,0,0,0,0,0,0,0,0,0,0,0,0,0,0,0,0,0,0,0,0,0,0,0,0,0,0,0,0,0,0,0,0,0,0,0,0,0,0,0,0,0,0,0,0,0,0,0,0,0,0,0,0,0,0,0,0,0,0,0,0,0,0,0,0,0,0,0,0,0,0,0,0,0,0,0,0,0,0,0,0,0,0,0,0,0,0,0,0,0,0,0,0,0,0,0,0,0,0,0,0,0,0,0,0,0,0,0,0,0,0,0,0,0,0,0,0,0,0,0,0,0,0,0,0,0,0,0,0,0,0,0,0,0,0,0,0,0,0
"40",49.710275,49.9486,50.0053,50.02935,50.1199,50.1519,50.1904,50.2815,50.544575,50.896625,51.085825,51.096525,51.137,51.152825,51.195225,51.240425,51.406075,51.542125,51.594775,51.629125,52.054425,52.13805,52.1652,52.2248,52.273625,52.296175,52.3044,52.323,52.3387,52.377725,52.664675,53.04675,53.06035,53.401125,53.46875,53.5745,53.5793,53.666475,53.7294,53.851825,54.0496,54.1146,54.4143,54.5175,54.611525,54.67845,54.844125,54.955925,55.33995,55.555475,55.59785,55.668225,56.37895,56.53385,56.55525,56.59705,56.749875,56.829325,56.88625,58.2338,58.303275,58.370475,58.376275,58.45995,58.515275,58.551975,58.571675,58.67515,58.795675,59.921725,59.955525,60.011575,60.064025,60.09645,60.11715,60.152925,60.212425,60.221575,60.2678,60.2798,60.29855,60.3658,60.440875,60.557675,61.290075,61.3686,61.4204,61.468425,61.4977,61.538925,61.58925,61.6925,61.721,61.796025,61.8547,61.88445,61.928675,61.967025,62.010075,62.0946,62.324475,62.464025,62.920025,63.533875,63.6534,66.75495,0,0,0,0,0,0,0,0,0,0,0,0,0,0,0,0,0,0,0,0,0,0,0,0,0,0,0,0,0,0,0,0,0,0,0,0,0,0,0,0,0,0,0,0,0,0,0,0,0,0,0,0,0,0,0,0,0,0,0,0,0,0,0,0,0,0,0,0,0,0,0,0,0,0,0,0,0,0,0,0,0,0,0,0,0,0,0,0,0,0,0,0,0,0,0,0,0,0,0,0,0,0,0,0,0,0,0,0,0,0,0,0,0,0,0,0,0,0,0,0,0,0,0,0,0,0,0,0,0,0,0,0,0,0,0,0,0,0,0,0,0,0,0,0,0,0,0,0,0,0,0,0,0,0,0,0,0,0,0,0,0,0,0,0,0,0,0,0,0,0,0,0,0,0,0,0,0,0,0,0,0,0,0,0,0,0,0,0,0,0,0,0,0,0,0,0,0,0,0,0,0,0,0,0,0,0,0,0,0,0,0,0,0,0,0,0,0,0,0,0,0,0,0,0,0,0,0,0,0,0,0,0,0,0,0,0,0,0,0,0,0,0,0,0,0,0,0,0,0,0,0,0,0,0,0,0,0,0,0,0,0,0,0,0,0,0,0,0,0,0,0,0,0,0,0,0,0,0,0,0,0,0,0,0,0,0,0,0,0,0,0,0,0,0,0,0,0,0,0,0,0,0,0,0,0,0,0,0,0,0,0,0,0,0,0,0,0,0,0,0,0,0,0,0,0,0,0,0,0,0
"41",45.887925,46.555225,49.558225,49.865475,49.904475,49.952125,49.9559,49.984775,50.0606,50.079975,50.12525,50.1368,50.17215,50.214475,50.228975,50.3202,50.324225,50.4377,50.4959,50.708425,50.764475,50.8168,50.872275,50.88275,50.99155,51.083525,51.100725,51.12515,51.166875,51.218525,51.257175,51.27745,51.510375,51.634375,51.638,51.663775,51.685875,51.728325,51.7573,51.78465,51.82635,51.8418,51.87515,51.920425,52.003175,52.0274,52.1904,52.270475,52.4767,52.559575,52.74935,52.769,52.866325,52.9063,52.9357,53.0041,53.0434,53.09505,53.205675,53.2399,53.279775,53.389575,53.47365,53.505075,53.5517,53.596925,53.755975,53.8728,53.993925,54.13795,54.261775,54.471125,54.76865,54.88845,54.97675,55.06655,55.123275,55.222775,55.296575,55.429225,55.48465,55.491875,55.6721,55.74065,55.791725,55.8167,55.897375,55.939275,56.1226,56.204725,56.280925,56.337525,56.64455,56.7519,56.837975,57.275925,57.314575,57.32845,57.4723,57.601275,57.673525,57.741425,57.773775,57.906675,58.051325,58.3022,58.3329,58.576225,58.7803,58.858675,59.106775,59.2795,59.354825,59.484825,59.6306,59.751675,60.04375,60.08035,60.127475,60.18845,60.306875,60.379825,60.382425,60.4739,60.4881,61.674325,61.816875,61.864225,61.906425,61.977925,62.064575,62.125475,62.168425,62.28825,62.3442,62.66075,63.648225,0,0,0,0,0,0,0,0,0,0,0,0,0,0,0,0,0,0,0,0,0,0,0,0,0,0,0,0,0,0,0,0,0,0,0,0,0,0,0,0,0,0,0,0,0,0,0,0,0,0,0,0,0,0,0,0,0,0,0,0,0,0,0,0,0,0,0,0,0,0,0,0,0,0,0,0,0,0,0,0,0,0,0,0,0,0,0,0,0,0,0,0,0,0,0,0,0,0,0,0,0,0,0,0,0,0,0,0,0,0,0,0,0,0,0,0,0,0,0,0,0,0,0,0,0,0,0,0,0,0,0,0,0,0,0,0,0,0,0,0,0,0,0,0,0,0,0,0,0,0,0,0,0,0,0,0,0,0,0,0,0,0,0,0,0,0,0,0,0,0,0,0,0,0,0,0,0,0,0,0,0,0,0,0,0,0,0,0,0,0,0,0,0,0,0,0,0,0,0,0,0,0,0,0,0,0,0,0,0,0,0,0,0,0,0,0,0,0,0,0,0,0,0,0,0,0,0,0,0,0,0,0,0,0,0,0,0,0,0,0,0,0,0,0,0,0,0,0,0,0,0,0,0,0,0,0,0,0,0,0,0,0,0,0,0,0,0,0,0,0,0,0,0,0,0,0,0,0,0,0,0,0,0,0,0,0,0,0,0,0,0,0,0,0,0,0,0,0,0
"42",50.072175,58.452325,0,0,0,0,0,0,0,0,0,0,0,0,0,0,0,0,0,0,0,0,0,0,0,0,0,0,0,0,0,0,0,0,0,0,0,0,0,0,0,0,0,0,0,0,0,0,0,0,0,0,0,0,0,0,0,0,0,0,0,0,0,0,0,0,0,0,0,0,0,0,0,0,0,0,0,0,0,0,0,0,0,0,0,0,0,0,0,0,0,0,0,0,0,0,0,0,0,0,0,0,0,0,0,0,0,0,0,0,0,0,0,0,0,0,0,0,0,0,0,0,0,0,0,0,0,0,0,0,0,0,0,0,0,0,0,0,0,0,0,0,0,0,0,0,0,0,0,0,0,0,0,0,0,0,0,0,0,0,0,0,0,0,0,0,0,0,0,0,0,0,0,0,0,0,0,0,0,0,0,0,0,0,0,0,0,0,0,0,0,0,0,0,0,0,0,0,0,0,0,0,0,0,0,0,0,0,0,0,0,0,0,0,0,0,0,0,0,0,0,0,0,0,0,0,0,0,0,0,0,0,0,0,0,0,0,0,0,0,0,0,0,0,0,0,0,0,0,0,0,0,0,0,0,0,0,0,0,0,0,0,0,0,0,0,0,0,0,0,0,0,0,0,0,0,0,0,0,0,0,0,0,0,0,0,0,0,0,0,0,0,0,0,0,0,0,0,0,0,0,0,0,0,0,0,0,0,0,0,0,0,0,0,0,0,0,0,0,0,0,0,0,0,0,0,0,0,0,0,0,0,0,0,0,0,0,0,0,0,0,0,0,0,0,0,0,0,0,0,0,0,0,0,0,0,0,0,0,0,0,0,0,0,0,0,0,0,0,0,0,0,0,0,0,0,0,0,0,0,0,0,0,0,0,0,0,0,0,0,0,0,0,0,0,0,0,0,0,0,0,0,0,0,0,0,0,0,0,0,0,0,0,0,0,0,0,0,0,0,0,0,0,0,0,0,0,0,0,0,0,0,0,0,0,0
"43",51.64845,53.24655,53.493175,55.635075,56.35355,0,0,0,0,0,0,0,0,0,0,0,0,0,0,0,0,0,0,0,0,0,0,0,0,0,0,0,0,0,0,0,0,0,0,0,0,0,0,0,0,0,0,0,0,0,0,0,0,0,0,0,0,0,0,0,0,0,0,0,0,0,0,0,0,0,0,0,0,0,0,0,0,0,0,0,0,0,0,0,0,0,0,0,0,0,0,0,0,0,0,0,0,0,0,0,0,0,0,0,0,0,0,0,0,0,0,0,0,0,0,0,0,0,0,0,0,0,0,0,0,0,0,0,0,0,0,0,0,0,0,0,0,0,0,0,0,0,0,0,0,0,0,0,0,0,0,0,0,0,0,0,0,0,0,0,0,0,0,0,0,0,0,0,0,0,0,0,0,0,0,0,0,0,0,0,0,0,0,0,0,0,0,0,0,0,0,0,0,0,0,0,0,0,0,0,0,0,0,0,0,0,0,0,0,0,0,0,0,0,0,0,0,0,0,0,0,0,0,0,0,0,0,0,0,0,0,0,0,0,0,0,0,0,0,0,0,0,0,0,0,0,0,0,0,0,0,0,0,0,0,0,0,0,0,0,0,0,0,0,0,0,0,0,0,0,0,0,0,0,0,0,0,0,0,0,0,0,0,0,0,0,0,0,0,0,0,0,0,0,0,0,0,0,0,0,0,0,0,0,0,0,0,0,0,0,0,0,0,0,0,0,0,0,0,0,0,0,0,0,0,0,0,0,0,0,0,0,0,0,0,0,0,0,0,0,0,0,0,0,0,0,0,0,0,0,0,0,0,0,0,0,0,0,0,0,0,0,0,0,0,0,0,0,0,0,0,0,0,0,0,0,0,0,0,0,0,0,0,0,0,0,0,0,0,0,0,0,0,0,0,0,0,0,0,0,0,0,0,0,0,0,0,0,0,0,0,0,0,0,0,0,0,0,0,0,0,0,0,0,0,0,0,0,0,0,0,0,0,0,0,0
"44",50.55155,50.8306,51.5628,51.607725,51.931175,52.67425,53.19075,54.22095,55.032525,55.0676,57.66465,57.6784,57.703425,0,0,0,0,0,0,0,0,0,0,0,0,0,0,0,0,0,0,0,0,0,0,0,0,0,0,0,0,0,0,0,0,0,0,0,0,0,0,0,0,0,0,0,0,0,0,0,0,0,0,0,0,0,0,0,0,0,0,0,0,0,0,0,0,0,0,0,0,0,0,0,0,0,0,0,0,0,0,0,0,0,0,0,0,0,0,0,0,0,0,0,0,0,0,0,0,0,0,0,0,0,0,0,0,0,0,0,0,0,0,0,0,0,0,0,0,0,0,0,0,0,0,0,0,0,0,0,0,0,0,0,0,0,0,0,0,0,0,0,0,0,0,0,0,0,0,0,0,0,0,0,0,0,0,0,0,0,0,0,0,0,0,0,0,0,0,0,0,0,0,0,0,0,0,0,0,0,0,0,0,0,0,0,0,0,0,0,0,0,0,0,0,0,0,0,0,0,0,0,0,0,0,0,0,0,0,0,0,0,0,0,0,0,0,0,0,0,0,0,0,0,0,0,0,0,0,0,0,0,0,0,0,0,0,0,0,0,0,0,0,0,0,0,0,0,0,0,0,0,0,0,0,0,0,0,0,0,0,0,0,0,0,0,0,0,0,0,0,0,0,0,0,0,0,0,0,0,0,0,0,0,0,0,0,0,0,0,0,0,0,0,0,0,0,0,0,0,0,0,0,0,0,0,0,0,0,0,0,0,0,0,0,0,0,0,0,0,0,0,0,0,0,0,0,0,0,0,0,0,0,0,0,0,0,0,0,0,0,0,0,0,0,0,0,0,0,0,0,0,0,0,0,0,0,0,0,0,0,0,0,0,0,0,0,0,0,0,0,0,0,0,0,0,0,0,0,0,0,0,0,0,0,0,0,0,0,0,0,0,0,0,0,0,0,0,0,0,0,0,0,0,0,0,0,0,0,0,0,0,0,0,0,0,0,0,0,0,0,0,0,0,0,0
"45",50.101825,50.6671,50.768425,50.824325,50.868625,50.9367,50.97135,51.0302,51.06815,51.09475,51.116325,51.127175,51.151325,51.176625,51.21185,51.255025,51.8311,51.856975,52.074775,52.173975,52.33715,52.388475,52.42,52.453,53.89825,54.195525,54.26965,54.3378,54.38715,54.457675,54.47835,54.5261,54.613125,54.66465,58.45535,58.528225,58.580325,58.618425,58.7285,59.132475,59.353,59.51395,60.2172,60.286325,60.4246,60.796025,60.871725,60.96215,61.29175,61.9915,62.126975,62.35035,62.533025,62.615,62.8196,62.918675,63.08685,63.23295,63.55265,0,0,0,0,0,0,0,0,0,0,0,0,0,0,0,0,0,0,0,0,0,0,0,0,0,0,0,0,0,0,0,0,0,0,0,0,0,0,0,0,0,0,0,0,0,0,0,0,0,0,0,0,0,0,0,0,0,0,0,0,0,0,0,0,0,0,0,0,0,0,0,0,0,0,0,0,0,0,0,0,0,0,0,0,0,0,0,0,0,0,0,0,0,0,0,0,0,0,0,0,0,0,0,0,0,0,0,0,0,0,0,0,0,0,0,0,0,0,0,0,0,0,0,0,0,0,0,0,0,0,0,0,0,0,0,0,0,0,0,0,0,0,0,0,0,0,0,0,0,0,0,0,0,0,0,0,0,0,0,0,0,0,0,0,0,0,0,0,0,0,0,0,0,0,0,0,0,0,0,0,0,0,0,0,0,0,0,0,0,0,0,0,0,0,0,0,0,0,0,0,0,0,0,0,0,0,0,0,0,0,0,0,0,0,0,0,0,0,0,0,0,0,0,0,0,0,0,0,0,0,0,0,0,0,0,0,0,0,0,0,0,0,0,0,0,0,0,0,0,0,0,0,0,0,0,0,0,0,0,0,0,0,0,0,0,0,0,0,0,0,0,0,0,0,0,0,0,0,0,0,0,0,0,0,0,0,0,0,0,0,0,0,0,0,0,0,0,0,0,0,0,0,0,0,0,0,0,0,0,0,0,0,0,0,0,0,0,0,0,0,0,0,0,0,0,0,0,0,0,0,0,0,0,0,0,0,0,0,0,0,0,0,0,0,0,0,0,0,0,0,0,0,0,0,0,0,0,0,0,0,0,0,0,0,0,0,0,0,0,0,0,0,0,0,0,0,0
"46",50.051275,50.244425,50.5733,51.634825,51.686925,51.753675,51.79625,51.81315,51.8298,51.897475,51.917425,51.944,51.98145,52.05105,52.1031,52.143625,52.188775,52.2269,52.26155,52.289375,52.3318,52.6067,52.9947,53.075025,53.167675,53.1916,53.213125,53.2361,53.3151,53.34185,53.372475,53.43315,53.457025,53.47615,53.52165,53.5627,53.624725,53.646975,53.761175,53.973,54.147775,54.271125,54.3727,54.63995,54.7389,54.827275,54.859425,54.920225,54.999025,55.0423,55.1318,55.2014,55.253775,55.278875,55.3015,55.325075,55.34945,55.365825,55.3719,55.4132,55.4311,55.45225,55.4677,55.479425,55.497975,55.517675,55.536975,55.5541,55.578325,55.605475,55.651175,55.66345,55.687625,55.6969,55.72785,55.74805,55.8038,55.911675,55.99155,56.105,56.1542,56.20425,56.252175,56.287775,56.3252,56.362425,56.389625,56.417975,56.453175,56.4931,56.577775,57.067375,57.7212,57.752975,57.793575,57.816075,57.833,57.852375,57.878075,57.895925,57.910475,57.964375,57.999125,58.021075,58.0438,58.076225,58.1363,58.1674,58.23025,58.25575,58.290875,58.33195,59.5671,59.6507,59.700675,59.781525,59.8542,59.9488,60.08285,61.04005,61.108975,0,0,0,0,0,0,0,0,0,0,0,0,0,0,0,0,0,0,0,0,0,0,0,0,0,0,0,0,0,0,0,0,0,0,0,0,0,0,0,0,0,0,0,0,0,0,0,0,0,0,0,0,0,0,0,0,0,0,0,0,0,0,0,0,0,0,0,0,0,0,0,0,0,0,0,0,0,0,0,0,0,0,0,0,0,0,0,0,0,0,0,0,0,0,0,0,0,0,0,0,0,0,0,0,0,0,0,0,0,0,0,0,0,0,0,0,0,0,0,0,0,0,0,0,0,0,0,0,0,0,0,0,0,0,0,0,0,0,0,0,0,0,0,0,0,0,0,0,0,0,0,0,0,0,0,0,0,0,0,0,0,0,0,0,0,0,0,0,0,0,0,0,0,0,0,0,0,0,0,0,0,0,0,0,0,0,0,0,0,0,0,0,0,0,0,0,0,0,0,0,0,0,0,0,0,0,0,0,0,0,0,0,0,0,0,0,0,0,0,0,0,0,0,0,0,0,0,0,0,0,0,0,0,0,0,0,0,0,0,0,0,0,0,0,0,0,0,0,0,0,0,0,0,0,0,0,0,0,0,0,0,0,0,0,0,0,0,0,0,0,0,0,0,0,0,0,0,0,0,0,0,0,0,0,0,0,0,0,0,0,0,0,0,0,0,0,0,0,0,0,0,0,0,0,0,0,0,0,0,0,0,0,0,0,0
"47",49.60785,49.681875,50.11275,50.549175,50.574325,50.670225,50.7757,50.82315,50.8632,51.005575,51.11135,51.1276,51.17705,51.255525,51.2692,51.474775,51.504925,51.5413,51.5997,51.617525,51.67385,51.7065,51.7593,51.76615,51.781075,51.81085,51.901875,52.0027,52.41605,52.533175,52.669075,52.744175,52.80245,52.865125,52.913,52.9374,52.987425,53.0021,53.03325,53.066925,53.16845,53.604925,53.9418,54.038125,54.156,54.263725,54.376575,54.53175,54.592125,54.67195,54.9031,54.995275,55.0441,55.104675,55.147325,55.1946,55.260325,55.315575,55.35715,55.425975,55.98935,56.157025,56.296125,56.3748,56.398275,56.433275,56.48885,56.525825,56.623075,56.67895,56.774425,57.10445,57.192025,57.232375,57.29435,57.3439,57.404075,57.462275,57.511175,57.546625,57.58505,57.652725,57.722525,57.78165,57.851525,58.0428,58.297475,58.396575,58.4771,58.526675,59.093,59.233275,63.0544,63.22885,64.3655,64.4485,64.553575,64.792775,65.032325,65.18815,65.54875,0,0,0,0,0,0,0,0,0,0,0,0,0,0,0,0,0,0,0,0,0,0,0,0,0,0,0,0,0,0,0,0,0,0,0,0,0,0,0,0,0,0,0,0,0,0,0,0,0,0,0,0,0,0,0,0,0,0,0,0,0,0,0,0,0,0,0,0,0,0,0,0,0,0,0,0,0,0,0,0,0,0,0,0,0,0,0,0,0,0,0,0,0,0,0,0,0,0,0,0,0,0,0,0,0,0,0,0,0,0,0,0,0,0,0,0,0,0,0,0,0,0,0,0,0,0,0,0,0,0,0,0,0,0,0,0,0,0,0,0,0,0,0,0,0,0,0,0,0,0,0,0,0,0,0,0,0,0,0,0,0,0,0,0,0,0,0,0,0,0,0,0,0,0,0,0,0,0,0,0,0,0,0,0,0,0,0,0,0,0,0,0,0,0,0,0,0,0,0,0,0,0,0,0,0,0,0,0,0,0,0,0,0,0,0,0,0,0,0,0,0,0,0,0,0,0,0,0,0,0,0,0,0,0,0,0,0,0,0,0,0,0,0,0,0,0,0,0,0,0,0,0,0,0,0,0,0,0,0,0,0,0,0,0,0,0,0,0,0,0,0,0,0,0,0,0,0,0,0,0,0,0,0,0,0,0,0,0,0,0,0,0,0,0,0,0,0,0,0,0,0,0,0,0,0,0,0,0,0,0,0,0,0,0,0,0,0,0,0,0,0,0,0,0,0,0,0,0,0,0,0,0,0,0,0
"48",49.5823,49.6122,49.655275,49.6698,49.71335,49.739075,49.757725,49.784575,49.7939,49.81505,49.833125,49.85455,49.8671,49.87865,49.920825,49.961575,50.03,50.062025,50.1681,50.192725,50.318825,50.3548,50.38145,50.458825,50.645725,50.694225,51.0567,51.1031,51.1744,51.314075,51.371525,51.477825,51.652425,51.7465,51.878225,52.403525,52.451525,52.500125,52.506175,52.81075,53.63475,54.6193,56.667525,56.903175,57.03765,57.086125,57.2176,58.350175,58.41605,58.50035,58.65655,58.676875,58.774125,58.9723,59.0116,59.226825,59.29015,59.314175,59.928175,59.9933,60.056275,60.0994,60.2108,60.3053,60.34565,60.377675,60.414875,60.42905,60.57135,61.498575,61.562475,61.623825,61.754225,61.82845,61.882725,61.988,62.036875,62.076425,62.130175,62.194525,62.221025,62.25505,62.283275,62.305875,62.401475,62.4449,62.4965,62.540125,62.600575,62.673925,62.751675,62.83705,62.99225,63.105725,63.201325,63.329475,63.379625,63.420475,63.487475,63.6326,63.686175,63.71555,63.7547,63.792325,63.8609,64.003975,65.193475,65.43315,0,0,0,0,0,0,0,0,0,0,0,0,0,0,0,0,0,0,0,0,0,0,0,0,0,0,0,0,0,0,0,0,0,0,0,0,0,0,0,0,0,0,0,0,0,0,0,0,0,0,0,0,0,0,0,0,0,0,0,0,0,0,0,0,0,0,0,0,0,0,0,0,0,0,0,0,0,0,0,0,0,0,0,0,0,0,0,0,0,0,0,0,0,0,0,0,0,0,0,0,0,0,0,0,0,0,0,0,0,0,0,0,0,0,0,0,0,0,0,0,0,0,0,0,0,0,0,0,0,0,0,0,0,0,0,0,0,0,0,0,0,0,0,0,0,0,0,0,0,0,0,0,0,0,0,0,0,0,0,0,0,0,0,0,0,0,0,0,0,0,0,0,0,0,0,0,0,0,0,0,0,0,0,0,0,0,0,0,0,0,0,0,0,0,0,0,0,0,0,0,0,0,0,0,0,0,0,0,0,0,0,0,0,0,0,0,0,0,0,0,0,0,0,0,0,0,0,0,0,0,0,0,0,0,0,0,0,0,0,0,0,0,0,0,0,0,0,0,0,0,0,0,0,0,0,0,0,0,0,0,0,0,0,0,0,0,0,0,0,0,0,0,0,0,0,0,0,0,0,0,0,0,0,0,0,0,0,0,0,0,0,0,0,0,0,0,0,0,0,0,0,0,0,0,0,0,0,0,0,0,0,0,0,0,0,0,0,0,0,0,0,0,0,0,0,0,0,0
"49",50.594325,50.630525,50.666125,50.68895,50.7099,50.77835,50.795975,50.8885,50.9425,51.4358,51.45705,51.48565,51.516725,51.533825,51.552575,51.59195,51.630425,51.66815,51.73095,51.739,51.782625,51.8153,51.8498,51.867175,51.89235,51.9165,51.949425,51.968925,51.999625,52.030375,52.0701,52.091525,52.115375,52.1574,52.184925,52.241775,52.57935,52.595025,52.615325,52.62975,52.64375,52.657625,52.70365,52.716775,52.78855,52.796925,52.811975,52.834975,52.8471,52.920325,52.9453,52.963875,52.980075,53.024225,53.058475,53.06955,53.083675,53.1133,53.140725,53.15735,53.176325,53.22165,53.2551,53.282525,53.295575,53.324,53.35485,53.424825,53.4532,53.56955,53.702925,53.83005,53.915475,53.963125,54.02835,54.0589,54.064975,54.102925,54.131825,54.18955,54.2056,54.240075,54.25745,54.3157,54.333025,54.375475,54.404475,54.433825,54.456525,54.481375,54.519425,54.559275,54.5723,54.637775,54.651925,54.66255,54.7058,54.715375,54.729075,54.74665,54.758175,54.7794,54.79065,54.798725,54.8246,54.84895,54.8713,54.880175,54.942625,55.08965,55.114575,55.1451,55.1663,55.211275,55.227075,55.236075,55.285,55.338675,55.3767,55.406325,55.47055,55.9905,56.08785,56.158,56.185925,56.231575,56.303325,56.344775,56.956925,56.9763,57.004275,57.026625,57.05575,57.069825,57.080375,57.10905,57.13475,57.16025,57.206825,57.230025,57.25485,57.271475,57.28935,57.3157,57.3365,57.384575,57.45425,57.490775,57.548525,57.5927,57.621125,57.6381,57.6712,57.72675,57.7701,57.792275,57.809125,57.88645,58.976475,59.0173,59.04205,59.077575,59.086925,59.099875,59.11035,59.14075,59.16555,59.188425,59.204975,59.228525,59.255675,59.27145,59.32235,59.3503,59.3698,59.3798,59.400525,59.412,59.4379,59.452975,59.48365,59.5513,60.183325,60.402975,64.4528,64.514975,64.625575,64.671,64.75565,0,0,0,0,0,0,0,0,0,0,0,0,0,0,0,0,0,0,0,0,0,0,0,0,0,0,0,0,0,0,0,0,0,0,0,0,0,0,0,0,0,0,0,0,0,0,0,0,0,0,0,0,0,0,0,0,0,0,0,0,0,0,0,0,0,0,0,0,0,0,0,0,0,0,0,0,0,0,0,0,0,0,0,0,0,0,0,0,0,0,0,0,0,0,0,0,0,0,0,0,0,0,0,0,0,0,0,0,0,0,0,0,0,0,0,0,0,0,0,0,0,0,0,0,0,0,0,0,0,0,0,0,0,0,0,0,0,0,0,0,0,0,0,0,0,0,0,0,0,0,0,0,0,0,0,0,0,0,0,0,0,0,0,0,0,0,0,0,0,0,0,0,0,0,0,0,0,0,0,0,0,0,0,0,0,0,0,0,0,0,0,0,0,0,0,0,0,0,0,0,0,0,0,0,0,0,0,0,0,0,0,0,0,0,0,0,0,0,0,0,0,0,0,0,0,0,0,0,0,0,0,0,0,0,0,0,0,0,0,0,0,0,0,0,0,0,0
"50",49.8284,50.34005,50.49055,50.5379,50.655675,50.661975,50.771225,50.821725,50.8406,50.9333,50.962575,50.970125,50.9792,51.0062,51.044,51.106025,51.2601,51.3636,51.53095,51.55365,51.55505,51.59025,51.6639,51.687425,51.696825,51.712975,51.749775,51.7522,51.791175,51.806375,51.8363,51.88335,51.901375,51.907825,51.92545,51.956575,51.965625,51.982575,52.022925,52.06205,52.16275,52.1837,52.204,52.236075,52.242525,52.250525,52.3574,52.43305,52.46965,52.524725,52.555525,52.578925,52.624525,52.66865,52.7379,52.746125,52.837725,52.86265,52.915975,52.936575,52.954625,52.9724,52.981475,52.994825,53.001175,53.033825,53.03565,53.067375,53.09145,53.099475,53.12095,53.1297,53.1727,53.18665,53.1914,53.19905,53.2218,53.240775,53.2516,53.276725,53.288625,53.30205,53.3145,53.325325,53.336925,53.362175,53.374425,53.400575,53.4273,53.45015,53.47705,53.50735,53.5161,53.553425,53.561625,53.623225,53.650675,53.683425,53.6958,53.74765,53.7518,53.775375,53.852275,53.855875,53.873625,53.944225,53.9619,53.9845,54.00775,54.026875,54.05865,54.081775,54.0886,54.12215,54.12885,54.13185,54.1593,54.172925,54.175925,54.19495,54.203325,54.245075,54.25015,54.259425,54.28375,54.303525,54.3379,54.35075,54.3618,54.390775,54.406275,54.431325,54.450825,54.45385,54.47575,54.49185,54.521,54.543425,54.552975,54.579275,54.5964,54.622875,54.684725,54.7345,54.775275,54.795875,54.839525,54.855175,54.945125,54.977775,55.089125,55.122475,55.15025,55.169925,55.178525,55.193625,55.22565,55.294475,55.313275,55.323325,55.3532,55.385025,55.387925,55.4268,55.461175,55.4944,55.5199,55.530375,55.588125,55.6079,55.625425,55.645225,55.653125,55.6781,55.68945,55.7127,55.7221,55.7365,55.7675,55.781025,55.793025,55.814425,55.8438,55.857975,55.892275,55.90245,55.9158,55.926,55.962375,55.986025,56.019475,56.06465,56.081975,56.099075,56.113325,56.12765,56.149825,56.177075,56.189675,56.204325,56.23715,56.2652,56.283525,56.30165,56.3375,56.3737,56.42535,56.456525,56.4949,56.56535,56.616475,56.7484,56.808775,56.906575,57.000425,57.0072,57.06745,57.170925,57.220675,57.342525,57.394775,57.460025,57.5107,57.56595,57.5865,57.596275,57.600475,57.6035,57.6198,57.6593,57.6774,57.7016,57.727875,57.7478,57.785125,57.8026,57.829275,57.840925,57.8514,57.869,57.886425,57.9984,58.014375,58.030925,58.04845,58.14585,58.18975,58.212725,58.24945,58.7051,58.773825,59.1075,59.1374,59.188425,59.23515,59.278325,59.282525,59.30355,59.329,59.34555,59.363775,59.384225,59.424125,59.474275,59.508925,59.5792,59.593825,59.60795,59.619275,59.763725,59.87545,60.398125,60.51545,60.712225,60.8863,60.9859,61.0361,61.074075,61.106775,61.152525,62.827275,62.921575,63.17735,64.312125,64.3749,64.458825,64.581125,64.688975,0,0,0,0,0,0,0,0,0,0,0,0,0,0,0,0,0,0,0,0,0,0,0,0,0,0,0,0,0,0,0,0,0,0,0,0,0,0,0,0,0,0,0,0,0,0,0,0,0,0,0,0,0,0,0,0,0,0,0,0,0,0,0,0,0,0,0,0,0,0,0,0,0,0,0,0,0,0,0,0,0,0,0,0,0,0,0,0,0,0,0,0,0,0,0,0,0,0,0,0,0,0,0,0,0,0,0,0,0,0,0,0,0,0,0,0,0,0,0,0,0,0,0,0,0,0,0,0,0,0,0,0,0,0,0,0,0,0,0,0,0,0,0,0,0,0,0,0
"51",50.150525,50.578375,50.66135,50.69115,50.73845,50.781075,50.849525,51.122375,51.170775,51.39495,51.4222,51.4385,51.4615,51.472475,51.4923,51.50005,51.50525,51.5148,51.52875,51.548225,51.5618,51.5812,51.59325,51.62385,51.6362,51.6534,51.6821,51.697725,51.710775,51.7464,51.76405,51.859975,51.870525,51.896375,51.91145,51.933725,51.963775,52.025775,52.1101,52.1166,52.566375,52.623775,52.640625,52.6838,52.702525,52.724025,52.751475,52.765725,52.77825,52.797775,52.836575,52.8505,52.86045,52.882,52.905075,52.91565,52.9337,52.95035,52.96195,52.97135,52.995425,53.009175,53.04275,53.05185,53.07805,53.091725,53.10355,53.133375,53.175,53.2166,53.2485,54.097925,54.683975,54.764875,54.7985,54.819275,54.8426,54.88795,54.902575,54.921225,54.937825,54.953725,54.97105,54.992025,55.011275,55.035125,55.045425,55.06065,55.075675,55.090325,55.1016,55.115375,55.1339,55.155275,55.1653,55.2349,55.28305,55.29625,55.3169,55.331275,55.350275,55.37025,55.38285,55.40355,55.425225,55.44795,55.4923,55.538275,55.56175,55.5829,55.623775,55.703775,55.7479,55.8188,55.97225,56.969725,57.028575,57.06675,57.09235,57.12135,57.1539,57.173375,57.197625,57.208175,57.21775,57.235425,57.254,57.274275,57.313425,57.3345,57.353525,57.3758,57.40045,57.415,57.437575,57.4554,57.4753,57.493,57.5068,57.520125,57.537225,57.5703,57.594775,57.609375,57.6698,57.684825,57.7048,57.7147,57.75385,57.777775,57.795425,57.810475,57.830875,57.91445,57.9335,57.956025,58.04155,58.920625,59.0317,59.06715,59.10035,59.127125,59.15765,59.183775,59.219375,59.2406,59.253625,59.3009,59.3219,59.33805,59.36785,59.442625,59.482575,59.498225,59.5596,59.59765,59.63285,60.74865,60.809025,60.8357,60.849375,60.947125,61.0057,61.048375,61.094525,62.93455,63.048425,63.12435,64.02855,64.132025,64.26605,64.351625,64.404275,64.453425,64.53675,64.608375,64.6502,0,0,0,0,0,0,0,0,0,0,0,0,0,0,0,0,0,0,0,0,0,0,0,0,0,0,0,0,0,0,0,0,0,0,0,0,0,0,0,0,0,0,0,0,0,0,0,0,0,0,0,0,0,0,0,0,0,0,0,0,0,0,0,0,0,0,0,0,0,0,0,0,0,0,0,0,0,0,0,0,0,0,0,0,0,0,0,0,0,0,0,0,0,0,0,0,0,0,0,0,0,0,0,0,0,0,0,0,0,0,0,0,0,0,0,0,0,0,0,0,0,0,0,0,0,0,0,0,0,0,0,0,0,0,0,0,0,0,0,0,0,0,0,0,0,0,0,0,0,0,0,0,0,0,0,0,0,0,0,0,0,0,0,0,0,0,0,0,0,0,0,0,0,0,0,0,0,0,0,0,0,0,0,0,0,0,0,0,0,0,0,0,0,0,0,0,0,0,0,0,0,0,0,0,0,0,0,0,0,0,0,0,0,0,0,0,0,0,0,0,0,0,0,0,0,0,0,0,0,0,0,0,0,0,0,0,0,0,0
"52",40.568225,41.78205,43.473725,46.8337,47.28035,49.46175,49.86065,49.9179,49.98335,50.01975,50.139725,50.19385,50.30245,50.6167,50.80835,51.0351,51.0693,51.121125,51.16075,51.16235,51.1644,51.342375,51.63925,51.714075,51.7973,52.10045,52.14625,52.27515,52.3325,52.3738,52.593,52.646125,52.726475,52.75035,52.879975,53.104225,53.927575,54.60165,54.719825,55.195875,55.6809,56.096875,57.2124,58.00005,58.21035,58.321125,58.3535,58.390475,58.45915,58.525775,59.46085,59.529175,59.67275,59.699325,59.771475,59.80675,59.8296,59.8847,59.909625,59.946925,59.978675,60.012975,60.052225,60.07415,60.091,60.113275,60.14425,60.192525,60.23015,60.320075,60.357425,60.44265,60.488525,61.345625,61.45695,61.53915,61.713275,61.7786,61.931525,76.566625,77.914225,0,0,0,0,0,0,0,0,0,0,0,0,0,0,0,0,0,0,0,0,0,0,0,0,0,0,0,0,0,0,0,0,0,0,0,0,0,0,0,0,0,0,0,0,0,0,0,0,0,0,0,0,0,0,0,0,0,0,0,0,0,0,0,0,0,0,0,0,0,0,0,0,0,0,0,0,0,0,0,0,0,0,0,0,0,0,0,0,0,0,0,0,0,0,0,0,0,0,0,0,0,0,0,0,0,0,0,0,0,0,0,0,0,0,0,0,0,0,0,0,0,0,0,0,0,0,0,0,0,0,0,0,0,0,0,0,0,0,0,0,0,0,0,0,0,0,0,0,0,0,0,0,0,0,0,0,0,0,0,0,0,0,0,0,0,0,0,0,0,0,0,0,0,0,0,0,0,0,0,0,0,0,0,0,0,0,0,0,0,0,0,0,0,0,0,0,0,0,0,0,0,0,0,0,0,0,0,0,0,0,0,0,0,0,0,0,0,0,0,0,0,0,0,0,0,0,0,0,0,0,0,0,0,0,0,0,0,0,0,0,0,0,0,0,0,0,0,0,0,0,0,0,0,0,0,0,0,0,0,0,0,0,0,0,0,0,0,0,0,0,0,0,0,0,0,0,0,0,0,0,0,0,0,0,0,0,0,0,0,0,0,0,0,0,0,0,0,0,0,0,0,0,0,0,0,0,0,0,0,0,0,0,0,0,0,0,0,0,0,0,0,0,0,0,0,0,0,0,0,0,0,0,0,0,0,0,0,0,0,0,0,0,0,0,0,0,0,0,0,0,0,0,0,0,0
"53",50.6889,50.6929,51.489675,51.66165,51.728925,52.7691,52.8863,53.07935,54.23075,54.9428,54.968875,55.00715,55.0411,55.08045,55.103775,57.446975,57.504125,57.526825,0,0,0,0,0,0,0,0,0,0,0,0,0,0,0,0,0,0,0,0,0,0,0,0,0,0,0,0,0,0,0,0,0,0,0,0,0,0,0,0,0,0,0,0,0,0,0,0,0,0,0,0,0,0,0,0,0,0,0,0,0,0,0,0,0,0,0,0,0,0,0,0,0,0,0,0,0,0,0,0,0,0,0,0,0,0,0,0,0,0,0,0,0,0,0,0,0,0,0,0,0,0,0,0,0,0,0,0,0,0,0,0,0,0,0,0,0,0,0,0,0,0,0,0,0,0,0,0,0,0,0,0,0,0,0,0,0,0,0,0,0,0,0,0,0,0,0,0,0,0,0,0,0,0,0,0,0,0,0,0,0,0,0,0,0,0,0,0,0,0,0,0,0,0,0,0,0,0,0,0,0,0,0,0,0,0,0,0,0,0,0,0,0,0,0,0,0,0,0,0,0,0,0,0,0,0,0,0,0,0,0,0,0,0,0,0,0,0,0,0,0,0,0,0,0,0,0,0,0,0,0,0,0,0,0,0,0,0,0,0,0,0,0,0,0,0,0,0,0,0,0,0,0,0,0,0,0,0,0,0,0,0,0,0,0,0,0,0,0,0,0,0,0,0,0,0,0,0,0,0,0,0,0,0,0,0,0,0,0,0,0,0,0,0,0,0,0,0,0,0,0,0,0,0,0,0,0,0,0,0,0,0,0,0,0,0,0,0,0,0,0,0,0,0,0,0,0,0,0,0,0,0,0,0,0,0,0,0,0,0,0,0,0,0,0,0,0,0,0,0,0,0,0,0,0,0,0,0,0,0,0,0,0,0,0,0,0,0,0,0,0,0,0,0,0,0,0,0,0,0,0,0,0,0,0,0,0,0,0,0,0,0,0,0,0,0,0,0,0,0,0,0,0,0,0,0,0,0,0,0,0,0,0,0,0,0,0,0
"54",54.704575,57.838425,0,0,0,0,0,0,0,0,0,0,0,0,0,0,0,0,0,0,0,0,0,0,0,0,0,0,0,0,0,0,0,0,0,0,0,0,0,0,0,0,0,0,0,0,0,0,0,0,0,0,0,0,0,0,0,0,0,0,0,0,0,0,0,0,0,0,0,0,0,0,0,0,0,0,0,0,0,0,0,0,0,0,0,0,0,0,0,0,0,0,0,0,0,0,0,0,0,0,0,0,0,0,0,0,0,0,0,0,0,0,0,0,0,0,0,0,0,0,0,0,0,0,0,0,0,0,0,0,0,0,0,0,0,0,0,0,0,0,0,0,0,0,0,0,0,0,0,0,0,0,0,0,0,0,0,0,0,0,0,0,0,0,0,0,0,0,0,0,0,0,0,0,0,0,0,0,0,0,0,0,0,0,0,0,0,0,0,0,0,0,0,0,0,0,0,0,0,0,0,0,0,0,0,0,0,0,0,0,0,0,0,0,0,0,0,0,0,0,0,0,0,0,0,0,0,0,0,0,0,0,0,0,0,0,0,0,0,0,0,0,0,0,0,0,0,0,0,0,0,0,0,0,0,0,0,0,0,0,0,0,0,0,0,0,0,0,0,0,0,0,0,0,0,0,0,0,0,0,0,0,0,0,0,0,0,0,0,0,0,0,0,0,0,0,0,0,0,0,0,0,0,0,0,0,0,0,0,0,0,0,0,0,0,0,0,0,0,0,0,0,0,0,0,0,0,0,0,0,0,0,0,0,0,0,0,0,0,0,0,0,0,0,0,0,0,0,0,0,0,0,0,0,0,0,0,0,0,0,0,0,0,0,0,0,0,0,0,0,0,0,0,0,0,0,0,0,0,0,0,0,0,0,0,0,0,0,0,0,0,0,0,0,0,0,0,0,0,0,0,0,0,0,0,0,0,0,0,0,0,0,0,0,0,0,0,0,0,0,0,0,0,0,0,0,0,0,0,0,0,0,0,0,0,0
"55",49.907625,50.0035,50.046675,50.073425,50.1684,50.20855,50.2987,50.560775,50.6387,50.704975,50.7638,50.8337,50.88055,50.906,50.965,51.004575,51.02805,51.072775,51.0867,51.106575,51.14405,51.177175,51.20335,51.218575,51.235275,51.25155,51.271675,51.284875,51.3163,52.124975,52.233725,52.337,52.388125,52.448,52.47215,52.51065,52.567125,53.620075,53.88315,53.939075,54.338925,54.37525,54.4245,54.4554,54.514325,54.602775,54.63415,56.631025,56.7446,56.8095,56.903875,57.48045,58.514225,58.551075,58.61395,58.64535,58.715625,58.760675,58.8268,60.2911,60.433025,62.60005,62.842575,63.272,63.3447,63.645225,63.7835,0,0,0,0,0,0,0,0,0,0,0,0,0,0,0,0,0,0,0,0,0,0,0,0,0,0,0,0,0,0,0,0,0,0,0,0,0,0,0,0,0,0,0,0,0,0,0,0,0,0,0,0,0,0,0,0,0,0,0,0,0,0,0,0,0,0,0,0,0,0,0,0,0,0,0,0,0,0,0,0,0,0,0,0,0,0,0,0,0,0,0,0,0,0,0,0,0,0,0,0,0,0,0,0,0,0,0,0,0,0,0,0,0,0,0,0,0,0,0,0,0,0,0,0,0,0,0,0,0,0,0,0,0,0,0,0,0,0,0,0,0,0,0,0,0,0,0,0,0,0,0,0,0,0,0,0,0,0,0,0,0,0,0,0,0,0,0,0,0,0,0,0,0,0,0,0,0,0,0,0,0,0,0,0,0,0,0,0,0,0,0,0,0,0,0,0,0,0,0,0,0,0,0,0,0,0,0,0,0,0,0,0,0,0,0,0,0,0,0,0,0,0,0,0,0,0,0,0,0,0,0,0,0,0,0,0,0,0,0,0,0,0,0,0,0,0,0,0,0,0,0,0,0,0,0,0,0,0,0,0,0,0,0,0,0,0,0,0,0,0,0,0,0,0,0,0,0,0,0,0,0,0,0,0,0,0,0,0,0,0,0,0,0,0,0,0,0,0,0,0,0,0,0,0,0,0,0,0,0,0,0,0,0,0,0,0,0,0,0,0,0,0,0,0,0,0,0,0,0,0,0,0,0,0,0,0,0,0,0,0,0,0,0,0,0,0,0,0,0,0,0,0,0,0,0,0,0,0,0,0,0,0,0,0,0,0,0,0,0
"56",54.584575,56.741075,0,0,0,0,0,0,0,0,0,0,0,0,0,0,0,0,0,0,0,0,0,0,0,0,0,0,0,0,0,0,0,0,0,0,0,0,0,0,0,0,0,0,0,0,0,0,0,0,0,0,0,0,0,0,0,0,0,0,0,0,0,0,0,0,0,0,0,0,0,0,0,0,0,0,0,0,0,0,0,0,0,0,0,0,0,0,0,0,0,0,0,0,0,0,0,0,0,0,0,0,0,0,0,0,0,0,0,0,0,0,0,0,0,0,0,0,0,0,0,0,0,0,0,0,0,0,0,0,0,0,0,0,0,0,0,0,0,0,0,0,0,0,0,0,0,0,0,0,0,0,0,0,0,0,0,0,0,0,0,0,0,0,0,0,0,0,0,0,0,0,0,0,0,0,0,0,0,0,0,0,0,0,0,0,0,0,0,0,0,0,0,0,0,0,0,0,0,0,0,0,0,0,0,0,0,0,0,0,0,0,0,0,0,0,0,0,0,0,0,0,0,0,0,0,0,0,0,0,0,0,0,0,0,0,0,0,0,0,0,0,0,0,0,0,0,0,0,0,0,0,0,0,0,0,0,0,0,0,0,0,0,0,0,0,0,0,0,0,0,0,0,0,0,0,0,0,0,0,0,0,0,0,0,0,0,0,0,0,0,0,0,0,0,0,0,0,0,0,0,0,0,0,0,0,0,0,0,0,0,0,0,0,0,0,0,0,0,0,0,0,0,0,0,0,0,0,0,0,0,0,0,0,0,0,0,0,0,0,0,0,0,0,0,0,0,0,0,0,0,0,0,0,0,0,0,0,0,0,0,0,0,0,0,0,0,0,0,0,0,0,0,0,0,0,0,0,0,0,0,0,0,0,0,0,0,0,0,0,0,0,0,0,0,0,0,0,0,0,0,0,0,0,0,0,0,0,0,0,0,0,0,0,0,0,0,0,0,0,0,0,0,0,0,0,0,0,0,0,0,0,0,0,0,0
"57",49.96325,50.08425,50.23455,50.507875,50.976675,51.048575,51.11275,51.52465,53.879225,54.446625,54.816425,54.993175,55.18515,56.39135,57.209325,57.2391,57.372725,57.730575,58.451525,58.479575,58.9297,59.19565,59.251375,59.3178,59.406925,59.80315,60.096825,60.1813,61.25955,61.3244,61.4205,61.558875,62.88005,63.374525,64.4688,0,0,0,0,0,0,0,0,0,0,0,0,0,0,0,0,0,0,0,0,0,0,0,0,0,0,0,0,0,0,0,0,0,0,0,0,0,0,0,0,0,0,0,0,0,0,0,0,0,0,0,0,0,0,0,0,0,0,0,0,0,0,0,0,0,0,0,0,0,0,0,0,0,0,0,0,0,0,0,0,0,0,0,0,0,0,0,0,0,0,0,0,0,0,0,0,0,0,0,0,0,0,0,0,0,0,0,0,0,0,0,0,0,0,0,0,0,0,0,0,0,0,0,0,0,0,0,0,0,0,0,0,0,0,0,0,0,0,0,0,0,0,0,0,0,0,0,0,0,0,0,0,0,0,0,0,0,0,0,0,0,0,0,0,0,0,0,0,0,0,0,0,0,0,0,0,0,0,0,0,0,0,0,0,0,0,0,0,0,0,0,0,0,0,0,0,0,0,0,0,0,0,0,0,0,0,0,0,0,0,0,0,0,0,0,0,0,0,0,0,0,0,0,0,0,0,0,0,0,0,0,0,0,0,0,0,0,0,0,0,0,0,0,0,0,0,0,0,0,0,0,0,0,0,0,0,0,0,0,0,0,0,0,0,0,0,0,0,0,0,0,0,0,0,0,0,0,0,0,0,0,0,0,0,0,0,0,0,0,0,0,0,0,0,0,0,0,0,0,0,0,0,0,0,0,0,0,0,0,0,0,0,0,0,0,0,0,0,0,0,0,0,0,0,0,0,0,0,0,0,0,0,0,0,0,0,0,0,0,0,0,0,0,0,0,0,0,0,0,0,0,0,0,0,0,0,0,0,0,0,0,0,0,0,0,0,0,0,0,0,0,0,0,0,0,0,0,0,0,0,0,0,0,0,0,0,0,0,0,0,0,0,0,0,0,0,0,0,0,0,0
"58",51.017375,52.852825,59.258575,0,0,0,0,0,0,0,0,0,0,0,0,0,0,0,0,0,0,0,0,0,0,0,0,0,0,0,0,0,0,0,0,0,0,0,0,0,0,0,0,0,0,0,0,0,0,0,0,0,0,0,0,0,0,0,0,0,0,0,0,0,0,0,0,0,0,0,0,0,0,0,0,0,0,0,0,0,0,0,0,0,0,0,0,0,0,0,0,0,0,0,0,0,0,0,0,0,0,0,0,0,0,0,0,0,0,0,0,0,0,0,0,0,0,0,0,0,0,0,0,0,0,0,0,0,0,0,0,0,0,0,0,0,0,0,0,0,0,0,0,0,0,0,0,0,0,0,0,0,0,0,0,0,0,0,0,0,0,0,0,0,0,0,0,0,0,0,0,0,0,0,0,0,0,0,0,0,0,0,0,0,0,0,0,0,0,0,0,0,0,0,0,0,0,0,0,0,0,0,0,0,0,0,0,0,0,0,0,0,0,0,0,0,0,0,0,0,0,0,0,0,0,0,0,0,0,0,0,0,0,0,0,0,0,0,0,0,0,0,0,0,0,0,0,0,0,0,0,0,0,0,0,0,0,0,0,0,0,0,0,0,0,0,0,0,0,0,0,0,0,0,0,0,0,0,0,0,0,0,0,0,0,0,0,0,0,0,0,0,0,0,0,0,0,0,0,0,0,0,0,0,0,0,0,0,0,0,0,0,0,0,0,0,0,0,0,0,0,0,0,0,0,0,0,0,0,0,0,0,0,0,0,0,0,0,0,0,0,0,0,0,0,0,0,0,0,0,0,0,0,0,0,0,0,0,0,0,0,0,0,0,0,0,0,0,0,0,0,0,0,0,0,0,0,0,0,0,0,0,0,0,0,0,0,0,0,0,0,0,0,0,0,0,0,0,0,0,0,0,0,0,0,0,0,0,0,0,0,0,0,0,0,0,0,0,0,0,0,0,0,0,0,0,0,0,0,0,0,0,0,0,0,0
"59",52.3955,54.2634,54.534925,0,0,0,0,0,0,0,0,0,0,0,0,0,0,0,0,0,0,0,0,0,0,0,0,0,0,0,0,0,0,0,0,0,0,0,0,0,0,0,0,0,0,0,0,0,0,0,0,0,0,0,0,0,0,0,0,0,0,0,0,0,0,0,0,0,0,0,0,0,0,0,0,0,0,0,0,0,0,0,0,0,0,0,0,0,0,0,0,0,0,0,0,0,0,0,0,0,0,0,0,0,0,0,0,0,0,0,0,0,0,0,0,0,0,0,0,0,0,0,0,0,0,0,0,0,0,0,0,0,0,0,0,0,0,0,0,0,0,0,0,0,0,0,0,0,0,0,0,0,0,0,0,0,0,0,0,0,0,0,0,0,0,0,0,0,0,0,0,0,0,0,0,0,0,0,0,0,0,0,0,0,0,0,0,0,0,0,0,0,0,0,0,0,0,0,0,0,0,0,0,0,0,0,0,0,0,0,0,0,0,0,0,0,0,0,0,0,0,0,0,0,0,0,0,0,0,0,0,0,0,0,0,0,0,0,0,0,0,0,0,0,0,0,0,0,0,0,0,0,0,0,0,0,0,0,0,0,0,0,0,0,0,0,0,0,0,0,0,0,0,0,0,0,0,0,0,0,0,0,0,0,0,0,0,0,0,0,0,0,0,0,0,0,0,0,0,0,0,0,0,0,0,0,0,0,0,0,0,0,0,0,0,0,0,0,0,0,0,0,0,0,0,0,0,0,0,0,0,0,0,0,0,0,0,0,0,0,0,0,0,0,0,0,0,0,0,0,0,0,0,0,0,0,0,0,0,0,0,0,0,0,0,0,0,0,0,0,0,0,0,0,0,0,0,0,0,0,0,0,0,0,0,0,0,0,0,0,0,0,0,0,0,0,0,0,0,0,0,0,0,0,0,0,0,0,0,0,0,0,0,0,0,0,0,0,0,0,0,0,0,0,0,0,0,0,0,0,0,0,0,0,0,0
"60",43.417775,49.7857,49.83045,49.8829,49.894775,49.92705,50.035025,50.214575,50.414,50.52245,50.6025,50.646225,50.6662,50.921325,50.962,51.002575,51.0294,51.077025,51.116225,51.166875,51.215775,51.233325,51.237775,51.385175,51.441975,51.454025,51.4638,51.4738,51.4822,51.488575,51.50755,51.520725,51.526,51.565075,51.5688,51.57075,51.577725,51.58755,51.6266,51.627875,51.63505,51.6434,51.663425,51.685325,51.69605,51.70215,51.70375,51.71225,51.73115,51.736725,51.769125,51.770275,51.781275,51.810825,51.849925,51.860425,51.868075,51.87475,51.892775,51.920325,51.9836,52.334725,52.380225,52.398025,52.6396,52.672125,52.67885,52.681025,52.690375,52.703475,52.729175,52.737325,52.75735,52.808975,52.819525,52.84855,52.85185,52.899725,52.90455,52.916775,52.9422,52.958225,52.967625,52.96885,52.974775,53.031725,53.055125,53.0645,53.0725,53.097275,53.10975,53.13595,53.1625,53.21805,53.230775,53.830075,54.1238,54.6308,54.688325,54.744075,54.748175,54.799575,54.809775,54.876975,54.884275,54.90165,54.93905,54.947375,54.952,54.97655,54.97825,54.982775,54.9968,55.014725,55.016275,55.037625,55.050725,55.06305,55.08335,55.108625,55.11695,55.133275,55.18205,55.21065,55.233575,55.2529,55.2663,55.2773,55.315775,55.353775,55.3837,55.41645,55.42355,55.4472,55.478175,55.504525,55.507675,55.523925,55.556825,55.5719,55.611625,55.6521,55.685725,55.70775,55.7266,55.750725,55.766275,56.71155,57.096675,57.10835,57.168075,57.231675,57.266325,57.31455,57.357475,57.3697,57.3828,57.47245,57.502225,57.517275,57.5508,57.560825,57.6078,57.6859,57.695975,57.713825,57.722575,57.752725,57.793625,57.80215,57.812025,57.854075,57.872625,57.8915,57.922625,57.9467,58.26645,58.415675,59.14085,59.160275,59.2451,59.255675,59.316275,59.336,59.402475,59.4681,59.47865,59.490125,59.841075,59.914625,59.98385,60.0806,60.212475,60.83055,61.05665,63.011525,64.237175,0,0,0,0,0,0,0,0,0,0,0,0,0,0,0,0,0,0,0,0,0,0,0,0,0,0,0,0,0,0,0,0,0,0,0,0,0,0,0,0,0,0,0,0,0,0,0,0,0,0,0,0,0,0,0,0,0,0,0,0,0,0,0,0,0,0,0,0,0,0,0,0,0,0,0,0,0,0,0,0,0,0,0,0,0,0,0,0,0,0,0,0,0,0,0,0,0,0,0,0,0,0,0,0,0,0,0,0,0,0,0,0,0,0,0,0,0,0,0,0,0,0,0,0,0,0,0,0,0,0,0,0,0,0,0,0,0,0,0,0,0,0,0,0,0,0,0,0,0,0,0,0,0,0,0,0,0,0,0,0,0,0,0,0,0,0,0,0,0,0,0,0,0,0,0,0,0,0,0,0,0,0,0,0,0,0,0,0,0,0,0,0,0,0,0,0,0,0,0,0,0,0,0,0,0,0,0,0,0,0,0,0,0,0,0,0,0,0,0,0,0,0,0,0,0,0,0,0,0,0,0,0,0,0,0,0,0,0,0
"61",51.79345,52.810625,55.028475,55.368375,59.267725,0,0,0,0,0,0,0,0,0,0,0,0,0,0,0,0,0,0,0,0,0,0,0,0,0,0,0,0,0,0,0,0,0,0,0,0,0,0,0,0,0,0,0,0,0,0,0,0,0,0,0,0,0,0,0,0,0,0,0,0,0,0,0,0,0,0,0,0,0,0,0,0,0,0,0,0,0,0,0,0,0,0,0,0,0,0,0,0,0,0,0,0,0,0,0,0,0,0,0,0,0,0,0,0,0,0,0,0,0,0,0,0,0,0,0,0,0,0,0,0,0,0,0,0,0,0,0,0,0,0,0,0,0,0,0,0,0,0,0,0,0,0,0,0,0,0,0,0,0,0,0,0,0,0,0,0,0,0,0,0,0,0,0,0,0,0,0,0,0,0,0,0,0,0,0,0,0,0,0,0,0,0,0,0,0,0,0,0,0,0,0,0,0,0,0,0,0,0,0,0,0,0,0,0,0,0,0,0,0,0,0,0,0,0,0,0,0,0,0,0,0,0,0,0,0,0,0,0,0,0,0,0,0,0,0,0,0,0,0,0,0,0,0,0,0,0,0,0,0,0,0,0,0,0,0,0,0,0,0,0,0,0,0,0,0,0,0,0,0,0,0,0,0,0,0,0,0,0,0,0,0,0,0,0,0,0,0,0,0,0,0,0,0,0,0,0,0,0,0,0,0,0,0,0,0,0,0,0,0,0,0,0,0,0,0,0,0,0,0,0,0,0,0,0,0,0,0,0,0,0,0,0,0,0,0,0,0,0,0,0,0,0,0,0,0,0,0,0,0,0,0,0,0,0,0,0,0,0,0,0,0,0,0,0,0,0,0,0,0,0,0,0,0,0,0,0,0,0,0,0,0,0,0,0,0,0,0,0,0,0,0,0,0,0,0,0,0,0,0,0,0,0,0,0,0,0,0,0,0,0,0,0,0,0,0,0,0,0,0,0,0,0,0,0,0,0,0,0,0,0,0
"62",50.1319,54.964375,59.276475,59.681775,0,0,0,0,0,0,0,0,0,0,0,0,0,0,0,0,0,0,0,0,0,0,0,0,0,0,0,0,0,0,0,0,0,0,0,0,0,0,0,0,0,0,0,0,0,0,0,0,0,0,0,0,0,0,0,0,0,0,0,0,0,0,0,0,0,0,0,0,0,0,0,0,0,0,0,0,0,0,0,0,0,0,0,0,0,0,0,0,0,0,0,0,0,0,0,0,0,0,0,0,0,0,0,0,0,0,0,0,0,0,0,0,0,0,0,0,0,0,0,0,0,0,0,0,0,0,0,0,0,0,0,0,0,0,0,0,0,0,0,0,0,0,0,0,0,0,0,0,0,0,0,0,0,0,0,0,0,0,0,0,0,0,0,0,0,0,0,0,0,0,0,0,0,0,0,0,0,0,0,0,0,0,0,0,0,0,0,0,0,0,0,0,0,0,0,0,0,0,0,0,0,0,0,0,0,0,0,0,0,0,0,0,0,0,0,0,0,0,0,0,0,0,0,0,0,0,0,0,0,0,0,0,0,0,0,0,0,0,0,0,0,0,0,0,0,0,0,0,0,0,0,0,0,0,0,0,0,0,0,0,0,0,0,0,0,0,0,0,0,0,0,0,0,0,0,0,0,0,0,0,0,0,0,0,0,0,0,0,0,0,0,0,0,0,0,0,0,0,0,0,0,0,0,0,0,0,0,0,0,0,0,0,0,0,0,0,0,0,0,0,0,0,0,0,0,0,0,0,0,0,0,0,0,0,0,0,0,0,0,0,0,0,0,0,0,0,0,0,0,0,0,0,0,0,0,0,0,0,0,0,0,0,0,0,0,0,0,0,0,0,0,0,0,0,0,0,0,0,0,0,0,0,0,0,0,0,0,0,0,0,0,0,0,0,0,0,0,0,0,0,0,0,0,0,0,0,0,0,0,0,0,0,0,0,0,0,0,0,0,0,0,0,0,0,0,0,0,0,0,0,0,0
"63",40.027375,40.129525,40.38055,40.54095,40.6492,40.757875,40.862575,40.95355,41.0386,41.12695,41.22485,41.4023,41.503525,41.6237,41.7387,41.867425,41.97835,42.110075,42.2432,42.3891,42.510525,42.708275,42.897825,43.066,43.168025,43.267425,43.424525,43.578,43.709075,43.8784,43.993925,44.078725,44.358,44.477475,44.618825,44.756525,44.97135,45.081925,45.1644,45.347225,45.671,45.7587,45.825025,46.0396,46.113275,46.26805,46.4706,46.638875,46.822275,47.0819,47.3049,47.481975,47.6578,47.844675,48.092375,48.351325,48.5693,48.843875,48.976275,49.20165,49.5012,49.5449,50.35485,51.114575,51.56775,51.7194,52.913325,53.1174,54.813675,54.909925,55.119225,55.232175,55.26965,56.37655,56.66265,57.28895,57.39675,57.50955,57.568125,57.637675,57.739225,57.893525,58.00585,59.155125,59.22725,59.36995,59.43785,64.422175,64.6321,64.913425,0,0,0,0,0,0,0,0,0,0,0,0,0,0,0,0,0,0,0,0,0,0,0,0,0,0,0,0,0,0,0,0,0,0,0,0,0,0,0,0,0,0,0,0,0,0,0,0,0,0,0,0,0,0,0,0,0,0,0,0,0,0,0,0,0,0,0,0,0,0,0,0,0,0,0,0,0,0,0,0,0,0,0,0,0,0,0,0,0,0,0,0,0,0,0,0,0,0,0,0,0,0,0,0,0,0,0,0,0,0,0,0,0,0,0,0,0,0,0,0,0,0,0,0,0,0,0,0,0,0,0,0,0,0,0,0,0,0,0,0,0,0,0,0,0,0,0,0,0,0,0,0,0,0,0,0,0,0,0,0,0,0,0,0,0,0,0,0,0,0,0,0,0,0,0,0,0,0,0,0,0,0,0,0,0,0,0,0,0,0,0,0,0,0,0,0,0,0,0,0,0,0,0,0,0,0,0,0,0,0,0,0,0,0,0,0,0,0,0,0,0,0,0,0,0,0,0,0,0,0,0,0,0,0,0,0,0,0,0,0,0,0,0,0,0,0,0,0,0,0,0,0,0,0,0,0,0,0,0,0,0,0,0,0,0,0,0,0,0,0,0,0,0,0,0,0,0,0,0,0,0,0,0,0,0,0,0,0,0,0,0,0,0,0,0,0,0,0,0,0,0,0,0,0,0,0,0,0,0,0,0,0,0,0,0,0,0,0,0,0,0,0,0,0,0,0,0,0,0,0,0,0,0,0,0,0,0,0,0,0,0,0,0,0,0,0
"64",40.2521,44.85745,46.77025,48.10335,49.02075,49.464925,49.52245,49.563575,49.572875,49.637725,49.681975,49.766625,49.79445,49.96675,50.037925,50.04375,50.061725,50.1189,50.159725,50.19335,50.195725,50.22275,50.269825,50.29905,50.3359,50.38395,50.41155,50.53005,50.541525,50.573925,50.582275,50.6271,50.643575,50.653725,50.6693,50.677625,50.700025,50.716925,50.731425,50.7477,50.758075,50.768275,50.780225,50.7906,50.806025,50.813725,50.8231,50.839125,50.8517,50.856275,50.87565,50.886125,50.907375,50.91625,50.93895,50.948875,51.001425,51.0764,51.09715,51.142475,51.1763,51.17845,51.20865,51.250325,51.277075,51.307475,51.3332,51.364825,51.391275,51.4096,51.43085,51.44675,51.459775,51.477925,51.4967,51.52685,51.533575,51.5512,51.559875,51.581675,51.6087,51.6193,51.63285,51.659975,51.71025,51.726425,51.741125,51.7565,51.77135,51.857525,51.886275,51.932075,51.955225,52.0144,52.037125,52.041925,52.064925,52.11245,52.1394,52.16425,52.21545,52.45695,52.475075,52.51175,52.5311,52.5516,52.56985,52.58315,52.628575,52.648275,52.660675,52.71555,52.72845,52.748225,52.7566,52.76635,52.770525,52.777775,52.77905,52.807275,52.832875,52.85675,52.8766,52.9148,52.92455,52.93435,52.943925,52.963375,52.97635,52.99315,53.004475,53.04045,53.10195,53.177725,53.310725,53.39075,53.51135,53.5605,53.610675,53.65785,53.7148,53.7578,53.905875,53.96055,54.006575,54.0346,54.08425,54.12165,54.1558,54.16805,54.2177,54.23475,54.2738,54.291375,54.35625,54.37625,54.422025,54.50345,54.540175,54.55465,54.586625,54.606125,54.678325,54.6922,54.718325,54.728875,54.790575,54.874825,54.911,54.915925,54.972325,55.124375,55.125875,55.1424,55.296725,55.434375,55.4492,55.927575,56.007575,56.14535,56.53275,56.79235,56.850925,56.9085,56.949875,56.9759,56.9954,57.018275,57.033325,57.03485,57.05335,57.07565,57.0895,57.102175,57.122575,57.157025,57.16575,57.19515,57.2269,57.249425,57.2549,57.2767,57.30285,57.3154,57.3581,57.38635,57.403325,57.4093,57.420975,57.4348,57.4491,57.4715,57.47865,57.490525,57.498875,57.506175,57.521625,57.558175,57.583425,57.593875,57.597975,57.61075,57.621525,57.636225,57.648075,58.29675,58.425475,58.50645,58.5534,58.560425,58.5763,58.61125,58.6808,58.7725,58.849125,58.8891,58.91985,58.954225,58.991775,59.032275,59.053175,59.084875,59.125775,59.12685,59.1723,59.216675,59.2987,59.333025,59.38825,59.477175,59.8731,59.9591,60.01655,60.0506,60.159075,60.225525,60.2387,60.26745,60.323075,60.552075,60.612175,60.76715,60.89485,60.909075,60.946775,61.01425,61.071375,61.169025,61.20995,61.284375,61.358775,61.406525,61.44525,61.51,61.53395,61.59565,61.699225,61.7397,61.744475,61.787225,61.8279,61.864275,61.905275,61.932475,61.949075,62.0143,62.0602,62.099175,62.1157,62.15665,62.217025,62.2915,62.3189,62.349875,62.4016,62.414525,62.488875,62.521425,62.58895,62.644175,62.658875,62.752625,62.78125,62.812875,62.867025,62.9504,62.98685,63.0096,63.0399,63.0796,63.1053,63.16215,63.180775,63.236825,63.273225,63.276725,63.331425,63.3618,63.4297,63.463825,63.500125,63.5419,63.5484,63.622975,63.81265,63.881425,63.9757,64.1278,64.1723,64.220975,64.3106,64.372925,64.46175,64.532275,64.56785,64.6079,64.709175,64.728575,64.851875,64.875825,64.925975,64.98015,65.020275,65.072725,65.176475,65.23245,65.275175,65.301,65.379625,65.449175,65.512075,65.607175,0,0,0,0,0,0,0,0,0,0,0,0,0,0,0,0,0,0,0,0,0,0,0,0,0,0,0,0,0,0,0,0,0,0,0,0,0,0,0,0,0,0,0,0,0,0,0,0,0,0,0,0,0,0,0,0,0,0,0,0,0,0,0,0,0,0,0,0,0,0,0,0,0,0,0,0,0,0,0,0,0,0,0,0
"65",49.491325,49.560775,49.6711,49.79355,49.902975,49.94465,50.000775,50.016625,50.071975,50.0819,50.113275,50.169975,50.22615,50.242425,50.2982,50.3981,50.43365,50.44245,50.4901,50.492975,50.53535,50.5733,50.5867,50.650875,50.675275,50.7023,50.7482,50.75835,50.775275,50.81515,50.836775,50.86545,50.9152,50.929925,50.943725,50.95985,51.026625,51.055075,51.089075,51.097875,51.136825,51.215075,51.234125,51.255225,51.266,51.281125,51.299825,51.32895,51.35565,51.3739,51.3838,51.39755,51.4191,51.47945,51.510425,51.54005,51.598325,51.6323,51.667725,51.70025,51.779475,51.800625,51.865475,52.06975,52.108725,52.17595,52.2107,52.26855,52.295475,52.34245,52.402625,52.49,52.538425,52.565125,52.5723,52.578225,52.61195,52.614475,52.63245,52.739175,52.75305,52.823975,52.8466,52.87235,52.920675,52.957775,53.000375,53.04445,53.128675,53.163975,53.1936,53.24215,53.258475,53.286525,53.297325,53.309825,53.327475,53.346325,53.349675,53.3921,53.40665,53.413725,53.425,53.466325,53.47015,53.47565,53.489625,53.52685,53.5346,53.5758,53.576775,53.6042,53.61385,53.65975,53.670025,53.704675,53.717525,53.7584,53.785925,53.792125,53.886875,53.92015,53.9649,53.9782,54.029525,54.0916,54.143875,54.1959,54.237325,54.2768,54.322125,54.43015,54.485325,54.538175,54.598325,54.707625,54.7105,54.7467,54.760825,54.781775,54.823,54.848525,54.9941,55.01925,55.076175,55.19115,55.19815,55.284925,55.288225,55.397875,55.4003,55.416025,55.454725,55.477675,55.589925,55.593925,55.61325,55.643475,55.675875,55.692075,55.73085,55.803175,55.83485,55.86065,55.901375,55.94415,55.955675,55.973975,55.994075,56.0085,56.031575,56.047125,56.0555,56.074175,56.132975,56.14825,56.18365,56.185425,56.2116,56.218075,56.253475,56.2555,56.318575,56.361625,56.366275,56.414175,56.48945,56.560525,56.59005,56.68635,56.729175,56.7822,56.81465,56.885275,56.9284,56.9726,57.042,57.070875,57.098625,57.107825,57.159875,57.1969,57.23795,57.326075,57.327675,57.3834,57.39025,57.5123,57.57305,57.62465,57.6676,57.673025,57.68715,57.7244,57.750925,57.9425,58.017425,58.1112,58.1849,58.258475,58.31885,58.4111,58.472925,58.489925,58.523075,58.559575,58.64995,58.66455,58.866375,58.88605,59.0507,59.1066,59.4004,59.4263,59.491925,59.553575,59.862125,59.9087,59.952025,60.470575,60.5313,60.585725,60.61735,60.65745,60.6857,60.740775,60.782975,60.8122,60.8447,60.879575,60.906875,60.9318,60.99035,60.9955,61.03015,61.046725,61.07295,61.0959,61.12035,61.156075,61.247075,61.2656,61.3019,61.327425,61.362975,61.549725,61.6482,61.689375,61.772575,61.9203,0,0,0,0,0,0,0,0,0,0,0,0,0,0,0,0,0,0,0,0,0,0,0,0,0,0,0,0,0,0,0,0,0,0,0,0,0,0,0,0,0,0,0,0,0,0,0,0,0,0,0,0,0,0,0,0,0,0,0,0,0,0,0,0,0,0,0,0,0,0,0,0,0,0,0,0,0,0,0,0,0,0,0,0,0,0,0,0,0,0,0,0,0,0,0,0,0,0,0,0,0,0,0,0,0,0,0,0,0,0,0,0,0,0,0,0,0,0,0,0,0,0,0,0,0,0,0,0,0,0,0,0,0,0,0,0,0,0,0,0,0,0,0,0,0,0,0,0,0,0,0,0,0,0,0,0,0,0,0,0,0,0,0,0,0,0
"66",49.633275,49.713675,49.76345,49.8355,0,0,0,0,0,0,0,0,0,0,0,0,0,0,0,0,0,0,0,0,0,0,0,0,0,0,0,0,0,0,0,0,0,0,0,0,0,0,0,0,0,0,0,0,0,0,0,0,0,0,0,0,0,0,0,0,0,0,0,0,0,0,0,0,0,0,0,0,0,0,0,0,0,0,0,0,0,0,0,0,0,0,0,0,0,0,0,0,0,0,0,0,0,0,0,0,0,0,0,0,0,0,0,0,0,0,0,0,0,0,0,0,0,0,0,0,0,0,0,0,0,0,0,0,0,0,0,0,0,0,0,0,0,0,0,0,0,0,0,0,0,0,0,0,0,0,0,0,0,0,0,0,0,0,0,0,0,0,0,0,0,0,0,0,0,0,0,0,0,0,0,0,0,0,0,0,0,0,0,0,0,0,0,0,0,0,0,0,0,0,0,0,0,0,0,0,0,0,0,0,0,0,0,0,0,0,0,0,0,0,0,0,0,0,0,0,0,0,0,0,0,0,0,0,0,0,0,0,0,0,0,0,0,0,0,0,0,0,0,0,0,0,0,0,0,0,0,0,0,0,0,0,0,0,0,0,0,0,0,0,0,0,0,0,0,0,0,0,0,0,0,0,0,0,0,0,0,0,0,0,0,0,0,0,0,0,0,0,0,0,0,0,0,0,0,0,0,0,0,0,0,0,0,0,0,0,0,0,0,0,0,0,0,0,0,0,0,0,0,0,0,0,0,0,0,0,0,0,0,0,0,0,0,0,0,0,0,0,0,0,0,0,0,0,0,0,0,0,0,0,0,0,0,0,0,0,0,0,0,0,0,0,0,0,0,0,0,0,0,0,0,0,0,0,0,0,0,0,0,0,0,0,0,0,0,0,0,0,0,0,0,0,0,0,0,0,0,0,0,0,0,0,0,0,0,0,0,0,0,0,0,0,0,0,0,0,0,0,0,0,0,0,0,0,0,0,0,0,0,0,0,0
"67",50.72405,50.88245,52.926925,57.442575,57.54115,58.461925,60.069875,63.65695,64.35285,0,0,0,0,0,0,0,0,0,0,0,0,0,0,0,0,0,0,0,0,0,0,0,0,0,0,0,0,0,0,0,0,0,0,0,0,0,0,0,0,0,0,0,0,0,0,0,0,0,0,0,0,0,0,0,0,0,0,0,0,0,0,0,0,0,0,0,0,0,0,0,0,0,0,0,0,0,0,0,0,0,0,0,0,0,0,0,0,0,0,0,0,0,0,0,0,0,0,0,0,0,0,0,0,0,0,0,0,0,0,0,0,0,0,0,0,0,0,0,0,0,0,0,0,0,0,0,0,0,0,0,0,0,0,0,0,0,0,0,0,0,0,0,0,0,0,0,0,0,0,0,0,0,0,0,0,0,0,0,0,0,0,0,0,0,0,0,0,0,0,0,0,0,0,0,0,0,0,0,0,0,0,0,0,0,0,0,0,0,0,0,0,0,0,0,0,0,0,0,0,0,0,0,0,0,0,0,0,0,0,0,0,0,0,0,0,0,0,0,0,0,0,0,0,0,0,0,0,0,0,0,0,0,0,0,0,0,0,0,0,0,0,0,0,0,0,0,0,0,0,0,0,0,0,0,0,0,0,0,0,0,0,0,0,0,0,0,0,0,0,0,0,0,0,0,0,0,0,0,0,0,0,0,0,0,0,0,0,0,0,0,0,0,0,0,0,0,0,0,0,0,0,0,0,0,0,0,0,0,0,0,0,0,0,0,0,0,0,0,0,0,0,0,0,0,0,0,0,0,0,0,0,0,0,0,0,0,0,0,0,0,0,0,0,0,0,0,0,0,0,0,0,0,0,0,0,0,0,0,0,0,0,0,0,0,0,0,0,0,0,0,0,0,0,0,0,0,0,0,0,0,0,0,0,0,0,0,0,0,0,0,0,0,0,0,0,0,0,0,0,0,0,0,0,0,0,0,0,0,0,0,0,0,0,0,0,0,0,0,0,0,0,0,0,0,0,0
"68",49.7873,49.911375,49.972975,50.014225,50.056025,50.1097,50.14465,50.266325,50.409825,50.4669,50.539675,50.56925,50.606025,50.6333,50.756725,50.798475,50.817675,50.852725,50.887875,50.92305,50.9572,50.980675,51.191475,51.236275,51.29125,51.334575,51.3754,51.46285,51.5168,51.550325,51.575525,51.601225,51.62205,51.636625,51.655,51.6627,51.679375,51.699225,51.7072,51.7376,51.76075,51.851175,51.889075,52.02505,52.09945,52.1383,52.213025,52.285625,52.3504,52.450875,52.477275,52.52185,52.55995,52.72295,52.801575,52.901225,53.069375,53.436625,53.50175,54.3419,54.4845,54.638425,54.716275,54.79285,54.82105,54.899475,54.94615,54.9755,55.087525,56.158,56.3789,56.622425,56.664875,56.85765,56.961425,57.0424,57.087175,57.147825,57.16485,57.185475,57.214675,57.295175,57.3246,57.353,57.3846,57.41415,57.4923,57.5193,57.591575,57.6085,57.626275,57.716225,57.789025,58.22285,58.273625,58.3454,58.399075,58.435975,58.49855,58.549225,58.61535,58.69485,58.807475,58.90175,59.011225,59.046125,59.090275,59.156525,59.2143,59.2921,59.34785,59.396525,59.45835,59.651325,59.7299,59.793775,59.832325,59.9261,59.969075,60.005825,60.0398,60.10425,60.142425,60.17395,60.2031,60.248375,60.27985,60.331525,60.381175,60.429425,60.57755,60.68605,60.781475,60.891175,60.9673,61.03115,61.10045,61.165975,61.2193,61.27545,61.31235,61.34705,61.394025,61.427925,61.462425,61.492675,61.52205,61.561625,61.5827,61.62505,61.65425,61.69035,61.725875,61.7796,61.826,61.8538,61.8953,61.928975,61.97605,62.01155,62.085725,62.142625,62.180975,62.2188,62.270025,62.3248,62.41725,62.470525,62.551025,62.685425,62.751475,62.801325,62.836725,62.89335,62.92785,62.979275,63.042775,63.070075,63.099275,63.141975,63.176175,63.2118,63.238775,63.289625,63.32595,63.358575,63.389825,63.41865,63.4433,63.479275,63.50475,63.530775,63.559925,63.58375,63.611525,63.75365,63.829175,63.89905,64.232875,64.29285,64.4322,64.4939,64.539825,64.61485,64.680125,64.7354,64.80445,64.86845,65.015475,65.091925,65.1842,65.2709,65.3216,65.3843,65.4638,65.532075,65.605475,65.67475,65.755475,65.88325,66.003725,66.151825,0,0,0,0,0,0,0,0,0,0,0,0,0,0,0,0,0,0,0,0,0,0,0,0,0,0,0,0,0,0,0,0,0,0,0,0,0,0,0,0,0,0,0,0,0,0,0,0,0,0,0,0,0,0,0,0,0,0,0,0,0,0,0,0,0,0,0,0,0,0,0,0,0,0,0,0,0,0,0,0,0,0,0,0,0,0,0,0,0,0,0,0,0,0,0,0,0,0,0,0,0,0,0,0,0,0,0,0,0,0,0,0,0,0,0,0,0,0,0,0,0,0,0,0,0,0,0,0,0,0,0,0,0,0,0,0,0,0,0,0,0,0,0,0,0,0,0,0,0,0,0,0,0,0,0,0,0,0,0,0,0,0,0,0,0,0,0,0,0,0,0,0,0,0,0,0,0,0,0,0,0,0,0,0,0,0,0,0,0,0,0,0,0,0,0,0,0,0,0,0,0,0,0,0,0,0,0,0,0,0,0,0,0,0
"69",49.548625,49.580875,49.632125,49.7086,49.772475,49.793875,49.85795,49.9549,50.14995,50.1847,51.057875,51.11075,51.1805,51.243075,51.31175,51.437675,51.48805,51.592,51.639175,51.74295,51.8577,51.910175,52.030825,52.10365,52.23055,52.245575,52.390475,52.44285,52.5017,52.794325,52.930375,53.1132,53.158175,53.253475,53.2943,53.34395,53.4121,53.46345,53.484625,53.68675,53.72545,53.855225,53.88995,53.984525,54.187675,54.343775,54.386975,54.495675,54.586625,54.6574,54.739675,54.774575,54.814525,54.94775,54.963425,55.012825,55.184675,55.257675,55.3562,55.412825,55.47015,55.521375,55.538525,55.5949,55.79125,55.835125,55.884125,55.987275,56.1133,56.2226,56.27755,56.376675,56.4992,56.5614,56.5902,56.61605,56.6847,56.7944,56.858825,56.90485,56.945325,56.984575,57.04,57.25685,57.4712,57.588125,57.7644,57.8092,57.88455,57.950575,58.09065,58.244825,58.28315,58.411925,58.457625,58.625425,58.72475,58.740625,59.35425,59.443875,59.547525,59.599725,59.628775,59.7662,59.8729,59.876375,59.980875,60.034525,60.18625,60.355375,60.428625,60.6489,61.00515,61.26065,61.446525,61.603375,61.741,61.812975,61.906875,62.1407,62.21445,62.342975,62.626475,62.951825,63.090075,63.434675,63.6374,64.017775,64.82315,64.944075,65.097225,65.142425,65.3004,65.422325,65.58475,65.87855,66.155925,66.455075,66.871375,0,0,0,0,0,0,0,0,0,0,0,0,0,0,0,0,0,0,0,0,0,0,0,0,0,0,0,0,0,0,0,0,0,0,0,0,0,0,0,0,0,0,0,0,0,0,0,0,0,0,0,0,0,0,0,0,0,0,0,0,0,0,0,0,0,0,0,0,0,0,0,0,0,0,0,0,0,0,0,0,0,0,0,0,0,0,0,0,0,0,0,0,0,0,0,0,0,0,0,0,0,0,0,0,0,0,0,0,0,0,0,0,0,0,0,0,0,0,0,0,0,0,0,0,0,0,0,0,0,0,0,0,0,0,0,0,0,0,0,0,0,0,0,0,0,0,0,0,0,0,0,0,0,0,0,0,0,0,0,0,0,0,0,0,0,0,0,0,0,0,0,0,0,0,0,0,0,0,0,0,0,0,0,0,0,0,0,0,0,0,0,0,0,0,0,0,0,0,0,0,0,0,0,0,0,0,0,0,0,0,0,0,0,0,0,0,0,0,0,0,0,0,0,0,0,0,0,0,0,0,0,0,0,0,0,0,0,0,0,0,0,0,0,0,0,0,0,0,0,0,0,0,0,0,0,0,0,0,0,0,0,0,0,0,0,0,0,0,0,0,0,0,0,0,0,0,0,0,0,0,0,0,0,0,0,0,0,0,0,0,0,0,0,0,0,0,0
"70",50.024625,50.0805,50.124125,50.2193,50.28215,50.34835,50.43215,50.53895,51.00435,51.164225,51.234425,51.33455,52.3742,52.40185,52.565025,53.051225,53.1068,53.755625,54.436875,56.595425,56.650425,56.760775,56.8309,56.896825,57.96125,58.530925,58.67875,58.703625,60.129725,60.200775,60.286975,60.414275,60.479075,61.851,61.933225,62.036875,62.205925,62.2781,62.43965,63.3813,63.514125,63.624325,63.6914,63.76175,67.960675,68.48495,0,0,0,0,0,0,0,0,0,0,0,0,0,0,0,0,0,0,0,0,0,0,0,0,0,0,0,0,0,0,0,0,0,0,0,0,0,0,0,0,0,0,0,0,0,0,0,0,0,0,0,0,0,0,0,0,0,0,0,0,0,0,0,0,0,0,0,0,0,0,0,0,0,0,0,0,0,0,0,0,0,0,0,0,0,0,0,0,0,0,0,0,0,0,0,0,0,0,0,0,0,0,0,0,0,0,0,0,0,0,0,0,0,0,0,0,0,0,0,0,0,0,0,0,0,0,0,0,0,0,0,0,0,0,0,0,0,0,0,0,0,0,0,0,0,0,0,0,0,0,0,0,0,0,0,0,0,0,0,0,0,0,0,0,0,0,0,0,0,0,0,0,0,0,0,0,0,0,0,0,0,0,0,0,0,0,0,0,0,0,0,0,0,0,0,0,0,0,0,0,0,0,0,0,0,0,0,0,0,0,0,0,0,0,0,0,0,0,0,0,0,0,0,0,0,0,0,0,0,0,0,0,0,0,0,0,0,0,0,0,0,0,0,0,0,0,0,0,0,0,0,0,0,0,0,0,0,0,0,0,0,0,0,0,0,0,0,0,0,0,0,0,0,0,0,0,0,0,0,0,0,0,0,0,0,0,0,0,0,0,0,0,0,0,0,0,0,0,0,0,0,0,0,0,0,0,0,0,0,0,0,0,0,0,0,0,0,0,0,0,0,0,0,0,0,0,0,0,0,0,0,0,0,0,0,0,0,0,0,0,0,0,0,0,0,0,0,0,0,0,0,0,0,0,0,0,0,0,0,0,0,0,0,0,0,0,0,0,0,0,0,0,0,0,0,0,0,0,0,0,0,0,0,0,0,0,0,0,0,0
"71",50.0033,50.0514,52.37265,52.428775,55.727825,56.62865,57.319825,58.1976,58.373875,58.416825,58.5067,58.5555,59.930825,60.004125,60.107,61.694075,61.8053,61.870925,62.0976,0,0,0,0,0,0,0,0,0,0,0,0,0,0,0,0,0,0,0,0,0,0,0,0,0,0,0,0,0,0,0,0,0,0,0,0,0,0,0,0,0,0,0,0,0,0,0,0,0,0,0,0,0,0,0,0,0,0,0,0,0,0,0,0,0,0,0,0,0,0,0,0,0,0,0,0,0,0,0,0,0,0,0,0,0,0,0,0,0,0,0,0,0,0,0,0,0,0,0,0,0,0,0,0,0,0,0,0,0,0,0,0,0,0,0,0,0,0,0,0,0,0,0,0,0,0,0,0,0,0,0,0,0,0,0,0,0,0,0,0,0,0,0,0,0,0,0,0,0,0,0,0,0,0,0,0,0,0,0,0,0,0,0,0,0,0,0,0,0,0,0,0,0,0,0,0,0,0,0,0,0,0,0,0,0,0,0,0,0,0,0,0,0,0,0,0,0,0,0,0,0,0,0,0,0,0,0,0,0,0,0,0,0,0,0,0,0,0,0,0,0,0,0,0,0,0,0,0,0,0,0,0,0,0,0,0,0,0,0,0,0,0,0,0,0,0,0,0,0,0,0,0,0,0,0,0,0,0,0,0,0,0,0,0,0,0,0,0,0,0,0,0,0,0,0,0,0,0,0,0,0,0,0,0,0,0,0,0,0,0,0,0,0,0,0,0,0,0,0,0,0,0,0,0,0,0,0,0,0,0,0,0,0,0,0,0,0,0,0,0,0,0,0,0,0,0,0,0,0,0,0,0,0,0,0,0,0,0,0,0,0,0,0,0,0,0,0,0,0,0,0,0,0,0,0,0,0,0,0,0,0,0,0,0,0,0,0,0,0,0,0,0,0,0,0,0,0,0,0,0,0,0,0,0,0,0,0,0,0,0,0,0,0,0,0,0,0,0,0,0,0,0,0,0,0,0,0,0,0,0,0,0,0,0,0,0,0
"72",49.592225,49.627325,49.64615,49.668575,49.687025,49.6975,49.715525,49.7403,49.759025,49.8173,49.8557,49.8716,49.967375,50.85185,61.499175,61.56405,62.830325,0,0,0,0,0,0,0,0,0,0,0,0,0,0,0,0,0,0,0,0,0,0,0,0,0,0,0,0,0,0,0,0,0,0,0,0,0,0,0,0,0,0,0,0,0,0,0,0,0,0,0,0,0,0,0,0,0,0,0,0,0,0,0,0,0,0,0,0,0,0,0,0,0,0,0,0,0,0,0,0,0,0,0,0,0,0,0,0,0,0,0,0,0,0,0,0,0,0,0,0,0,0,0,0,0,0,0,0,0,0,0,0,0,0,0,0,0,0,0,0,0,0,0,0,0,0,0,0,0,0,0,0,0,0,0,0,0,0,0,0,0,0,0,0,0,0,0,0,0,0,0,0,0,0,0,0,0,0,0,0,0,0,0,0,0,0,0,0,0,0,0,0,0,0,0,0,0,0,0,0,0,0,0,0,0,0,0,0,0,0,0,0,0,0,0,0,0,0,0,0,0,0,0,0,0,0,0,0,0,0,0,0,0,0,0,0,0,0,0,0,0,0,0,0,0,0,0,0,0,0,0,0,0,0,0,0,0,0,0,0,0,0,0,0,0,0,0,0,0,0,0,0,0,0,0,0,0,0,0,0,0,0,0,0,0,0,0,0,0,0,0,0,0,0,0,0,0,0,0,0,0,0,0,0,0,0,0,0,0,0,0,0,0,0,0,0,0,0,0,0,0,0,0,0,0,0,0,0,0,0,0,0,0,0,0,0,0,0,0,0,0,0,0,0,0,0,0,0,0,0,0,0,0,0,0,0,0,0,0,0,0,0,0,0,0,0,0,0,0,0,0,0,0,0,0,0,0,0,0,0,0,0,0,0,0,0,0,0,0,0,0,0,0,0,0,0,0,0,0,0,0,0,0,0,0,0,0,0,0,0,0,0,0,0,0,0,0,0,0,0,0,0,0,0,0,0,0,0,0,0,0,0,0,0,0,0,0,0,0
"73",0,0,0,0,0,0,0,0,0,0,0,0,0,0,0,0,0,0,0,0,0,0,0,0,0,0,0,0,0,0,0,0,0,0,0,0,0,0,0,0,0,0,0,0,0,0,0,0,0,0,0,0,0,0,0,0,0,0,0,0,0,0,0,0,0,0,0,0,0,0,0,0,0,0,0,0,0,0,0,0,0,0,0,0,0,0,0,0,0,0,0,0,0,0,0,0,0,0,0,0,0,0,0,0,0,0,0,0,0,0,0,0,0,0,0,0,0,0,0,0,0,0,0,0,0,0,0,0,0,0,0,0,0,0,0,0,0,0,0,0,0,0,0,0,0,0,0,0,0,0,0,0,0,0,0,0,0,0,0,0,0,0,0,0,0,0,0,0,0,0,0,0,0,0,0,0,0,0,0,0,0,0,0,0,0,0,0,0,0,0,0,0,0,0,0,0,0,0,0,0,0,0,0,0,0,0,0,0,0,0,0,0,0,0,0,0,0,0,0,0,0,0,0,0,0,0,0,0,0,0,0,0,0,0,0,0,0,0,0,0,0,0,0,0,0,0,0,0,0,0,0,0,0,0,0,0,0,0,0,0,0,0,0,0,0,0,0,0,0,0,0,0,0,0,0,0,0,0,0,0,0,0,0,0,0,0,0,0,0,0,0,0,0,0,0,0,0,0,0,0,0,0,0,0,0,0,0,0,0,0,0,0,0,0,0,0,0,0,0,0,0,0,0,0,0,0,0,0,0,0,0,0,0,0,0,0,0,0,0,0,0,0,0,0,0,0,0,0,0,0,0,0,0,0,0,0,0,0,0,0,0,0,0,0,0,0,0,0,0,0,0,0,0,0,0,0,0,0,0,0,0,0,0,0,0,0,0,0,0,0,0,0,0,0,0,0,0,0,0,0,0,0,0,0,0,0,0,0,0,0,0,0,0,0,0,0,0,0,0,0,0,0,0,0,0,0,0,0,0,0,0,0,0,0,0,0
"74",49.665575,49.7697,49.903825,49.9607,50.1735,50.17605,50.549325,50.82075,51.080525,51.53105,51.5972,51.7535,52.8023,52.935475,53.017125,53.0778,53.771775,54.13205,54.878675,54.94085,54.996425,55.02115,55.0341,55.03545,55.1385,55.177275,55.2257,55.32325,55.3951,56.47505,57.279675,57.458475,57.62645,57.664375,57.682025,57.721925,57.819075,58.675025,59.477125,0,0,0,0,0,0,0,0,0,0,0,0,0,0,0,0,0,0,0,0,0,0,0,0,0,0,0,0,0,0,0,0,0,0,0,0,0,0,0,0,0,0,0,0,0,0,0,0,0,0,0,0,0,0,0,0,0,0,0,0,0,0,0,0,0,0,0,0,0,0,0,0,0,0,0,0,0,0,0,0,0,0,0,0,0,0,0,0,0,0,0,0,0,0,0,0,0,0,0,0,0,0,0,0,0,0,0,0,0,0,0,0,0,0,0,0,0,0,0,0,0,0,0,0,0,0,0,0,0,0,0,0,0,0,0,0,0,0,0,0,0,0,0,0,0,0,0,0,0,0,0,0,0,0,0,0,0,0,0,0,0,0,0,0,0,0,0,0,0,0,0,0,0,0,0,0,0,0,0,0,0,0,0,0,0,0,0,0,0,0,0,0,0,0,0,0,0,0,0,0,0,0,0,0,0,0,0,0,0,0,0,0,0,0,0,0,0,0,0,0,0,0,0,0,0,0,0,0,0,0,0,0,0,0,0,0,0,0,0,0,0,0,0,0,0,0,0,0,0,0,0,0,0,0,0,0,0,0,0,0,0,0,0,0,0,0,0,0,0,0,0,0,0,0,0,0,0,0,0,0,0,0,0,0,0,0,0,0,0,0,0,0,0,0,0,0,0,0,0,0,0,0,0,0,0,0,0,0,0,0,0,0,0,0,0,0,0,0,0,0,0,0,0,0,0,0,0,0,0,0,0,0,0,0,0,0,0,0,0,0,0,0,0,0,0,0,0,0,0,0,0,0,0,0,0,0,0,0,0,0,0,0,0,0,0,0,0,0,0,0,0,0,0,0,0,0,0,0,0,0,0,0,0,0,0,0,0,0,0,0,0,0,0,0,0,0,0
"75",43.275,45.67835,47.1514,49.610675,49.852175,49.89175,49.9258,49.9689,49.97405,50.025,50.0298,50.032425,50.0508,50.051625,50.0618,50.0772,50.097975,50.11995,50.16085,50.17225,50.1818,50.21315,50.27155,50.30325,50.304875,50.32445,50.343825,50.35895,50.37715,50.432275,50.4624,50.52335,50.53275,50.558125,50.565825,50.604575,50.605975,50.6068,50.636325,50.7582,50.758975,50.8096,50.854575,50.8791,50.999825,51.071575,51.0941,51.104075,51.12015,51.15435,51.15555,51.1574,51.158575,51.196,51.22425,51.264325,51.4086,51.435725,51.4486,51.471575,51.48345,51.489875,51.491375,51.50845,51.530775,51.53865,51.557025,51.581425,51.59005,51.626475,51.655325,51.671025,51.698525,51.7069,51.76915,51.791825,51.805575,51.808825,51.85015,51.853275,51.8853,51.88875,51.91505,51.996375,52.0296,52.163025,52.19115,52.261625,52.271425,52.28,52.282925,52.3081,52.33765,52.37085,52.37235,52.392825,52.40995,52.427825,52.4306,52.4533,52.4629,52.48555,52.524875,52.54375,52.5524,52.578675,52.659325,52.665575,52.712375,52.737275,52.758725,52.77305,52.78105,52.8024,52.81655,52.841175,52.86235,52.9053,52.919175,52.942525,52.9562,53.00845,53.010575,53.051125,53.05385,53.057875,53.0903,53.094925,53.09895,53.1189,53.127625,53.133375,53.160425,53.20035,53.207325,53.2357,53.24805,53.25195,53.3276,53.359575,53.385225,53.406775,53.417025,53.429075,53.443525,53.473225,53.489425,53.511575,53.53715,53.551825,53.5781,53.599425,53.616725,53.62135,53.63785,53.68325,53.707925,53.721225,53.729525,53.740275,53.770525,53.79015,53.8226,53.83965,53.8624,53.887025,53.888875,53.92765,53.949775,53.95385,53.970475,53.9824,54.0158,54.025925,54.0766,54.132875,54.15075,54.1643,54.19385,54.232325,54.23635,54.2526,54.2648,54.28605,54.317125,54.35555,54.374075,54.388375,54.44475,54.4556,54.525625,54.527325,54.5576,54.583025,54.614025,54.616825,54.622,54.7087,54.709975,54.775475,54.8172,54.82775,54.871275,54.8748,54.915825,54.937225,54.972175,54.990175,55.002,55.0088,55.031625,55.034225,55.053175,55.06305,55.064475,55.079,55.10075,55.1386,55.15755,55.16415,55.207975,55.230925,55.237825,55.2512,55.270725,55.289675,55.305475,55.312,55.3455,55.36185,55.4024,55.41745,55.423625,55.424925,55.4542,55.48235,55.49035,55.4985,55.5155,55.5367,55.563175,55.5814,55.599425,55.6026,55.624425,55.640525,55.65725,55.66905,55.68635,55.706225,55.73825,55.758275,55.7628,55.803075,55.8196,55.8328,55.86625,55.87995,55.920125,55.92945,55.951625,55.995225,56.058575,56.06125,56.0888,56.165875,56.181225,56.187525,56.209225,56.24245,56.27375,56.28905,56.29685,56.321925,56.336075,56.3565,56.3745,56.390075,56.42815,56.470975,56.4924,56.51185,56.5162,56.54465,56.56505,56.576675,56.587325,56.6059,56.62515,56.630825,56.64075,56.681075,56.701325,56.719875,56.76395,56.813475,56.8745,56.8961,56.94825,56.98215,57.074975,57.132075,57.1709,57.187975,57.23035,57.256175,57.369225,57.446,57.4488,57.51155,57.5128,57.522225,57.530375,57.5363,57.5554,57.5944,57.6463,57.654575,57.659525,57.6667,57.756775,57.8063,57.8573,57.89145,57.899625,57.956725,57.980925,58.0108,58.046675,58.078375,58.120375,58.172275,58.2008,58.213525,58.24225,58.2696,58.290225,58.292225,58.346875,58.386775,58.39995,58.46855,58.493975,58.545525,58.5624,58.594775,58.60035,58.63465,58.647525,58.660875,58.667825,58.710775,58.80185,58.830975,58.88935,58.9194,58.977475,59.143675,59.1681,59.2367,59.315275,59.407825,59.4999,59.6498,59.77785,59.823575,59.886975,59.972475,60.01835,60.0234,60.044825,60.08325,60.08965,60.092325,60.105425,60.136325,60.144,60.175475,60.2101,60.2169,60.268525,60.2838,60.29805,60.338,60.341075,60.39095,60.42185,60.42825,60.494475,61.053425,61.2842,61.724175,61.787775,61.841675,61.8897,62.012,62.020625,62.058225,62.09915,62.204825,62.274775,62.322725,62.357025,62.384375,62.44875,62.492575,62.5994,62.7796,62.959425,63.027875,63.159825,63.3452,63.4894,63.644875,63.731025,63.8972,64.36855,0,0,0,0,0,0,0,0,0,0,0,0,0,0,0,0,0,0,0
"76",43.280125,44.78975,46.892375,49.59355,49.6224,49.638375,49.65715,49.6814,49.69755,49.708475,49.72395,49.741725,49.773975,49.80375,49.81305,49.917025,49.9415,49.97805,49.989,50.013675,50.023525,50.1169,50.167575,50.2657,50.427125,50.48775,50.598025,50.63355,50.78235,50.828525,50.9695,50.988225,50.99725,51.05385,51.1562,51.19975,51.257375,51.28915,51.365325,51.409625,51.429425,51.4909,51.5183,51.61875,51.713925,52.001475,52.10875,52.1155,52.267475,52.36845,52.531475,52.566225,52.721875,52.97435,53.2221,53.227325,53.283125,53.328925,53.4527,53.50735,53.529225,53.634825,53.6395,53.6714,53.834675,53.92915,53.966675,53.989475,53.9941,54.028,54.08265,54.29825,54.370375,54.38915,54.5025,54.51515,54.6151,54.618075,54.6193,54.706125,54.78145,54.971725,54.981225,55.134425,55.204075,55.325075,55.419525,55.46525,55.5666,55.785025,55.923875,56.32105,56.538875,57.298525,57.41095,57.623075,57.633,57.9123,57.92115,58.032525,58.2631,58.2962,58.547275,58.723775,59.34605,59.513075,59.554875,59.5748,60.026775,60.248825,60.32725,60.437675,60.8308,61.050925,61.153,61.22,61.290475,61.3576,61.411725,61.453075,61.4899,61.54885,61.6062,61.628325,61.666425,61.7146,61.778825,61.952725,62.1002,63.22735,63.43775,63.517275,65.595625,0,0,0,0,0,0,0,0,0,0,0,0,0,0,0,0,0,0,0,0,0,0,0,0,0,0,0,0,0,0,0,0,0,0,0,0,0,0,0,0,0,0,0,0,0,0,0,0,0,0,0,0,0,0,0,0,0,0,0,0,0,0,0,0,0,0,0,0,0,0,0,0,0,0,0,0,0,0,0,0,0,0,0,0,0,0,0,0,0,0,0,0,0,0,0,0,0,0,0,0,0,0,0,0,0,0,0,0,0,0,0,0,0,0,0,0,0,0,0,0,0,0,0,0,0,0,0,0,0,0,0,0,0,0,0,0,0,0,0,0,0,0,0,0,0,0,0,0,0,0,0,0,0,0,0,0,0,0,0,0,0,0,0,0,0,0,0,0,0,0,0,0,0,0,0,0,0,0,0,0,0,0,0,0,0,0,0,0,0,0,0,0,0,0,0,0,0,0,0,0,0,0,0,0,0,0,0,0,0,0,0,0,0,0,0,0,0,0,0,0,0,0,0,0,0,0,0,0,0,0,0,0,0,0,0,0,0,0,0,0,0,0,0,0,0,0,0,0,0,0,0,0,0,0,0,0,0,0,0,0,0,0,0,0,0,0,0,0,0,0,0,0,0,0,0,0,0,0,0,0,0,0,0,0,0,0,0,0,0,0,0,0,0,0,0,0,0,0,0,0,0,0,0
"77",50.1501,51.033025,51.15245,51.19155,51.583625,52.07585,52.077525,52.3701,52.432125,52.4725,52.7051,52.718275,52.8806,52.9816,53.263875,53.318125,53.332225,53.3861,53.5597,53.9045,55.89195,55.974125,56.056725,56.099,56.1917,56.358225,56.39445,56.4996,56.509175,56.81985,58.3725,58.4333,58.447375,58.656575,63.360275,63.418075,63.478025,63.501375,63.559275,63.620725,63.7608,0,0,0,0,0,0,0,0,0,0,0,0,0,0,0,0,0,0,0,0,0,0,0,0,0,0,0,0,0,0,0,0,0,0,0,0,0,0,0,0,0,0,0,0,0,0,0,0,0,0,0,0,0,0,0,0,0,0,0,0,0,0,0,0,0,0,0,0,0,0,0,0,0,0,0,0,0,0,0,0,0,0,0,0,0,0,0,0,0,0,0,0,0,0,0,0,0,0,0,0,0,0,0,0,0,0,0,0,0,0,0,0,0,0,0,0,0,0,0,0,0,0,0,0,0,0,0,0,0,0,0,0,0,0,0,0,0,0,0,0,0,0,0,0,0,0,0,0,0,0,0,0,0,0,0,0,0,0,0,0,0,0,0,0,0,0,0,0,0,0,0,0,0,0,0,0,0,0,0,0,0,0,0,0,0,0,0,0,0,0,0,0,0,0,0,0,0,0,0,0,0,0,0,0,0,0,0,0,0,0,0,0,0,0,0,0,0,0,0,0,0,0,0,0,0,0,0,0,0,0,0,0,0,0,0,0,0,0,0,0,0,0,0,0,0,0,0,0,0,0,0,0,0,0,0,0,0,0,0,0,0,0,0,0,0,0,0,0,0,0,0,0,0,0,0,0,0,0,0,0,0,0,0,0,0,0,0,0,0,0,0,0,0,0,0,0,0,0,0,0,0,0,0,0,0,0,0,0,0,0,0,0,0,0,0,0,0,0,0,0,0,0,0,0,0,0,0,0,0,0,0,0,0,0,0,0,0,0,0,0,0,0,0,0,0,0,0,0,0,0,0,0,0,0,0,0,0,0,0,0,0,0,0,0,0,0,0,0,0,0,0,0,0,0,0,0,0,0,0,0,0,0,0,0,0,0,0,0,0,0,0,0,0,0,0
"78",49.603225,50.0589,50.070725,50.13335,50.161475,50.287625,50.4474,50.50285,50.5694,50.596725,50.600725,50.6635,50.728525,50.818975,50.847375,50.886525,50.9143,50.9317,50.95125,51.036075,51.0722,51.080675,51.1268,51.178375,51.201875,51.3303,51.37985,51.549075,51.57375,51.624275,51.7249,51.878675,52.0421,52.129125,52.1405,52.2772,52.345625,52.3858,52.477725,52.593625,52.6083,52.7936,52.817975,52.884325,52.902325,53.019675,53.49915,53.62635,53.812725,53.877675,53.98025,54.0029,54.0486,54.105225,54.176025,54.225375,54.308025,54.3936,54.501375,54.5631,54.6015,54.734525,54.7633,55.066275,55.110075,55.14385,55.28035,55.3658,55.418225,55.8622,56.133775,56.340575,56.5357,56.566925,56.591925,56.795825,57.00885,57.04965,57.128525,57.1848,57.199525,57.21025,57.436025,57.501625,57.51775,57.59685,57.597825,57.7497,57.850975,58.368825,58.423075,58.555075,58.5819,58.668575,58.713725,58.736425,59.05725,59.16005,59.401,59.42635,59.64775,59.73445,59.774375,60.0422,60.131275,60.2161,60.26395,60.393175,61.10745,61.64475,62.166575,63.1923,63.416025,64.74955,64.94815,0,0,0,0,0,0,0,0,0,0,0,0,0,0,0,0,0,0,0,0,0,0,0,0,0,0,0,0,0,0,0,0,0,0,0,0,0,0,0,0,0,0,0,0,0,0,0,0,0,0,0,0,0,0,0,0,0,0,0,0,0,0,0,0,0,0,0,0,0,0,0,0,0,0,0,0,0,0,0,0,0,0,0,0,0,0,0,0,0,0,0,0,0,0,0,0,0,0,0,0,0,0,0,0,0,0,0,0,0,0,0,0,0,0,0,0,0,0,0,0,0,0,0,0,0,0,0,0,0,0,0,0,0,0,0,0,0,0,0,0,0,0,0,0,0,0,0,0,0,0,0,0,0,0,0,0,0,0,0,0,0,0,0,0,0,0,0,0,0,0,0,0,0,0,0,0,0,0,0,0,0,0,0,0,0,0,0,0,0,0,0,0,0,0,0,0,0,0,0,0,0,0,0,0,0,0,0,0,0,0,0,0,0,0,0,0,0,0,0,0,0,0,0,0,0,0,0,0,0,0,0,0,0,0,0,0,0,0,0,0,0,0,0,0,0,0,0,0,0,0,0,0,0,0,0,0,0,0,0,0,0,0,0,0,0,0,0,0,0,0,0,0,0,0,0,0,0,0,0,0,0,0,0,0,0,0,0,0,0,0,0,0,0,0,0,0,0,0,0,0,0,0,0,0,0,0,0,0,0,0,0,0,0,0,0,0,0,0,0,0,0
"79",49.6432,50.349325,50.827725,50.87565,50.9804,51.167925,51.21095,51.22745,51.267775,51.875125,52.24015,53.7006,54.352425,55.170025,58.31515,58.352775,58.44635,59.979625,60.356525,0,0,0,0,0,0,0,0,0,0,0,0,0,0,0,0,0,0,0,0,0,0,0,0,0,0,0,0,0,0,0,0,0,0,0,0,0,0,0,0,0,0,0,0,0,0,0,0,0,0,0,0,0,0,0,0,0,0,0,0,0,0,0,0,0,0,0,0,0,0,0,0,0,0,0,0,0,0,0,0,0,0,0,0,0,0,0,0,0,0,0,0,0,0,0,0,0,0,0,0,0,0,0,0,0,0,0,0,0,0,0,0,0,0,0,0,0,0,0,0,0,0,0,0,0,0,0,0,0,0,0,0,0,0,0,0,0,0,0,0,0,0,0,0,0,0,0,0,0,0,0,0,0,0,0,0,0,0,0,0,0,0,0,0,0,0,0,0,0,0,0,0,0,0,0,0,0,0,0,0,0,0,0,0,0,0,0,0,0,0,0,0,0,0,0,0,0,0,0,0,0,0,0,0,0,0,0,0,0,0,0,0,0,0,0,0,0,0,0,0,0,0,0,0,0,0,0,0,0,0,0,0,0,0,0,0,0,0,0,0,0,0,0,0,0,0,0,0,0,0,0,0,0,0,0,0,0,0,0,0,0,0,0,0,0,0,0,0,0,0,0,0,0,0,0,0,0,0,0,0,0,0,0,0,0,0,0,0,0,0,0,0,0,0,0,0,0,0,0,0,0,0,0,0,0,0,0,0,0,0,0,0,0,0,0,0,0,0,0,0,0,0,0,0,0,0,0,0,0,0,0,0,0,0,0,0,0,0,0,0,0,0,0,0,0,0,0,0,0,0,0,0,0,0,0,0,0,0,0,0,0,0,0,0,0,0,0,0,0,0,0,0,0,0,0,0,0,0,0,0,0,0,0,0,0,0,0,0,0,0,0,0,0,0,0,0,0,0,0,0,0,0,0,0,0,0,0,0,0,0,0,0,0,0,0,0,0
"80",49.832075,50.11205,50.141125,50.6126,50.7076,50.78845,50.904725,51.5013,51.5122,51.55615,51.563025,51.5655,51.617625,51.63305,51.6572,51.737975,51.961825,52.044075,52.1744,52.303625,52.39005,52.457975,52.568975,52.71345,52.764425,52.785475,52.93225,53.115575,53.30705,53.503575,53.767975,53.77695,54.0458,54.113725,54.5225,54.765975,54.801775,54.8326,54.85955,54.97955,54.983,55.022875,55.0965,55.246175,55.279,55.35305,55.377925,55.72985,55.830575,56.138025,56.399075,56.466875,56.5149,56.52015,56.727425,56.99055,57.15545,57.1867,57.236775,57.296975,57.344675,57.484825,57.5097,57.5571,57.787,57.84045,58.1124,58.32395,58.40965,58.451325,58.56585,58.6601,59.1135,59.1799,59.459225,59.490225,59.504375,59.838,59.8561,60.274775,60.32135,60.61525,60.818225,61.50175,61.852175,0,0,0,0,0,0,0,0,0,0,0,0,0,0,0,0,0,0,0,0,0,0,0,0,0,0,0,0,0,0,0,0,0,0,0,0,0,0,0,0,0,0,0,0,0,0,0,0,0,0,0,0,0,0,0,0,0,0,0,0,0,0,0,0,0,0,0,0,0,0,0,0,0,0,0,0,0,0,0,0,0,0,0,0,0,0,0,0,0,0,0,0,0,0,0,0,0,0,0,0,0,0,0,0,0,0,0,0,0,0,0,0,0,0,0,0,0,0,0,0,0,0,0,0,0,0,0,0,0,0,0,0,0,0,0,0,0,0,0,0,0,0,0,0,0,0,0,0,0,0,0,0,0,0,0,0,0,0,0,0,0,0,0,0,0,0,0,0,0,0,0,0,0,0,0,0,0,0,0,0,0,0,0,0,0,0,0,0,0,0,0,0,0,0,0,0,0,0,0,0,0,0,0,0,0,0,0,0,0,0,0,0,0,0,0,0,0,0,0,0,0,0,0,0,0,0,0,0,0,0,0,0,0,0,0,0,0,0,0,0,0,0,0,0,0,0,0,0,0,0,0,0,0,0,0,0,0,0,0,0,0,0,0,0,0,0,0,0,0,0,0,0,0,0,0,0,0,0,0,0,0,0,0,0,0,0,0,0,0,0,0,0,0,0,0,0,0,0,0,0,0,0,0,0,0,0,0,0,0,0,0,0,0,0,0,0,0,0,0,0,0,0,0,0,0,0,0,0,0,0,0,0,0,0,0,0,0,0,0,0,0,0,0,0,0,0,0,0,0,0,0
"81",49.62935,49.79375,49.89265,49.894375,49.954875,50.00915,50.02185,50.09855,50.198875,50.276925,50.36735,50.441925,50.464775,50.515275,50.533475,50.550975,51.0334,51.085025,51.13765,51.163275,51.1758,51.21835,51.236525,51.305325,51.31175,51.46185,51.57665,51.60935,51.731025,51.810725,51.860025,51.9033,51.9512,51.98545,52.0833,52.135575,52.1574,52.209025,52.217825,52.25425,52.266175,52.3055,52.346925,52.37355,52.474575,52.5254,52.616975,52.708725,52.823,52.828075,52.843125,52.888175,52.895,52.97575,52.99155,53.007625,53.031575,53.03595,53.06625,53.100225,53.120875,53.129825,53.148025,53.1584,53.1864,53.205475,53.216275,53.254075,53.27245,53.303175,53.352925,53.36855,53.4328,53.4455,53.4593,53.53475,53.5502,53.614325,53.73265,53.755075,53.9596,54.07975,54.1391,54.253325,54.276275,54.28845,54.33025,54.379425,54.473025,54.63975,54.67575,54.73355,54.797625,54.87295,54.906125,55.0057,55.0978,55.11955,55.2915,55.34275,55.369525,55.444,55.52075,55.609925,55.646175,55.706225,55.7167,55.7573,55.766275,55.7777,55.801275,55.81555,55.8416,55.8737,55.9894,56.001675,56.021925,56.073825,56.10965,56.2929,56.4155,56.66095,56.686475,56.729225,56.779775,56.826675,56.93625,57.07075,57.160825,57.263975,57.275325,57.353175,57.39815,57.43075,57.634425,57.747025,57.791225,57.887075,57.926375,57.964575,58.001875,58.09585,58.133225,58.198125,58.216725,58.25075,58.30055,58.3395,58.42,58.441425,58.469825,58.6154,58.720325,59.082975,59.098925,59.797,60.126,60.19545,63.02645,63.548175,63.73325,0,0,0,0,0,0,0,0,0,0,0,0,0,0,0,0,0,0,0,0,0,0,0,0,0,0,0,0,0,0,0,0,0,0,0,0,0,0,0,0,0,0,0,0,0,0,0,0,0,0,0,0,0,0,0,0,0,0,0,0,0,0,0,0,0,0,0,0,0,0,0,0,0,0,0,0,0,0,0,0,0,0,0,0,0,0,0,0,0,0,0,0,0,0,0,0,0,0,0,0,0,0,0,0,0,0,0,0,0,0,0,0,0,0,0,0,0,0,0,0,0,0,0,0,0,0,0,0,0,0,0,0,0,0,0,0,0,0,0,0,0,0,0,0,0,0,0,0,0,0,0,0,0,0,0,0,0,0,0,0,0,0,0,0,0,0,0,0,0,0,0,0,0,0,0,0,0,0,0,0,0,0,0,0,0,0,0,0,0,0,0,0,0,0,0,0,0,0,0,0,0,0,0,0,0,0,0,0,0,0,0,0,0,0,0,0,0,0,0,0,0,0,0,0,0,0,0,0,0,0,0,0,0,0,0,0,0,0,0,0,0,0,0,0,0,0,0,0,0,0,0,0,0,0,0,0,0,0,0,0,0,0,0,0,0,0,0,0,0,0,0,0,0,0,0
"82",49.800475,49.864375,49.949875,50.005125,50.074975,50.17585,50.273075,51.0183,51.136225,51.544025,51.824825,52.309075,52.33615,52.4086,52.58305,53.002025,53.20855,53.906375,54.661225,55.298825,55.3978,55.438525,55.458775,55.5924,56.4588,56.4938,56.67865,57.833675,57.85565,58.43525,58.560425,58.5863,58.60145,58.702325,61.443975,61.8145,0,0,0,0,0,0,0,0,0,0,0,0,0,0,0,0,0,0,0,0,0,0,0,0,0,0,0,0,0,0,0,0,0,0,0,0,0,0,0,0,0,0,0,0,0,0,0,0,0,0,0,0,0,0,0,0,0,0,0,0,0,0,0,0,0,0,0,0,0,0,0,0,0,0,0,0,0,0,0,0,0,0,0,0,0,0,0,0,0,0,0,0,0,0,0,0,0,0,0,0,0,0,0,0,0,0,0,0,0,0,0,0,0,0,0,0,0,0,0,0,0,0,0,0,0,0,0,0,0,0,0,0,0,0,0,0,0,0,0,0,0,0,0,0,0,0,0,0,0,0,0,0,0,0,0,0,0,0,0,0,0,0,0,0,0,0,0,0,0,0,0,0,0,0,0,0,0,0,0,0,0,0,0,0,0,0,0,0,0,0,0,0,0,0,0,0,0,0,0,0,0,0,0,0,0,0,0,0,0,0,0,0,0,0,0,0,0,0,0,0,0,0,0,0,0,0,0,0,0,0,0,0,0,0,0,0,0,0,0,0,0,0,0,0,0,0,0,0,0,0,0,0,0,0,0,0,0,0,0,0,0,0,0,0,0,0,0,0,0,0,0,0,0,0,0,0,0,0,0,0,0,0,0,0,0,0,0,0,0,0,0,0,0,0,0,0,0,0,0,0,0,0,0,0,0,0,0,0,0,0,0,0,0,0,0,0,0,0,0,0,0,0,0,0,0,0,0,0,0,0,0,0,0,0,0,0,0,0,0,0,0,0,0,0,0,0,0,0,0,0,0,0,0,0,0,0,0,0,0,0,0,0,0,0,0,0,0,0,0,0,0,0,0,0,0,0,0,0,0,0,0,0,0,0,0,0,0,0,0,0,0,0,0,0,0,0,0,0,0,0
"83",53.2664,53.3443,53.412025,53.5339,56.192725,56.252375,56.284025,56.328925,56.4266,56.474275,58.000475,58.07665,58.129425,58.1867,58.20625,58.231525,58.259125,58.3021,58.3332,58.366675,59.93845,0,0,0,0,0,0,0,0,0,0,0,0,0,0,0,0,0,0,0,0,0,0,0,0,0,0,0,0,0,0,0,0,0,0,0,0,0,0,0,0,0,0,0,0,0,0,0,0,0,0,0,0,0,0,0,0,0,0,0,0,0,0,0,0,0,0,0,0,0,0,0,0,0,0,0,0,0,0,0,0,0,0,0,0,0,0,0,0,0,0,0,0,0,0,0,0,0,0,0,0,0,0,0,0,0,0,0,0,0,0,0,0,0,0,0,0,0,0,0,0,0,0,0,0,0,0,0,0,0,0,0,0,0,0,0,0,0,0,0,0,0,0,0,0,0,0,0,0,0,0,0,0,0,0,0,0,0,0,0,0,0,0,0,0,0,0,0,0,0,0,0,0,0,0,0,0,0,0,0,0,0,0,0,0,0,0,0,0,0,0,0,0,0,0,0,0,0,0,0,0,0,0,0,0,0,0,0,0,0,0,0,0,0,0,0,0,0,0,0,0,0,0,0,0,0,0,0,0,0,0,0,0,0,0,0,0,0,0,0,0,0,0,0,0,0,0,0,0,0,0,0,0,0,0,0,0,0,0,0,0,0,0,0,0,0,0,0,0,0,0,0,0,0,0,0,0,0,0,0,0,0,0,0,0,0,0,0,0,0,0,0,0,0,0,0,0,0,0,0,0,0,0,0,0,0,0,0,0,0,0,0,0,0,0,0,0,0,0,0,0,0,0,0,0,0,0,0,0,0,0,0,0,0,0,0,0,0,0,0,0,0,0,0,0,0,0,0,0,0,0,0,0,0,0,0,0,0,0,0,0,0,0,0,0,0,0,0,0,0,0,0,0,0,0,0,0,0,0,0,0,0,0,0,0,0,0,0,0,0,0,0,0,0,0,0,0,0,0,0,0,0,0,0,0,0,0,0,0,0,0,0,0,0,0,0
"84",49.70185,49.784075,49.853375,49.913325,50.040375,50.184825,50.204125,50.289675,50.983475,51.0153,51.041425,51.1103,51.271725,52.2929,52.35155,52.4062,52.470425,52.97305,54.458675,54.468225,55.217675,56.351225,56.613725,58.080425,58.19275,58.27165,58.3941,58.484125,58.53425,58.59675,59.693575,59.7544,59.80715,59.859525,59.876,59.908325,59.9596,60.0027,60.022375,60.062675,60.0939,60.112675,60.12515,60.15255,60.178475,60.20075,60.2313,60.2581,60.283325,60.297675,60.32925,60.40535,60.42685,60.490175,61.084675,61.243925,61.27265,61.337925,61.37705,61.4262,61.466475,61.49905,61.54475,61.5852,61.6127,61.665825,61.687575,61.72475,61.770625,61.812925,61.8276,61.8721,61.888875,61.9267,61.963425,61.996575,62.0189,62.0519,62.085725,62.1101,62.1444,62.222275,62.275275,62.327425,62.3589,62.485025,62.7901,62.9726,63.127225,63.21835,63.255975,63.303725,63.3377,63.3746,63.41395,63.475025,63.522975,63.628875,63.7297,64.804875,64.88235,64.93815,64.9838,65.0278,65.0848,65.136225,65.204125,65.29585,65.39445,65.4372,65.5685,65.61,65.663625,65.78635,65.868375,0,0,0,0,0,0,0,0,0,0,0,0,0,0,0,0,0,0,0,0,0,0,0,0,0,0,0,0,0,0,0,0,0,0,0,0,0,0,0,0,0,0,0,0,0,0,0,0,0,0,0,0,0,0,0,0,0,0,0,0,0,0,0,0,0,0,0,0,0,0,0,0,0,0,0,0,0,0,0,0,0,0,0,0,0,0,0,0,0,0,0,0,0,0,0,0,0,0,0,0,0,0,0,0,0,0,0,0,0,0,0,0,0,0,0,0,0,0,0,0,0,0,0,0,0,0,0,0,0,0,0,0,0,0,0,0,0,0,0,0,0,0,0,0,0,0,0,0,0,0,0,0,0,0,0,0,0,0,0,0,0,0,0,0,0,0,0,0,0,0,0,0,0,0,0,0,0,0,0,0,0,0,0,0,0,0,0,0,0,0,0,0,0,0,0,0,0,0,0,0,0,0,0,0,0,0,0,0,0,0,0,0,0,0,0,0,0,0,0,0,0,0,0,0,0,0,0,0,0,0,0,0,0,0,0,0,0,0,0,0,0,0,0,0,0,0,0,0,0,0,0,0,0,0,0,0,0,0,0,0,0,0,0,0,0,0,0,0,0,0,0,0,0,0,0,0,0,0,0,0,0,0,0,0,0,0,0,0,0,0,0,0,0,0,0,0,0,0,0,0,0,0,0,0,0,0,0,0,0,0,0,0,0,0,0,0,0,0,0,0,0
"85",50.17365,50.55525,50.586475,50.59185,50.6273,52.40185,52.542175,52.6423,52.6578,52.6958,52.84495,53.957875,54.449875,54.5298,54.56775,54.99455,55.146,56.972525,57.231625,57.24265,58.91155,59.0243,0,0,0,0,0,0,0,0,0,0,0,0,0,0,0,0,0,0,0,0,0,0,0,0,0,0,0,0,0,0,0,0,0,0,0,0,0,0,0,0,0,0,0,0,0,0,0,0,0,0,0,0,0,0,0,0,0,0,0,0,0,0,0,0,0,0,0,0,0,0,0,0,0,0,0,0,0,0,0,0,0,0,0,0,0,0,0,0,0,0,0,0,0,0,0,0,0,0,0,0,0,0,0,0,0,0,0,0,0,0,0,0,0,0,0,0,0,0,0,0,0,0,0,0,0,0,0,0,0,0,0,0,0,0,0,0,0,0,0,0,0,0,0,0,0,0,0,0,0,0,0,0,0,0,0,0,0,0,0,0,0,0,0,0,0,0,0,0,0,0,0,0,0,0,0,0,0,0,0,0,0,0,0,0,0,0,0,0,0,0,0,0,0,0,0,0,0,0,0,0,0,0,0,0,0,0,0,0,0,0,0,0,0,0,0,0,0,0,0,0,0,0,0,0,0,0,0,0,0,0,0,0,0,0,0,0,0,0,0,0,0,0,0,0,0,0,0,0,0,0,0,0,0,0,0,0,0,0,0,0,0,0,0,0,0,0,0,0,0,0,0,0,0,0,0,0,0,0,0,0,0,0,0,0,0,0,0,0,0,0,0,0,0,0,0,0,0,0,0,0,0,0,0,0,0,0,0,0,0,0,0,0,0,0,0,0,0,0,0,0,0,0,0,0,0,0,0,0,0,0,0,0,0,0,0,0,0,0,0,0,0,0,0,0,0,0,0,0,0,0,0,0,0,0,0,0,0,0,0,0,0,0,0,0,0,0,0,0,0,0,0,0,0,0,0,0,0,0,0,0,0,0,0,0,0,0,0,0,0,0,0,0,0,0,0,0,0,0,0,0,0,0,0,0,0,0,0,0,0,0,0,0,0,0
"86",50.090375,50.195825,51.0283,51.0682,52.012,52.221075,52.32385,52.3648,52.447725,52.759775,53.156825,53.348075,56.55355,56.635675,58.35635,58.363975,58.39575,58.432675,58.46495,58.477525,59.91145,59.96795,59.986925,60.2592,61.58895,61.67835,61.891175,61.96185,62.086875,63.5428,0,0,0,0,0,0,0,0,0,0,0,0,0,0,0,0,0,0,0,0,0,0,0,0,0,0,0,0,0,0,0,0,0,0,0,0,0,0,0,0,0,0,0,0,0,0,0,0,0,0,0,0,0,0,0,0,0,0,0,0,0,0,0,0,0,0,0,0,0,0,0,0,0,0,0,0,0,0,0,0,0,0,0,0,0,0,0,0,0,0,0,0,0,0,0,0,0,0,0,0,0,0,0,0,0,0,0,0,0,0,0,0,0,0,0,0,0,0,0,0,0,0,0,0,0,0,0,0,0,0,0,0,0,0,0,0,0,0,0,0,0,0,0,0,0,0,0,0,0,0,0,0,0,0,0,0,0,0,0,0,0,0,0,0,0,0,0,0,0,0,0,0,0,0,0,0,0,0,0,0,0,0,0,0,0,0,0,0,0,0,0,0,0,0,0,0,0,0,0,0,0,0,0,0,0,0,0,0,0,0,0,0,0,0,0,0,0,0,0,0,0,0,0,0,0,0,0,0,0,0,0,0,0,0,0,0,0,0,0,0,0,0,0,0,0,0,0,0,0,0,0,0,0,0,0,0,0,0,0,0,0,0,0,0,0,0,0,0,0,0,0,0,0,0,0,0,0,0,0,0,0,0,0,0,0,0,0,0,0,0,0,0,0,0,0,0,0,0,0,0,0,0,0,0,0,0,0,0,0,0,0,0,0,0,0,0,0,0,0,0,0,0,0,0,0,0,0,0,0,0,0,0,0,0,0,0,0,0,0,0,0,0,0,0,0,0,0,0,0,0,0,0,0,0,0,0,0,0,0,0,0,0,0,0,0,0,0,0,0,0,0,0,0,0,0,0,0,0,0,0,0,0,0,0,0,0,0,0,0,0,0,0,0,0,0,0,0,0,0,0,0,0,0,0,0,0
"87",49.902525,49.929425,49.98615,49.991625,50.011725,50.0631,50.104175,50.123225,50.17715,52.4447,52.48865,55.11875,56.664825,57.208325,57.50675,58.437525,58.5214,58.609525,58.66315,59.860525,60.03825,60.1589,0,0,0,0,0,0,0,0,0,0,0,0,0,0,0,0,0,0,0,0,0,0,0,0,0,0,0,0,0,0,0,0,0,0,0,0,0,0,0,0,0,0,0,0,0,0,0,0,0,0,0,0,0,0,0,0,0,0,0,0,0,0,0,0,0,0,0,0,0,0,0,0,0,0,0,0,0,0,0,0,0,0,0,0,0,0,0,0,0,0,0,0,0,0,0,0,0,0,0,0,0,0,0,0,0,0,0,0,0,0,0,0,0,0,0,0,0,0,0,0,0,0,0,0,0,0,0,0,0,0,0,0,0,0,0,0,0,0,0,0,0,0,0,0,0,0,0,0,0,0,0,0,0,0,0,0,0,0,0,0,0,0,0,0,0,0,0,0,0,0,0,0,0,0,0,0,0,0,0,0,0,0,0,0,0,0,0,0,0,0,0,0,0,0,0,0,0,0,0,0,0,0,0,0,0,0,0,0,0,0,0,0,0,0,0,0,0,0,0,0,0,0,0,0,0,0,0,0,0,0,0,0,0,0,0,0,0,0,0,0,0,0,0,0,0,0,0,0,0,0,0,0,0,0,0,0,0,0,0,0,0,0,0,0,0,0,0,0,0,0,0,0,0,0,0,0,0,0,0,0,0,0,0,0,0,0,0,0,0,0,0,0,0,0,0,0,0,0,0,0,0,0,0,0,0,0,0,0,0,0,0,0,0,0,0,0,0,0,0,0,0,0,0,0,0,0,0,0,0,0,0,0,0,0,0,0,0,0,0,0,0,0,0,0,0,0,0,0,0,0,0,0,0,0,0,0,0,0,0,0,0,0,0,0,0,0,0,0,0,0,0,0,0,0,0,0,0,0,0,0,0,0,0,0,0,0,0,0,0,0,0,0,0,0,0,0,0,0,0,0,0,0,0,0,0,0,0,0,0,0,0,0,0,0
"88",49.883925,49.920225,50.027725,50.034175,50.164925,50.23865,50.2673,50.330175,50.41015,50.534525,50.55685,50.641725,50.711025,50.730625,50.769325,50.77295,50.80735,50.85885,50.885725,50.906825,50.95255,51.004825,51.02525,51.061775,51.098325,51.134225,51.168925,51.20355,51.218075,51.26995,51.385625,51.525525,51.52875,51.53715,51.585775,51.597175,51.628375,51.631625,51.690525,51.932925,51.9794,52.0665,52.10295,52.202125,52.360425,52.378225,52.44265,52.4547,52.475475,52.511725,52.70415,52.766525,52.771375,52.8102,53.27675,53.764275,54.044325,54.294275,54.3359,54.4,54.425125,54.55565,54.57915,54.59495,54.609225,54.6404,54.681875,55.0149,55.047975,55.0989,55.531475,55.955975,56.25135,56.491625,56.689475,56.784975,57.01775,57.08645,57.0915,57.26555,57.355525,57.443925,57.57565,57.5959,57.7251,58.34405,58.42595,58.5702,58.6039,58.615075,58.645625,58.72205,58.7392,58.816725,58.9174,59.035525,59.08175,59.18575,59.248725,59.28625,59.39565,59.3996,59.553175,60.03455,60.055525,60.4296,60.784825,60.87965,61.040275,61.1326,61.193125,61.757175,61.9078,61.974575,62.183825,62.496675,62.77885,62.900275,62.977275,63.2139,63.2999,63.564025,63.58785,63.6513,63.6956,64.19315,64.33265,64.42325,64.533525,64.689825,65.713275,65.789675,66.335775,66.5498,66.971025,0,0,0,0,0,0,0,0,0,0,0,0,0,0,0,0,0,0,0,0,0,0,0,0,0,0,0,0,0,0,0,0,0,0,0,0,0,0,0,0,0,0,0,0,0,0,0,0,0,0,0,0,0,0,0,0,0,0,0,0,0,0,0,0,0,0,0,0,0,0,0,0,0,0,0,0,0,0,0,0,0,0,0,0,0,0,0,0,0,0,0,0,0,0,0,0,0,0,0,0,0,0,0,0,0,0,0,0,0,0,0,0,0,0,0,0,0,0,0,0,0,0,0,0,0,0,0,0,0,0,0,0,0,0,0,0,0,0,0,0,0,0,0,0,0,0,0,0,0,0,0,0,0,0,0,0,0,0,0,0,0,0,0,0,0,0,0,0,0,0,0,0,0,0,0,0,0,0,0,0,0,0,0,0,0,0,0,0,0,0,0,0,0,0,0,0,0,0,0,0,0,0,0,0,0,0,0,0,0,0,0,0,0,0,0,0,0,0,0,0,0,0,0,0,0,0,0,0,0,0,0,0,0,0,0,0,0,0,0,0,0,0,0,0,0,0,0,0,0,0,0,0,0,0,0,0,0,0,0,0,0,0,0,0,0,0,0,0,0,0,0,0,0,0,0,0,0,0,0,0,0,0,0,0,0,0,0,0,0,0,0,0,0,0,0,0,0,0,0,0,0
"89",49.899925,49.94295,49.98375,50.0681,50.083375,50.170125,50.1916,50.193475,50.244325,51.052275,51.11465,51.2154,51.54235,52.281825,52.297975,52.3207,52.354925,52.4044,53.068675,56.2344,56.663075,56.7319,58.4052,58.45585,58.48815,58.5371,58.620725,59.922675,60.0329,60.0781,60.2148,60.33005,60.3539,60.5276,61.28985,61.3925,61.43125,61.507925,61.573675,61.647425,61.692875,61.800475,61.83665,61.98285,62.053975,62.08475,62.151375,62.3013,62.494625,62.663975,62.808525,62.9908,63.0965,63.1787,63.24155,63.3887,64.5083,64.709975,64.788475,64.945775,65.045675,65.140175,65.2437,65.451425,65.546575,65.736075,65.9489,66.074425,66.16715,66.4946,67.070875,67.33265,67.615575,67.87655,67.96575,68.73185,69.256125,69.438525,69.68785,70.775625,0,0,0,0,0,0,0,0,0,0,0,0,0,0,0,0,0,0,0,0,0,0,0,0,0,0,0,0,0,0,0,0,0,0,0,0,0,0,0,0,0,0,0,0,0,0,0,0,0,0,0,0,0,0,0,0,0,0,0,0,0,0,0,0,0,0,0,0,0,0,0,0,0,0,0,0,0,0,0,0,0,0,0,0,0,0,0,0,0,0,0,0,0,0,0,0,0,0,0,0,0,0,0,0,0,0,0,0,0,0,0,0,0,0,0,0,0,0,0,0,0,0,0,0,0,0,0,0,0,0,0,0,0,0,0,0,0,0,0,0,0,0,0,0,0,0,0,0,0,0,0,0,0,0,0,0,0,0,0,0,0,0,0,0,0,0,0,0,0,0,0,0,0,0,0,0,0,0,0,0,0,0,0,0,0,0,0,0,0,0,0,0,0,0,0,0,0,0,0,0,0,0,0,0,0,0,0,0,0,0,0,0,0,0,0,0,0,0,0,0,0,0,0,0,0,0,0,0,0,0,0,0,0,0,0,0,0,0,0,0,0,0,0,0,0,0,0,0,0,0,0,0,0,0,0,0,0,0,0,0,0,0,0,0,0,0,0,0,0,0,0,0,0,0,0,0,0,0,0,0,0,0,0,0,0,0,0,0,0,0,0,0,0,0,0,0,0,0,0,0,0,0,0,0,0,0,0,0,0,0,0,0,0,0,0,0,0,0,0,0,0,0,0,0,0,0,0,0,0,0,0,0,0,0,0,0,0,0,0,0,0,0,0,0,0,0,0,0,0,0,0,0,0,0,0,0
"90",50.211375,50.214425,50.803975,51.262625,51.49745,51.717875,52.04055,52.1814,52.3489,53.042025,53.89935,54.6024,56.71265,56.7635,58.52995,58.5631,58.612075,58.6355,58.691,58.9501,59.065825,60.4575,62.258825,62.3233,62.368075,62.45315,62.561575,62.583275,62.6629,62.702625,62.8281,62.919325,63.03005,63.0843,63.590925,63.6472,63.782075,63.8314,64.023575,64.09855,64.3926,0,0,0,0,0,0,0,0,0,0,0,0,0,0,0,0,0,0,0,0,0,0,0,0,0,0,0,0,0,0,0,0,0,0,0,0,0,0,0,0,0,0,0,0,0,0,0,0,0,0,0,0,0,0,0,0,0,0,0,0,0,0,0,0,0,0,0,0,0,0,0,0,0,0,0,0,0,0,0,0,0,0,0,0,0,0,0,0,0,0,0,0,0,0,0,0,0,0,0,0,0,0,0,0,0,0,0,0,0,0,0,0,0,0,0,0,0,0,0,0,0,0,0,0,0,0,0,0,0,0,0,0,0,0,0,0,0,0,0,0,0,0,0,0,0,0,0,0,0,0,0,0,0,0,0,0,0,0,0,0,0,0,0,0,0,0,0,0,0,0,0,0,0,0,0,0,0,0,0,0,0,0,0,0,0,0,0,0,0,0,0,0,0,0,0,0,0,0,0,0,0,0,0,0,0,0,0,0,0,0,0,0,0,0,0,0,0,0,0,0,0,0,0,0,0,0,0,0,0,0,0,0,0,0,0,0,0,0,0,0,0,0,0,0,0,0,0,0,0,0,0,0,0,0,0,0,0,0,0,0,0,0,0,0,0,0,0,0,0,0,0,0,0,0,0,0,0,0,0,0,0,0,0,0,0,0,0,0,0,0,0,0,0,0,0,0,0,0,0,0,0,0,0,0,0,0,0,0,0,0,0,0,0,0,0,0,0,0,0,0,0,0,0,0,0,0,0,0,0,0,0,0,0,0,0,0,0,0,0,0,0,0,0,0,0,0,0,0,0,0,0,0,0,0,0,0,0,0,0,0,0,0,0,0,0,0,0,0,0,0,0,0,0,0,0,0,0,0,0,0,0,0,0,0,0,0,0,0,0,0,0,0,0,0,0
"91",50.122825,50.64335,50.92445,51.19425,51.7262,51.84265,51.9434,52.071875,52.1348,52.39795,52.46435,52.57565,53.35045,53.4148,53.53035,53.6694,53.788375,54.003925,54.25535,54.700625,54.854625,55.0973,55.210225,55.340375,55.539325,55.587675,56.215275,57.286275,57.849325,57.9253,58.1469,58.6381,59.16635,59.2819,59.340875,59.4687,59.55515,59.69935,59.853025,60.0772,60.400825,60.4754,60.5688,60.69755,60.772725,61.07625,61.3152,61.5038,61.8042,62.235975,62.404125,62.575625,62.687825,62.83555,62.908625,63.046325,63.182225,63.266925,63.369925,63.454525,63.549875,64.098825,64.360175,64.575725,64.660225,64.803475,65.004575,65.24615,65.56685,0,0,0,0,0,0,0,0,0,0,0,0,0,0,0,0,0,0,0,0,0,0,0,0,0,0,0,0,0,0,0,0,0,0,0,0,0,0,0,0,0,0,0,0,0,0,0,0,0,0,0,0,0,0,0,0,0,0,0,0,0,0,0,0,0,0,0,0,0,0,0,0,0,0,0,0,0,0,0,0,0,0,0,0,0,0,0,0,0,0,0,0,0,0,0,0,0,0,0,0,0,0,0,0,0,0,0,0,0,0,0,0,0,0,0,0,0,0,0,0,0,0,0,0,0,0,0,0,0,0,0,0,0,0,0,0,0,0,0,0,0,0,0,0,0,0,0,0,0,0,0,0,0,0,0,0,0,0,0,0,0,0,0,0,0,0,0,0,0,0,0,0,0,0,0,0,0,0,0,0,0,0,0,0,0,0,0,0,0,0,0,0,0,0,0,0,0,0,0,0,0,0,0,0,0,0,0,0,0,0,0,0,0,0,0,0,0,0,0,0,0,0,0,0,0,0,0,0,0,0,0,0,0,0,0,0,0,0,0,0,0,0,0,0,0,0,0,0,0,0,0,0,0,0,0,0,0,0,0,0,0,0,0,0,0,0,0,0,0,0,0,0,0,0,0,0,0,0,0,0,0,0,0,0,0,0,0,0,0,0,0,0,0,0,0,0,0,0,0,0,0,0,0,0,0,0,0,0,0,0,0,0,0,0,0,0,0,0,0,0,0,0,0,0,0,0,0,0,0,0,0,0,0,0,0,0,0,0,0,0,0,0,0,0,0,0,0,0,0,0,0,0,0,0,0,0,0,0,0,0,0,0,0,0,0,0,0
"92",50.529475,50.6676,51.088275,51.40195,51.433725,51.471975,51.500375,51.598025,52.57975,52.686775,52.89735,54.54275,54.68735,54.699775,57.0052,57.456975,0,0,0,0,0,0,0,0,0,0,0,0,0,0,0,0,0,0,0,0,0,0,0,0,0,0,0,0,0,0,0,0,0,0,0,0,0,0,0,0,0,0,0,0,0,0,0,0,0,0,0,0,0,0,0,0,0,0,0,0,0,0,0,0,0,0,0,0,0,0,0,0,0,0,0,0,0,0,0,0,0,0,0,0,0,0,0,0,0,0,0,0,0,0,0,0,0,0,0,0,0,0,0,0,0,0,0,0,0,0,0,0,0,0,0,0,0,0,0,0,0,0,0,0,0,0,0,0,0,0,0,0,0,0,0,0,0,0,0,0,0,0,0,0,0,0,0,0,0,0,0,0,0,0,0,0,0,0,0,0,0,0,0,0,0,0,0,0,0,0,0,0,0,0,0,0,0,0,0,0,0,0,0,0,0,0,0,0,0,0,0,0,0,0,0,0,0,0,0,0,0,0,0,0,0,0,0,0,0,0,0,0,0,0,0,0,0,0,0,0,0,0,0,0,0,0,0,0,0,0,0,0,0,0,0,0,0,0,0,0,0,0,0,0,0,0,0,0,0,0,0,0,0,0,0,0,0,0,0,0,0,0,0,0,0,0,0,0,0,0,0,0,0,0,0,0,0,0,0,0,0,0,0,0,0,0,0,0,0,0,0,0,0,0,0,0,0,0,0,0,0,0,0,0,0,0,0,0,0,0,0,0,0,0,0,0,0,0,0,0,0,0,0,0,0,0,0,0,0,0,0,0,0,0,0,0,0,0,0,0,0,0,0,0,0,0,0,0,0,0,0,0,0,0,0,0,0,0,0,0,0,0,0,0,0,0,0,0,0,0,0,0,0,0,0,0,0,0,0,0,0,0,0,0,0,0,0,0,0,0,0,0,0,0,0,0,0,0,0,0,0,0,0,0,0,0,0,0,0,0,0,0,0,0,0,0,0,0,0,0
"93",49.945525,50.107,50.535375,50.564,50.571925,50.7477,50.87955,51.02695,51.108175,51.13425,51.229775,51.27515,51.3387,51.378725,51.45035,51.472875,51.5099,51.524825,51.560375,51.610825,51.621175,51.62635,51.672575,51.7067,52.01695,52.027525,52.05775,52.18255,52.2652,52.3158,52.370975,52.424525,52.463575,52.487425,52.503475,52.518525,52.5318,52.5388,52.546275,52.553725,52.5695,52.579325,52.592925,52.6102,52.629525,52.637,52.663925,52.671325,52.68405,52.6985,52.7089,52.734,52.746925,52.76515,52.775775,52.785375,52.800875,52.8279,52.839325,52.854025,52.89135,52.906975,52.91905,52.942825,52.979575,53.038125,53.0555,53.115575,53.533275,53.550375,53.56335,53.6542,53.7432,53.76485,53.777075,53.7852,53.81925,53.82705,53.8473,53.867325,53.88595,53.90885,53.923,53.9312,53.95035,53.960925,53.992375,54.000125,54.006575,54.026,54.0346,54.044425,54.0563,54.064125,54.0714,54.080375,54.116775,54.126025,54.14405,54.15485,54.172925,54.19815,54.20405,54.272025,54.28195,54.30615,54.3174,54.327075,54.33825,54.3841,54.391125,54.393925,54.39845,54.4133,54.45735,54.468375,54.477275,54.487625,54.502925,54.53195,54.539,54.5782,54.591575,54.60655,54.613225,54.6213,54.629025,54.653225,54.67485,54.688225,54.70645,54.753325,54.823275,54.839875,54.857975,54.872025,54.87785,54.88765,54.930075,55.09575,55.286475,55.359075,55.60255,55.866125,55.878,55.884825,55.956,55.97045,55.992525,56.048375,56.13085,56.472475,56.528375,56.540175,56.551575,56.5606,56.675675,56.690825,56.69975,56.735725,56.77325,56.81955,56.834125,56.842175,56.858575,56.86555,56.8773,56.88645,56.9031,56.946625,56.956725,56.974725,56.9852,57.0169,57.023425,57.0315,57.03905,57.052425,57.073175,57.081025,57.10955,57.13655,57.17565,57.20235,57.20775,57.241075,57.2706,57.2914,57.298025,57.339475,57.35265,57.370275,57.38365,57.412325,58.325875,58.35625,58.394025,58.4401,58.75315,58.8033,58.889675,58.908475,58.95855,59.00945,59.060275,59.07795,59.16595,59.79165,59.896925,60.85415,60.94205,60.971425,61.039425,61.05505,61.07075,61.089925,61.143075,61.865375,62.815,62.879175,62.91805,62.95475,62.97705,63.038575,63.047725,63.07085,63.080975,63.09165,63.125525,63.133775,63.143,63.180475,63.199475,63.332325,63.865725,63.945075,64.00335,64.0406,64.076575,64.113425,64.127625,64.178825,64.190375,64.2014,64.2102,64.22165,64.2319,64.244825,64.257625,64.269425,64.27815,64.285525,64.295575,64.303725,64.3131,64.323625,64.330875,64.3553,64.366375,64.377975,64.408125,64.416875,64.42705,64.43715,64.4542,64.46265,64.4698,64.518825,64.5423,64.551175,64.5584,64.5991,64.623775,64.6444,64.65745,64.676175,64.688625,64.700675,64.73735,64.758025,0,0,0,0,0,0,0,0,0,0,0,0,0,0,0,0,0,0,0,0,0,0,0,0,0,0,0,0,0,0,0,0,0,0,0,0,0,0,0,0,0,0,0,0,0,0,0,0,0,0,0,0,0,0,0,0,0,0,0,0,0,0,0,0,0,0,0,0,0,0,0,0,0,0,0,0,0,0,0,0,0,0,0,0,0,0,0,0,0,0,0,0,0,0,0,0,0,0,0,0,0,0,0,0,0,0,0,0,0,0,0,0,0,0,0,0,0,0,0,0,0,0,0,0,0,0,0,0,0,0,0,0,0,0,0,0,0,0,0,0,0,0,0,0,0,0,0,0,0,0,0,0,0,0,0,0
"94",49.5301,49.562275,49.57205,49.582675,49.849325,49.8873,50.025375,50.672975,50.75935,50.88685,51.0751,51.42155,51.514675,51.575725,51.628325,51.67355,51.70845,51.7239,51.772325,51.791625,51.802175,51.822475,51.848,51.88485,51.893975,51.9144,51.9245,51.9456,51.959275,51.985075,52.008425,52.034,52.0666,52.0819,52.101875,52.1208,52.16155,52.171075,52.1889,52.2113,52.231375,52.2546,52.267325,52.280425,52.2953,52.323075,52.3557,52.3668,52.459325,52.54915,52.607625,52.63605,52.6615,52.713025,52.747875,52.7803,52.867475,52.8881,52.916275,52.94935,52.976225,53.00185,53.0138,53.039575,53.056425,53.1167,53.1258,53.14995,53.1574,53.17195,53.185625,53.19205,53.19925,53.219875,53.273725,53.2824,53.30475,53.3327,53.3521,53.389225,53.4026,53.41635,53.4244,53.4443,53.451425,53.4697,53.519725,53.537525,53.581275,53.60995,53.64345,53.685025,53.7266,53.788025,53.84345,53.870125,53.93905,54.015625,54.090975,54.136475,54.170425,54.23475,54.257,54.29035,54.347875,54.4103,54.45455,54.499925,54.557225,54.602725,54.653525,54.6929,54.709275,54.73655,54.767475,54.787225,54.8196,54.843075,54.863075,54.94765,54.970125,55.016925,55.02925,55.069,55.0789,55.1117,55.141675,55.157025,55.1753,55.192775,55.204125,55.210975,55.2478,55.2732,55.323675,55.33575,55.343275,55.35355,55.3681,55.378875,55.3873,55.392725,55.404425,55.414425,55.425475,55.43505,55.445825,55.45655,55.46695,55.477475,55.494125,55.5029,55.51135,55.5361,55.54415,55.555975,55.57015,55.578525,55.594925,55.602,55.61705,55.625475,55.644825,55.655,55.67625,55.6911,55.70325,55.719875,55.741825,55.749,55.777325,55.79295,55.824525,55.847225,55.8566,55.882175,55.907275,55.933125,55.945525,55.98915,56.063875,56.106775,56.141875,56.169475,56.2053,56.223275,56.233875,56.25235,56.271825,56.293925,56.31055,56.335225,56.369725,56.386675,56.396425,56.407275,56.43755,56.47105,56.4905,56.591075,56.616025,56.671725,56.777475,56.947325,56.993925,57.046775,57.079175,57.215075,57.255175,57.3379,57.374275,57.5158,57.555975,57.577025,57.637075,57.6576,57.6774,57.721975,57.7434,57.75865,57.7871,57.799325,57.817225,57.826225,57.8389,57.849425,57.858025,57.8726,57.887325,57.9004,57.9118,57.9223,57.933825,57.943175,57.957075,57.969325,57.982025,57.99545,58.011275,58.022975,58.033175,58.05715,58.08255,58.098575,58.112525,58.126975,58.1458,58.1564,58.17715,58.18755,58.204075,58.224775,58.245625,58.25935,58.2901,58.317025,58.3276,58.3569,58.381775,58.40475,58.47215,59.00805,59.0714,59.21265,59.2581,59.283925,59.355975,59.40535,59.439775,59.511375,59.566275,59.618625,59.64705,59.734125,59.76735,59.8118,59.85035,59.88565,59.925025,59.968175,60.08725,60.38815,60.8856,60.952625,61.0224,61.131225,61.171375,61.281725,61.347825,61.4198,61.504625,61.55435,61.603425,61.668725,61.72045,61.76785,61.82325,61.982675,62.18625,63.164775,63.34075,64.353475,64.527825,64.612025,64.739325,64.82545,64.88895,64.9987,65.15675,65.399675,0,0,0,0,0,0,0,0,0,0,0,0,0,0,0,0,0,0,0,0,0,0,0,0,0,0,0,0,0,0,0,0,0,0,0,0,0,0,0,0,0,0,0,0,0,0,0,0,0,0,0,0,0,0,0,0,0,0,0,0,0,0,0,0,0,0,0,0,0,0,0,0,0,0,0,0,0,0,0,0,0,0,0,0,0,0,0,0,0,0,0,0,0,0,0,0,0,0,0,0,0,0,0,0,0,0,0,0,0,0,0,0,0,0,0,0,0,0,0,0,0,0,0,0,0,0
"95",50.017025,50.297,0,0,0,0,0,0,0,0,0,0,0,0,0,0,0,0,0,0,0,0,0,0,0,0,0,0,0,0,0,0,0,0,0,0,0,0,0,0,0,0,0,0,0,0,0,0,0,0,0,0,0,0,0,0,0,0,0,0,0,0,0,0,0,0,0,0,0,0,0,0,0,0,0,0,0,0,0,0,0,0,0,0,0,0,0,0,0,0,0,0,0,0,0,0,0,0,0,0,0,0,0,0,0,0,0,0,0,0,0,0,0,0,0,0,0,0,0,0,0,0,0,0,0,0,0,0,0,0,0,0,0,0,0,0,0,0,0,0,0,0,0,0,0,0,0,0,0,0,0,0,0,0,0,0,0,0,0,0,0,0,0,0,0,0,0,0,0,0,0,0,0,0,0,0,0,0,0,0,0,0,0,0,0,0,0,0,0,0,0,0,0,0,0,0,0,0,0,0,0,0,0,0,0,0,0,0,0,0,0,0,0,0,0,0,0,0,0,0,0,0,0,0,0,0,0,0,0,0,0,0,0,0,0,0,0,0,0,0,0,0,0,0,0,0,0,0,0,0,0,0,0,0,0,0,0,0,0,0,0,0,0,0,0,0,0,0,0,0,0,0,0,0,0,0,0,0,0,0,0,0,0,0,0,0,0,0,0,0,0,0,0,0,0,0,0,0,0,0,0,0,0,0,0,0,0,0,0,0,0,0,0,0,0,0,0,0,0,0,0,0,0,0,0,0,0,0,0,0,0,0,0,0,0,0,0,0,0,0,0,0,0,0,0,0,0,0,0,0,0,0,0,0,0,0,0,0,0,0,0,0,0,0,0,0,0,0,0,0,0,0,0,0,0,0,0,0,0,0,0,0,0,0,0,0,0,0,0,0,0,0,0,0,0,0,0,0,0,0,0,0,0,0,0,0,0,0,0,0,0,0,0,0,0,0,0,0,0,0,0,0,0,0,0,0,0,0,0,0,0,0,0,0,0,0
"96",40.504375,40.585575,40.687975,40.926125,41.167725,41.51445,41.5911,41.793125,42.08585,42.2193,42.270825,42.4978,42.578675,42.715025,43.3437,43.578325,43.766375,44.473,44.647875,44.832125,45.166225,45.2486,45.5622,45.82715,46.229275,46.47655,46.754575,46.903675,47.05115,47.201225,47.384175,47.5648,47.759975,47.8999,48.34715,48.462975,48.6751,49.158075,49.30115,49.6236,50.85525,59.02055,64.4558,73.670225,75.5116,0,0,0,0,0,0,0,0,0,0,0,0,0,0,0,0,0,0,0,0,0,0,0,0,0,0,0,0,0,0,0,0,0,0,0,0,0,0,0,0,0,0,0,0,0,0,0,0,0,0,0,0,0,0,0,0,0,0,0,0,0,0,0,0,0,0,0,0,0,0,0,0,0,0,0,0,0,0,0,0,0,0,0,0,0,0,0,0,0,0,0,0,0,0,0,0,0,0,0,0,0,0,0,0,0,0,0,0,0,0,0,0,0,0,0,0,0,0,0,0,0,0,0,0,0,0,0,0,0,0,0,0,0,0,0,0,0,0,0,0,0,0,0,0,0,0,0,0,0,0,0,0,0,0,0,0,0,0,0,0,0,0,0,0,0,0,0,0,0,0,0,0,0,0,0,0,0,0,0,0,0,0,0,0,0,0,0,0,0,0,0,0,0,0,0,0,0,0,0,0,0,0,0,0,0,0,0,0,0,0,0,0,0,0,0,0,0,0,0,0,0,0,0,0,0,0,0,0,0,0,0,0,0,0,0,0,0,0,0,0,0,0,0,0,0,0,0,0,0,0,0,0,0,0,0,0,0,0,0,0,0,0,0,0,0,0,0,0,0,0,0,0,0,0,0,0,0,0,0,0,0,0,0,0,0,0,0,0,0,0,0,0,0,0,0,0,0,0,0,0,0,0,0,0,0,0,0,0,0,0,0,0,0,0,0,0,0,0,0,0,0,0,0,0,0,0,0,0,0,0,0,0,0,0,0,0,0,0,0,0,0,0,0,0,0,0,0,0,0,0,0,0,0,0,0,0,0,0,0,0,0,0,0,0,0,0,0,0,0,0,0,0,0,0,0,0,0,0,0,0,0,0,0,0,0,0,0,0,0,0,0
"97",51.585825,51.713825,53.7718,56.669275,57.399475,57.475725,57.537525,57.6737,58.487425,58.715425,0,0,0,0,0,0,0,0,0,0,0,0,0,0,0,0,0,0,0,0,0,0,0,0,0,0,0,0,0,0,0,0,0,0,0,0,0,0,0,0,0,0,0,0,0,0,0,0,0,0,0,0,0,0,0,0,0,0,0,0,0,0,0,0,0,0,0,0,0,0,0,0,0,0,0,0,0,0,0,0,0,0,0,0,0,0,0,0,0,0,0,0,0,0,0,0,0,0,0,0,0,0,0,0,0,0,0,0,0,0,0,0,0,0,0,0,0,0,0,0,0,0,0,0,0,0,0,0,0,0,0,0,0,0,0,0,0,0,0,0,0,0,0,0,0,0,0,0,0,0,0,0,0,0,0,0,0,0,0,0,0,0,0,0,0,0,0,0,0,0,0,0,0,0,0,0,0,0,0,0,0,0,0,0,0,0,0,0,0,0,0,0,0,0,0,0,0,0,0,0,0,0,0,0,0,0,0,0,0,0,0,0,0,0,0,0,0,0,0,0,0,0,0,0,0,0,0,0,0,0,0,0,0,0,0,0,0,0,0,0,0,0,0,0,0,0,0,0,0,0,0,0,0,0,0,0,0,0,0,0,0,0,0,0,0,0,0,0,0,0,0,0,0,0,0,0,0,0,0,0,0,0,0,0,0,0,0,0,0,0,0,0,0,0,0,0,0,0,0,0,0,0,0,0,0,0,0,0,0,0,0,0,0,0,0,0,0,0,0,0,0,0,0,0,0,0,0,0,0,0,0,0,0,0,0,0,0,0,0,0,0,0,0,0,0,0,0,0,0,0,0,0,0,0,0,0,0,0,0,0,0,0,0,0,0,0,0,0,0,0,0,0,0,0,0,0,0,0,0,0,0,0,0,0,0,0,0,0,0,0,0,0,0,0,0,0,0,0,0,0,0,0,0,0,0,0,0,0,0,0,0,0,0,0,0,0,0,0,0,0,0,0,0,0,0,0
"98",49.627575,49.874725,51.0052,51.23885,51.532,51.776375,52.52265,53.127725,54.195975,54.69055,54.790075,54.8712,54.917975,55.1302,56.33055,57.35745,57.4327,57.724125,58.24245,58.295925,58.370825,58.419,58.6251,59.8311,60.2338,60.331475,60.471775,61.22075,61.3494,61.41125,61.506725,61.56195,61.6269,61.677,61.722075,61.774075,61.8275,61.906225,62.12245,62.26065,62.7906,62.90715,63.03685,63.2163,63.472725,63.58575,63.678475,63.805825,64.64005,64.79305,64.8848,64.97875,65.172225,65.287925,65.394425,65.48985,65.6505,65.8011,66.093525,66.653575,66.8546,0,0,0,0,0,0,0,0,0,0,0,0,0,0,0,0,0,0,0,0,0,0,0,0,0,0,0,0,0,0,0,0,0,0,0,0,0,0,0,0,0,0,0,0,0,0,0,0,0,0,0,0,0,0,0,0,0,0,0,0,0,0,0,0,0,0,0,0,0,0,0,0,0,0,0,0,0,0,0,0,0,0,0,0,0,0,0,0,0,0,0,0,0,0,0,0,0,0,0,0,0,0,0,0,0,0,0,0,0,0,0,0,0,0,0,0,0,0,0,0,0,0,0,0,0,0,0,0,0,0,0,0,0,0,0,0,0,0,0,0,0,0,0,0,0,0,0,0,0,0,0,0,0,0,0,0,0,0,0,0,0,0,0,0,0,0,0,0,0,0,0,0,0,0,0,0,0,0,0,0,0,0,0,0,0,0,0,0,0,0,0,0,0,0,0,0,0,0,0,0,0,0,0,0,0,0,0,0,0,0,0,0,0,0,0,0,0,0,0,0,0,0,0,0,0,0,0,0,0,0,0,0,0,0,0,0,0,0,0,0,0,0,0,0,0,0,0,0,0,0,0,0,0,0,0,0,0,0,0,0,0,0,0,0,0,0,0,0,0,0,0,0,0,0,0,0,0,0,0,0,0,0,0,0,0,0,0,0,0,0,0,0,0,0,0,0,0,0,0,0,0,0,0,0,0,0,0,0,0,0,0,0,0,0,0,0,0,0,0,0,0,0,0,0,0,0,0,0,0,0,0,0,0,0,0,0,0,0,0,0,0,0,0,0,0,0,0,0,0,0,0,0,0,0,0,0,0,0,0,0,0,0,0,0,0,0,0,0,0,0,0,0,0,0,0
"99",50.084475,51.524375,51.542925,51.5956,0,0,0,0,0,0,0,0,0,0,0,0,0,0,0,0,0,0,0,0,0,0,0,0,0,0,0,0,0,0,0,0,0,0,0,0,0,0,0,0,0,0,0,0,0,0,0,0,0,0,0,0,0,0,0,0,0,0,0,0,0,0,0,0,0,0,0,0,0,0,0,0,0,0,0,0,0,0,0,0,0,0,0,0,0,0,0,0,0,0,0,0,0,0,0,0,0,0,0,0,0,0,0,0,0,0,0,0,0,0,0,0,0,0,0,0,0,0,0,0,0,0,0,0,0,0,0,0,0,0,0,0,0,0,0,0,0,0,0,0,0,0,0,0,0,0,0,0,0,0,0,0,0,0,0,0,0,0,0,0,0,0,0,0,0,0,0,0,0,0,0,0,0,0,0,0,0,0,0,0,0,0,0,0,0,0,0,0,0,0,0,0,0,0,0,0,0,0,0,0,0,0,0,0,0,0,0,0,0,0,0,0,0,0,0,0,0,0,0,0,0,0,0,0,0,0,0,0,0,0,0,0,0,0,0,0,0,0,0,0,0,0,0,0,0,0,0,0,0,0,0,0,0,0,0,0,0,0,0,0,0,0,0,0,0,0,0,0,0,0,0,0,0,0,0,0,0,0,0,0,0,0,0,0,0,0,0,0,0,0,0,0,0,0,0,0,0,0,0,0,0,0,0,0,0,0,0,0,0,0,0,0,0,0,0,0,0,0,0,0,0,0,0,0,0,0,0,0,0,0,0,0,0,0,0,0,0,0,0,0,0,0,0,0,0,0,0,0,0,0,0,0,0,0,0,0,0,0,0,0,0,0,0,0,0,0,0,0,0,0,0,0,0,0,0,0,0,0,0,0,0,0,0,0,0,0,0,0,0,0,0,0,0,0,0,0,0,0,0,0,0,0,0,0,0,0,0,0,0,0,0,0,0,0,0,0,0,0,0,0,0,0,0,0,0,0,0,0,0,0,0,0
"100",49.656675,49.88865,49.985,50.058475,50.097975,50.826225,50.8651,50.9247,51.106425,51.552675,51.910225,52.23635,52.3852,52.45795,53.839275,54.9417,55.229575,55.453275,56.11345,56.36765,56.785,57.236575,57.40915,57.562525,57.63485,58.04575,58.231625,58.2876,58.358725,58.435725,58.47815,58.509925,59.059575,59.209075,59.32995,59.49445,59.544,59.588875,59.645575,59.6982,59.754325,59.8046,59.84335,59.897625,59.93165,59.950875,59.9741,60.013425,60.032325,60.0766,60.105175,60.16905,60.2382,60.321875,60.371125,61.1386,61.188925,61.2959,61.334675,61.3832,61.4479,61.479275,61.502625,61.5485,61.57695,61.616775,61.6592,61.701775,61.752375,61.79325,61.856975,61.90405,61.9345,61.9897,62.05025,62.107,62.22015,62.3082,62.483475,62.5542,62.6742,62.9912,63.0411,63.0949,63.126425,63.18695,63.2377,63.288975,63.342825,63.408725,63.463875,63.50965,63.580025,63.666725,63.730975,63.81305,63.91885,64.718475,64.833925,64.976675,65.067525,65.258,65.4386,65.55295,65.613725,65.909725,0,0,0,0,0,0,0,0,0,0,0,0,0,0,0,0,0,0,0,0,0,0,0,0,0,0,0,0,0,0,0,0,0,0,0,0,0,0,0,0,0,0,0,0,0,0,0,0,0,0,0,0,0,0,0,0,0,0,0,0,0,0,0,0,0,0,0,0,0,0,0,0,0,0,0,0,0,0,0,0,0,0,0,0,0,0,0,0,0,0,0,0,0,0,0,0,0,0,0,0,0,0,0,0,0,0,0,0,0,0,0,0,0,0,0,0,0,0,0,0,0,0,0,0,0,0,0,0,0,0,0,0,0,0,0,0,0,0,0,0,0,0,0,0,0,0,0,0,0,0,0,0,0,0,0,0,0,0,0,0,0,0,0,0,0,0,0,0,0,0,0,0,0,0,0,0,0,0,0,0,0,0,0,0,0,0,0,0,0,0,0,0,0,0,0,0,0,0,0,0,0,0,0,0,0,0,0,0,0,0,0,0,0,0,0,0,0,0,0,0,0,0,0,0,0,0,0,0,0,0,0,0,0,0,0,0,0,0,0,0,0,0,0,0,0,0,0,0,0,0,0,0,0,0,0,0,0,0,0,0,0,0,0,0,0,0,0,0,0,0,0,0,0,0,0,0,0,0,0,0,0,0,0,0,0,0,0,0,0,0,0,0,0,0,0,0,0,0,0,0,0,0,0,0,0,0,0,0,0,0,0,0,0,0,0,0,0,0,0,0,0,0,0,0,0,0,0,0,0,0
"101",40.30415,42.86455,49.5927,49.680125,49.781175,49.78945,49.832225,49.84635,49.90515,49.969075,50.101675,50.14025,50.15825,50.22905,50.25805,50.3954,51.0433,51.1864,51.22175,52.1965,53.09455,53.77315,54.069825,54.444125,57.490025,58.395225,60.05745,60.216975,61.711975,61.875775,62.236075,63.76675,0,0,0,0,0,0,0,0,0,0,0,0,0,0,0,0,0,0,0,0,0,0,0,0,0,0,0,0,0,0,0,0,0,0,0,0,0,0,0,0,0,0,0,0,0,0,0,0,0,0,0,0,0,0,0,0,0,0,0,0,0,0,0,0,0,0,0,0,0,0,0,0,0,0,0,0,0,0,0,0,0,0,0,0,0,0,0,0,0,0,0,0,0,0,0,0,0,0,0,0,0,0,0,0,0,0,0,0,0,0,0,0,0,0,0,0,0,0,0,0,0,0,0,0,0,0,0,0,0,0,0,0,0,0,0,0,0,0,0,0,0,0,0,0,0,0,0,0,0,0,0,0,0,0,0,0,0,0,0,0,0,0,0,0,0,0,0,0,0,0,0,0,0,0,0,0,0,0,0,0,0,0,0,0,0,0,0,0,0,0,0,0,0,0,0,0,0,0,0,0,0,0,0,0,0,0,0,0,0,0,0,0,0,0,0,0,0,0,0,0,0,0,0,0,0,0,0,0,0,0,0,0,0,0,0,0,0,0,0,0,0,0,0,0,0,0,0,0,0,0,0,0,0,0,0,0,0,0,0,0,0,0,0,0,0,0,0,0,0,0,0,0,0,0,0,0,0,0,0,0,0,0,0,0,0,0,0,0,0,0,0,0,0,0,0,0,0,0,0,0,0,0,0,0,0,0,0,0,0,0,0,0,0,0,0,0,0,0,0,0,0,0,0,0,0,0,0,0,0,0,0,0,0,0,0,0,0,0,0,0,0,0,0,0,0,0,0,0,0,0,0,0,0,0,0,0,0,0,0,0,0,0,0,0,0,0,0,0,0,0,0,0,0,0,0,0,0,0,0,0,0,0,0,0,0,0,0,0,0,0,0,0,0,0,0,0,0,0,0,0,0,0,0,0
"102",49.9029,49.9611,50.0997,50.1137,50.166025,50.1893,50.24685,50.2804,50.3015,50.337225,51.0477,51.110725,51.124325,51.15565,51.2717,52.29935,52.370375,52.416175,52.446675,60.0083,60.0813,0,0,0,0,0,0,0,0,0,0,0,0,0,0,0,0,0,0,0,0,0,0,0,0,0,0,0,0,0,0,0,0,0,0,0,0,0,0,0,0,0,0,0,0,0,0,0,0,0,0,0,0,0,0,0,0,0,0,0,0,0,0,0,0,0,0,0,0,0,0,0,0,0,0,0,0,0,0,0,0,0,0,0,0,0,0,0,0,0,0,0,0,0,0,0,0,0,0,0,0,0,0,0,0,0,0,0,0,0,0,0,0,0,0,0,0,0,0,0,0,0,0,0,0,0,0,0,0,0,0,0,0,0,0,0,0,0,0,0,0,0,0,0,0,0,0,0,0,0,0,0,0,0,0,0,0,0,0,0,0,0,0,0,0,0,0,0,0,0,0,0,0,0,0,0,0,0,0,0,0,0,0,0,0,0,0,0,0,0,0,0,0,0,0,0,0,0,0,0,0,0,0,0,0,0,0,0,0,0,0,0,0,0,0,0,0,0,0,0,0,0,0,0,0,0,0,0,0,0,0,0,0,0,0,0,0,0,0,0,0,0,0,0,0,0,0,0,0,0,0,0,0,0,0,0,0,0,0,0,0,0,0,0,0,0,0,0,0,0,0,0,0,0,0,0,0,0,0,0,0,0,0,0,0,0,0,0,0,0,0,0,0,0,0,0,0,0,0,0,0,0,0,0,0,0,0,0,0,0,0,0,0,0,0,0,0,0,0,0,0,0,0,0,0,0,0,0,0,0,0,0,0,0,0,0,0,0,0,0,0,0,0,0,0,0,0,0,0,0,0,0,0,0,0,0,0,0,0,0,0,0,0,0,0,0,0,0,0,0,0,0,0,0,0,0,0,0,0,0,0,0,0,0,0,0,0,0,0,0,0,0,0,0,0,0,0,0,0,0,0,0,0,0,0,0,0,0,0,0,0,0,0,0,0,0
"103",49.67465,49.98845,50.08895,50.312575,50.564575,50.57535,50.60375,50.998,51.1332,51.6151,51.76675,52.6131,52.716025,52.7518,52.81745,53.55665,53.580225,53.66575,54.583275,54.65065,54.926075,54.993225,55.0258,55.074625,55.12035,55.3769,57.165075,57.336075,57.36585,57.4236,57.43435,57.47205,57.52635,57.643075,58.57495,58.642075,58.973975,59.1319,59.193075,59.30785,59.724975,61.3062,61.458225,62.428525,64.417675,64.4193,0,0,0,0,0,0,0,0,0,0,0,0,0,0,0,0,0,0,0,0,0,0,0,0,0,0,0,0,0,0,0,0,0,0,0,0,0,0,0,0,0,0,0,0,0,0,0,0,0,0,0,0,0,0,0,0,0,0,0,0,0,0,0,0,0,0,0,0,0,0,0,0,0,0,0,0,0,0,0,0,0,0,0,0,0,0,0,0,0,0,0,0,0,0,0,0,0,0,0,0,0,0,0,0,0,0,0,0,0,0,0,0,0,0,0,0,0,0,0,0,0,0,0,0,0,0,0,0,0,0,0,0,0,0,0,0,0,0,0,0,0,0,0,0,0,0,0,0,0,0,0,0,0,0,0,0,0,0,0,0,0,0,0,0,0,0,0,0,0,0,0,0,0,0,0,0,0,0,0,0,0,0,0,0,0,0,0,0,0,0,0,0,0,0,0,0,0,0,0,0,0,0,0,0,0,0,0,0,0,0,0,0,0,0,0,0,0,0,0,0,0,0,0,0,0,0,0,0,0,0,0,0,0,0,0,0,0,0,0,0,0,0,0,0,0,0,0,0,0,0,0,0,0,0,0,0,0,0,0,0,0,0,0,0,0,0,0,0,0,0,0,0,0,0,0,0,0,0,0,0,0,0,0,0,0,0,0,0,0,0,0,0,0,0,0,0,0,0,0,0,0,0,0,0,0,0,0,0,0,0,0,0,0,0,0,0,0,0,0,0,0,0,0,0,0,0,0,0,0,0,0,0,0,0,0,0,0,0,0,0,0,0,0,0,0,0,0,0,0,0,0,0,0,0,0,0,0,0,0,0,0,0,0,0,0,0,0,0,0,0,0,0,0,0,0,0,0,0,0,0,0,0,0,0,0,0,0,0,0,0
"104",42.2393,42.33,43.006675,43.79905,45.91315,49.665775,49.70375,49.746925,49.91235,49.958525,50.173625,50.330225,50.391725,50.4611,50.498375,50.5321,50.560625,50.59435,50.6162,50.668225,50.7018,50.796,50.885825,51.01525,51.121,51.177,51.266725,51.422325,51.48265,51.60265,51.728625,51.746225,51.881175,51.96175,52.3914,52.42,52.5834,52.666,52.712175,52.739575,52.758475,52.90635,52.96365,52.9815,53.05385,53.2712,53.339525,53.4282,53.531875,53.59515,53.638275,53.7499,53.855575,53.9148,53.99625,54.03015,54.036125,54.1024,54.371375,54.442825,54.458225,54.635975,54.689425,54.962875,54.98295,55.023975,55.09365,55.1346,55.276625,55.32945,55.3333,55.4288,55.483925,55.4905,55.95475,56.033275,56.12375,56.530175,56.625375,56.7556,56.8452,57.0544,57.3219,57.5353,57.600025,57.6652,58.480725,58.70375,58.755,58.92395,59.277425,59.727425,59.85075,60.067975,60.344375,60.811075,61.680775,61.7567,62.152175,62.895575,63.060275,64.387075,64.429425,64.577275,65.204325,65.307475,72.589625,0,0,0,0,0,0,0,0,0,0,0,0,0,0,0,0,0,0,0,0,0,0,0,0,0,0,0,0,0,0,0,0,0,0,0,0,0,0,0,0,0,0,0,0,0,0,0,0,0,0,0,0,0,0,0,0,0,0,0,0,0,0,0,0,0,0,0,0,0,0,0,0,0,0,0,0,0,0,0,0,0,0,0,0,0,0,0,0,0,0,0,0,0,0,0,0,0,0,0,0,0,0,0,0,0,0,0,0,0,0,0,0,0,0,0,0,0,0,0,0,0,0,0,0,0,0,0,0,0,0,0,0,0,0,0,0,0,0,0,0,0,0,0,0,0,0,0,0,0,0,0,0,0,0,0,0,0,0,0,0,0,0,0,0,0,0,0,0,0,0,0,0,0,0,0,0,0,0,0,0,0,0,0,0,0,0,0,0,0,0,0,0,0,0,0,0,0,0,0,0,0,0,0,0,0,0,0,0,0,0,0,0,0,0,0,0,0,0,0,0,0,0,0,0,0,0,0,0,0,0,0,0,0,0,0,0,0,0,0,0,0,0,0,0,0,0,0,0,0,0,0,0,0,0,0,0,0,0,0,0,0,0,0,0,0,0,0,0,0,0,0,0,0,0,0,0,0,0,0,0,0,0,0,0,0,0,0,0,0,0,0,0,0,0,0,0,0,0,0,0,0,0,0,0,0,0,0,0,0,0,0,0,0,0,0,0,0,0,0,0,0,0,0,0,0,0,0,0,0
"105",49.951225,50.5376,51.68955,53.9226,54.544825,54.6681,56.91255,57.537625,0,0,0,0,0,0,0,0,0,0,0,0,0,0,0,0,0,0,0,0,0,0,0,0,0,0,0,0,0,0,0,0,0,0,0,0,0,0,0,0,0,0,0,0,0,0,0,0,0,0,0,0,0,0,0,0,0,0,0,0,0,0,0,0,0,0,0,0,0,0,0,0,0,0,0,0,0,0,0,0,0,0,0,0,0,0,0,0,0,0,0,0,0,0,0,0,0,0,0,0,0,0,0,0,0,0,0,0,0,0,0,0,0,0,0,0,0,0,0,0,0,0,0,0,0,0,0,0,0,0,0,0,0,0,0,0,0,0,0,0,0,0,0,0,0,0,0,0,0,0,0,0,0,0,0,0,0,0,0,0,0,0,0,0,0,0,0,0,0,0,0,0,0,0,0,0,0,0,0,0,0,0,0,0,0,0,0,0,0,0,0,0,0,0,0,0,0,0,0,0,0,0,0,0,0,0,0,0,0,0,0,0,0,0,0,0,0,0,0,0,0,0,0,0,0,0,0,0,0,0,0,0,0,0,0,0,0,0,0,0,0,0,0,0,0,0,0,0,0,0,0,0,0,0,0,0,0,0,0,0,0,0,0,0,0,0,0,0,0,0,0,0,0,0,0,0,0,0,0,0,0,0,0,0,0,0,0,0,0,0,0,0,0,0,0,0,0,0,0,0,0,0,0,0,0,0,0,0,0,0,0,0,0,0,0,0,0,0,0,0,0,0,0,0,0,0,0,0,0,0,0,0,0,0,0,0,0,0,0,0,0,0,0,0,0,0,0,0,0,0,0,0,0,0,0,0,0,0,0,0,0,0,0,0,0,0,0,0,0,0,0,0,0,0,0,0,0,0,0,0,0,0,0,0,0,0,0,0,0,0,0,0,0,0,0,0,0,0,0,0,0,0,0,0,0,0,0,0,0,0,0,0,0,0,0,0,0,0,0,0,0,0,0,0,0,0,0,0
"106",49.740325,49.978375,50.015475,50.101675,50.647225,50.71895,50.845375,50.889125,51.099675,51.595825,51.6662,52.7257,52.76205,52.9128,53.8211,54.76785,55.0361,55.327675,56.4092,57.05125,57.129225,57.200575,57.279875,57.344825,57.44665,57.56905,58.1854,59.928925,59.9692,60.287875,60.864925,60.987525,61.2756,61.438825,61.476075,61.52935,61.571175,61.74615,62.081075,62.17015,62.222975,62.426625,62.797125,62.89435,62.962825,63.033,63.0957,63.132625,63.333575,63.377525,63.475925,64.731025,64.84795,64.970775,65.1138,65.350525,0,0,0,0,0,0,0,0,0,0,0,0,0,0,0,0,0,0,0,0,0,0,0,0,0,0,0,0,0,0,0,0,0,0,0,0,0,0,0,0,0,0,0,0,0,0,0,0,0,0,0,0,0,0,0,0,0,0,0,0,0,0,0,0,0,0,0,0,0,0,0,0,0,0,0,0,0,0,0,0,0,0,0,0,0,0,0,0,0,0,0,0,0,0,0,0,0,0,0,0,0,0,0,0,0,0,0,0,0,0,0,0,0,0,0,0,0,0,0,0,0,0,0,0,0,0,0,0,0,0,0,0,0,0,0,0,0,0,0,0,0,0,0,0,0,0,0,0,0,0,0,0,0,0,0,0,0,0,0,0,0,0,0,0,0,0,0,0,0,0,0,0,0,0,0,0,0,0,0,0,0,0,0,0,0,0,0,0,0,0,0,0,0,0,0,0,0,0,0,0,0,0,0,0,0,0,0,0,0,0,0,0,0,0,0,0,0,0,0,0,0,0,0,0,0,0,0,0,0,0,0,0,0,0,0,0,0,0,0,0,0,0,0,0,0,0,0,0,0,0,0,0,0,0,0,0,0,0,0,0,0,0,0,0,0,0,0,0,0,0,0,0,0,0,0,0,0,0,0,0,0,0,0,0,0,0,0,0,0,0,0,0,0,0,0,0,0,0,0,0,0,0,0,0,0,0,0,0,0,0,0,0,0,0,0,0,0,0,0,0,0,0,0,0,0,0,0,0,0,0,0,0,0,0,0,0,0,0,0,0,0,0,0,0,0,0,0,0,0,0,0,0,0,0,0,0,0,0,0,0,0,0,0,0,0,0,0,0,0,0,0,0,0,0,0,0,0,0,0,0
"107",49.5268,49.568225,49.590325,49.6194,49.6734,49.7639,49.7656,49.786625,49.8302,49.846725,49.891875,49.92945,50.03385,50.046075,50.0605,50.083975,50.091675,50.09675,50.1308,50.145425,50.15705,50.1682,50.178,50.20955,50.226075,50.230725,50.23905,50.25385,50.3221,50.337725,50.34825,50.3773,50.5234,50.566225,50.5901,50.605925,50.63845,50.6488,50.654225,50.7315,50.746575,50.7716,50.790725,50.80315,50.838175,50.854025,50.866275,50.875675,50.920175,50.926225,50.946675,50.978575,50.999725,51.008775,51.01805,51.023925,51.028625,51.05925,51.074925,51.08305,51.109775,51.131375,51.149625,51.15945,51.166675,51.202475,51.20955,51.216125,51.229275,51.242825,51.25545,51.2689,51.27665,51.301525,51.605525,51.614025,51.649925,51.6528,51.6569,51.7771,51.814325,51.871775,51.9213,51.934625,51.95575,51.996,52.0177,52.0215,52.060625,52.08325,52.097025,52.12445,52.139975,52.14345,52.17905,52.194175,52.201225,52.2143,52.2332,52.24125,52.2532,52.307275,52.31615,52.3469,52.390825,52.403625,52.4553,52.46775,52.49565,52.504825,52.569575,52.6235,52.6537,52.68995,52.7065,52.713425,52.829325,53.05675,53.18715,53.219725,53.246975,53.287475,53.3083,53.3293,53.360675,53.409075,53.4559,53.477875,53.493,53.56,53.56785,53.587075,53.6249,53.6465,53.65295,53.690075,53.705725,53.70765,53.7382,53.8032,53.825025,53.875225,53.92645,53.9477,53.9732,53.98325,53.990075,54.00775,54.025475,54.05245,54.102275,54.121125,54.15605,54.167075,54.17965,54.211225,54.238275,54.240425,54.269175,54.277175,54.29595,54.31815,54.324275,54.352825,54.37855,54.401675,54.42525,54.454825,54.519675,54.55205,54.585375,54.592325,54.63165,54.639325,54.70575,54.74175,54.764025,54.78195,54.843525,54.905225,54.9453,55.02915,55.094575,55.13215,55.17145,55.1862,55.268775,55.27875,55.335,55.42585,55.447025,55.453575,55.5559,55.745775,55.7625,55.7983,55.863725,55.871325,55.937175,55.957575,55.962375,56.01495,56.07375,56.090525,56.1354,56.176175,56.20565,56.261275,56.273925,56.2959,56.378975,56.440125,56.451575,56.495,56.5818,56.593925,56.607725,56.65125,56.662675,56.686975,56.696125,56.706325,56.715725,56.732825,56.741525,56.771275,56.78585,56.8091,56.815175,56.9022,56.913375,57.01225,57.02635,57.076425,57.0857,57.1945,57.231475,57.2679,57.294075,57.353775,57.3787,57.40705,57.48215,57.49285,57.52015,57.67065,57.6785,57.699075,57.754975,57.757875,57.8099,57.827975,57.849725,57.896525,57.913675,57.993525,58.032675,58.045925,58.090975,58.108625,58.127225,58.1631,58.1652,58.19055,58.223325,58.2392,58.25265,58.27065,58.291725,58.3059,58.312825,58.32605,58.357775,58.3778,58.468275,58.566525,58.604975,58.6457,58.652175,58.657875,58.7075,58.745475,58.777775,58.793875,58.8215,58.83225,58.86765,59.061875,59.188125,59.223,59.233475,59.293725,59.5259,59.55295,59.77755,59.825725,59.86045,59.88295,59.9042,59.95445,60.071425,60.106175,60.1402,60.168975,60.1944,60.21795,60.227125,60.29695,60.3252,60.349625,60.3638,60.3778,60.398675,60.42195,60.4442,60.4685,60.552125,60.559575,60.60165,60.695325,60.880475,60.909125,60.969,61.0099,61.07815,61.11465,61.30585,61.4081,61.4443,61.451125,61.513975,61.55735,61.570825,61.60775,61.616225,61.662925,61.7109,61.72315,61.7328,61.77145,61.77885,61.8076,61.899875,61.9302,61.9656,61.98325,62.010925,62.063325,62.085775,62.17205,62.206175,62.229125,62.256475,62.284325,62.3188,62.338,62.3668,62.3977,62.421025,62.441425,62.447925,62.531375,62.578375,62.629775,62.69,62.743925,62.8814,62.916425,63.002025,63.0403,63.1636,63.22165,63.2232,63.244925,63.283425,63.31755,63.355175,63.413275,63.449475,63.475175,63.50825,63.5443,63.6358,63.6655,63.69805,63.7406,63.831225,63.8962,64.05135,64.4147,64.586425,65.003325,65.244575,65.3644,65.636525,65.930775,66.758925,67.203325,67.242725,69.54335,70.28895,71.121175,71.442425,72.532725,0,0,0,0,0,0,0,0,0,0,0,0,0,0,0,0,0,0,0,0,0,0,0,0,0,0,0,0,0,0,0,0
"108",49.879675,49.962175,50.028825,50.132775,50.1796,50.248275,50.316775,50.421875,50.989,51.098625,51.198475,51.21545,53.540825,53.69995,53.782425,54.060125,54.251175,56.36735,56.43375,58.598525,0,0,0,0,0,0,0,0,0,0,0,0,0,0,0,0,0,0,0,0,0,0,0,0,0,0,0,0,0,0,0,0,0,0,0,0,0,0,0,0,0,0,0,0,0,0,0,0,0,0,0,0,0,0,0,0,0,0,0,0,0,0,0,0,0,0,0,0,0,0,0,0,0,0,0,0,0,0,0,0,0,0,0,0,0,0,0,0,0,0,0,0,0,0,0,0,0,0,0,0,0,0,0,0,0,0,0,0,0,0,0,0,0,0,0,0,0,0,0,0,0,0,0,0,0,0,0,0,0,0,0,0,0,0,0,0,0,0,0,0,0,0,0,0,0,0,0,0,0,0,0,0,0,0,0,0,0,0,0,0,0,0,0,0,0,0,0,0,0,0,0,0,0,0,0,0,0,0,0,0,0,0,0,0,0,0,0,0,0,0,0,0,0,0,0,0,0,0,0,0,0,0,0,0,0,0,0,0,0,0,0,0,0,0,0,0,0,0,0,0,0,0,0,0,0,0,0,0,0,0,0,0,0,0,0,0,0,0,0,0,0,0,0,0,0,0,0,0,0,0,0,0,0,0,0,0,0,0,0,0,0,0,0,0,0,0,0,0,0,0,0,0,0,0,0,0,0,0,0,0,0,0,0,0,0,0,0,0,0,0,0,0,0,0,0,0,0,0,0,0,0,0,0,0,0,0,0,0,0,0,0,0,0,0,0,0,0,0,0,0,0,0,0,0,0,0,0,0,0,0,0,0,0,0,0,0,0,0,0,0,0,0,0,0,0,0,0,0,0,0,0,0,0,0,0,0,0,0,0,0,0,0,0,0,0,0,0,0,0,0,0,0,0,0,0,0,0,0,0,0,0,0,0,0,0,0,0,0,0,0,0,0,0,0,0,0,0,0,0,0,0,0,0,0,0,0,0,0,0,0,0,0,0,0,0,0
"109",49.6465,49.847575,50.1946,51.14885,51.50105,51.849375,51.926975,52.137175,52.1652,52.207725,52.976925,53.1083,53.355325,53.491725,53.5357,54.117625,54.573925,55.194775,55.28475,55.450675,55.910525,56.2911,57.1616,59.878025,61.23125,63.2748,63.42835,0,0,0,0,0,0,0,0,0,0,0,0,0,0,0,0,0,0,0,0,0,0,0,0,0,0,0,0,0,0,0,0,0,0,0,0,0,0,0,0,0,0,0,0,0,0,0,0,0,0,0,0,0,0,0,0,0,0,0,0,0,0,0,0,0,0,0,0,0,0,0,0,0,0,0,0,0,0,0,0,0,0,0,0,0,0,0,0,0,0,0,0,0,0,0,0,0,0,0,0,0,0,0,0,0,0,0,0,0,0,0,0,0,0,0,0,0,0,0,0,0,0,0,0,0,0,0,0,0,0,0,0,0,0,0,0,0,0,0,0,0,0,0,0,0,0,0,0,0,0,0,0,0,0,0,0,0,0,0,0,0,0,0,0,0,0,0,0,0,0,0,0,0,0,0,0,0,0,0,0,0,0,0,0,0,0,0,0,0,0,0,0,0,0,0,0,0,0,0,0,0,0,0,0,0,0,0,0,0,0,0,0,0,0,0,0,0,0,0,0,0,0,0,0,0,0,0,0,0,0,0,0,0,0,0,0,0,0,0,0,0,0,0,0,0,0,0,0,0,0,0,0,0,0,0,0,0,0,0,0,0,0,0,0,0,0,0,0,0,0,0,0,0,0,0,0,0,0,0,0,0,0,0,0,0,0,0,0,0,0,0,0,0,0,0,0,0,0,0,0,0,0,0,0,0,0,0,0,0,0,0,0,0,0,0,0,0,0,0,0,0,0,0,0,0,0,0,0,0,0,0,0,0,0,0,0,0,0,0,0,0,0,0,0,0,0,0,0,0,0,0,0,0,0,0,0,0,0,0,0,0,0,0,0,0,0,0,0,0,0,0,0,0,0,0,0,0,0,0,0,0,0,0,0,0,0,0,0,0,0,0,0,0,0,0,0,0,0,0,0,0,0,0,0,0,0,0,0,0
"110",51.54065,52.036125,53.352825,57.741125,57.95305,64.172375,64.347625,64.595975,0,0,0,0,0,0,0,0,0,0,0,0,0,0,0,0,0,0,0,0,0,0,0,0,0,0,0,0,0,0,0,0,0,0,0,0,0,0,0,0,0,0,0,0,0,0,0,0,0,0,0,0,0,0,0,0,0,0,0,0,0,0,0,0,0,0,0,0,0,0,0,0,0,0,0,0,0,0,0,0,0,0,0,0,0,0,0,0,0,0,0,0,0,0,0,0,0,0,0,0,0,0,0,0,0,0,0,0,0,0,0,0,0,0,0,0,0,0,0,0,0,0,0,0,0,0,0,0,0,0,0,0,0,0,0,0,0,0,0,0,0,0,0,0,0,0,0,0,0,0,0,0,0,0,0,0,0,0,0,0,0,0,0,0,0,0,0,0,0,0,0,0,0,0,0,0,0,0,0,0,0,0,0,0,0,0,0,0,0,0,0,0,0,0,0,0,0,0,0,0,0,0,0,0,0,0,0,0,0,0,0,0,0,0,0,0,0,0,0,0,0,0,0,0,0,0,0,0,0,0,0,0,0,0,0,0,0,0,0,0,0,0,0,0,0,0,0,0,0,0,0,0,0,0,0,0,0,0,0,0,0,0,0,0,0,0,0,0,0,0,0,0,0,0,0,0,0,0,0,0,0,0,0,0,0,0,0,0,0,0,0,0,0,0,0,0,0,0,0,0,0,0,0,0,0,0,0,0,0,0,0,0,0,0,0,0,0,0,0,0,0,0,0,0,0,0,0,0,0,0,0,0,0,0,0,0,0,0,0,0,0,0,0,0,0,0,0,0,0,0,0,0,0,0,0,0,0,0,0,0,0,0,0,0,0,0,0,0,0,0,0,0,0,0,0,0,0,0,0,0,0,0,0,0,0,0,0,0,0,0,0,0,0,0,0,0,0,0,0,0,0,0,0,0,0,0,0,0,0,0,0,0,0,0,0,0,0,0,0,0,0,0,0,0,0,0,0,0
"111",49.628925,49.704025,49.75075,49.81955,49.96385,50.025625,50.05585,50.1736,50.2319,50.293175,50.32985,50.4587,50.520525,50.751275,50.882,51.232125,51.342175,51.457875,51.55505,51.73325,51.894175,51.970525,51.9955,52.0993,52.18605,52.228425,52.3287,53.271125,53.2966,53.515425,53.94695,54.604025,54.6345,54.7012,54.748975,54.9399,54.9627,55.137675,55.454375,55.61035,55.622475,55.629775,55.7242,55.924825,55.995325,56.415525,56.52395,56.554225,56.739625,56.864575,57.001875,57.091775,57.5011,57.9636,58.067,58.246475,58.3975,58.499175,58.550775,58.91635,58.92455,59.035025,59.11425,59.35345,59.669125,60.096325,60.262375,60.302075,60.584575,60.668575,60.828925,61.02615,61.90355,62.08185,62.653525,62.84895,62.923675,63.195325,63.76935,64.22685,64.392325,64.469,64.621025,64.792475,65.0159,65.47325,66.617575,66.7516,67.26745,68.86245,0,0,0,0,0,0,0,0,0,0,0,0,0,0,0,0,0,0,0,0,0,0,0,0,0,0,0,0,0,0,0,0,0,0,0,0,0,0,0,0,0,0,0,0,0,0,0,0,0,0,0,0,0,0,0,0,0,0,0,0,0,0,0,0,0,0,0,0,0,0,0,0,0,0,0,0,0,0,0,0,0,0,0,0,0,0,0,0,0,0,0,0,0,0,0,0,0,0,0,0,0,0,0,0,0,0,0,0,0,0,0,0,0,0,0,0,0,0,0,0,0,0,0,0,0,0,0,0,0,0,0,0,0,0,0,0,0,0,0,0,0,0,0,0,0,0,0,0,0,0,0,0,0,0,0,0,0,0,0,0,0,0,0,0,0,0,0,0,0,0,0,0,0,0,0,0,0,0,0,0,0,0,0,0,0,0,0,0,0,0,0,0,0,0,0,0,0,0,0,0,0,0,0,0,0,0,0,0,0,0,0,0,0,0,0,0,0,0,0,0,0,0,0,0,0,0,0,0,0,0,0,0,0,0,0,0,0,0,0,0,0,0,0,0,0,0,0,0,0,0,0,0,0,0,0,0,0,0,0,0,0,0,0,0,0,0,0,0,0,0,0,0,0,0,0,0,0,0,0,0,0,0,0,0,0,0,0,0,0,0,0,0,0,0,0,0,0,0,0,0,0,0,0,0,0,0,0,0,0,0,0,0,0,0,0,0,0,0,0,0,0,0,0,0,0,0,0,0,0,0,0,0,0,0,0,0,0,0,0,0,0,0,0,0,0,0
"112",50.090625,50.529775,50.54345,50.999025,51.0579,51.799175,52.0648,52.237175,52.341975,52.865125,53.181825,53.241,53.328225,53.401775,53.466325,53.526675,53.6463,53.766875,54.118625,54.286425,54.34305,55.1188,55.346,55.741225,55.91985,56.013675,56.069475,56.234375,56.318475,56.40205,56.488,56.57375,56.902625,57.0593,57.14355,57.2306,57.792675,58.05205,58.1367,58.404675,58.787475,0,0,0,0,0,0,0,0,0,0,0,0,0,0,0,0,0,0,0,0,0,0,0,0,0,0,0,0,0,0,0,0,0,0,0,0,0,0,0,0,0,0,0,0,0,0,0,0,0,0,0,0,0,0,0,0,0,0,0,0,0,0,0,0,0,0,0,0,0,0,0,0,0,0,0,0,0,0,0,0,0,0,0,0,0,0,0,0,0,0,0,0,0,0,0,0,0,0,0,0,0,0,0,0,0,0,0,0,0,0,0,0,0,0,0,0,0,0,0,0,0,0,0,0,0,0,0,0,0,0,0,0,0,0,0,0,0,0,0,0,0,0,0,0,0,0,0,0,0,0,0,0,0,0,0,0,0,0,0,0,0,0,0,0,0,0,0,0,0,0,0,0,0,0,0,0,0,0,0,0,0,0,0,0,0,0,0,0,0,0,0,0,0,0,0,0,0,0,0,0,0,0,0,0,0,0,0,0,0,0,0,0,0,0,0,0,0,0,0,0,0,0,0,0,0,0,0,0,0,0,0,0,0,0,0,0,0,0,0,0,0,0,0,0,0,0,0,0,0,0,0,0,0,0,0,0,0,0,0,0,0,0,0,0,0,0,0,0,0,0,0,0,0,0,0,0,0,0,0,0,0,0,0,0,0,0,0,0,0,0,0,0,0,0,0,0,0,0,0,0,0,0,0,0,0,0,0,0,0,0,0,0,0,0,0,0,0,0,0,0,0,0,0,0,0,0,0,0,0,0,0,0,0,0,0,0,0,0,0,0,0,0,0,0,0,0,0,0,0,0,0,0,0,0,0,0,0,0,0,0,0,0,0,0,0,0,0,0,0,0,0,0,0,0,0,0,0,0,0,0,0,0,0,0,0,0,0,0,0,0,0,0,0,0,0
"113",40.1784,40.512075,40.783625,40.857875,41.166475,41.22385,41.632775,42.118225,42.193325,42.25735,42.484925,42.554375,42.848725,42.897325,42.950025,43.02645,43.904525,44.121825,44.710775,44.855225,44.92965,45.098825,45.1586,45.251875,45.338175,45.7781,45.9251,46.36455,46.53625,46.903025,46.982975,47.166725,47.334875,47.40875,47.469775,47.776425,47.908375,48.033475,48.23085,48.44125,48.542675,48.99335,49.162875,49.266075,49.3804,49.46395,50.6545,50.70445,50.766725,50.831775,51.466625,51.5486,51.66155,51.7213,51.87905,52.1453,52.6248,52.904475,52.989625,53.881425,54.05275,54.748825,55.88135,55.977675,57.10705,57.20325,57.600875,58.07255,58.863075,58.916175,59.069025,59.16885,59.2401,59.39935,59.523325,59.643875,59.77055,60.420075,60.465325,60.678525,60.6988,60.737425,61.028625,61.09955,61.1693,61.224425,61.25165,61.361525,61.39555,61.42805,61.472825,61.56755,61.636,61.6843,62.3811,62.492725,62.560225,62.872025,62.902675,63.03335,63.109525,63.2471,63.283075,63.53075,63.612825,63.73925,63.8774,63.917325,63.987,64.0875,64.452275,64.53225,64.5572,64.8322,64.9105,65.147825,66.7441,67.792675,68.28175,68.49095,68.675075,69.166575,70.715325,71.075275,71.843825,73.143825,74.088825,74.370075,74.8749,75.164025,75.7188,75.843775,76.05885,76.206575,76.40305,76.8175,0,0,0,0,0,0,0,0,0,0,0,0,0,0,0,0,0,0,0,0,0,0,0,0,0,0,0,0,0,0,0,0,0,0,0,0,0,0,0,0,0,0,0,0,0,0,0,0,0,0,0,0,0,0,0,0,0,0,0,0,0,0,0,0,0,0,0,0,0,0,0,0,0,0,0,0,0,0,0,0,0,0,0,0,0,0,0,0,0,0,0,0,0,0,0,0,0,0,0,0,0,0,0,0,0,0,0,0,0,0,0,0,0,0,0,0,0,0,0,0,0,0,0,0,0,0,0,0,0,0,0,0,0,0,0,0,0,0,0,0,0,0,0,0,0,0,0,0,0,0,0,0,0,0,0,0,0,0,0,0,0,0,0,0,0,0,0,0,0,0,0,0,0,0,0,0,0,0,0,0,0,0,0,0,0,0,0,0,0,0,0,0,0,0,0,0,0,0,0,0,0,0,0,0,0,0,0,0,0,0,0,0,0,0,0,0,0,0,0,0,0,0,0,0,0,0,0,0,0,0,0,0,0,0,0,0,0,0,0,0,0,0,0,0,0,0,0,0,0,0,0,0,0,0,0,0,0,0,0,0,0,0,0,0,0,0,0,0,0,0,0,0,0,0,0,0,0,0,0,0,0,0,0,0,0,0,0,0,0,0,0,0,0,0,0,0,0,0,0,0
"114",50.676925,50.7214,50.77335,50.84345,50.912625,51.49115,51.630375,51.962325,52.156425,52.6373,52.6814,52.871925,53.037775,53.395275,53.4992,53.952825,53.999175,54.0936,54.1865,54.3128,54.71175,54.76935,54.87065,55.28675,55.50155,55.753675,55.917425,56.048125,56.974525,57.015775,57.0434,57.098925,57.227025,57.280025,57.743575,57.8526,58.02005,58.1386,58.912025,58.95175,58.97715,58.997225,59.019225,59.044,59.122125,59.336375,59.382375,59.44575,59.53955,59.648325,59.691725,59.786275,59.898925,60.817225,60.888325,60.988225,61.0551,61.135375,0,0,0,0,0,0,0,0,0,0,0,0,0,0,0,0,0,0,0,0,0,0,0,0,0,0,0,0,0,0,0,0,0,0,0,0,0,0,0,0,0,0,0,0,0,0,0,0,0,0,0,0,0,0,0,0,0,0,0,0,0,0,0,0,0,0,0,0,0,0,0,0,0,0,0,0,0,0,0,0,0,0,0,0,0,0,0,0,0,0,0,0,0,0,0,0,0,0,0,0,0,0,0,0,0,0,0,0,0,0,0,0,0,0,0,0,0,0,0,0,0,0,0,0,0,0,0,0,0,0,0,0,0,0,0,0,0,0,0,0,0,0,0,0,0,0,0,0,0,0,0,0,0,0,0,0,0,0,0,0,0,0,0,0,0,0,0,0,0,0,0,0,0,0,0,0,0,0,0,0,0,0,0,0,0,0,0,0,0,0,0,0,0,0,0,0,0,0,0,0,0,0,0,0,0,0,0,0,0,0,0,0,0,0,0,0,0,0,0,0,0,0,0,0,0,0,0,0,0,0,0,0,0,0,0,0,0,0,0,0,0,0,0,0,0,0,0,0,0,0,0,0,0,0,0,0,0,0,0,0,0,0,0,0,0,0,0,0,0,0,0,0,0,0,0,0,0,0,0,0,0,0,0,0,0,0,0,0,0,0,0,0,0,0,0,0,0,0,0,0,0,0,0,0,0,0,0,0,0,0,0,0,0,0,0,0,0,0,0,0,0,0,0,0,0,0,0,0,0,0,0,0,0,0,0,0,0,0,0,0,0,0,0,0,0,0,0,0,0,0,0,0,0,0,0,0,0,0,0,0,0,0,0,0,0,0,0,0,0,0,0,0,0,0,0,0,0,0
"115",49.5835,49.713625,49.854825,49.990625,50.062675,50.176225,50.2204,50.254,50.291725,50.35825,50.544575,50.60405,50.67845,50.9324,50.945125,51.0458,51.165825,51.169125,51.1865,51.224675,51.32675,51.4366,51.5528,52.1261,52.373375,52.4803,53.1491,53.712925,54.233175,54.471625,54.54635,56.494625,56.622225,56.68765,56.788075,58.59585,60.205175,60.496575,61.645175,61.714475,61.88225,62.023125,62.117175,62.20235,62.288225,62.39095,62.602875,62.72875,62.8603,63.081025,63.3191,63.4022,63.51375,63.596175,63.668975,63.73945,63.779475,63.860825,63.95095,64.0876,64.16,64.296075,64.38005,64.4298,64.479175,64.5377,64.61885,64.685725,64.747675,64.78875,64.869575,64.925875,64.97955,65.04635,65.106725,65.146375,65.220025,65.30545,65.383625,65.4874,65.597875,65.679675,65.785775,65.916075,66.0659,66.170375,66.331575,66.48765,66.61085,67.94275,76.8168,0,0,0,0,0,0,0,0,0,0,0,0,0,0,0,0,0,0,0,0,0,0,0,0,0,0,0,0,0,0,0,0,0,0,0,0,0,0,0,0,0,0,0,0,0,0,0,0,0,0,0,0,0,0,0,0,0,0,0,0,0,0,0,0,0,0,0,0,0,0,0,0,0,0,0,0,0,0,0,0,0,0,0,0,0,0,0,0,0,0,0,0,0,0,0,0,0,0,0,0,0,0,0,0,0,0,0,0,0,0,0,0,0,0,0,0,0,0,0,0,0,0,0,0,0,0,0,0,0,0,0,0,0,0,0,0,0,0,0,0,0,0,0,0,0,0,0,0,0,0,0,0,0,0,0,0,0,0,0,0,0,0,0,0,0,0,0,0,0,0,0,0,0,0,0,0,0,0,0,0,0,0,0,0,0,0,0,0,0,0,0,0,0,0,0,0,0,0,0,0,0,0,0,0,0,0,0,0,0,0,0,0,0,0,0,0,0,0,0,0,0,0,0,0,0,0,0,0,0,0,0,0,0,0,0,0,0,0,0,0,0,0,0,0,0,0,0,0,0,0,0,0,0,0,0,0,0,0,0,0,0,0,0,0,0,0,0,0,0,0,0,0,0,0,0,0,0,0,0,0,0,0,0,0,0,0,0,0,0,0,0,0,0,0,0,0,0,0,0,0,0,0,0,0,0,0,0,0,0,0,0,0,0,0,0,0,0,0,0,0,0,0,0,0,0,0,0,0,0,0,0,0,0,0,0,0,0,0,0,0,0,0,0,0,0
"116",40.08465,40.21635,40.337125,40.630975,40.748075,40.859475,40.97,41.17,41.296075,41.6091,41.758,41.9489,42.14545,42.268975,42.55945,42.74355,42.92695,43.040125,43.20855,43.32445,43.580275,43.6511,43.778975,43.987575,44.1966,44.343075,44.482375,44.603225,44.833275,44.963625,45.136425,45.27245,45.39245,45.50975,45.6205,45.814025,45.937075,46.3355,46.60545,46.744175,46.876025,47.0755,47.19125,47.397625,47.605775,47.7928,47.910275,48.07175,48.200375,48.458675,48.601225,48.823675,48.96525,49.126875,49.389575,51.100975,51.51585,51.717025,70.15925,70.62465,71.030325,71.64505,71.834375,72.240475,73.093525,73.464625,74.176875,74.27945,74.7482,74.909825,75.269975,75.7742,75.93355,76.15585,76.41275,76.512175,77.65965,78.1142,0,0,0,0,0,0,0,0,0,0,0,0,0,0,0,0,0,0,0,0,0,0,0,0,0,0,0,0,0,0,0,0,0,0,0,0,0,0,0,0,0,0,0,0,0,0,0,0,0,0,0,0,0,0,0,0,0,0,0,0,0,0,0,0,0,0,0,0,0,0,0,0,0,0,0,0,0,0,0,0,0,0,0,0,0,0,0,0,0,0,0,0,0,0,0,0,0,0,0,0,0,0,0,0,0,0,0,0,0,0,0,0,0,0,0,0,0,0,0,0,0,0,0,0,0,0,0,0,0,0,0,0,0,0,0,0,0,0,0,0,0,0,0,0,0,0,0,0,0,0,0,0,0,0,0,0,0,0,0,0,0,0,0,0,0,0,0,0,0,0,0,0,0,0,0,0,0,0,0,0,0,0,0,0,0,0,0,0,0,0,0,0,0,0,0,0,0,0,0,0,0,0,0,0,0,0,0,0,0,0,0,0,0,0,0,0,0,0,0,0,0,0,0,0,0,0,0,0,0,0,0,0,0,0,0,0,0,0,0,0,0,0,0,0,0,0,0,0,0,0,0,0,0,0,0,0,0,0,0,0,0,0,0,0,0,0,0,0,0,0,0,0,0,0,0,0,0,0,0,0,0,0,0,0,0,0,0,0,0,0,0,0,0,0,0,0,0,0,0,0,0,0,0,0,0,0,0,0,0,0,0,0,0,0,0,0,0,0,0,0,0,0,0,0,0,0,0,0,0,0,0,0,0,0,0,0,0,0,0,0,0,0,0,0,0,0,0,0,0,0,0,0,0,0,0,0,0,0
"117",43.24795,49.640425,51.823175,51.9529,52.862775,52.87565,54.9712,55.084025,55.328325,55.8261,56.04385,56.9058,57.056325,57.1752,57.334475,58.96635,59.1204,59.1411,59.1953,59.3643,59.956825,60.875625,60.9038,61.52955,64.216625,64.39645,0,0,0,0,0,0,0,0,0,0,0,0,0,0,0,0,0,0,0,0,0,0,0,0,0,0,0,0,0,0,0,0,0,0,0,0,0,0,0,0,0,0,0,0,0,0,0,0,0,0,0,0,0,0,0,0,0,0,0,0,0,0,0,0,0,0,0,0,0,0,0,0,0,0,0,0,0,0,0,0,0,0,0,0,0,0,0,0,0,0,0,0,0,0,0,0,0,0,0,0,0,0,0,0,0,0,0,0,0,0,0,0,0,0,0,0,0,0,0,0,0,0,0,0,0,0,0,0,0,0,0,0,0,0,0,0,0,0,0,0,0,0,0,0,0,0,0,0,0,0,0,0,0,0,0,0,0,0,0,0,0,0,0,0,0,0,0,0,0,0,0,0,0,0,0,0,0,0,0,0,0,0,0,0,0,0,0,0,0,0,0,0,0,0,0,0,0,0,0,0,0,0,0,0,0,0,0,0,0,0,0,0,0,0,0,0,0,0,0,0,0,0,0,0,0,0,0,0,0,0,0,0,0,0,0,0,0,0,0,0,0,0,0,0,0,0,0,0,0,0,0,0,0,0,0,0,0,0,0,0,0,0,0,0,0,0,0,0,0,0,0,0,0,0,0,0,0,0,0,0,0,0,0,0,0,0,0,0,0,0,0,0,0,0,0,0,0,0,0,0,0,0,0,0,0,0,0,0,0,0,0,0,0,0,0,0,0,0,0,0,0,0,0,0,0,0,0,0,0,0,0,0,0,0,0,0,0,0,0,0,0,0,0,0,0,0,0,0,0,0,0,0,0,0,0,0,0,0,0,0,0,0,0,0,0,0,0,0,0,0,0,0,0,0,0,0,0,0,0,0,0,0,0,0,0,0,0,0,0,0,0,0,0,0,0,0,0,0,0,0,0,0,0,0,0,0,0,0,0,0
"118",59.0912,63.132675,0,0,0,0,0,0,0,0,0,0,0,0,0,0,0,0,0,0,0,0,0,0,0,0,0,0,0,0,0,0,0,0,0,0,0,0,0,0,0,0,0,0,0,0,0,0,0,0,0,0,0,0,0,0,0,0,0,0,0,0,0,0,0,0,0,0,0,0,0,0,0,0,0,0,0,0,0,0,0,0,0,0,0,0,0,0,0,0,0,0,0,0,0,0,0,0,0,0,0,0,0,0,0,0,0,0,0,0,0,0,0,0,0,0,0,0,0,0,0,0,0,0,0,0,0,0,0,0,0,0,0,0,0,0,0,0,0,0,0,0,0,0,0,0,0,0,0,0,0,0,0,0,0,0,0,0,0,0,0,0,0,0,0,0,0,0,0,0,0,0,0,0,0,0,0,0,0,0,0,0,0,0,0,0,0,0,0,0,0,0,0,0,0,0,0,0,0,0,0,0,0,0,0,0,0,0,0,0,0,0,0,0,0,0,0,0,0,0,0,0,0,0,0,0,0,0,0,0,0,0,0,0,0,0,0,0,0,0,0,0,0,0,0,0,0,0,0,0,0,0,0,0,0,0,0,0,0,0,0,0,0,0,0,0,0,0,0,0,0,0,0,0,0,0,0,0,0,0,0,0,0,0,0,0,0,0,0,0,0,0,0,0,0,0,0,0,0,0,0,0,0,0,0,0,0,0,0,0,0,0,0,0,0,0,0,0,0,0,0,0,0,0,0,0,0,0,0,0,0,0,0,0,0,0,0,0,0,0,0,0,0,0,0,0,0,0,0,0,0,0,0,0,0,0,0,0,0,0,0,0,0,0,0,0,0,0,0,0,0,0,0,0,0,0,0,0,0,0,0,0,0,0,0,0,0,0,0,0,0,0,0,0,0,0,0,0,0,0,0,0,0,0,0,0,0,0,0,0,0,0,0,0,0,0,0,0,0,0,0,0,0,0,0,0,0,0,0,0,0,0,0,0,0,0
"119",51.792,51.865475,51.89305,51.9125,51.95565,51.999575,52.027175,52.073675,53.026075,53.07645,53.143875,53.17905,53.276225,53.311675,57.629525,57.68095,57.72435,57.7585,0,0,0,0,0,0,0,0,0,0,0,0,0,0,0,0,0,0,0,0,0,0,0,0,0,0,0,0,0,0,0,0,0,0,0,0,0,0,0,0,0,0,0,0,0,0,0,0,0,0,0,0,0,0,0,0,0,0,0,0,0,0,0,0,0,0,0,0,0,0,0,0,0,0,0,0,0,0,0,0,0,0,0,0,0,0,0,0,0,0,0,0,0,0,0,0,0,0,0,0,0,0,0,0,0,0,0,0,0,0,0,0,0,0,0,0,0,0,0,0,0,0,0,0,0,0,0,0,0,0,0,0,0,0,0,0,0,0,0,0,0,0,0,0,0,0,0,0,0,0,0,0,0,0,0,0,0,0,0,0,0,0,0,0,0,0,0,0,0,0,0,0,0,0,0,0,0,0,0,0,0,0,0,0,0,0,0,0,0,0,0,0,0,0,0,0,0,0,0,0,0,0,0,0,0,0,0,0,0,0,0,0,0,0,0,0,0,0,0,0,0,0,0,0,0,0,0,0,0,0,0,0,0,0,0,0,0,0,0,0,0,0,0,0,0,0,0,0,0,0,0,0,0,0,0,0,0,0,0,0,0,0,0,0,0,0,0,0,0,0,0,0,0,0,0,0,0,0,0,0,0,0,0,0,0,0,0,0,0,0,0,0,0,0,0,0,0,0,0,0,0,0,0,0,0,0,0,0,0,0,0,0,0,0,0,0,0,0,0,0,0,0,0,0,0,0,0,0,0,0,0,0,0,0,0,0,0,0,0,0,0,0,0,0,0,0,0,0,0,0,0,0,0,0,0,0,0,0,0,0,0,0,0,0,0,0,0,0,0,0,0,0,0,0,0,0,0,0,0,0,0,0,0,0,0,0,0,0,0,0,0,0,0,0,0,0,0,0,0,0,0,0,0,0,0,0,0,0,0,0,0,0,0,0,0,0,0,0
"120",51.70895,51.825425,51.9473,51.97135,52.05515,52.091825,52.1182,52.97565,53.00125,53.043625,53.060825,53.071775,53.08435,53.094775,53.122475,53.141225,53.161225,53.214025,53.22705,53.267375,53.29605,53.305875,53.3453,53.396225,53.5069,53.6192,53.865475,53.956375,54.17285,54.247075,54.75025,54.8307,54.90085,55.067175,55.208375,55.235025,55.2539,55.297675,55.317175,55.336425,55.3695,55.382075,55.3957,55.406325,55.43195,55.461025,55.53765,55.568075,55.6696,55.72405,55.79675,55.836875,55.912925,55.96145,56.0196,56.04555,56.057525,56.099775,56.1465,56.167975,56.181375,56.193525,56.2208,56.24485,56.2731,56.3097,56.432925,57.28505,57.61335,57.62805,57.670975,57.70785,57.720225,57.79005,57.805225,57.82545,57.8796,57.9117,57.95135,58.0187,58.1059,59.13625,59.182775,59.279775,59.30485,59.37015,59.39055,59.446975,59.45695,59.485875,59.523025,59.547025,59.60685,59.693225,60.83515,60.936225,60.99505,61.1132,61.192625,62.9246,64.5021,0,0,0,0,0,0,0,0,0,0,0,0,0,0,0,0,0,0,0,0,0,0,0,0,0,0,0,0,0,0,0,0,0,0,0,0,0,0,0,0,0,0,0,0,0,0,0,0,0,0,0,0,0,0,0,0,0,0,0,0,0,0,0,0,0,0,0,0,0,0,0,0,0,0,0,0,0,0,0,0,0,0,0,0,0,0,0,0,0,0,0,0,0,0,0,0,0,0,0,0,0,0,0,0,0,0,0,0,0,0,0,0,0,0,0,0,0,0,0,0,0,0,0,0,0,0,0,0,0,0,0,0,0,0,0,0,0,0,0,0,0,0,0,0,0,0,0,0,0,0,0,0,0,0,0,0,0,0,0,0,0,0,0,0,0,0,0,0,0,0,0,0,0,0,0,0,0,0,0,0,0,0,0,0,0,0,0,0,0,0,0,0,0,0,0,0,0,0,0,0,0,0,0,0,0,0,0,0,0,0,0,0,0,0,0,0,0,0,0,0,0,0,0,0,0,0,0,0,0,0,0,0,0,0,0,0,0,0,0,0,0,0,0,0,0,0,0,0,0,0,0,0,0,0,0,0,0,0,0,0,0,0,0,0,0,0,0,0,0,0,0,0,0,0,0,0,0,0,0,0,0,0,0,0,0,0,0,0,0,0,0,0,0,0,0,0,0,0,0,0,0,0,0,0,0,0,0,0,0,0,0,0,0,0,0,0,0,0,0,0,0,0,0,0,0,0,0,0,0,0,0,0,0,0,0
"121",42.32485,44.639525,45.6454,46.109525,48.135475,48.895925,49.25395,50.145,50.161675,50.9078,52.5616,53.073725,53.2368,53.3048,55.31985,55.37205,55.485275,55.6257,55.685725,55.910025,56.047025,56.20905,56.232275,56.24655,57.731275,57.801475,57.9877,58.923825,59.541775,59.5845,59.6274,59.846,60.9057,61.0366,61.20015,62.977725,63.197475,64.0499,64.219125,64.299375,64.584575,64.68365,64.753575,0,0,0,0,0,0,0,0,0,0,0,0,0,0,0,0,0,0,0,0,0,0,0,0,0,0,0,0,0,0,0,0,0,0,0,0,0,0,0,0,0,0,0,0,0,0,0,0,0,0,0,0,0,0,0,0,0,0,0,0,0,0,0,0,0,0,0,0,0,0,0,0,0,0,0,0,0,0,0,0,0,0,0,0,0,0,0,0,0,0,0,0,0,0,0,0,0,0,0,0,0,0,0,0,0,0,0,0,0,0,0,0,0,0,0,0,0,0,0,0,0,0,0,0,0,0,0,0,0,0,0,0,0,0,0,0,0,0,0,0,0,0,0,0,0,0,0,0,0,0,0,0,0,0,0,0,0,0,0,0,0,0,0,0,0,0,0,0,0,0,0,0,0,0,0,0,0,0,0,0,0,0,0,0,0,0,0,0,0,0,0,0,0,0,0,0,0,0,0,0,0,0,0,0,0,0,0,0,0,0,0,0,0,0,0,0,0,0,0,0,0,0,0,0,0,0,0,0,0,0,0,0,0,0,0,0,0,0,0,0,0,0,0,0,0,0,0,0,0,0,0,0,0,0,0,0,0,0,0,0,0,0,0,0,0,0,0,0,0,0,0,0,0,0,0,0,0,0,0,0,0,0,0,0,0,0,0,0,0,0,0,0,0,0,0,0,0,0,0,0,0,0,0,0,0,0,0,0,0,0,0,0,0,0,0,0,0,0,0,0,0,0,0,0,0,0,0,0,0,0,0,0,0,0,0,0,0,0,0,0,0,0,0,0,0,0,0,0,0,0,0,0,0,0,0,0,0,0,0,0,0,0,0,0,0,0,0,0,0,0,0,0,0,0,0,0,0,0,0,0,0,0,0,0,0,0,0,0,0,0,0,0,0
"122",51.806025,51.8917,52.160975,53.41455,53.458375,55.1473,55.4736,55.517725,55.594475,55.621425,55.647025,55.857925,57.76305,57.837275,57.854475,59.046975,59.20285,0,0,0,0,0,0,0,0,0,0,0,0,0,0,0,0,0,0,0,0,0,0,0,0,0,0,0,0,0,0,0,0,0,0,0,0,0,0,0,0,0,0,0,0,0,0,0,0,0,0,0,0,0,0,0,0,0,0,0,0,0,0,0,0,0,0,0,0,0,0,0,0,0,0,0,0,0,0,0,0,0,0,0,0,0,0,0,0,0,0,0,0,0,0,0,0,0,0,0,0,0,0,0,0,0,0,0,0,0,0,0,0,0,0,0,0,0,0,0,0,0,0,0,0,0,0,0,0,0,0,0,0,0,0,0,0,0,0,0,0,0,0,0,0,0,0,0,0,0,0,0,0,0,0,0,0,0,0,0,0,0,0,0,0,0,0,0,0,0,0,0,0,0,0,0,0,0,0,0,0,0,0,0,0,0,0,0,0,0,0,0,0,0,0,0,0,0,0,0,0,0,0,0,0,0,0,0,0,0,0,0,0,0,0,0,0,0,0,0,0,0,0,0,0,0,0,0,0,0,0,0,0,0,0,0,0,0,0,0,0,0,0,0,0,0,0,0,0,0,0,0,0,0,0,0,0,0,0,0,0,0,0,0,0,0,0,0,0,0,0,0,0,0,0,0,0,0,0,0,0,0,0,0,0,0,0,0,0,0,0,0,0,0,0,0,0,0,0,0,0,0,0,0,0,0,0,0,0,0,0,0,0,0,0,0,0,0,0,0,0,0,0,0,0,0,0,0,0,0,0,0,0,0,0,0,0,0,0,0,0,0,0,0,0,0,0,0,0,0,0,0,0,0,0,0,0,0,0,0,0,0,0,0,0,0,0,0,0,0,0,0,0,0,0,0,0,0,0,0,0,0,0,0,0,0,0,0,0,0,0,0,0,0,0,0,0,0,0,0,0,0,0,0,0,0,0,0,0,0,0,0,0,0,0,0,0,0,0,0
"123",51.5492,51.597725,51.630075,51.6658,51.6856,51.71205,51.7477,51.7681,51.7874,51.820775,51.871075,51.914275,51.95455,52.00695,52.067975,52.8448,52.892,52.954175,52.974775,53.014125,53.051575,53.110025,53.207075,53.29775,55.19415,55.283225,57.471125,57.56945,57.636875,57.657675,57.679625,0,0,0,0,0,0,0,0,0,0,0,0,0,0,0,0,0,0,0,0,0,0,0,0,0,0,0,0,0,0,0,0,0,0,0,0,0,0,0,0,0,0,0,0,0,0,0,0,0,0,0,0,0,0,0,0,0,0,0,0,0,0,0,0,0,0,0,0,0,0,0,0,0,0,0,0,0,0,0,0,0,0,0,0,0,0,0,0,0,0,0,0,0,0,0,0,0,0,0,0,0,0,0,0,0,0,0,0,0,0,0,0,0,0,0,0,0,0,0,0,0,0,0,0,0,0,0,0,0,0,0,0,0,0,0,0,0,0,0,0,0,0,0,0,0,0,0,0,0,0,0,0,0,0,0,0,0,0,0,0,0,0,0,0,0,0,0,0,0,0,0,0,0,0,0,0,0,0,0,0,0,0,0,0,0,0,0,0,0,0,0,0,0,0,0,0,0,0,0,0,0,0,0,0,0,0,0,0,0,0,0,0,0,0,0,0,0,0,0,0,0,0,0,0,0,0,0,0,0,0,0,0,0,0,0,0,0,0,0,0,0,0,0,0,0,0,0,0,0,0,0,0,0,0,0,0,0,0,0,0,0,0,0,0,0,0,0,0,0,0,0,0,0,0,0,0,0,0,0,0,0,0,0,0,0,0,0,0,0,0,0,0,0,0,0,0,0,0,0,0,0,0,0,0,0,0,0,0,0,0,0,0,0,0,0,0,0,0,0,0,0,0,0,0,0,0,0,0,0,0,0,0,0,0,0,0,0,0,0,0,0,0,0,0,0,0,0,0,0,0,0,0,0,0,0,0,0,0,0,0,0,0,0,0,0,0,0,0,0,0,0,0,0,0,0,0,0,0,0,0,0,0,0,0,0,0,0,0,0,0,0,0,0,0,0,0,0,0,0,0,0,0,0,0,0
"124",52.164525,53.3642,59.195325,60.8134,61.092,63.0056,63.296925,0,0,0,0,0,0,0,0,0,0,0,0,0,0,0,0,0,0,0,0,0,0,0,0,0,0,0,0,0,0,0,0,0,0,0,0,0,0,0,0,0,0,0,0,0,0,0,0,0,0,0,0,0,0,0,0,0,0,0,0,0,0,0,0,0,0,0,0,0,0,0,0,0,0,0,0,0,0,0,0,0,0,0,0,0,0,0,0,0,0,0,0,0,0,0,0,0,0,0,0,0,0,0,0,0,0,0,0,0,0,0,0,0,0,0,0,0,0,0,0,0,0,0,0,0,0,0,0,0,0,0,0,0,0,0,0,0,0,0,0,0,0,0,0,0,0,0,0,0,0,0,0,0,0,0,0,0,0,0,0,0,0,0,0,0,0,0,0,0,0,0,0,0,0,0,0,0,0,0,0,0,0,0,0,0,0,0,0,0,0,0,0,0,0,0,0,0,0,0,0,0,0,0,0,0,0,0,0,0,0,0,0,0,0,0,0,0,0,0,0,0,0,0,0,0,0,0,0,0,0,0,0,0,0,0,0,0,0,0,0,0,0,0,0,0,0,0,0,0,0,0,0,0,0,0,0,0,0,0,0,0,0,0,0,0,0,0,0,0,0,0,0,0,0,0,0,0,0,0,0,0,0,0,0,0,0,0,0,0,0,0,0,0,0,0,0,0,0,0,0,0,0,0,0,0,0,0,0,0,0,0,0,0,0,0,0,0,0,0,0,0,0,0,0,0,0,0,0,0,0,0,0,0,0,0,0,0,0,0,0,0,0,0,0,0,0,0,0,0,0,0,0,0,0,0,0,0,0,0,0,0,0,0,0,0,0,0,0,0,0,0,0,0,0,0,0,0,0,0,0,0,0,0,0,0,0,0,0,0,0,0,0,0,0,0,0,0,0,0,0,0,0,0,0,0,0,0,0,0,0,0,0,0,0,0,0,0,0,0,0,0,0,0,0,0,0,0,0,0
"125",50.74885,52.135375,52.239375,52.67585,53.212375,53.415975,53.50815,56.005975,56.051875,56.15015,59.290875,60.8213,60.9279,61.140125,63.049575,64.336225,0,0,0,0,0,0,0,0,0,0,0,0,0,0,0,0,0,0,0,0,0,0,0,0,0,0,0,0,0,0,0,0,0,0,0,0,0,0,0,0,0,0,0,0,0,0,0,0,0,0,0,0,0,0,0,0,0,0,0,0,0,0,0,0,0,0,0,0,0,0,0,0,0,0,0,0,0,0,0,0,0,0,0,0,0,0,0,0,0,0,0,0,0,0,0,0,0,0,0,0,0,0,0,0,0,0,0,0,0,0,0,0,0,0,0,0,0,0,0,0,0,0,0,0,0,0,0,0,0,0,0,0,0,0,0,0,0,0,0,0,0,0,0,0,0,0,0,0,0,0,0,0,0,0,0,0,0,0,0,0,0,0,0,0,0,0,0,0,0,0,0,0,0,0,0,0,0,0,0,0,0,0,0,0,0,0,0,0,0,0,0,0,0,0,0,0,0,0,0,0,0,0,0,0,0,0,0,0,0,0,0,0,0,0,0,0,0,0,0,0,0,0,0,0,0,0,0,0,0,0,0,0,0,0,0,0,0,0,0,0,0,0,0,0,0,0,0,0,0,0,0,0,0,0,0,0,0,0,0,0,0,0,0,0,0,0,0,0,0,0,0,0,0,0,0,0,0,0,0,0,0,0,0,0,0,0,0,0,0,0,0,0,0,0,0,0,0,0,0,0,0,0,0,0,0,0,0,0,0,0,0,0,0,0,0,0,0,0,0,0,0,0,0,0,0,0,0,0,0,0,0,0,0,0,0,0,0,0,0,0,0,0,0,0,0,0,0,0,0,0,0,0,0,0,0,0,0,0,0,0,0,0,0,0,0,0,0,0,0,0,0,0,0,0,0,0,0,0,0,0,0,0,0,0,0,0,0,0,0,0,0,0,0,0,0,0,0,0,0,0,0,0,0,0,0,0,0,0,0,0,0,0,0,0,0,0,0,0,0,0
"126",49.6359,50.19775,50.883725,51.09635,51.105825,53.130125,56.516725,58.912325,58.95505,59.540225,59.6286,59.674925,59.7694,60.63885,60.707575,60.72225,60.74325,60.818675,60.879025,60.9463,60.97625,61.075025,61.13585,61.278875,61.448,62.8734,62.9724,63.12445,64.15275,64.25685,64.283875,64.387475,64.404475,64.62265,0,0,0,0,0,0,0,0,0,0,0,0,0,0,0,0,0,0,0,0,0,0,0,0,0,0,0,0,0,0,0,0,0,0,0,0,0,0,0,0,0,0,0,0,0,0,0,0,0,0,0,0,0,0,0,0,0,0,0,0,0,0,0,0,0,0,0,0,0,0,0,0,0,0,0,0,0,0,0,0,0,0,0,0,0,0,0,0,0,0,0,0,0,0,0,0,0,0,0,0,0,0,0,0,0,0,0,0,0,0,0,0,0,0,0,0,0,0,0,0,0,0,0,0,0,0,0,0,0,0,0,0,0,0,0,0,0,0,0,0,0,0,0,0,0,0,0,0,0,0,0,0,0,0,0,0,0,0,0,0,0,0,0,0,0,0,0,0,0,0,0,0,0,0,0,0,0,0,0,0,0,0,0,0,0,0,0,0,0,0,0,0,0,0,0,0,0,0,0,0,0,0,0,0,0,0,0,0,0,0,0,0,0,0,0,0,0,0,0,0,0,0,0,0,0,0,0,0,0,0,0,0,0,0,0,0,0,0,0,0,0,0,0,0,0,0,0,0,0,0,0,0,0,0,0,0,0,0,0,0,0,0,0,0,0,0,0,0,0,0,0,0,0,0,0,0,0,0,0,0,0,0,0,0,0,0,0,0,0,0,0,0,0,0,0,0,0,0,0,0,0,0,0,0,0,0,0,0,0,0,0,0,0,0,0,0,0,0,0,0,0,0,0,0,0,0,0,0,0,0,0,0,0,0,0,0,0,0,0,0,0,0,0,0,0,0,0,0,0,0,0,0,0,0,0,0,0,0,0,0,0,0,0,0,0,0,0,0,0,0,0,0,0,0,0,0,0,0,0,0,0,0,0,0,0,0,0,0,0,0,0,0,0,0,0,0,0,0,0,0,0,0
"127",40.19885,40.3507,40.6422,40.8483,41.1332,41.335225,41.527975,41.71475,41.998375,42.2262,42.375175,42.6163,42.857725,43.48075,43.675475,44.00915,44.296675,44.509075,44.6459,44.866875,44.9895,45.179625,45.35065,45.567125,45.776225,46.0522,46.7655,46.971225,47.3001,47.576,47.6863,47.78615,48.061525,48.174425,48.38595,48.5056,48.6512,48.890225,49.159925,49.257475,49.397775,49.569725,49.63655,50.6072,50.6403,50.683775,50.736575,50.7544,50.7814,50.798575,50.826925,50.88895,50.9135,51.4006,51.4018,51.425275,51.487575,51.527275,51.543425,51.5681,51.630525,51.7472,51.78505,51.98745,52.010275,52.123075,52.190925,52.5593,52.5905,52.6126,52.662325,52.696775,52.742275,52.76185,52.80275,52.842925,52.903125,52.9085,52.95875,52.9872,54.021275,54.227825,54.5328,54.675025,54.71385,54.74305,54.781425,54.8366,54.877375,55.0275,55.14295,56.9963,57.0312,57.0503,57.08175,57.110825,57.14475,57.188025,57.2779,57.322975,57.388875,57.429125,57.439975,57.47865,57.526275,57.54175,57.59515,57.60635,57.6438,58.861825,58.89,58.971975,59.00415,59.01985,59.0443,59.060175,59.0801,59.100275,59.111975,59.1904,59.234975,59.25835,59.2741,59.2923,59.314775,59.428675,59.5293,59.614725,59.7283,59.78565,60.664475,60.788775,60.822325,60.8754,60.95305,61.0139,61.078525,61.13965,61.24025,61.342875,61.410125,62.845525,62.910375,62.95875,63.019075,63.06715,63.286275,63.923425,63.985725,64.08365,64.18705,64.223725,64.35635,64.4355,64.5073,64.5742,64.6438,64.752975,0,0,0,0,0,0,0,0,0,0,0,0,0,0,0,0,0,0,0,0,0,0,0,0,0,0,0,0,0,0,0,0,0,0,0,0,0,0,0,0,0,0,0,0,0,0,0,0,0,0,0,0,0,0,0,0,0,0,0,0,0,0,0,0,0,0,0,0,0,0,0,0,0,0,0,0,0,0,0,0,0,0,0,0,0,0,0,0,0,0,0,0,0,0,0,0,0,0,0,0,0,0,0,0,0,0,0,0,0,0,0,0,0,0,0,0,0,0,0,0,0,0,0,0,0,0,0,0,0,0,0,0,0,0,0,0,0,0,0,0,0,0,0,0,0,0,0,0,0,0,0,0,0,0,0,0,0,0,0,0,0,0,0,0,0,0,0,0,0,0,0,0,0,0,0,0,0,0,0,0,0,0,0,0,0,0,0,0,0,0,0,0,0,0,0,0,0,0,0,0,0,0,0,0,0,0,0,0,0,0,0,0,0,0,0,0,0,0,0,0,0,0,0,0,0,0,0,0,0,0,0,0,0,0,0,0,0,0,0,0,0,0,0,0,0,0,0,0,0,0,0,0,0,0,0,0,0,0,0,0,0,0,0,0,0,0,0,0,0,0,0,0,0,0,0,0,0,0
"128",52.695575,55.37845,55.55345,56.085575,56.1658,56.6767,0,0,0,0,0,0,0,0,0,0,0,0,0,0,0,0,0,0,0,0,0,0,0,0,0,0,0,0,0,0,0,0,0,0,0,0,0,0,0,0,0,0,0,0,0,0,0,0,0,0,0,0,0,0,0,0,0,0,0,0,0,0,0,0,0,0,0,0,0,0,0,0,0,0,0,0,0,0,0,0,0,0,0,0,0,0,0,0,0,0,0,0,0,0,0,0,0,0,0,0,0,0,0,0,0,0,0,0,0,0,0,0,0,0,0,0,0,0,0,0,0,0,0,0,0,0,0,0,0,0,0,0,0,0,0,0,0,0,0,0,0,0,0,0,0,0,0,0,0,0,0,0,0,0,0,0,0,0,0,0,0,0,0,0,0,0,0,0,0,0,0,0,0,0,0,0,0,0,0,0,0,0,0,0,0,0,0,0,0,0,0,0,0,0,0,0,0,0,0,0,0,0,0,0,0,0,0,0,0,0,0,0,0,0,0,0,0,0,0,0,0,0,0,0,0,0,0,0,0,0,0,0,0,0,0,0,0,0,0,0,0,0,0,0,0,0,0,0,0,0,0,0,0,0,0,0,0,0,0,0,0,0,0,0,0,0,0,0,0,0,0,0,0,0,0,0,0,0,0,0,0,0,0,0,0,0,0,0,0,0,0,0,0,0,0,0,0,0,0,0,0,0,0,0,0,0,0,0,0,0,0,0,0,0,0,0,0,0,0,0,0,0,0,0,0,0,0,0,0,0,0,0,0,0,0,0,0,0,0,0,0,0,0,0,0,0,0,0,0,0,0,0,0,0,0,0,0,0,0,0,0,0,0,0,0,0,0,0,0,0,0,0,0,0,0,0,0,0,0,0,0,0,0,0,0,0,0,0,0,0,0,0,0,0,0,0,0,0,0,0,0,0,0,0,0,0,0,0,0,0,0,0,0,0,0,0,0,0,0,0,0,0,0,0,0,0,0,0,0,0
"129",49.57595,50.55195,50.702,50.740125,50.8206,50.9247,51.063525,51.2576,51.443325,51.488925,51.529225,51.834825,52.484925,52.7304,52.897125,52.92565,52.960525,53.037175,53.1132,53.54235,53.629,54.01695,54.279275,54.298325,54.321,54.478575,54.52575,54.89895,55.649675,56.846225,56.960475,57.128075,57.30515,57.390175,57.57765,58.8027,59.219425,59.3347,62.771425,63.2,64.63005,0,0,0,0,0,0,0,0,0,0,0,0,0,0,0,0,0,0,0,0,0,0,0,0,0,0,0,0,0,0,0,0,0,0,0,0,0,0,0,0,0,0,0,0,0,0,0,0,0,0,0,0,0,0,0,0,0,0,0,0,0,0,0,0,0,0,0,0,0,0,0,0,0,0,0,0,0,0,0,0,0,0,0,0,0,0,0,0,0,0,0,0,0,0,0,0,0,0,0,0,0,0,0,0,0,0,0,0,0,0,0,0,0,0,0,0,0,0,0,0,0,0,0,0,0,0,0,0,0,0,0,0,0,0,0,0,0,0,0,0,0,0,0,0,0,0,0,0,0,0,0,0,0,0,0,0,0,0,0,0,0,0,0,0,0,0,0,0,0,0,0,0,0,0,0,0,0,0,0,0,0,0,0,0,0,0,0,0,0,0,0,0,0,0,0,0,0,0,0,0,0,0,0,0,0,0,0,0,0,0,0,0,0,0,0,0,0,0,0,0,0,0,0,0,0,0,0,0,0,0,0,0,0,0,0,0,0,0,0,0,0,0,0,0,0,0,0,0,0,0,0,0,0,0,0,0,0,0,0,0,0,0,0,0,0,0,0,0,0,0,0,0,0,0,0,0,0,0,0,0,0,0,0,0,0,0,0,0,0,0,0,0,0,0,0,0,0,0,0,0,0,0,0,0,0,0,0,0,0,0,0,0,0,0,0,0,0,0,0,0,0,0,0,0,0,0,0,0,0,0,0,0,0,0,0,0,0,0,0,0,0,0,0,0,0,0,0,0,0,0,0,0,0,0,0,0,0,0,0,0,0,0,0,0,0,0,0,0,0,0,0,0,0,0,0,0,0,0,0,0,0,0,0,0,0,0,0,0,0,0,0,0,0,0,0
"130",50.185575,0,0,0,0,0,0,0,0,0,0,0,0,0,0,0,0,0,0,0,0,0,0,0,0,0,0,0,0,0,0,0,0,0,0,0,0,0,0,0,0,0,0,0,0,0,0,0,0,0,0,0,0,0,0,0,0,0,0,0,0,0,0,0,0,0,0,0,0,0,0,0,0,0,0,0,0,0,0,0,0,0,0,0,0,0,0,0,0,0,0,0,0,0,0,0,0,0,0,0,0,0,0,0,0,0,0,0,0,0,0,0,0,0,0,0,0,0,0,0,0,0,0,0,0,0,0,0,0,0,0,0,0,0,0,0,0,0,0,0,0,0,0,0,0,0,0,0,0,0,0,0,0,0,0,0,0,0,0,0,0,0,0,0,0,0,0,0,0,0,0,0,0,0,0,0,0,0,0,0,0,0,0,0,0,0,0,0,0,0,0,0,0,0,0,0,0,0,0,0,0,0,0,0,0,0,0,0,0,0,0,0,0,0,0,0,0,0,0,0,0,0,0,0,0,0,0,0,0,0,0,0,0,0,0,0,0,0,0,0,0,0,0,0,0,0,0,0,0,0,0,0,0,0,0,0,0,0,0,0,0,0,0,0,0,0,0,0,0,0,0,0,0,0,0,0,0,0,0,0,0,0,0,0,0,0,0,0,0,0,0,0,0,0,0,0,0,0,0,0,0,0,0,0,0,0,0,0,0,0,0,0,0,0,0,0,0,0,0,0,0,0,0,0,0,0,0,0,0,0,0,0,0,0,0,0,0,0,0,0,0,0,0,0,0,0,0,0,0,0,0,0,0,0,0,0,0,0,0,0,0,0,0,0,0,0,0,0,0,0,0,0,0,0,0,0,0,0,0,0,0,0,0,0,0,0,0,0,0,0,0,0,0,0,0,0,0,0,0,0,0,0,0,0,0,0,0,0,0,0,0,0,0,0,0,0,0,0,0,0,0,0,0,0,0,0,0,0,0,0,0,0,0,0,0,0
"131",47.728275,48.45505,48.81095,49.74215,51.49415,51.77965,52.268825,53.1953,53.732975,53.762075,53.90035,54.817825,55.166575,55.427375,55.64445,56.473225,56.500975,56.927625,57.903125,57.956925,59.465525,60.282875,62.329625,62.667875,63.137525,64.558975,67.76175,74.603775,0,0,0,0,0,0,0,0,0,0,0,0,0,0,0,0,0,0,0,0,0,0,0,0,0,0,0,0,0,0,0,0,0,0,0,0,0,0,0,0,0,0,0,0,0,0,0,0,0,0,0,0,0,0,0,0,0,0,0,0,0,0,0,0,0,0,0,0,0,0,0,0,0,0,0,0,0,0,0,0,0,0,0,0,0,0,0,0,0,0,0,0,0,0,0,0,0,0,0,0,0,0,0,0,0,0,0,0,0,0,0,0,0,0,0,0,0,0,0,0,0,0,0,0,0,0,0,0,0,0,0,0,0,0,0,0,0,0,0,0,0,0,0,0,0,0,0,0,0,0,0,0,0,0,0,0,0,0,0,0,0,0,0,0,0,0,0,0,0,0,0,0,0,0,0,0,0,0,0,0,0,0,0,0,0,0,0,0,0,0,0,0,0,0,0,0,0,0,0,0,0,0,0,0,0,0,0,0,0,0,0,0,0,0,0,0,0,0,0,0,0,0,0,0,0,0,0,0,0,0,0,0,0,0,0,0,0,0,0,0,0,0,0,0,0,0,0,0,0,0,0,0,0,0,0,0,0,0,0,0,0,0,0,0,0,0,0,0,0,0,0,0,0,0,0,0,0,0,0,0,0,0,0,0,0,0,0,0,0,0,0,0,0,0,0,0,0,0,0,0,0,0,0,0,0,0,0,0,0,0,0,0,0,0,0,0,0,0,0,0,0,0,0,0,0,0,0,0,0,0,0,0,0,0,0,0,0,0,0,0,0,0,0,0,0,0,0,0,0,0,0,0,0,0,0,0,0,0,0,0,0,0,0,0,0,0,0,0,0,0,0,0,0,0,0,0,0,0,0,0,0,0,0,0,0,0,0,0,0,0,0,0,0,0,0,0,0,0,0,0,0,0,0,0,0,0,0,0
"132",50.81445,51.4408,51.5007,51.5208,51.5576,51.5837,51.65355,51.666025,51.672075,51.710275,51.7358,51.925625,51.95585,51.993875,52.1257,52.7491,52.850625,52.95,52.9521,53.116575,54.879425,54.947825,54.97725,55.078925,55.110725,55.869875,56.182275,57.173675,57.218925,57.2967,57.548675,57.6114,57.6375,57.736225,59.0474,59.121225,59.175975,59.194075,59.243125,59.26485,59.3604,0,0,0,0,0,0,0,0,0,0,0,0,0,0,0,0,0,0,0,0,0,0,0,0,0,0,0,0,0,0,0,0,0,0,0,0,0,0,0,0,0,0,0,0,0,0,0,0,0,0,0,0,0,0,0,0,0,0,0,0,0,0,0,0,0,0,0,0,0,0,0,0,0,0,0,0,0,0,0,0,0,0,0,0,0,0,0,0,0,0,0,0,0,0,0,0,0,0,0,0,0,0,0,0,0,0,0,0,0,0,0,0,0,0,0,0,0,0,0,0,0,0,0,0,0,0,0,0,0,0,0,0,0,0,0,0,0,0,0,0,0,0,0,0,0,0,0,0,0,0,0,0,0,0,0,0,0,0,0,0,0,0,0,0,0,0,0,0,0,0,0,0,0,0,0,0,0,0,0,0,0,0,0,0,0,0,0,0,0,0,0,0,0,0,0,0,0,0,0,0,0,0,0,0,0,0,0,0,0,0,0,0,0,0,0,0,0,0,0,0,0,0,0,0,0,0,0,0,0,0,0,0,0,0,0,0,0,0,0,0,0,0,0,0,0,0,0,0,0,0,0,0,0,0,0,0,0,0,0,0,0,0,0,0,0,0,0,0,0,0,0,0,0,0,0,0,0,0,0,0,0,0,0,0,0,0,0,0,0,0,0,0,0,0,0,0,0,0,0,0,0,0,0,0,0,0,0,0,0,0,0,0,0,0,0,0,0,0,0,0,0,0,0,0,0,0,0,0,0,0,0,0,0,0,0,0,0,0,0,0,0,0,0,0,0,0,0,0,0,0,0,0,0,0,0,0,0,0,0,0,0,0,0,0,0,0,0,0,0,0,0,0,0,0,0,0,0,0,0,0,0,0,0,0,0,0,0,0,0,0,0,0,0,0,0
"133",40.06485,40.218275,40.295775,40.34685,40.39225,40.577725,40.637725,40.71145,40.80375,40.90965,41.1339,41.186925,41.328625,41.35495,41.435525,41.48035,41.559325,41.639,41.713025,41.756025,41.792675,41.848075,41.90255,41.960525,42.101125,42.2164,42.304425,42.433825,42.594875,42.75355,42.8757,42.96435,43.102925,43.1683,43.2939,43.328275,43.682,43.75995,43.946575,44.345575,44.40855,44.536925,44.581625,44.87985,44.9787,45.1788,45.241825,45.293075,45.42165,45.544375,45.663175,46.016525,46.06665,46.1128,46.187475,46.2458,46.388725,46.899275,47.011725,47.097525,47.4006,47.5334,47.651325,47.9898,48.1103,48.161625,48.20965,48.28375,48.412925,48.655875,48.781925,48.943375,49.083025,49.13005,49.35725,49.463925,49.49635,49.54015,49.659525,49.7135,49.751275,49.781075,50.37035,50.400925,50.43425,50.5171,50.573925,50.6491,50.707825,50.887125,50.924475,51.3023,51.330475,51.3486,51.578825,51.756175,51.773175,51.876575,51.901475,52.26635,52.489,52.5031,52.553725,52.56255,52.68305,52.92305,53.17985,53.525725,53.548575,53.569675,53.587375,53.725225,53.751875,53.795325,53.89175,53.956375,53.990175,54.05705,54.299575,54.322575,54.36695,54.426125,54.499425,54.58365,54.6239,54.68775,54.8122,55.04615,55.1001,55.122575,55.131375,55.149575,55.1634,55.276075,55.30895,55.371925,55.425025,55.437075,55.6524,55.66705,55.75395,55.778775,55.823275,55.83885,55.85905,56.5205,56.663525,56.699575,56.837575,56.8542,56.9347,56.998,57.024775,57.050825,57.082425,57.110175,57.182025,57.245925,57.960425,58.592825,58.76865,58.84545,58.860225,58.957425,58.979675,59.013775,59.102,59.364425,59.600325,60.43475,60.475,60.590575,60.65635,60.6914,60.815,61.466475,61.829175,61.9222,62.275425,62.389525,62.4708,62.52925,62.597025,62.634125,62.70505,62.936725,63.4212,63.6639,63.7163,63.747275,63.812425,63.883,63.93275,64.0898,64.10665,64.347475,64.382875,64.49995,64.712875,74.6637,75.54915,77.06375,77.409725,77.72125,77.80345,77.9126,78.022075,0,0,0,0,0,0,0,0,0,0,0,0,0,0,0,0,0,0,0,0,0,0,0,0,0,0,0,0,0,0,0,0,0,0,0,0,0,0,0,0,0,0,0,0,0,0,0,0,0,0,0,0,0,0,0,0,0,0,0,0,0,0,0,0,0,0,0,0,0,0,0,0,0,0,0,0,0,0,0,0,0,0,0,0,0,0,0,0,0,0,0,0,0,0,0,0,0,0,0,0,0,0,0,0,0,0,0,0,0,0,0,0,0,0,0,0,0,0,0,0,0,0,0,0,0,0,0,0,0,0,0,0,0,0,0,0,0,0,0,0,0,0,0,0,0,0,0,0,0,0,0,0,0,0,0,0,0,0,0,0,0,0,0,0,0,0,0,0,0,0,0,0,0,0,0,0,0,0,0,0,0,0,0,0,0,0,0,0,0,0,0,0,0,0,0,0,0,0,0,0,0,0,0,0,0,0,0,0,0,0,0,0,0,0,0,0,0,0,0,0,0,0,0,0,0,0,0,0,0
"134",53.1189,54.397825,54.547975,55.152375,55.430975,55.4731,55.611225,55.727825,55.951375,56.1952,56.42025,56.4894,56.839825,56.9455,57.076125,57.1596,0,0,0,0,0,0,0,0,0,0,0,0,0,0,0,0,0,0,0,0,0,0,0,0,0,0,0,0,0,0,0,0,0,0,0,0,0,0,0,0,0,0,0,0,0,0,0,0,0,0,0,0,0,0,0,0,0,0,0,0,0,0,0,0,0,0,0,0,0,0,0,0,0,0,0,0,0,0,0,0,0,0,0,0,0,0,0,0,0,0,0,0,0,0,0,0,0,0,0,0,0,0,0,0,0,0,0,0,0,0,0,0,0,0,0,0,0,0,0,0,0,0,0,0,0,0,0,0,0,0,0,0,0,0,0,0,0,0,0,0,0,0,0,0,0,0,0,0,0,0,0,0,0,0,0,0,0,0,0,0,0,0,0,0,0,0,0,0,0,0,0,0,0,0,0,0,0,0,0,0,0,0,0,0,0,0,0,0,0,0,0,0,0,0,0,0,0,0,0,0,0,0,0,0,0,0,0,0,0,0,0,0,0,0,0,0,0,0,0,0,0,0,0,0,0,0,0,0,0,0,0,0,0,0,0,0,0,0,0,0,0,0,0,0,0,0,0,0,0,0,0,0,0,0,0,0,0,0,0,0,0,0,0,0,0,0,0,0,0,0,0,0,0,0,0,0,0,0,0,0,0,0,0,0,0,0,0,0,0,0,0,0,0,0,0,0,0,0,0,0,0,0,0,0,0,0,0,0,0,0,0,0,0,0,0,0,0,0,0,0,0,0,0,0,0,0,0,0,0,0,0,0,0,0,0,0,0,0,0,0,0,0,0,0,0,0,0,0,0,0,0,0,0,0,0,0,0,0,0,0,0,0,0,0,0,0,0,0,0,0,0,0,0,0,0,0,0,0,0,0,0,0,0,0,0,0,0,0,0,0,0,0,0,0,0,0,0,0,0,0,0,0,0,0,0,0,0,0,0,0,0,0,0,0,0,0,0,0,0,0
"135",51.598125,51.725475,52.697775,52.791425,53.15135,53.176325,53.217,53.232625,53.300075,53.3463,53.370125,53.374525,53.47525,55.054275,55.14045,55.222875,55.29345,55.38935,55.432725,55.46205,56.07685,56.154075,56.1841,56.2044,56.228525,57.585575,57.674325,57.944175,59.010425,59.211525,59.370875,59.39205,59.41885,59.4895,0,0,0,0,0,0,0,0,0,0,0,0,0,0,0,0,0,0,0,0,0,0,0,0,0,0,0,0,0,0,0,0,0,0,0,0,0,0,0,0,0,0,0,0,0,0,0,0,0,0,0,0,0,0,0,0,0,0,0,0,0,0,0,0,0,0,0,0,0,0,0,0,0,0,0,0,0,0,0,0,0,0,0,0,0,0,0,0,0,0,0,0,0,0,0,0,0,0,0,0,0,0,0,0,0,0,0,0,0,0,0,0,0,0,0,0,0,0,0,0,0,0,0,0,0,0,0,0,0,0,0,0,0,0,0,0,0,0,0,0,0,0,0,0,0,0,0,0,0,0,0,0,0,0,0,0,0,0,0,0,0,0,0,0,0,0,0,0,0,0,0,0,0,0,0,0,0,0,0,0,0,0,0,0,0,0,0,0,0,0,0,0,0,0,0,0,0,0,0,0,0,0,0,0,0,0,0,0,0,0,0,0,0,0,0,0,0,0,0,0,0,0,0,0,0,0,0,0,0,0,0,0,0,0,0,0,0,0,0,0,0,0,0,0,0,0,0,0,0,0,0,0,0,0,0,0,0,0,0,0,0,0,0,0,0,0,0,0,0,0,0,0,0,0,0,0,0,0,0,0,0,0,0,0,0,0,0,0,0,0,0,0,0,0,0,0,0,0,0,0,0,0,0,0,0,0,0,0,0,0,0,0,0,0,0,0,0,0,0,0,0,0,0,0,0,0,0,0,0,0,0,0,0,0,0,0,0,0,0,0,0,0,0,0,0,0,0,0,0,0,0,0,0,0,0,0,0,0,0,0,0,0,0,0,0,0,0,0,0,0,0,0,0,0,0,0,0,0,0,0,0,0,0,0,0,0,0,0,0,0,0,0,0,0,0,0,0,0,0,0,0,0
"136",50.663425,51.70755,53.0615,53.099925,53.141025,53.153175,53.167625,53.25735,53.28845,53.3971,53.415825,53.444025,55.256075,55.297675,55.36095,55.5156,56.27635,57.5905,57.636175,57.671275,57.6949,59.091325,59.3019,0,0,0,0,0,0,0,0,0,0,0,0,0,0,0,0,0,0,0,0,0,0,0,0,0,0,0,0,0,0,0,0,0,0,0,0,0,0,0,0,0,0,0,0,0,0,0,0,0,0,0,0,0,0,0,0,0,0,0,0,0,0,0,0,0,0,0,0,0,0,0,0,0,0,0,0,0,0,0,0,0,0,0,0,0,0,0,0,0,0,0,0,0,0,0,0,0,0,0,0,0,0,0,0,0,0,0,0,0,0,0,0,0,0,0,0,0,0,0,0,0,0,0,0,0,0,0,0,0,0,0,0,0,0,0,0,0,0,0,0,0,0,0,0,0,0,0,0,0,0,0,0,0,0,0,0,0,0,0,0,0,0,0,0,0,0,0,0,0,0,0,0,0,0,0,0,0,0,0,0,0,0,0,0,0,0,0,0,0,0,0,0,0,0,0,0,0,0,0,0,0,0,0,0,0,0,0,0,0,0,0,0,0,0,0,0,0,0,0,0,0,0,0,0,0,0,0,0,0,0,0,0,0,0,0,0,0,0,0,0,0,0,0,0,0,0,0,0,0,0,0,0,0,0,0,0,0,0,0,0,0,0,0,0,0,0,0,0,0,0,0,0,0,0,0,0,0,0,0,0,0,0,0,0,0,0,0,0,0,0,0,0,0,0,0,0,0,0,0,0,0,0,0,0,0,0,0,0,0,0,0,0,0,0,0,0,0,0,0,0,0,0,0,0,0,0,0,0,0,0,0,0,0,0,0,0,0,0,0,0,0,0,0,0,0,0,0,0,0,0,0,0,0,0,0,0,0,0,0,0,0,0,0,0,0,0,0,0,0,0,0,0,0,0,0,0,0,0,0,0,0,0,0,0,0,0,0,0,0,0,0,0,0,0,0,0,0,0,0,0,0,0,0,0,0,0,0,0,0,0,0,0,0
"137",50.574725,50.753575,50.8679,51.5844,51.6106,51.671675,51.7027,52.045125,52.7237,52.826675,52.881475,52.89495,53.2502,54.606275,54.9286,54.9581,54.981,55.07695,55.718075,56.05085,57.5033,57.513575,59.118675,59.16085,63.164575,0,0,0,0,0,0,0,0,0,0,0,0,0,0,0,0,0,0,0,0,0,0,0,0,0,0,0,0,0,0,0,0,0,0,0,0,0,0,0,0,0,0,0,0,0,0,0,0,0,0,0,0,0,0,0,0,0,0,0,0,0,0,0,0,0,0,0,0,0,0,0,0,0,0,0,0,0,0,0,0,0,0,0,0,0,0,0,0,0,0,0,0,0,0,0,0,0,0,0,0,0,0,0,0,0,0,0,0,0,0,0,0,0,0,0,0,0,0,0,0,0,0,0,0,0,0,0,0,0,0,0,0,0,0,0,0,0,0,0,0,0,0,0,0,0,0,0,0,0,0,0,0,0,0,0,0,0,0,0,0,0,0,0,0,0,0,0,0,0,0,0,0,0,0,0,0,0,0,0,0,0,0,0,0,0,0,0,0,0,0,0,0,0,0,0,0,0,0,0,0,0,0,0,0,0,0,0,0,0,0,0,0,0,0,0,0,0,0,0,0,0,0,0,0,0,0,0,0,0,0,0,0,0,0,0,0,0,0,0,0,0,0,0,0,0,0,0,0,0,0,0,0,0,0,0,0,0,0,0,0,0,0,0,0,0,0,0,0,0,0,0,0,0,0,0,0,0,0,0,0,0,0,0,0,0,0,0,0,0,0,0,0,0,0,0,0,0,0,0,0,0,0,0,0,0,0,0,0,0,0,0,0,0,0,0,0,0,0,0,0,0,0,0,0,0,0,0,0,0,0,0,0,0,0,0,0,0,0,0,0,0,0,0,0,0,0,0,0,0,0,0,0,0,0,0,0,0,0,0,0,0,0,0,0,0,0,0,0,0,0,0,0,0,0,0,0,0,0,0,0,0,0,0,0,0,0,0,0,0,0,0,0,0,0,0,0,0,0,0,0,0,0,0,0,0,0,0,0,0,0,0
"138",55.78555,0,0,0,0,0,0,0,0,0,0,0,0,0,0,0,0,0,0,0,0,0,0,0,0,0,0,0,0,0,0,0,0,0,0,0,0,0,0,0,0,0,0,0,0,0,0,0,0,0,0,0,0,0,0,0,0,0,0,0,0,0,0,0,0,0,0,0,0,0,0,0,0,0,0,0,0,0,0,0,0,0,0,0,0,0,0,0,0,0,0,0,0,0,0,0,0,0,0,0,0,0,0,0,0,0,0,0,0,0,0,0,0,0,0,0,0,0,0,0,0,0,0,0,0,0,0,0,0,0,0,0,0,0,0,0,0,0,0,0,0,0,0,0,0,0,0,0,0,0,0,0,0,0,0,0,0,0,0,0,0,0,0,0,0,0,0,0,0,0,0,0,0,0,0,0,0,0,0,0,0,0,0,0,0,0,0,0,0,0,0,0,0,0,0,0,0,0,0,0,0,0,0,0,0,0,0,0,0,0,0,0,0,0,0,0,0,0,0,0,0,0,0,0,0,0,0,0,0,0,0,0,0,0,0,0,0,0,0,0,0,0,0,0,0,0,0,0,0,0,0,0,0,0,0,0,0,0,0,0,0,0,0,0,0,0,0,0,0,0,0,0,0,0,0,0,0,0,0,0,0,0,0,0,0,0,0,0,0,0,0,0,0,0,0,0,0,0,0,0,0,0,0,0,0,0,0,0,0,0,0,0,0,0,0,0,0,0,0,0,0,0,0,0,0,0,0,0,0,0,0,0,0,0,0,0,0,0,0,0,0,0,0,0,0,0,0,0,0,0,0,0,0,0,0,0,0,0,0,0,0,0,0,0,0,0,0,0,0,0,0,0,0,0,0,0,0,0,0,0,0,0,0,0,0,0,0,0,0,0,0,0,0,0,0,0,0,0,0,0,0,0,0,0,0,0,0,0,0,0,0,0,0,0,0,0,0,0,0,0,0,0,0,0,0,0,0,0,0,0,0,0,0,0,0,0
"139",54.769225,55.44945,55.988975,57.1294,59.20625,0,0,0,0,0,0,0,0,0,0,0,0,0,0,0,0,0,0,0,0,0,0,0,0,0,0,0,0,0,0,0,0,0,0,0,0,0,0,0,0,0,0,0,0,0,0,0,0,0,0,0,0,0,0,0,0,0,0,0,0,0,0,0,0,0,0,0,0,0,0,0,0,0,0,0,0,0,0,0,0,0,0,0,0,0,0,0,0,0,0,0,0,0,0,0,0,0,0,0,0,0,0,0,0,0,0,0,0,0,0,0,0,0,0,0,0,0,0,0,0,0,0,0,0,0,0,0,0,0,0,0,0,0,0,0,0,0,0,0,0,0,0,0,0,0,0,0,0,0,0,0,0,0,0,0,0,0,0,0,0,0,0,0,0,0,0,0,0,0,0,0,0,0,0,0,0,0,0,0,0,0,0,0,0,0,0,0,0,0,0,0,0,0,0,0,0,0,0,0,0,0,0,0,0,0,0,0,0,0,0,0,0,0,0,0,0,0,0,0,0,0,0,0,0,0,0,0,0,0,0,0,0,0,0,0,0,0,0,0,0,0,0,0,0,0,0,0,0,0,0,0,0,0,0,0,0,0,0,0,0,0,0,0,0,0,0,0,0,0,0,0,0,0,0,0,0,0,0,0,0,0,0,0,0,0,0,0,0,0,0,0,0,0,0,0,0,0,0,0,0,0,0,0,0,0,0,0,0,0,0,0,0,0,0,0,0,0,0,0,0,0,0,0,0,0,0,0,0,0,0,0,0,0,0,0,0,0,0,0,0,0,0,0,0,0,0,0,0,0,0,0,0,0,0,0,0,0,0,0,0,0,0,0,0,0,0,0,0,0,0,0,0,0,0,0,0,0,0,0,0,0,0,0,0,0,0,0,0,0,0,0,0,0,0,0,0,0,0,0,0,0,0,0,0,0,0,0,0,0,0,0,0,0,0,0,0,0,0,0,0,0,0,0,0,0,0,0,0,0,0,0
"140",51.5396,51.570525,51.60035,51.635975,51.651475,51.7763,51.79385,51.81985,51.883225,52.80655,52.9163,52.9764,53.00765,53.0478,55.12035,55.2526,56.051975,57.2822,57.418975,57.462275,57.491,57.508575,57.571675,59.16185,59.26715,59.288,59.297125,59.316525,0,0,0,0,0,0,0,0,0,0,0,0,0,0,0,0,0,0,0,0,0,0,0,0,0,0,0,0,0,0,0,0,0,0,0,0,0,0,0,0,0,0,0,0,0,0,0,0,0,0,0,0,0,0,0,0,0,0,0,0,0,0,0,0,0,0,0,0,0,0,0,0,0,0,0,0,0,0,0,0,0,0,0,0,0,0,0,0,0,0,0,0,0,0,0,0,0,0,0,0,0,0,0,0,0,0,0,0,0,0,0,0,0,0,0,0,0,0,0,0,0,0,0,0,0,0,0,0,0,0,0,0,0,0,0,0,0,0,0,0,0,0,0,0,0,0,0,0,0,0,0,0,0,0,0,0,0,0,0,0,0,0,0,0,0,0,0,0,0,0,0,0,0,0,0,0,0,0,0,0,0,0,0,0,0,0,0,0,0,0,0,0,0,0,0,0,0,0,0,0,0,0,0,0,0,0,0,0,0,0,0,0,0,0,0,0,0,0,0,0,0,0,0,0,0,0,0,0,0,0,0,0,0,0,0,0,0,0,0,0,0,0,0,0,0,0,0,0,0,0,0,0,0,0,0,0,0,0,0,0,0,0,0,0,0,0,0,0,0,0,0,0,0,0,0,0,0,0,0,0,0,0,0,0,0,0,0,0,0,0,0,0,0,0,0,0,0,0,0,0,0,0,0,0,0,0,0,0,0,0,0,0,0,0,0,0,0,0,0,0,0,0,0,0,0,0,0,0,0,0,0,0,0,0,0,0,0,0,0,0,0,0,0,0,0,0,0,0,0,0,0,0,0,0,0,0,0,0,0,0,0,0,0,0,0,0,0,0,0,0,0,0,0,0,0,0,0,0,0,0,0,0,0,0,0,0,0,0,0,0,0,0,0,0,0,0,0,0,0,0,0,0,0,0,0,0,0,0
"141",49.60375,50.06245,50.354275,51.44455,51.5465,51.6079,51.815075,53.0119,53.103125,53.124725,53.1558,53.18835,53.199525,53.229,53.31695,53.37345,53.468775,53.737725,53.831775,53.972325,54.1162,54.24495,55.1122,55.208825,55.259775,55.320825,55.35655,55.3842,55.395075,55.436975,55.4606,55.48275,55.545225,55.579525,55.61405,55.63015,55.66565,55.6869,55.72935,55.8137,55.96555,56.00365,56.019675,56.074025,56.093975,56.1131,56.13425,56.180575,56.198725,56.209625,56.2214,56.23775,56.264225,56.283625,56.303775,56.31285,56.32915,56.352575,56.373875,56.3917,56.429,56.49845,57.4806,57.52945,57.569875,57.614475,57.67235,57.697575,57.754175,57.77855,57.8035,57.8234,57.846,57.859625,57.908225,57.944325,57.980125,58.001675,58.023125,58.0533,58.0836,58.150125,58.170625,58.19995,58.2363,58.2988,59.186925,0,0,0,0,0,0,0,0,0,0,0,0,0,0,0,0,0,0,0,0,0,0,0,0,0,0,0,0,0,0,0,0,0,0,0,0,0,0,0,0,0,0,0,0,0,0,0,0,0,0,0,0,0,0,0,0,0,0,0,0,0,0,0,0,0,0,0,0,0,0,0,0,0,0,0,0,0,0,0,0,0,0,0,0,0,0,0,0,0,0,0,0,0,0,0,0,0,0,0,0,0,0,0,0,0,0,0,0,0,0,0,0,0,0,0,0,0,0,0,0,0,0,0,0,0,0,0,0,0,0,0,0,0,0,0,0,0,0,0,0,0,0,0,0,0,0,0,0,0,0,0,0,0,0,0,0,0,0,0,0,0,0,0,0,0,0,0,0,0,0,0,0,0,0,0,0,0,0,0,0,0,0,0,0,0,0,0,0,0,0,0,0,0,0,0,0,0,0,0,0,0,0,0,0,0,0,0,0,0,0,0,0,0,0,0,0,0,0,0,0,0,0,0,0,0,0,0,0,0,0,0,0,0,0,0,0,0,0,0,0,0,0,0,0,0,0,0,0,0,0,0,0,0,0,0,0,0,0,0,0,0,0,0,0,0,0,0,0,0,0,0,0,0,0,0,0,0,0,0,0,0,0,0,0,0,0,0,0,0,0,0,0,0,0,0,0,0,0,0,0,0,0,0,0,0,0,0,0,0,0,0,0,0,0,0,0,0,0,0,0,0,0,0,0,0,0,0,0,0,0,0,0,0,0,0,0,0,0,0,0,0,0,0,0,0,0,0,0,0
"142",51.451075,51.519175,51.528925,51.567625,51.652025,51.71885,51.76695,51.920775,52.0452,52.62165,52.6502,52.6689,52.715475,52.740075,52.89425,52.9334,52.996575,53.1081,53.173825,53.22245,53.2523,53.64065,53.747175,53.931575,54.0582,54.71765,54.79175,54.807925,54.81965,54.82545,54.85855,54.865325,54.89335,54.934325,54.954025,54.97285,55.025125,55.0888,55.118575,55.217725,55.2559,55.299375,55.352525,55.36145,55.431175,55.470425,55.51935,55.576475,55.62,55.732,55.982175,56.943225,57.0113,57.147925,57.168275,57.1799,57.22235,57.307,57.320875,57.328725,57.405275,57.451975,57.5285,57.6028,57.624225,57.649675,57.669775,57.70685,57.76735,57.808375,57.852275,58.988325,59.0756,59.185,59.253825,59.310425,59.468125,0,0,0,0,0,0,0,0,0,0,0,0,0,0,0,0,0,0,0,0,0,0,0,0,0,0,0,0,0,0,0,0,0,0,0,0,0,0,0,0,0,0,0,0,0,0,0,0,0,0,0,0,0,0,0,0,0,0,0,0,0,0,0,0,0,0,0,0,0,0,0,0,0,0,0,0,0,0,0,0,0,0,0,0,0,0,0,0,0,0,0,0,0,0,0,0,0,0,0,0,0,0,0,0,0,0,0,0,0,0,0,0,0,0,0,0,0,0,0,0,0,0,0,0,0,0,0,0,0,0,0,0,0,0,0,0,0,0,0,0,0,0,0,0,0,0,0,0,0,0,0,0,0,0,0,0,0,0,0,0,0,0,0,0,0,0,0,0,0,0,0,0,0,0,0,0,0,0,0,0,0,0,0,0,0,0,0,0,0,0,0,0,0,0,0,0,0,0,0,0,0,0,0,0,0,0,0,0,0,0,0,0,0,0,0,0,0,0,0,0,0,0,0,0,0,0,0,0,0,0,0,0,0,0,0,0,0,0,0,0,0,0,0,0,0,0,0,0,0,0,0,0,0,0,0,0,0,0,0,0,0,0,0,0,0,0,0,0,0,0,0,0,0,0,0,0,0,0,0,0,0,0,0,0,0,0,0,0,0,0,0,0,0,0,0,0,0,0,0,0,0,0,0,0,0,0,0,0,0,0,0,0,0,0,0,0,0,0,0,0,0,0,0,0,0,0,0,0,0,0,0,0,0,0,0,0,0,0,0,0,0,0,0,0,0,0,0,0,0,0,0,0,0,0,0,0,0,0,0
"143",42.1042,48.166125,48.7931,50.6003,50.62395,50.721575,50.764025,50.807925,50.825425,50.845025,50.91985,50.9423,51.48695,51.53375,51.553775,51.5724,51.631575,51.6381,51.659875,51.6934,51.72735,51.745725,51.805075,51.985,52.0044,52.015625,52.03265,52.079925,52.164925,52.2452,52.342725,52.6476,52.6978,52.7047,52.715975,52.740575,52.753925,52.783025,52.8968,52.9152,52.937075,53.032425,53.2802,53.35605,53.4563,53.56725,53.6632,53.71705,53.79365,53.8179,53.865675,53.900875,53.925825,53.974175,54.0046,54.0339,54.1413,54.178275,54.2279,54.32195,54.34175,54.458525,54.525775,54.547225,54.66835,54.76755,54.829025,54.88015,54.9267,54.99285,55.04455,55.119075,55.180975,55.220675,55.253,55.4564,55.4896,55.718275,55.801925,55.903825,55.9313,56.092275,56.8053,56.97235,56.996175,57.033725,57.0849,57.107775,57.126275,57.1419,57.15875,57.1723,57.190425,57.19645,57.2592,57.29355,57.312475,57.395075,57.4078,57.41505,57.437,57.4546,57.46445,57.471425,57.49375,57.511675,57.52485,57.5367,57.55495,57.604775,57.63375,57.645325,57.686125,58.8267,58.84895,58.906,58.96625,59.009125,59.0479,59.0659,59.07635,59.09385,59.124075,59.1513,59.205525,59.25325,59.273725,59.318,59.35205,59.37645,59.43215,60.628875,60.84495,60.989925,61.027825,61.079525,62.679875,62.8222,62.981225,63.009725,63.198125,63.35215,64.41795,64.5003,64.59035,0,0,0,0,0,0,0,0,0,0,0,0,0,0,0,0,0,0,0,0,0,0,0,0,0,0,0,0,0,0,0,0,0,0,0,0,0,0,0,0,0,0,0,0,0,0,0,0,0,0,0,0,0,0,0,0,0,0,0,0,0,0,0,0,0,0,0,0,0,0,0,0,0,0,0,0,0,0,0,0,0,0,0,0,0,0,0,0,0,0,0,0,0,0,0,0,0,0,0,0,0,0,0,0,0,0,0,0,0,0,0,0,0,0,0,0,0,0,0,0,0,0,0,0,0,0,0,0,0,0,0,0,0,0,0,0,0,0,0,0,0,0,0,0,0,0,0,0,0,0,0,0,0,0,0,0,0,0,0,0,0,0,0,0,0,0,0,0,0,0,0,0,0,0,0,0,0,0,0,0,0,0,0,0,0,0,0,0,0,0,0,0,0,0,0,0,0,0,0,0,0,0,0,0,0,0,0,0,0,0,0,0,0,0,0,0,0,0,0,0,0,0,0,0,0,0,0,0,0,0,0,0,0,0,0,0,0,0,0,0,0,0,0,0,0,0,0,0,0,0,0,0,0,0,0,0,0,0,0,0,0,0,0,0,0,0,0,0,0,0,0,0,0,0,0,0,0,0,0,0,0,0,0,0,0,0,0,0,0,0,0
"144",40.063,40.425975,40.602575,41.3517,42.098075,42.49265,42.960475,43.3607,43.757375,44.032575,44.28165,45.12785,45.497575,46.142875,46.944975,47.54025,47.877975,48.245925,48.50905,49.03185,50.25735,50.698775,58.48485,59.577475,61.474375,61.916275,61.966125,62.29225,63.90355,64.421875,64.74855,65.02725,65.374875,65.53115,65.70765,66.31055,66.43575,66.99395,67.0903,67.4482,67.717975,67.900725,68.083525,68.3388,68.475575,68.636625,69.672875,69.914075,70.3244,70.8588,71.04965,71.3604,71.71455,72.0771,72.21555,72.6414,72.83805,73.292425,73.591225,74.29875,74.67915,75.1883,75.338,75.54415,75.749225,76.32615,76.7738,77.239725,77.46125,77.6416,77.81655,77.931,78.1193,0,0,0,0,0,0,0,0,0,0,0,0,0,0,0,0,0,0,0,0,0,0,0,0,0,0,0,0,0,0,0,0,0,0,0,0,0,0,0,0,0,0,0,0,0,0,0,0,0,0,0,0,0,0,0,0,0,0,0,0,0,0,0,0,0,0,0,0,0,0,0,0,0,0,0,0,0,0,0,0,0,0,0,0,0,0,0,0,0,0,0,0,0,0,0,0,0,0,0,0,0,0,0,0,0,0,0,0,0,0,0,0,0,0,0,0,0,0,0,0,0,0,0,0,0,0,0,0,0,0,0,0,0,0,0,0,0,0,0,0,0,0,0,0,0,0,0,0,0,0,0,0,0,0,0,0,0,0,0,0,0,0,0,0,0,0,0,0,0,0,0,0,0,0,0,0,0,0,0,0,0,0,0,0,0,0,0,0,0,0,0,0,0,0,0,0,0,0,0,0,0,0,0,0,0,0,0,0,0,0,0,0,0,0,0,0,0,0,0,0,0,0,0,0,0,0,0,0,0,0,0,0,0,0,0,0,0,0,0,0,0,0,0,0,0,0,0,0,0,0,0,0,0,0,0,0,0,0,0,0,0,0,0,0,0,0,0,0,0,0,0,0,0,0,0,0,0,0,0,0,0,0,0,0,0,0,0,0,0,0,0,0,0,0,0,0,0,0,0,0,0,0,0,0,0,0,0,0,0,0,0,0,0,0,0,0,0,0,0,0,0,0,0,0,0,0,0,0,0,0,0,0,0,0,0,0,0,0,0,0,0,0,0,0,0,0,0,0,0,0,0,0,0,0,0,0,0,0,0,0,0,0,0
"145",40.46395,40.5333,45.09405,49.44975,49.454225,49.45935,49.463075,49.4672,49.4757,49.47975,49.489025,49.510825,50.39825,50.448725,50.454825,50.4644,50.50515,50.52795,50.68075,50.8038,51.31505,51.3364,51.346575,51.357475,51.6385,52.508025,52.5432,52.824625,52.92125,52.96015,53.895925,53.918975,54.040675,54.365125,54.54345,54.555575,54.6674,54.736325,54.85395,54.8917,56.50535,56.54215,56.558,56.56595,56.815375,56.852075,56.859475,56.87525,56.897575,56.922,57.099,57.114375,57.154975,58.743325,58.7733,58.997075,59.2191,60.6264,60.6571,60.746875,62.548525,63.597675,63.7721,64.106125,64.293275,64.36425,77.258325,77.328,0,0,0,0,0,0,0,0,0,0,0,0,0,0,0,0,0,0,0,0,0,0,0,0,0,0,0,0,0,0,0,0,0,0,0,0,0,0,0,0,0,0,0,0,0,0,0,0,0,0,0,0,0,0,0,0,0,0,0,0,0,0,0,0,0,0,0,0,0,0,0,0,0,0,0,0,0,0,0,0,0,0,0,0,0,0,0,0,0,0,0,0,0,0,0,0,0,0,0,0,0,0,0,0,0,0,0,0,0,0,0,0,0,0,0,0,0,0,0,0,0,0,0,0,0,0,0,0,0,0,0,0,0,0,0,0,0,0,0,0,0,0,0,0,0,0,0,0,0,0,0,0,0,0,0,0,0,0,0,0,0,0,0,0,0,0,0,0,0,0,0,0,0,0,0,0,0,0,0,0,0,0,0,0,0,0,0,0,0,0,0,0,0,0,0,0,0,0,0,0,0,0,0,0,0,0,0,0,0,0,0,0,0,0,0,0,0,0,0,0,0,0,0,0,0,0,0,0,0,0,0,0,0,0,0,0,0,0,0,0,0,0,0,0,0,0,0,0,0,0,0,0,0,0,0,0,0,0,0,0,0,0,0,0,0,0,0,0,0,0,0,0,0,0,0,0,0,0,0,0,0,0,0,0,0,0,0,0,0,0,0,0,0,0,0,0,0,0,0,0,0,0,0,0,0,0,0,0,0,0,0,0,0,0,0,0,0,0,0,0,0,0,0,0,0,0,0,0,0,0,0,0,0,0,0,0,0,0,0,0,0,0,0,0,0,0,0,0,0,0,0,0,0,0,0,0,0,0,0,0,0,0,0,0,0,0,0,0
"146",41.896625,42.7178,43.480025,44.014675,44.50945,44.604325,46.0631,47.194275,47.543925,47.736275,48.02675,48.50035,48.9987,49.200625,49.572175,49.6374,49.7604,50.693025,50.8629,50.933675,51.859225,51.875775,51.932525,52.533575,52.631975,52.772225,54.11155,54.250575,54.4126,54.443575,54.504375,54.5966,54.7219,54.9818,56.01625,56.888225,57.215425,57.230525,57.2452,57.366825,57.422175,57.532075,57.59325,58.0757,58.75775,59.233575,59.2984,59.330125,59.399075,59.518925,59.622625,59.7524,60.485275,60.59965,60.681025,60.762675,60.937125,61.472575,62.39345,62.4777,62.59825,62.858875,63.059225,63.921525,64.067225,0,0,0,0,0,0,0,0,0,0,0,0,0,0,0,0,0,0,0,0,0,0,0,0,0,0,0,0,0,0,0,0,0,0,0,0,0,0,0,0,0,0,0,0,0,0,0,0,0,0,0,0,0,0,0,0,0,0,0,0,0,0,0,0,0,0,0,0,0,0,0,0,0,0,0,0,0,0,0,0,0,0,0,0,0,0,0,0,0,0,0,0,0,0,0,0,0,0,0,0,0,0,0,0,0,0,0,0,0,0,0,0,0,0,0,0,0,0,0,0,0,0,0,0,0,0,0,0,0,0,0,0,0,0,0,0,0,0,0,0,0,0,0,0,0,0,0,0,0,0,0,0,0,0,0,0,0,0,0,0,0,0,0,0,0,0,0,0,0,0,0,0,0,0,0,0,0,0,0,0,0,0,0,0,0,0,0,0,0,0,0,0,0,0,0,0,0,0,0,0,0,0,0,0,0,0,0,0,0,0,0,0,0,0,0,0,0,0,0,0,0,0,0,0,0,0,0,0,0,0,0,0,0,0,0,0,0,0,0,0,0,0,0,0,0,0,0,0,0,0,0,0,0,0,0,0,0,0,0,0,0,0,0,0,0,0,0,0,0,0,0,0,0,0,0,0,0,0,0,0,0,0,0,0,0,0,0,0,0,0,0,0,0,0,0,0,0,0,0,0,0,0,0,0,0,0,0,0,0,0,0,0,0,0,0,0,0,0,0,0,0,0,0,0,0,0,0,0,0,0,0,0,0,0,0,0,0,0,0,0,0,0,0,0,0,0,0,0,0,0,0,0,0,0,0,0,0,0,0,0,0,0,0,0,0,0,0,0,0,0,0
"147",0,0,0,0,0,0,0,0,0,0,0,0,0,0,0,0,0,0,0,0,0,0,0,0,0,0,0,0,0,0,0,0,0,0,0,0,0,0,0,0,0,0,0,0,0,0,0,0,0,0,0,0,0,0,0,0,0,0,0,0,0,0,0,0,0,0,0,0,0,0,0,0,0,0,0,0,0,0,0,0,0,0,0,0,0,0,0,0,0,0,0,0,0,0,0,0,0,0,0,0,0,0,0,0,0,0,0,0,0,0,0,0,0,0,0,0,0,0,0,0,0,0,0,0,0,0,0,0,0,0,0,0,0,0,0,0,0,0,0,0,0,0,0,0,0,0,0,0,0,0,0,0,0,0,0,0,0,0,0,0,0,0,0,0,0,0,0,0,0,0,0,0,0,0,0,0,0,0,0,0,0,0,0,0,0,0,0,0,0,0,0,0,0,0,0,0,0,0,0,0,0,0,0,0,0,0,0,0,0,0,0,0,0,0,0,0,0,0,0,0,0,0,0,0,0,0,0,0,0,0,0,0,0,0,0,0,0,0,0,0,0,0,0,0,0,0,0,0,0,0,0,0,0,0,0,0,0,0,0,0,0,0,0,0,0,0,0,0,0,0,0,0,0,0,0,0,0,0,0,0,0,0,0,0,0,0,0,0,0,0,0,0,0,0,0,0,0,0,0,0,0,0,0,0,0,0,0,0,0,0,0,0,0,0,0,0,0,0,0,0,0,0,0,0,0,0,0,0,0,0,0,0,0,0,0,0,0,0,0,0,0,0,0,0,0,0,0,0,0,0,0,0,0,0,0,0,0,0,0,0,0,0,0,0,0,0,0,0,0,0,0,0,0,0,0,0,0,0,0,0,0,0,0,0,0,0,0,0,0,0,0,0,0,0,0,0,0,0,0,0,0,0,0,0,0,0,0,0,0,0,0,0,0,0,0,0,0,0,0,0,0,0,0,0,0,0,0,0,0,0,0,0,0,0,0,0
"148",49.781075,49.8507,50.19795,50.6075,50.633025,50.660225,50.794675,50.82405,50.87925,50.9797,51.191125,51.245025,51.3092,51.56285,51.876875,52.0741,52.243425,52.29325,52.34065,52.832775,53.029825,53.19485,53.69745,54.086025,54.1342,54.214075,54.287375,54.31295,54.339525,54.5404,54.64045,54.729,54.771975,54.909475,55.00225,55.17865,55.514425,55.779525,56.49575,56.575025,56.664,56.74935,56.81365,56.923,56.99325,57.43525,57.460825,58.44425,58.554,58.731475,58.89405,58.94415,59.0073,59.3243,59.381275,60.876075,62.615975,62.9853,63.152175,64.221725,64.335375,64.6695,70.480325,0,0,0,0,0,0,0,0,0,0,0,0,0,0,0,0,0,0,0,0,0,0,0,0,0,0,0,0,0,0,0,0,0,0,0,0,0,0,0,0,0,0,0,0,0,0,0,0,0,0,0,0,0,0,0,0,0,0,0,0,0,0,0,0,0,0,0,0,0,0,0,0,0,0,0,0,0,0,0,0,0,0,0,0,0,0,0,0,0,0,0,0,0,0,0,0,0,0,0,0,0,0,0,0,0,0,0,0,0,0,0,0,0,0,0,0,0,0,0,0,0,0,0,0,0,0,0,0,0,0,0,0,0,0,0,0,0,0,0,0,0,0,0,0,0,0,0,0,0,0,0,0,0,0,0,0,0,0,0,0,0,0,0,0,0,0,0,0,0,0,0,0,0,0,0,0,0,0,0,0,0,0,0,0,0,0,0,0,0,0,0,0,0,0,0,0,0,0,0,0,0,0,0,0,0,0,0,0,0,0,0,0,0,0,0,0,0,0,0,0,0,0,0,0,0,0,0,0,0,0,0,0,0,0,0,0,0,0,0,0,0,0,0,0,0,0,0,0,0,0,0,0,0,0,0,0,0,0,0,0,0,0,0,0,0,0,0,0,0,0,0,0,0,0,0,0,0,0,0,0,0,0,0,0,0,0,0,0,0,0,0,0,0,0,0,0,0,0,0,0,0,0,0,0,0,0,0,0,0,0,0,0,0,0,0,0,0,0,0,0,0,0,0,0,0,0,0,0,0,0,0,0,0,0,0,0,0,0,0,0,0,0,0,0,0,0,0,0,0,0,0,0,0,0,0,0,0,0,0,0,0,0,0,0,0,0,0,0,0,0,0,0,0
"149",49.49545,49.80125,49.92675,50.92435,51.53255,51.575325,51.71275,51.729575,51.7762,51.783025,51.7907,51.8069,51.959125,52.02725,52.0846,52.23935,52.8579,52.89025,52.940875,52.962,53.02445,53.034775,53.05415,53.105975,53.162625,53.230325,53.268725,53.558675,53.944075,54.870875,54.960875,54.98635,55.02735,55.1283,55.192625,55.24925,55.28835,55.346825,55.4439,55.502575,55.542025,55.644425,55.69045,55.74335,55.790875,55.898925,56.049275,56.084375,56.13505,56.245325,56.904475,57.11285,57.1399,57.175725,57.240675,57.3221,57.386375,57.4208,57.44455,57.49675,57.60815,57.664075,57.716425,57.805,57.917525,57.924475,57.9975,58.081825,59.01565,59.046625,59.08325,59.13245,59.15745,59.1947,59.2576,59.267125,59.3626,59.396825,59.4418,59.58985,59.6359,59.7196,59.8372,61.277825,63.307675,64.723525,64.849825,65.811075,0,0,0,0,0,0,0,0,0,0,0,0,0,0,0,0,0,0,0,0,0,0,0,0,0,0,0,0,0,0,0,0,0,0,0,0,0,0,0,0,0,0,0,0,0,0,0,0,0,0,0,0,0,0,0,0,0,0,0,0,0,0,0,0,0,0,0,0,0,0,0,0,0,0,0,0,0,0,0,0,0,0,0,0,0,0,0,0,0,0,0,0,0,0,0,0,0,0,0,0,0,0,0,0,0,0,0,0,0,0,0,0,0,0,0,0,0,0,0,0,0,0,0,0,0,0,0,0,0,0,0,0,0,0,0,0,0,0,0,0,0,0,0,0,0,0,0,0,0,0,0,0,0,0,0,0,0,0,0,0,0,0,0,0,0,0,0,0,0,0,0,0,0,0,0,0,0,0,0,0,0,0,0,0,0,0,0,0,0,0,0,0,0,0,0,0,0,0,0,0,0,0,0,0,0,0,0,0,0,0,0,0,0,0,0,0,0,0,0,0,0,0,0,0,0,0,0,0,0,0,0,0,0,0,0,0,0,0,0,0,0,0,0,0,0,0,0,0,0,0,0,0,0,0,0,0,0,0,0,0,0,0,0,0,0,0,0,0,0,0,0,0,0,0,0,0,0,0,0,0,0,0,0,0,0,0,0,0,0,0,0,0,0,0,0,0,0,0,0,0,0,0,0,0,0,0,0,0,0,0,0,0,0,0,0,0,0,0,0,0,0,0,0,0,0,0,0,0,0,0,0,0,0,0,0,0,0,0,0,0,0,0,0,0,0,0,0,0
"150",49.687875,50.68995,50.776375,51.4325,51.461825,51.473975,51.697325,51.969325,52.006825,52.107175,52.27595,52.6771,52.718475,52.9523,53.057075,53.219925,53.391675,53.452925,53.507925,53.956575,54.187025,54.7091,55.747475,55.920225,56.52685,56.9746,57.015025,57.088025,58.152825,58.886725,58.922825,59.1796,59.5658,59.8236,60.750625,60.842975,61.06785,0,0,0,0,0,0,0,0,0,0,0,0,0,0,0,0,0,0,0,0,0,0,0,0,0,0,0,0,0,0,0,0,0,0,0,0,0,0,0,0,0,0,0,0,0,0,0,0,0,0,0,0,0,0,0,0,0,0,0,0,0,0,0,0,0,0,0,0,0,0,0,0,0,0,0,0,0,0,0,0,0,0,0,0,0,0,0,0,0,0,0,0,0,0,0,0,0,0,0,0,0,0,0,0,0,0,0,0,0,0,0,0,0,0,0,0,0,0,0,0,0,0,0,0,0,0,0,0,0,0,0,0,0,0,0,0,0,0,0,0,0,0,0,0,0,0,0,0,0,0,0,0,0,0,0,0,0,0,0,0,0,0,0,0,0,0,0,0,0,0,0,0,0,0,0,0,0,0,0,0,0,0,0,0,0,0,0,0,0,0,0,0,0,0,0,0,0,0,0,0,0,0,0,0,0,0,0,0,0,0,0,0,0,0,0,0,0,0,0,0,0,0,0,0,0,0,0,0,0,0,0,0,0,0,0,0,0,0,0,0,0,0,0,0,0,0,0,0,0,0,0,0,0,0,0,0,0,0,0,0,0,0,0,0,0,0,0,0,0,0,0,0,0,0,0,0,0,0,0,0,0,0,0,0,0,0,0,0,0,0,0,0,0,0,0,0,0,0,0,0,0,0,0,0,0,0,0,0,0,0,0,0,0,0,0,0,0,0,0,0,0,0,0,0,0,0,0,0,0,0,0,0,0,0,0,0,0,0,0,0,0,0,0,0,0,0,0,0,0,0,0,0,0,0,0,0,0,0,0,0,0,0,0,0,0,0,0,0,0,0,0,0,0,0,0,0,0,0,0,0,0,0,0,0,0,0,0,0,0,0,0,0,0,0,0,0,0,0,0
"151",50.5725,51.5207,51.699825,52.563975,55.015375,57.2393,57.502975,58.802525,58.96975,63.668325,0,0,0,0,0,0,0,0,0,0,0,0,0,0,0,0,0,0,0,0,0,0,0,0,0,0,0,0,0,0,0,0,0,0,0,0,0,0,0,0,0,0,0,0,0,0,0,0,0,0,0,0,0,0,0,0,0,0,0,0,0,0,0,0,0,0,0,0,0,0,0,0,0,0,0,0,0,0,0,0,0,0,0,0,0,0,0,0,0,0,0,0,0,0,0,0,0,0,0,0,0,0,0,0,0,0,0,0,0,0,0,0,0,0,0,0,0,0,0,0,0,0,0,0,0,0,0,0,0,0,0,0,0,0,0,0,0,0,0,0,0,0,0,0,0,0,0,0,0,0,0,0,0,0,0,0,0,0,0,0,0,0,0,0,0,0,0,0,0,0,0,0,0,0,0,0,0,0,0,0,0,0,0,0,0,0,0,0,0,0,0,0,0,0,0,0,0,0,0,0,0,0,0,0,0,0,0,0,0,0,0,0,0,0,0,0,0,0,0,0,0,0,0,0,0,0,0,0,0,0,0,0,0,0,0,0,0,0,0,0,0,0,0,0,0,0,0,0,0,0,0,0,0,0,0,0,0,0,0,0,0,0,0,0,0,0,0,0,0,0,0,0,0,0,0,0,0,0,0,0,0,0,0,0,0,0,0,0,0,0,0,0,0,0,0,0,0,0,0,0,0,0,0,0,0,0,0,0,0,0,0,0,0,0,0,0,0,0,0,0,0,0,0,0,0,0,0,0,0,0,0,0,0,0,0,0,0,0,0,0,0,0,0,0,0,0,0,0,0,0,0,0,0,0,0,0,0,0,0,0,0,0,0,0,0,0,0,0,0,0,0,0,0,0,0,0,0,0,0,0,0,0,0,0,0,0,0,0,0,0,0,0,0,0,0,0,0,0,0,0,0,0,0,0,0,0,0,0,0,0,0,0,0,0,0,0,0,0,0,0,0,0,0,0,0,0
"152",50.53095,51.0026,52.271125,52.48285,52.519875,52.63435,53.31205,53.72745,54.348,54.459225,54.6127,54.661125,54.906975,55.02845,56.3209,56.43965,56.582025,58.210375,59.228175,60.7432,64.284375,64.442625,70.83735,71.38615,78.274125,0,0,0,0,0,0,0,0,0,0,0,0,0,0,0,0,0,0,0,0,0,0,0,0,0,0,0,0,0,0,0,0,0,0,0,0,0,0,0,0,0,0,0,0,0,0,0,0,0,0,0,0,0,0,0,0,0,0,0,0,0,0,0,0,0,0,0,0,0,0,0,0,0,0,0,0,0,0,0,0,0,0,0,0,0,0,0,0,0,0,0,0,0,0,0,0,0,0,0,0,0,0,0,0,0,0,0,0,0,0,0,0,0,0,0,0,0,0,0,0,0,0,0,0,0,0,0,0,0,0,0,0,0,0,0,0,0,0,0,0,0,0,0,0,0,0,0,0,0,0,0,0,0,0,0,0,0,0,0,0,0,0,0,0,0,0,0,0,0,0,0,0,0,0,0,0,0,0,0,0,0,0,0,0,0,0,0,0,0,0,0,0,0,0,0,0,0,0,0,0,0,0,0,0,0,0,0,0,0,0,0,0,0,0,0,0,0,0,0,0,0,0,0,0,0,0,0,0,0,0,0,0,0,0,0,0,0,0,0,0,0,0,0,0,0,0,0,0,0,0,0,0,0,0,0,0,0,0,0,0,0,0,0,0,0,0,0,0,0,0,0,0,0,0,0,0,0,0,0,0,0,0,0,0,0,0,0,0,0,0,0,0,0,0,0,0,0,0,0,0,0,0,0,0,0,0,0,0,0,0,0,0,0,0,0,0,0,0,0,0,0,0,0,0,0,0,0,0,0,0,0,0,0,0,0,0,0,0,0,0,0,0,0,0,0,0,0,0,0,0,0,0,0,0,0,0,0,0,0,0,0,0,0,0,0,0,0,0,0,0,0,0,0,0,0,0,0,0,0,0,0,0,0,0,0,0,0,0,0,0,0,0,0,0,0,0,0,0,0,0,0,0,0,0,0,0,0,0,0,0,0
"153",49.461475,50.752,53.26085,56.100075,59.48055,60.745575,60.901375,0,0,0,0,0,0,0,0,0,0,0,0,0,0,0,0,0,0,0,0,0,0,0,0,0,0,0,0,0,0,0,0,0,0,0,0,0,0,0,0,0,0,0,0,0,0,0,0,0,0,0,0,0,0,0,0,0,0,0,0,0,0,0,0,0,0,0,0,0,0,0,0,0,0,0,0,0,0,0,0,0,0,0,0,0,0,0,0,0,0,0,0,0,0,0,0,0,0,0,0,0,0,0,0,0,0,0,0,0,0,0,0,0,0,0,0,0,0,0,0,0,0,0,0,0,0,0,0,0,0,0,0,0,0,0,0,0,0,0,0,0,0,0,0,0,0,0,0,0,0,0,0,0,0,0,0,0,0,0,0,0,0,0,0,0,0,0,0,0,0,0,0,0,0,0,0,0,0,0,0,0,0,0,0,0,0,0,0,0,0,0,0,0,0,0,0,0,0,0,0,0,0,0,0,0,0,0,0,0,0,0,0,0,0,0,0,0,0,0,0,0,0,0,0,0,0,0,0,0,0,0,0,0,0,0,0,0,0,0,0,0,0,0,0,0,0,0,0,0,0,0,0,0,0,0,0,0,0,0,0,0,0,0,0,0,0,0,0,0,0,0,0,0,0,0,0,0,0,0,0,0,0,0,0,0,0,0,0,0,0,0,0,0,0,0,0,0,0,0,0,0,0,0,0,0,0,0,0,0,0,0,0,0,0,0,0,0,0,0,0,0,0,0,0,0,0,0,0,0,0,0,0,0,0,0,0,0,0,0,0,0,0,0,0,0,0,0,0,0,0,0,0,0,0,0,0,0,0,0,0,0,0,0,0,0,0,0,0,0,0,0,0,0,0,0,0,0,0,0,0,0,0,0,0,0,0,0,0,0,0,0,0,0,0,0,0,0,0,0,0,0,0,0,0,0,0,0,0,0,0,0,0,0,0,0,0,0,0,0,0,0,0,0,0,0,0,0,0,0
"154",50.799225,50.821375,50.956825,51.606025,51.620025,51.9167,52.166525,52.643075,52.705725,52.733875,52.7786,52.8126,53.082275,53.383525,54.8967,54.937825,55.2135,55.2901,55.5933,55.9394,55.9788,56.0142,57.020075,57.210225,57.3601,58.990525,59.064675,59.117675,59.226325,59.3223,60.993875,64.46955,67.12665,0,0,0,0,0,0,0,0,0,0,0,0,0,0,0,0,0,0,0,0,0,0,0,0,0,0,0,0,0,0,0,0,0,0,0,0,0,0,0,0,0,0,0,0,0,0,0,0,0,0,0,0,0,0,0,0,0,0,0,0,0,0,0,0,0,0,0,0,0,0,0,0,0,0,0,0,0,0,0,0,0,0,0,0,0,0,0,0,0,0,0,0,0,0,0,0,0,0,0,0,0,0,0,0,0,0,0,0,0,0,0,0,0,0,0,0,0,0,0,0,0,0,0,0,0,0,0,0,0,0,0,0,0,0,0,0,0,0,0,0,0,0,0,0,0,0,0,0,0,0,0,0,0,0,0,0,0,0,0,0,0,0,0,0,0,0,0,0,0,0,0,0,0,0,0,0,0,0,0,0,0,0,0,0,0,0,0,0,0,0,0,0,0,0,0,0,0,0,0,0,0,0,0,0,0,0,0,0,0,0,0,0,0,0,0,0,0,0,0,0,0,0,0,0,0,0,0,0,0,0,0,0,0,0,0,0,0,0,0,0,0,0,0,0,0,0,0,0,0,0,0,0,0,0,0,0,0,0,0,0,0,0,0,0,0,0,0,0,0,0,0,0,0,0,0,0,0,0,0,0,0,0,0,0,0,0,0,0,0,0,0,0,0,0,0,0,0,0,0,0,0,0,0,0,0,0,0,0,0,0,0,0,0,0,0,0,0,0,0,0,0,0,0,0,0,0,0,0,0,0,0,0,0,0,0,0,0,0,0,0,0,0,0,0,0,0,0,0,0,0,0,0,0,0,0,0,0,0,0,0,0,0,0,0,0,0,0,0,0,0,0,0,0,0,0,0,0,0,0,0,0,0,0,0,0,0,0,0,0,0,0,0,0,0,0,0,0,0,0,0,0,0,0
"155",49.595925,50.167175,50.49245,50.575675,50.7074,50.895775,51.398825,51.44115,51.5439,51.58995,51.60495,51.710225,51.741875,51.7488,51.8212,51.85225,51.879325,51.9555,52.57715,52.58715,52.6118,52.630025,52.687475,52.7876,52.84025,52.8504,52.915375,52.972925,53.0084,53.144725,53.5335,54.0042,54.04805,54.3717,54.377875,54.470575,54.630225,54.83125,54.852625,55.021575,55.06215,55.0719,55.09775,55.12065,55.160025,55.253675,55.255775,55.32515,55.34675,55.468975,55.4867,55.520625,55.536575,55.54485,55.70705,55.828825,55.95085,56.18395,56.87655,56.943325,57.00545,57.0256,57.1301,57.218075,57.219775,57.346475,57.35005,57.378625,57.42135,57.4308,57.475125,57.515275,57.600325,57.60975,57.73305,57.78385,57.792475,57.87795,57.947125,58.9933,59.33445,59.50565,60.752275,60.756625,60.780225,60.881375,60.93405,60.9614,61.095325,64.275675,64.37375,0,0,0,0,0,0,0,0,0,0,0,0,0,0,0,0,0,0,0,0,0,0,0,0,0,0,0,0,0,0,0,0,0,0,0,0,0,0,0,0,0,0,0,0,0,0,0,0,0,0,0,0,0,0,0,0,0,0,0,0,0,0,0,0,0,0,0,0,0,0,0,0,0,0,0,0,0,0,0,0,0,0,0,0,0,0,0,0,0,0,0,0,0,0,0,0,0,0,0,0,0,0,0,0,0,0,0,0,0,0,0,0,0,0,0,0,0,0,0,0,0,0,0,0,0,0,0,0,0,0,0,0,0,0,0,0,0,0,0,0,0,0,0,0,0,0,0,0,0,0,0,0,0,0,0,0,0,0,0,0,0,0,0,0,0,0,0,0,0,0,0,0,0,0,0,0,0,0,0,0,0,0,0,0,0,0,0,0,0,0,0,0,0,0,0,0,0,0,0,0,0,0,0,0,0,0,0,0,0,0,0,0,0,0,0,0,0,0,0,0,0,0,0,0,0,0,0,0,0,0,0,0,0,0,0,0,0,0,0,0,0,0,0,0,0,0,0,0,0,0,0,0,0,0,0,0,0,0,0,0,0,0,0,0,0,0,0,0,0,0,0,0,0,0,0,0,0,0,0,0,0,0,0,0,0,0,0,0,0,0,0,0,0,0,0,0,0,0,0,0,0,0,0,0,0,0,0,0,0,0,0,0,0,0,0,0,0,0,0,0,0,0,0,0,0,0,0,0,0,0,0,0,0,0,0,0,0,0,0,0,0,0,0,0,0
"156",50.605075,52.5235,52.6039,53.29135,53.54485,53.573175,53.785375,53.98505,54.02585,54.091525,54.162,54.405125,54.541225,54.646,55.976275,56.0055,56.5529,56.753675,56.797625,56.838075,56.866225,56.905475,57.018575,57.28335,57.45055,64.380225,0,0,0,0,0,0,0,0,0,0,0,0,0,0,0,0,0,0,0,0,0,0,0,0,0,0,0,0,0,0,0,0,0,0,0,0,0,0,0,0,0,0,0,0,0,0,0,0,0,0,0,0,0,0,0,0,0,0,0,0,0,0,0,0,0,0,0,0,0,0,0,0,0,0,0,0,0,0,0,0,0,0,0,0,0,0,0,0,0,0,0,0,0,0,0,0,0,0,0,0,0,0,0,0,0,0,0,0,0,0,0,0,0,0,0,0,0,0,0,0,0,0,0,0,0,0,0,0,0,0,0,0,0,0,0,0,0,0,0,0,0,0,0,0,0,0,0,0,0,0,0,0,0,0,0,0,0,0,0,0,0,0,0,0,0,0,0,0,0,0,0,0,0,0,0,0,0,0,0,0,0,0,0,0,0,0,0,0,0,0,0,0,0,0,0,0,0,0,0,0,0,0,0,0,0,0,0,0,0,0,0,0,0,0,0,0,0,0,0,0,0,0,0,0,0,0,0,0,0,0,0,0,0,0,0,0,0,0,0,0,0,0,0,0,0,0,0,0,0,0,0,0,0,0,0,0,0,0,0,0,0,0,0,0,0,0,0,0,0,0,0,0,0,0,0,0,0,0,0,0,0,0,0,0,0,0,0,0,0,0,0,0,0,0,0,0,0,0,0,0,0,0,0,0,0,0,0,0,0,0,0,0,0,0,0,0,0,0,0,0,0,0,0,0,0,0,0,0,0,0,0,0,0,0,0,0,0,0,0,0,0,0,0,0,0,0,0,0,0,0,0,0,0,0,0,0,0,0,0,0,0,0,0,0,0,0,0,0,0,0,0,0,0,0,0,0,0,0,0,0,0,0,0,0,0,0,0,0,0,0,0,0,0,0,0,0,0,0,0,0,0,0,0,0,0,0,0,0,0,0
"157",49.5431,50.537425,50.562325,50.595425,50.811475,50.861675,50.90605,50.9423,51.043425,51.197525,51.39965,51.4463,51.589875,51.61535,51.710275,51.913325,51.9452,51.990825,52.0211,52.0338,52.069225,52.108975,52.149525,52.1571,52.214725,52.25705,52.289275,52.3219,52.4426,52.47655,52.5004,52.51725,52.53125,52.5794,52.623225,52.716675,52.7407,52.757075,52.9043,53.00115,53.170825,53.234975,53.24815,53.29495,53.331375,53.40435,53.429425,53.441125,53.4668,53.477325,53.50115,53.517125,53.533675,53.564225,53.59815,53.616025,53.641575,53.657775,53.697625,53.761675,53.81565,53.823375,53.877875,53.918625,53.931,53.9727,54.0073,54.030275,54.037575,54.087575,54.111425,54.123725,54.139,54.157525,54.246125,54.256225,54.26925,54.32505,54.34565,54.402,54.4345,54.454525,54.491175,54.537075,54.5442,54.579275,54.589925,54.6181,54.6429,54.7116,54.78245,54.906125,55.00615,55.02025,55.134375,55.14565,55.1706,55.25615,55.363375,55.4078,55.5708,55.774475,55.7863,55.83455,55.86725,55.920475,55.9422,55.97925,56.06875,56.096375,56.1411,56.15615,56.29875,56.3383,56.47885,56.55885,56.584275,56.662975,56.697075,56.7343,56.8072,56.837525,56.879175,56.924725,56.946225,57.20735,57.26105,57.312575,57.375975,57.491375,58.00525,58.292525,58.742975,58.873625,59.015225,59.0764,59.211775,59.2331,59.337975,60.858925,60.882325,60.97035,61.0383,61.27255,61.40385,62.57565,62.658275,62.735775,62.746625,62.7847,62.8039,62.849225,62.862,62.925575,62.944575,62.9954,63.061975,63.0783,63.105625,63.121,63.21035,63.28055,63.82265,63.9466,64.025425,64.057675,64.133175,64.144975,64.18625,64.2129,64.24545,64.280175,64.321025,64.3286,64.3429,64.3662,64.41535,64.441625,64.487925,64.544625,64.5789,64.628,64.63705,64.74035,64.8311,0,0,0,0,0,0,0,0,0,0,0,0,0,0,0,0,0,0,0,0,0,0,0,0,0,0,0,0,0,0,0,0,0,0,0,0,0,0,0,0,0,0,0,0,0,0,0,0,0,0,0,0,0,0,0,0,0,0,0,0,0,0,0,0,0,0,0,0,0,0,0,0,0,0,0,0,0,0,0,0,0,0,0,0,0,0,0,0,0,0,0,0,0,0,0,0,0,0,0,0,0,0,0,0,0,0,0,0,0,0,0,0,0,0,0,0,0,0,0,0,0,0,0,0,0,0,0,0,0,0,0,0,0,0,0,0,0,0,0,0,0,0,0,0,0,0,0,0,0,0,0,0,0,0,0,0,0,0,0,0,0,0,0,0,0,0,0,0,0,0,0,0,0,0,0,0,0,0,0,0,0,0,0,0,0,0,0,0,0,0,0,0,0,0,0,0,0,0,0,0,0,0,0,0,0,0,0,0,0,0,0,0,0,0,0,0,0,0,0,0,0,0,0,0,0,0,0,0,0,0,0,0,0,0,0,0,0,0,0,0,0,0,0,0,0,0,0,0,0,0,0
"158",49.627425,49.682625,49.713375,49.750175,49.7808,49.795575,49.838075,49.88395,49.88955,49.913325,49.932975,49.9435,49.97315,50.003175,50.02005,50.06945,50.0906,50.107225,50.148575,50.214575,50.278025,50.3467,50.408425,50.493425,50.50205,50.918325,50.945075,50.961275,51.02855,51.076875,52.118425,52.1793,52.2238,52.2531,52.27765,52.294025,52.397525,52.42075,53.460225,53.7525,54.270775,54.467,56.306475,56.46585,56.635675,56.70945,58.227375,58.308175,58.36595,58.402475,58.4275,58.460425,58.48835,58.550125,58.6244,59.624825,59.67095,59.758,59.803675,59.857525,59.891475,59.9214,59.94365,59.976125,60.02135,60.056375,60.136225,60.17545,60.21165,60.279025,60.319175,60.38,61.314275,61.37925,61.4946,61.55455,61.5925,61.645125,61.698325,61.740975,61.795125,61.85065,61.897825,61.940775,62.096,62.147975,62.248225,62.461375,63.40955,63.480175,63.56585,64.957925,65.08555,65.193825,65.2549,65.348175,65.484825,65.8878,65.9873,66.1831,66.481575,66.837225,67.04455,67.2504,67.5493,67.726525,68.00175,68.702725,69.22795,69.672275,0,0,0,0,0,0,0,0,0,0,0,0,0,0,0,0,0,0,0,0,0,0,0,0,0,0,0,0,0,0,0,0,0,0,0,0,0,0,0,0,0,0,0,0,0,0,0,0,0,0,0,0,0,0,0,0,0,0,0,0,0,0,0,0,0,0,0,0,0,0,0,0,0,0,0,0,0,0,0,0,0,0,0,0,0,0,0,0,0,0,0,0,0,0,0,0,0,0,0,0,0,0,0,0,0,0,0,0,0,0,0,0,0,0,0,0,0,0,0,0,0,0,0,0,0,0,0,0,0,0,0,0,0,0,0,0,0,0,0,0,0,0,0,0,0,0,0,0,0,0,0,0,0,0,0,0,0,0,0,0,0,0,0,0,0,0,0,0,0,0,0,0,0,0,0,0,0,0,0,0,0,0,0,0,0,0,0,0,0,0,0,0,0,0,0,0,0,0,0,0,0,0,0,0,0,0,0,0,0,0,0,0,0,0,0,0,0,0,0,0,0,0,0,0,0,0,0,0,0,0,0,0,0,0,0,0,0,0,0,0,0,0,0,0,0,0,0,0,0,0,0,0,0,0,0,0,0,0,0,0,0,0,0,0,0,0,0,0,0,0,0,0,0,0,0,0,0,0,0,0,0,0,0,0,0,0,0,0,0,0,0,0,0,0,0,0,0,0,0,0,0,0,0,0,0,0,0,0,0,0,0,0,0,0,0,0,0,0,0,0,0,0,0,0,0,0
"159",50.8304,51.525025,51.7453,51.83425,51.9222,51.956525,51.989225,52.00515,52.071275,52.174925,52.67245,53.128175,53.149125,53.16685,53.187775,53.2661,53.28715,53.383,53.4156,53.44915,53.482725,53.795325,54.8272,54.86425,54.8929,55.292375,55.357675,55.411975,55.434225,55.461475,55.54665,55.593375,55.67785,56.09805,56.14725,56.194275,56.25255,56.9499,57.236875,57.543175,57.6532,57.70145,57.781875,58.998575,59.31255,59.327825,59.466875,60.90355,60.952325,64.42595,64.591875,0,0,0,0,0,0,0,0,0,0,0,0,0,0,0,0,0,0,0,0,0,0,0,0,0,0,0,0,0,0,0,0,0,0,0,0,0,0,0,0,0,0,0,0,0,0,0,0,0,0,0,0,0,0,0,0,0,0,0,0,0,0,0,0,0,0,0,0,0,0,0,0,0,0,0,0,0,0,0,0,0,0,0,0,0,0,0,0,0,0,0,0,0,0,0,0,0,0,0,0,0,0,0,0,0,0,0,0,0,0,0,0,0,0,0,0,0,0,0,0,0,0,0,0,0,0,0,0,0,0,0,0,0,0,0,0,0,0,0,0,0,0,0,0,0,0,0,0,0,0,0,0,0,0,0,0,0,0,0,0,0,0,0,0,0,0,0,0,0,0,0,0,0,0,0,0,0,0,0,0,0,0,0,0,0,0,0,0,0,0,0,0,0,0,0,0,0,0,0,0,0,0,0,0,0,0,0,0,0,0,0,0,0,0,0,0,0,0,0,0,0,0,0,0,0,0,0,0,0,0,0,0,0,0,0,0,0,0,0,0,0,0,0,0,0,0,0,0,0,0,0,0,0,0,0,0,0,0,0,0,0,0,0,0,0,0,0,0,0,0,0,0,0,0,0,0,0,0,0,0,0,0,0,0,0,0,0,0,0,0,0,0,0,0,0,0,0,0,0,0,0,0,0,0,0,0,0,0,0,0,0,0,0,0,0,0,0,0,0,0,0,0,0,0,0,0,0,0,0,0,0,0,0,0,0,0,0,0,0,0,0,0,0,0,0,0,0,0,0,0,0,0,0,0,0,0,0,0,0,0,0,0,0,0,0,0,0,0,0,0,0,0,0,0,0,0,0,0,0,0,0,0,0,0,0
"160",51.826875,51.866025,51.899225,51.92965,52.008625,52.051425,52.056575,52.88265,52.97225,53.012275,53.05635,53.1036,53.252325,57.480625,57.527425,57.5743,57.623675,57.662275,57.70245,57.81475,0,0,0,0,0,0,0,0,0,0,0,0,0,0,0,0,0,0,0,0,0,0,0,0,0,0,0,0,0,0,0,0,0,0,0,0,0,0,0,0,0,0,0,0,0,0,0,0,0,0,0,0,0,0,0,0,0,0,0,0,0,0,0,0,0,0,0,0,0,0,0,0,0,0,0,0,0,0,0,0,0,0,0,0,0,0,0,0,0,0,0,0,0,0,0,0,0,0,0,0,0,0,0,0,0,0,0,0,0,0,0,0,0,0,0,0,0,0,0,0,0,0,0,0,0,0,0,0,0,0,0,0,0,0,0,0,0,0,0,0,0,0,0,0,0,0,0,0,0,0,0,0,0,0,0,0,0,0,0,0,0,0,0,0,0,0,0,0,0,0,0,0,0,0,0,0,0,0,0,0,0,0,0,0,0,0,0,0,0,0,0,0,0,0,0,0,0,0,0,0,0,0,0,0,0,0,0,0,0,0,0,0,0,0,0,0,0,0,0,0,0,0,0,0,0,0,0,0,0,0,0,0,0,0,0,0,0,0,0,0,0,0,0,0,0,0,0,0,0,0,0,0,0,0,0,0,0,0,0,0,0,0,0,0,0,0,0,0,0,0,0,0,0,0,0,0,0,0,0,0,0,0,0,0,0,0,0,0,0,0,0,0,0,0,0,0,0,0,0,0,0,0,0,0,0,0,0,0,0,0,0,0,0,0,0,0,0,0,0,0,0,0,0,0,0,0,0,0,0,0,0,0,0,0,0,0,0,0,0,0,0,0,0,0,0,0,0,0,0,0,0,0,0,0,0,0,0,0,0,0,0,0,0,0,0,0,0,0,0,0,0,0,0,0,0,0,0,0,0,0,0,0,0,0,0,0,0,0,0,0,0,0,0,0,0,0,0,0,0,0,0,0,0,0,0,0,0,0,0,0,0,0,0,0,0,0
"161",51.522425,51.5431,51.56505,51.6638,51.862325,51.922225,51.952025,52.016825,52.041975,52.820975,52.8399,52.960275,53.041325,53.138575,53.1909,53.239075,53.327775,53.360375,55.066575,55.10865,55.284325,55.887425,55.940375,56.08495,57.258625,57.364525,57.525775,58.977225,59.097475,59.2326,59.260375,59.326,0,0,0,0,0,0,0,0,0,0,0,0,0,0,0,0,0,0,0,0,0,0,0,0,0,0,0,0,0,0,0,0,0,0,0,0,0,0,0,0,0,0,0,0,0,0,0,0,0,0,0,0,0,0,0,0,0,0,0,0,0,0,0,0,0,0,0,0,0,0,0,0,0,0,0,0,0,0,0,0,0,0,0,0,0,0,0,0,0,0,0,0,0,0,0,0,0,0,0,0,0,0,0,0,0,0,0,0,0,0,0,0,0,0,0,0,0,0,0,0,0,0,0,0,0,0,0,0,0,0,0,0,0,0,0,0,0,0,0,0,0,0,0,0,0,0,0,0,0,0,0,0,0,0,0,0,0,0,0,0,0,0,0,0,0,0,0,0,0,0,0,0,0,0,0,0,0,0,0,0,0,0,0,0,0,0,0,0,0,0,0,0,0,0,0,0,0,0,0,0,0,0,0,0,0,0,0,0,0,0,0,0,0,0,0,0,0,0,0,0,0,0,0,0,0,0,0,0,0,0,0,0,0,0,0,0,0,0,0,0,0,0,0,0,0,0,0,0,0,0,0,0,0,0,0,0,0,0,0,0,0,0,0,0,0,0,0,0,0,0,0,0,0,0,0,0,0,0,0,0,0,0,0,0,0,0,0,0,0,0,0,0,0,0,0,0,0,0,0,0,0,0,0,0,0,0,0,0,0,0,0,0,0,0,0,0,0,0,0,0,0,0,0,0,0,0,0,0,0,0,0,0,0,0,0,0,0,0,0,0,0,0,0,0,0,0,0,0,0,0,0,0,0,0,0,0,0,0,0,0,0,0,0,0,0,0,0,0,0,0,0,0,0,0,0,0,0,0,0,0,0,0,0,0,0,0,0,0,0,0,0,0,0,0,0,0,0,0,0,0,0,0,0,0
"162",50.7564,51.5733,51.61265,51.634375,51.688125,51.72245,51.765025,51.783325,51.905125,51.94945,52.00145,52.071425,52.145,52.80885,52.871075,52.917175,52.918925,52.978625,53.0089,53.02025,53.069825,53.111725,53.147175,53.369125,53.41005,53.499075,53.845125,54.979875,55.1349,55.20085,55.31525,55.38425,55.460375,55.938275,56.023925,56.1037,56.1394,56.202825,57.265025,57.34325,57.420725,57.452325,57.4813,57.527475,57.557425,57.5743,57.613,57.6861,58.91215,59.08555,59.13955,59.193025,59.24445,59.282375,59.309825,59.376,0,0,0,0,0,0,0,0,0,0,0,0,0,0,0,0,0,0,0,0,0,0,0,0,0,0,0,0,0,0,0,0,0,0,0,0,0,0,0,0,0,0,0,0,0,0,0,0,0,0,0,0,0,0,0,0,0,0,0,0,0,0,0,0,0,0,0,0,0,0,0,0,0,0,0,0,0,0,0,0,0,0,0,0,0,0,0,0,0,0,0,0,0,0,0,0,0,0,0,0,0,0,0,0,0,0,0,0,0,0,0,0,0,0,0,0,0,0,0,0,0,0,0,0,0,0,0,0,0,0,0,0,0,0,0,0,0,0,0,0,0,0,0,0,0,0,0,0,0,0,0,0,0,0,0,0,0,0,0,0,0,0,0,0,0,0,0,0,0,0,0,0,0,0,0,0,0,0,0,0,0,0,0,0,0,0,0,0,0,0,0,0,0,0,0,0,0,0,0,0,0,0,0,0,0,0,0,0,0,0,0,0,0,0,0,0,0,0,0,0,0,0,0,0,0,0,0,0,0,0,0,0,0,0,0,0,0,0,0,0,0,0,0,0,0,0,0,0,0,0,0,0,0,0,0,0,0,0,0,0,0,0,0,0,0,0,0,0,0,0,0,0,0,0,0,0,0,0,0,0,0,0,0,0,0,0,0,0,0,0,0,0,0,0,0,0,0,0,0,0,0,0,0,0,0,0,0,0,0,0,0,0,0,0,0,0,0,0,0,0,0,0,0,0,0,0,0,0,0,0,0,0,0,0,0,0,0,0,0,0,0,0,0,0,0,0,0,0,0,0,0,0,0,0,0,0,0,0,0,0,0,0,0,0,0,0,0,0,0,0,0,0,0,0,0,0,0,0,0,0
"163",51.456875,51.505575,51.567575,51.586,51.61765,51.73715,51.740825,51.78925,51.818325,51.899125,52.005325,52.0492,52.1232,52.7346,53.149575,53.20305,54.7464,54.950975,55.18225,55.81015,56.48025,56.944025,57.1465,57.217825,57.359625,57.411725,59.201525,59.2521,59.30615,60.68115,0,0,0,0,0,0,0,0,0,0,0,0,0,0,0,0,0,0,0,0,0,0,0,0,0,0,0,0,0,0,0,0,0,0,0,0,0,0,0,0,0,0,0,0,0,0,0,0,0,0,0,0,0,0,0,0,0,0,0,0,0,0,0,0,0,0,0,0,0,0,0,0,0,0,0,0,0,0,0,0,0,0,0,0,0,0,0,0,0,0,0,0,0,0,0,0,0,0,0,0,0,0,0,0,0,0,0,0,0,0,0,0,0,0,0,0,0,0,0,0,0,0,0,0,0,0,0,0,0,0,0,0,0,0,0,0,0,0,0,0,0,0,0,0,0,0,0,0,0,0,0,0,0,0,0,0,0,0,0,0,0,0,0,0,0,0,0,0,0,0,0,0,0,0,0,0,0,0,0,0,0,0,0,0,0,0,0,0,0,0,0,0,0,0,0,0,0,0,0,0,0,0,0,0,0,0,0,0,0,0,0,0,0,0,0,0,0,0,0,0,0,0,0,0,0,0,0,0,0,0,0,0,0,0,0,0,0,0,0,0,0,0,0,0,0,0,0,0,0,0,0,0,0,0,0,0,0,0,0,0,0,0,0,0,0,0,0,0,0,0,0,0,0,0,0,0,0,0,0,0,0,0,0,0,0,0,0,0,0,0,0,0,0,0,0,0,0,0,0,0,0,0,0,0,0,0,0,0,0,0,0,0,0,0,0,0,0,0,0,0,0,0,0,0,0,0,0,0,0,0,0,0,0,0,0,0,0,0,0,0,0,0,0,0,0,0,0,0,0,0,0,0,0,0,0,0,0,0,0,0,0,0,0,0,0,0,0,0,0,0,0,0,0,0,0,0,0,0,0,0,0,0,0,0,0,0,0,0,0,0,0,0,0,0,0,0,0,0,0,0,0,0,0,0,0,0
"164",47.74445,49.737275,49.80895,51.490375,51.670775,51.72245,51.78025,51.995825,53.0319,53.2856,53.50345,54.012675,54.486025,55.17215,55.31385,55.838,56.02245,56.05225,57.170575,57.511975,57.551725,57.893225,59.1354,59.1731,0,0,0,0,0,0,0,0,0,0,0,0,0,0,0,0,0,0,0,0,0,0,0,0,0,0,0,0,0,0,0,0,0,0,0,0,0,0,0,0,0,0,0,0,0,0,0,0,0,0,0,0,0,0,0,0,0,0,0,0,0,0,0,0,0,0,0,0,0,0,0,0,0,0,0,0,0,0,0,0,0,0,0,0,0,0,0,0,0,0,0,0,0,0,0,0,0,0,0,0,0,0,0,0,0,0,0,0,0,0,0,0,0,0,0,0,0,0,0,0,0,0,0,0,0,0,0,0,0,0,0,0,0,0,0,0,0,0,0,0,0,0,0,0,0,0,0,0,0,0,0,0,0,0,0,0,0,0,0,0,0,0,0,0,0,0,0,0,0,0,0,0,0,0,0,0,0,0,0,0,0,0,0,0,0,0,0,0,0,0,0,0,0,0,0,0,0,0,0,0,0,0,0,0,0,0,0,0,0,0,0,0,0,0,0,0,0,0,0,0,0,0,0,0,0,0,0,0,0,0,0,0,0,0,0,0,0,0,0,0,0,0,0,0,0,0,0,0,0,0,0,0,0,0,0,0,0,0,0,0,0,0,0,0,0,0,0,0,0,0,0,0,0,0,0,0,0,0,0,0,0,0,0,0,0,0,0,0,0,0,0,0,0,0,0,0,0,0,0,0,0,0,0,0,0,0,0,0,0,0,0,0,0,0,0,0,0,0,0,0,0,0,0,0,0,0,0,0,0,0,0,0,0,0,0,0,0,0,0,0,0,0,0,0,0,0,0,0,0,0,0,0,0,0,0,0,0,0,0,0,0,0,0,0,0,0,0,0,0,0,0,0,0,0,0,0,0,0,0,0,0,0,0,0,0,0,0,0,0,0,0,0,0,0,0,0,0,0,0,0,0,0,0,0,0,0,0,0,0,0,0,0
"165",40.158225,40.217225,40.33255,40.44325,40.59035,40.644275,40.75085,40.8556,40.978525,41.1472,41.15415,41.283,41.387475,41.43625,41.5305,41.6326,41.79975,41.908275,41.961925,42.146075,42.33195,42.429325,42.503475,42.64955,42.766575,42.8172,42.89945,42.985375,43.0734,43.187775,43.321875,43.40145,43.50915,43.682975,43.7766,43.867675,44.0121,44.079675,44.1716,44.29855,44.421725,44.52365,44.66225,44.787425,44.854625,44.9639,45.05935,45.1445,45.2176,45.292075,45.3191,45.402225,45.549825,45.733575,45.855875,45.9603,46.2301,46.302475,46.473175,46.734225,46.823425,46.922075,46.9891,47.051,47.319975,47.395575,47.494325,47.60945,47.678875,47.9839,48.087525,48.206575,48.2901,48.392875,48.510275,48.591925,48.765,48.9395,49.0209,49.088725,49.252225,49.3979,49.485075,49.548475,49.577925,49.608575,49.7689,49.81945,49.8755,49.8946,49.9205,49.936475,49.9618,49.977675,49.989225,49.9993,50.00455,50.064875,50.08565,50.1087,50.117625,50.1515,50.173275,50.193725,50.2166,50.229475,50.25265,50.26425,50.280025,50.291725,50.302125,50.319475,50.340775,50.35935,50.37485,50.390425,50.4363,50.48885,50.565375,50.594375,50.6377,50.651925,50.6682,50.7135,50.72595,50.7363,50.776375,50.797925,50.81265,50.8155,50.842725,50.85195,50.883875,50.899,50.930175,50.953925,50.98835,50.995975,51.006,51.02755,51.031925,51.064825,51.088925,51.11345,51.1325,51.1346,51.159875,51.19885,51.201475,51.224975,51.2483,51.270175,51.301225,51.328175,51.374025,51.40455,51.47025,51.570025,51.60925,51.66555,51.70825,51.794225,51.816925,51.88875,51.9059,51.992375,52.005875,52.03255,52.10895,52.146375,52.19515,52.244075,52.2804,52.347575,52.355425,52.35785,52.37545,52.3941,52.4365,52.4686,52.517575,52.52345,52.58845,52.59725,52.61025,52.667,52.726425,52.80425,52.907075,52.9247,52.983575,53.054825,53.233775,53.34435,53.4392,53.466425,53.5178,53.55745,53.57855,53.648575,53.752825,53.990025,54.1016,54.122925,54.162125,54.163525,54.196725,54.2345,54.304575,54.30835,54.3429,54.41535,54.456225,54.4796,54.50955,54.51205,54.5328,54.593525,54.608,54.676875,54.691325,54.751875,54.79085,54.819075,54.871975,54.97125,54.993975,55.01845,55.13095,55.1387,55.214425,55.285,55.290975,55.3472,55.444975,55.6047,55.674175,55.8657,56.01845,56.0866,56.08955,56.1376,56.33135,56.49515,56.542675,56.5457,56.593175,56.649925,56.714625,56.765825,56.822425,56.923625,56.954875,56.980575,57.064475,57.0855,57.099525,57.123375,57.1661,57.3582,57.423575,57.424625,57.433475,57.460275,57.50485,57.58615,57.643875,58.09685,58.23285,58.2435,58.2967,58.3271,58.3679,58.371625,58.3879,58.412475,58.4197,58.47705,58.4965,58.506775,58.510825,58.5455,58.5461,58.557575,58.5757,58.586725,58.601625,58.6259,58.632725,58.672275,58.697125,58.7718,58.80155,58.809625,58.83075,58.84455,58.882025,58.911125,58.959225,59.009075,59.0283,59.0651,59.105975,59.129975,59.187625,59.22725,59.3832,59.452225,59.685925,59.756725,59.785975,59.799975,59.8319,59.8558,59.900575,59.952825,59.97495,60.03,60.0638,60.1069,60.175375,60.188575,60.22315,60.2346,60.2769,60.27835,60.332325,60.343625,60.399125,60.463,60.472675,60.527125,60.5683,60.66515,60.67965,60.695875,60.71835,60.744375,60.788175,60.8119,60.83145,60.861125,60.8901,60.913275,60.962775,61.0018,61.051,61.06315,61.078725,61.198475,61.2216,61.292625,61.30705,61.321725,61.35025,61.353925,61.36905,61.412025,61.449625,61.45905,61.507525,61.523675,61.56275,61.581875,61.627725,61.638075,61.6778,61.7065,61.774925,61.784625,61.86135,61.90715,61.933825,61.9403,61.956375,62.062025,62.07755,62.1233,62.21995,62.2356,62.41595,62.46615,62.603425,62.65125,62.68015,62.714375,62.767425,62.802925,62.8272,62.858975,62.893425,62.90825,62.9361,63.007725,63.03795,63.066775,63.107075,63.125,63.144075,63.169825,63.21295,63.217225,63.261325,63.312625,63.31345,63.3326,63.38185,63.4211,63.473675,63.482525,63.58685,63.610725,63.67945,63.8749,63.91655,64.005275,64.084425,64.138475,64.2034,64.23555,64.444975,64.5018,64.575575,64.6601,64.8203,64.8858,64.9267,64.97965,65.10975,65.226575,65.28905,65.3048,65.395425,65.49085,0,0
"166",51.7351,51.8112,51.82495,51.8555,52.133775,52.21705,52.925725,52.9643,53.004425,53.041375,53.064775,53.313425,53.38505,54.090025,54.2636,54.742525,54.794575,54.817175,54.911725,54.969825,55.0206,55.0857,55.2291,55.268,55.28545,55.3212,55.40005,55.454425,55.6315,55.75305,55.863,56.0423,56.125175,56.16365,56.562575,57.33315,57.561325,57.610175,59.500125,59.5959,0,0,0,0,0,0,0,0,0,0,0,0,0,0,0,0,0,0,0,0,0,0,0,0,0,0,0,0,0,0,0,0,0,0,0,0,0,0,0,0,0,0,0,0,0,0,0,0,0,0,0,0,0,0,0,0,0,0,0,0,0,0,0,0,0,0,0,0,0,0,0,0,0,0,0,0,0,0,0,0,0,0,0,0,0,0,0,0,0,0,0,0,0,0,0,0,0,0,0,0,0,0,0,0,0,0,0,0,0,0,0,0,0,0,0,0,0,0,0,0,0,0,0,0,0,0,0,0,0,0,0,0,0,0,0,0,0,0,0,0,0,0,0,0,0,0,0,0,0,0,0,0,0,0,0,0,0,0,0,0,0,0,0,0,0,0,0,0,0,0,0,0,0,0,0,0,0,0,0,0,0,0,0,0,0,0,0,0,0,0,0,0,0,0,0,0,0,0,0,0,0,0,0,0,0,0,0,0,0,0,0,0,0,0,0,0,0,0,0,0,0,0,0,0,0,0,0,0,0,0,0,0,0,0,0,0,0,0,0,0,0,0,0,0,0,0,0,0,0,0,0,0,0,0,0,0,0,0,0,0,0,0,0,0,0,0,0,0,0,0,0,0,0,0,0,0,0,0,0,0,0,0,0,0,0,0,0,0,0,0,0,0,0,0,0,0,0,0,0,0,0,0,0,0,0,0,0,0,0,0,0,0,0,0,0,0,0,0,0,0,0,0,0,0,0,0,0,0,0,0,0,0,0,0,0,0,0,0,0,0,0,0,0,0,0,0,0,0,0,0,0,0,0,0,0,0,0,0,0,0,0,0,0,0,0,0,0,0,0,0,0,0,0,0,0,0,0,0,0,0,0,0,0,0,0,0,0,0,0,0,0,0,0,0,0,0
"167",51.781125,51.806725,51.949825,52.046,52.690775,52.77185,53.043,53.5761,53.90625,53.9599,53.976,54.054075,54.09845,54.172525,54.75655,54.782575,55.0279,55.1916,55.27745,55.483125,55.6473,55.771575,55.8031,55.815875,55.849775,55.89855,55.946725,55.98265,56.067925,56.1457,56.189225,57.1477,57.168775,57.242225,57.5041,57.579775,57.62005,57.693325,57.79655,58.99155,59.060125,59.15985,59.20225,59.2677,59.30205,59.35825,59.396125,59.5373,61.085375,61.13375,0,0,0,0,0,0,0,0,0,0,0,0,0,0,0,0,0,0,0,0,0,0,0,0,0,0,0,0,0,0,0,0,0,0,0,0,0,0,0,0,0,0,0,0,0,0,0,0,0,0,0,0,0,0,0,0,0,0,0,0,0,0,0,0,0,0,0,0,0,0,0,0,0,0,0,0,0,0,0,0,0,0,0,0,0,0,0,0,0,0,0,0,0,0,0,0,0,0,0,0,0,0,0,0,0,0,0,0,0,0,0,0,0,0,0,0,0,0,0,0,0,0,0,0,0,0,0,0,0,0,0,0,0,0,0,0,0,0,0,0,0,0,0,0,0,0,0,0,0,0,0,0,0,0,0,0,0,0,0,0,0,0,0,0,0,0,0,0,0,0,0,0,0,0,0,0,0,0,0,0,0,0,0,0,0,0,0,0,0,0,0,0,0,0,0,0,0,0,0,0,0,0,0,0,0,0,0,0,0,0,0,0,0,0,0,0,0,0,0,0,0,0,0,0,0,0,0,0,0,0,0,0,0,0,0,0,0,0,0,0,0,0,0,0,0,0,0,0,0,0,0,0,0,0,0,0,0,0,0,0,0,0,0,0,0,0,0,0,0,0,0,0,0,0,0,0,0,0,0,0,0,0,0,0,0,0,0,0,0,0,0,0,0,0,0,0,0,0,0,0,0,0,0,0,0,0,0,0,0,0,0,0,0,0,0,0,0,0,0,0,0,0,0,0,0,0,0,0,0,0,0,0,0,0,0,0,0,0,0,0,0,0,0,0,0,0,0,0,0,0,0,0,0,0,0,0,0,0,0,0,0,0,0,0,0,0,0,0,0,0,0,0,0,0,0,0,0,0,0,0,0,0,0,0,0,0
"168",50.696675,50.758575,50.797125,50.8545,50.89445,51.45985,51.502,51.574225,51.608025,51.647525,51.6548,51.67135,51.693925,51.712425,51.719175,51.73355,51.741825,51.757875,51.773025,51.786075,51.794925,51.80605,51.83255,51.853825,51.863725,51.89505,51.922875,51.9852,52.060325,52.079175,52.136125,52.201875,52.29445,52.62435,52.65415,52.68145,52.71255,52.72205,52.7466,52.769875,52.781775,52.8114,52.83815,52.864275,52.875425,52.88595,52.8944,52.924275,52.931325,52.937975,52.9557,52.96245,52.970525,52.977375,52.990925,53.006925,53.01435,53.02275,53.0409,53.050725,53.07945,53.088,53.10565,53.127475,53.150875,53.1601,53.17255,53.18195,53.217025,53.278075,53.32955,53.458,53.66095,53.87765,53.942475,53.99995,54.0698,54.10705,54.380725,54.459275,54.531525,54.68085,54.709,54.751325,54.786125,54.807975,54.825075,54.841575,54.86825,54.88375,54.91075,54.937625,54.95115,54.9661,54.985025,54.994625,55.014725,55.027325,55.0362,55.04595,55.055375,55.072,55.081275,55.09005,55.10925,55.121675,55.1273,55.1452,55.15895,55.167675,55.17515,55.1832,55.193975,55.20685,55.219275,55.230325,55.241375,55.250975,55.2598,55.281725,55.288725,55.305075,55.3149,55.326025,55.3468,55.3611,55.374125,55.39105,55.416675,55.426375,55.463725,55.4937,55.501375,55.5167,55.529175,55.549175,55.56295,55.575275,55.588275,55.600325,55.62255,55.64395,55.667325,55.72525,55.769575,55.826875,55.933375,55.988675,56.000175,56.1202,56.1816,56.23255,56.28125,57.07495,57.115175,57.156925,57.19995,57.241425,57.2711,57.2952,57.3043,57.31615,57.3281,57.35215,57.368425,57.40945,57.418825,57.453325,57.466725,57.4794,57.498525,57.514725,57.52445,57.542425,57.58015,57.5911,57.6135,57.629625,57.6417,57.65545,57.66975,57.678875,57.70835,57.717325,57.728925,57.74075,57.75555,57.76425,57.773375,57.80575,57.8244,57.83335,57.850625,57.8643,57.87995,57.91665,57.94715,57.988725,58.105825,58.239525,58.32865,59.084225,59.128325,59.169325,59.19085,59.247225,59.26145,59.2817,59.299525,59.3097,59.3308,59.34785,59.35935,59.37745,59.393775,59.406325,59.4249,59.441075,59.45095,59.46365,59.48785,59.507525,59.51925,59.547775,59.563625,59.587375,59.640775,60.930925,60.985575,61.08045,61.126625,64.446825,0,0,0,0,0,0,0,0,0,0,0,0,0,0,0,0,0,0,0,0,0,0,0,0,0,0,0,0,0,0,0,0,0,0,0,0,0,0,0,0,0,0,0,0,0,0,0,0,0,0,0,0,0,0,0,0,0,0,0,0,0,0,0,0,0,0,0,0,0,0,0,0,0,0,0,0,0,0,0,0,0,0,0,0,0,0,0,0,0,0,0,0,0,0,0,0,0,0,0,0,0,0,0,0,0,0,0,0,0,0,0,0,0,0,0,0,0,0,0,0,0,0,0,0,0,0,0,0,0,0,0,0,0,0,0,0,0,0,0,0,0,0,0,0,0,0,0,0,0,0,0,0,0,0,0,0,0,0,0,0,0,0,0,0,0,0,0,0,0,0,0,0,0,0,0,0,0,0,0,0,0,0,0,0,0,0,0,0,0,0,0,0,0,0,0,0,0,0,0,0,0,0,0,0
"169",50.0331,50.076175,50.159525,50.181225,50.235425,50.324925,50.389275,51.063725,51.092425,51.128025,51.15555,51.1856,51.228475,51.2999,52.330425,52.379375,52.409025,55.664075,56.6197,56.715625,57.885675,58.3035,58.36285,58.41845,58.4515,58.4735,58.501225,58.531225,58.569525,58.597275,58.636075,58.6715,58.706175,60.2225,60.333825,0,0,0,0,0,0,0,0,0,0,0,0,0,0,0,0,0,0,0,0,0,0,0,0,0,0,0,0,0,0,0,0,0,0,0,0,0,0,0,0,0,0,0,0,0,0,0,0,0,0,0,0,0,0,0,0,0,0,0,0,0,0,0,0,0,0,0,0,0,0,0,0,0,0,0,0,0,0,0,0,0,0,0,0,0,0,0,0,0,0,0,0,0,0,0,0,0,0,0,0,0,0,0,0,0,0,0,0,0,0,0,0,0,0,0,0,0,0,0,0,0,0,0,0,0,0,0,0,0,0,0,0,0,0,0,0,0,0,0,0,0,0,0,0,0,0,0,0,0,0,0,0,0,0,0,0,0,0,0,0,0,0,0,0,0,0,0,0,0,0,0,0,0,0,0,0,0,0,0,0,0,0,0,0,0,0,0,0,0,0,0,0,0,0,0,0,0,0,0,0,0,0,0,0,0,0,0,0,0,0,0,0,0,0,0,0,0,0,0,0,0,0,0,0,0,0,0,0,0,0,0,0,0,0,0,0,0,0,0,0,0,0,0,0,0,0,0,0,0,0,0,0,0,0,0,0,0,0,0,0,0,0,0,0,0,0,0,0,0,0,0,0,0,0,0,0,0,0,0,0,0,0,0,0,0,0,0,0,0,0,0,0,0,0,0,0,0,0,0,0,0,0,0,0,0,0,0,0,0,0,0,0,0,0,0,0,0,0,0,0,0,0,0,0,0,0,0,0,0,0,0,0,0,0,0,0,0,0,0,0,0,0,0,0,0,0,0,0,0,0,0,0,0,0,0,0,0,0,0,0,0,0,0,0,0,0,0,0,0,0,0,0,0,0,0,0,0,0,0,0,0,0,0,0,0,0,0,0,0,0,0,0,0,0,0,0,0,0,0,0,0
"170",49.64235,49.723675,49.789025,50.678675,50.71275,50.7532,50.7773,50.8296,50.87565,50.947825,51.448025,51.476425,51.4886,51.56225,51.64435,51.66405,51.7108,51.81315,51.9184,51.94155,52.15005,52.2351,52.62965,52.64085,52.67715,52.770475,52.816875,52.953175,53.279525,53.874725,54.0679,54.694125,54.75305,54.79885,54.827075,54.92065,55.238975,55.498375,55.5616,55.679775,55.782,55.943975,56.28775,56.971325,57.03065,57.16375,57.2817,57.36135,57.415575,57.553825,57.6078,57.834675,58.053775,58.181725,58.914125,58.940075,58.958325,58.993375,59.029275,59.119275,59.300275,59.3276,59.526375,59.58435,59.656625,59.737075,59.857025,60.768725,60.7859,60.8551,60.901925,60.96705,61.09775,61.17545,61.220775,61.392025,61.464975,63.031575,63.10255,64.208225,64.314075,64.4326,64.5203,64.621625,64.74215,64.891575,65.106775,0,0,0,0,0,0,0,0,0,0,0,0,0,0,0,0,0,0,0,0,0,0,0,0,0,0,0,0,0,0,0,0,0,0,0,0,0,0,0,0,0,0,0,0,0,0,0,0,0,0,0,0,0,0,0,0,0,0,0,0,0,0,0,0,0,0,0,0,0,0,0,0,0,0,0,0,0,0,0,0,0,0,0,0,0,0,0,0,0,0,0,0,0,0,0,0,0,0,0,0,0,0,0,0,0,0,0,0,0,0,0,0,0,0,0,0,0,0,0,0,0,0,0,0,0,0,0,0,0,0,0,0,0,0,0,0,0,0,0,0,0,0,0,0,0,0,0,0,0,0,0,0,0,0,0,0,0,0,0,0,0,0,0,0,0,0,0,0,0,0,0,0,0,0,0,0,0,0,0,0,0,0,0,0,0,0,0,0,0,0,0,0,0,0,0,0,0,0,0,0,0,0,0,0,0,0,0,0,0,0,0,0,0,0,0,0,0,0,0,0,0,0,0,0,0,0,0,0,0,0,0,0,0,0,0,0,0,0,0,0,0,0,0,0,0,0,0,0,0,0,0,0,0,0,0,0,0,0,0,0,0,0,0,0,0,0,0,0,0,0,0,0,0,0,0,0,0,0,0,0,0,0,0,0,0,0,0,0,0,0,0,0,0,0,0,0,0,0,0,0,0,0,0,0,0,0,0,0,0,0,0,0,0,0,0,0,0,0,0,0,0,0,0,0,0,0,0,0,0,0,0,0,0,0,0,0,0,0,0,0,0,0,0,0,0,0,0,0,0
"171",50.728575,50.839275,51.61605,51.661375,51.698325,51.819775,51.836525,51.98125,52.152125,52.736,52.82405,52.9405,53.665375,54.242475,54.814225,54.896975,54.94865,55.18935,57.21365,59.01835,59.08365,0,0,0,0,0,0,0,0,0,0,0,0,0,0,0,0,0,0,0,0,0,0,0,0,0,0,0,0,0,0,0,0,0,0,0,0,0,0,0,0,0,0,0,0,0,0,0,0,0,0,0,0,0,0,0,0,0,0,0,0,0,0,0,0,0,0,0,0,0,0,0,0,0,0,0,0,0,0,0,0,0,0,0,0,0,0,0,0,0,0,0,0,0,0,0,0,0,0,0,0,0,0,0,0,0,0,0,0,0,0,0,0,0,0,0,0,0,0,0,0,0,0,0,0,0,0,0,0,0,0,0,0,0,0,0,0,0,0,0,0,0,0,0,0,0,0,0,0,0,0,0,0,0,0,0,0,0,0,0,0,0,0,0,0,0,0,0,0,0,0,0,0,0,0,0,0,0,0,0,0,0,0,0,0,0,0,0,0,0,0,0,0,0,0,0,0,0,0,0,0,0,0,0,0,0,0,0,0,0,0,0,0,0,0,0,0,0,0,0,0,0,0,0,0,0,0,0,0,0,0,0,0,0,0,0,0,0,0,0,0,0,0,0,0,0,0,0,0,0,0,0,0,0,0,0,0,0,0,0,0,0,0,0,0,0,0,0,0,0,0,0,0,0,0,0,0,0,0,0,0,0,0,0,0,0,0,0,0,0,0,0,0,0,0,0,0,0,0,0,0,0,0,0,0,0,0,0,0,0,0,0,0,0,0,0,0,0,0,0,0,0,0,0,0,0,0,0,0,0,0,0,0,0,0,0,0,0,0,0,0,0,0,0,0,0,0,0,0,0,0,0,0,0,0,0,0,0,0,0,0,0,0,0,0,0,0,0,0,0,0,0,0,0,0,0,0,0,0,0,0,0,0,0,0,0,0,0,0,0,0,0,0,0,0,0,0,0,0,0,0,0,0,0,0,0,0,0,0,0,0,0,0,0,0,0
"172",50.081625,58.4234,58.525125,60.039775,60.06785,60.12545,60.204425,60.24985,61.407225,61.590575,61.6156,61.6818,61.751725,61.800275,61.839525,61.92095,62.058675,0,0,0,0,0,0,0,0,0,0,0,0,0,0,0,0,0,0,0,0,0,0,0,0,0,0,0,0,0,0,0,0,0,0,0,0,0,0,0,0,0,0,0,0,0,0,0,0,0,0,0,0,0,0,0,0,0,0,0,0,0,0,0,0,0,0,0,0,0,0,0,0,0,0,0,0,0,0,0,0,0,0,0,0,0,0,0,0,0,0,0,0,0,0,0,0,0,0,0,0,0,0,0,0,0,0,0,0,0,0,0,0,0,0,0,0,0,0,0,0,0,0,0,0,0,0,0,0,0,0,0,0,0,0,0,0,0,0,0,0,0,0,0,0,0,0,0,0,0,0,0,0,0,0,0,0,0,0,0,0,0,0,0,0,0,0,0,0,0,0,0,0,0,0,0,0,0,0,0,0,0,0,0,0,0,0,0,0,0,0,0,0,0,0,0,0,0,0,0,0,0,0,0,0,0,0,0,0,0,0,0,0,0,0,0,0,0,0,0,0,0,0,0,0,0,0,0,0,0,0,0,0,0,0,0,0,0,0,0,0,0,0,0,0,0,0,0,0,0,0,0,0,0,0,0,0,0,0,0,0,0,0,0,0,0,0,0,0,0,0,0,0,0,0,0,0,0,0,0,0,0,0,0,0,0,0,0,0,0,0,0,0,0,0,0,0,0,0,0,0,0,0,0,0,0,0,0,0,0,0,0,0,0,0,0,0,0,0,0,0,0,0,0,0,0,0,0,0,0,0,0,0,0,0,0,0,0,0,0,0,0,0,0,0,0,0,0,0,0,0,0,0,0,0,0,0,0,0,0,0,0,0,0,0,0,0,0,0,0,0,0,0,0,0,0,0,0,0,0,0,0,0,0,0,0,0,0,0,0,0,0,0,0,0,0,0,0,0,0,0,0,0,0,0,0,0,0,0,0,0,0,0,0,0,0,0,0,0,0
"173",50.670925,50.743175,50.770825,50.80045,50.83415,50.846625,50.90535,51.435475,51.5001,51.51555,51.528225,51.6301,51.693325,51.749825,51.8434,51.904225,51.926975,51.9838,52.0646,52.139125,52.616775,52.636725,52.6631,52.675225,52.8418,52.90925,52.9696,52.990325,53.029075,53.29325,53.5027,53.8022,54.010025,54.15655,54.688575,54.73875,54.8292,54.8624,54.964975,54.99,55.171175,55.357625,56.029725,56.9624,57.005675,57.0392,57.06115,57.21775,57.27545,57.306725,57.355325,58.9124,58.94955,58.97005,59.024525,59.080575,59.446475,60.799575,60.847525,60.9165,60.9909,61.0307,62.976775,64.21295,64.281075,64.384975,64.490825,64.580525,0,0,0,0,0,0,0,0,0,0,0,0,0,0,0,0,0,0,0,0,0,0,0,0,0,0,0,0,0,0,0,0,0,0,0,0,0,0,0,0,0,0,0,0,0,0,0,0,0,0,0,0,0,0,0,0,0,0,0,0,0,0,0,0,0,0,0,0,0,0,0,0,0,0,0,0,0,0,0,0,0,0,0,0,0,0,0,0,0,0,0,0,0,0,0,0,0,0,0,0,0,0,0,0,0,0,0,0,0,0,0,0,0,0,0,0,0,0,0,0,0,0,0,0,0,0,0,0,0,0,0,0,0,0,0,0,0,0,0,0,0,0,0,0,0,0,0,0,0,0,0,0,0,0,0,0,0,0,0,0,0,0,0,0,0,0,0,0,0,0,0,0,0,0,0,0,0,0,0,0,0,0,0,0,0,0,0,0,0,0,0,0,0,0,0,0,0,0,0,0,0,0,0,0,0,0,0,0,0,0,0,0,0,0,0,0,0,0,0,0,0,0,0,0,0,0,0,0,0,0,0,0,0,0,0,0,0,0,0,0,0,0,0,0,0,0,0,0,0,0,0,0,0,0,0,0,0,0,0,0,0,0,0,0,0,0,0,0,0,0,0,0,0,0,0,0,0,0,0,0,0,0,0,0,0,0,0,0,0,0,0,0,0,0,0,0,0,0,0,0,0,0,0,0,0,0,0,0,0,0,0,0,0,0,0,0,0,0,0,0,0,0,0,0,0,0,0,0,0,0,0,0,0,0,0,0,0,0,0,0,0,0,0,0,0,0,0,0,0,0,0,0,0,0,0,0,0,0,0,0,0,0,0,0,0,0,0,0
"174",51.08015,52.3512,53.123925,53.1794,53.477075,55.20315,55.310875,55.3423,55.385775,55.57795,55.62435,55.83475,56.3139,57.82,57.9643,59.909725,60.007725,61.72285,0,0,0,0,0,0,0,0,0,0,0,0,0,0,0,0,0,0,0,0,0,0,0,0,0,0,0,0,0,0,0,0,0,0,0,0,0,0,0,0,0,0,0,0,0,0,0,0,0,0,0,0,0,0,0,0,0,0,0,0,0,0,0,0,0,0,0,0,0,0,0,0,0,0,0,0,0,0,0,0,0,0,0,0,0,0,0,0,0,0,0,0,0,0,0,0,0,0,0,0,0,0,0,0,0,0,0,0,0,0,0,0,0,0,0,0,0,0,0,0,0,0,0,0,0,0,0,0,0,0,0,0,0,0,0,0,0,0,0,0,0,0,0,0,0,0,0,0,0,0,0,0,0,0,0,0,0,0,0,0,0,0,0,0,0,0,0,0,0,0,0,0,0,0,0,0,0,0,0,0,0,0,0,0,0,0,0,0,0,0,0,0,0,0,0,0,0,0,0,0,0,0,0,0,0,0,0,0,0,0,0,0,0,0,0,0,0,0,0,0,0,0,0,0,0,0,0,0,0,0,0,0,0,0,0,0,0,0,0,0,0,0,0,0,0,0,0,0,0,0,0,0,0,0,0,0,0,0,0,0,0,0,0,0,0,0,0,0,0,0,0,0,0,0,0,0,0,0,0,0,0,0,0,0,0,0,0,0,0,0,0,0,0,0,0,0,0,0,0,0,0,0,0,0,0,0,0,0,0,0,0,0,0,0,0,0,0,0,0,0,0,0,0,0,0,0,0,0,0,0,0,0,0,0,0,0,0,0,0,0,0,0,0,0,0,0,0,0,0,0,0,0,0,0,0,0,0,0,0,0,0,0,0,0,0,0,0,0,0,0,0,0,0,0,0,0,0,0,0,0,0,0,0,0,0,0,0,0,0,0,0,0,0,0,0,0,0,0,0,0,0,0,0,0,0,0,0,0,0,0,0,0,0,0,0,0,0,0
"175",49.9305,49.940225,50.030925,50.062975,50.1198,51.110675,51.138325,57.88075,57.9075,57.994325,58.254025,58.2828,58.35895,58.393725,58.44535,59.933375,59.99735,60.0228,60.0321,60.087025,60.141025,60.183925,60.24725,60.27755,60.392575,61.64345,61.782925,61.85725,61.93525,62.01955,62.0783,62.103025,62.219475,63.554675,0,0,0,0,0,0,0,0,0,0,0,0,0,0,0,0,0,0,0,0,0,0,0,0,0,0,0,0,0,0,0,0,0,0,0,0,0,0,0,0,0,0,0,0,0,0,0,0,0,0,0,0,0,0,0,0,0,0,0,0,0,0,0,0,0,0,0,0,0,0,0,0,0,0,0,0,0,0,0,0,0,0,0,0,0,0,0,0,0,0,0,0,0,0,0,0,0,0,0,0,0,0,0,0,0,0,0,0,0,0,0,0,0,0,0,0,0,0,0,0,0,0,0,0,0,0,0,0,0,0,0,0,0,0,0,0,0,0,0,0,0,0,0,0,0,0,0,0,0,0,0,0,0,0,0,0,0,0,0,0,0,0,0,0,0,0,0,0,0,0,0,0,0,0,0,0,0,0,0,0,0,0,0,0,0,0,0,0,0,0,0,0,0,0,0,0,0,0,0,0,0,0,0,0,0,0,0,0,0,0,0,0,0,0,0,0,0,0,0,0,0,0,0,0,0,0,0,0,0,0,0,0,0,0,0,0,0,0,0,0,0,0,0,0,0,0,0,0,0,0,0,0,0,0,0,0,0,0,0,0,0,0,0,0,0,0,0,0,0,0,0,0,0,0,0,0,0,0,0,0,0,0,0,0,0,0,0,0,0,0,0,0,0,0,0,0,0,0,0,0,0,0,0,0,0,0,0,0,0,0,0,0,0,0,0,0,0,0,0,0,0,0,0,0,0,0,0,0,0,0,0,0,0,0,0,0,0,0,0,0,0,0,0,0,0,0,0,0,0,0,0,0,0,0,0,0,0,0,0,0,0,0,0,0,0,0,0,0,0,0,0,0,0,0,0,0,0,0,0,0,0,0,0,0,0,0,0,0,0,0,0,0,0,0,0,0,0,0,0,0,0,0
"176",51.5936,51.771775,51.8593,52.025775,52.113,52.8971,54.972975,55.029775,55.17635,56.05865,57.059175,57.182175,57.2391,57.7135,57.9331,59.063925,59.13635,59.2442,59.416225,59.483825,60.9922,0,0,0,0,0,0,0,0,0,0,0,0,0,0,0,0,0,0,0,0,0,0,0,0,0,0,0,0,0,0,0,0,0,0,0,0,0,0,0,0,0,0,0,0,0,0,0,0,0,0,0,0,0,0,0,0,0,0,0,0,0,0,0,0,0,0,0,0,0,0,0,0,0,0,0,0,0,0,0,0,0,0,0,0,0,0,0,0,0,0,0,0,0,0,0,0,0,0,0,0,0,0,0,0,0,0,0,0,0,0,0,0,0,0,0,0,0,0,0,0,0,0,0,0,0,0,0,0,0,0,0,0,0,0,0,0,0,0,0,0,0,0,0,0,0,0,0,0,0,0,0,0,0,0,0,0,0,0,0,0,0,0,0,0,0,0,0,0,0,0,0,0,0,0,0,0,0,0,0,0,0,0,0,0,0,0,0,0,0,0,0,0,0,0,0,0,0,0,0,0,0,0,0,0,0,0,0,0,0,0,0,0,0,0,0,0,0,0,0,0,0,0,0,0,0,0,0,0,0,0,0,0,0,0,0,0,0,0,0,0,0,0,0,0,0,0,0,0,0,0,0,0,0,0,0,0,0,0,0,0,0,0,0,0,0,0,0,0,0,0,0,0,0,0,0,0,0,0,0,0,0,0,0,0,0,0,0,0,0,0,0,0,0,0,0,0,0,0,0,0,0,0,0,0,0,0,0,0,0,0,0,0,0,0,0,0,0,0,0,0,0,0,0,0,0,0,0,0,0,0,0,0,0,0,0,0,0,0,0,0,0,0,0,0,0,0,0,0,0,0,0,0,0,0,0,0,0,0,0,0,0,0,0,0,0,0,0,0,0,0,0,0,0,0,0,0,0,0,0,0,0,0,0,0,0,0,0,0,0,0,0,0,0,0,0,0,0,0,0,0,0,0,0,0,0,0,0,0,0,0,0,0,0,0,0
"177",51.784725,51.8652,51.89665,52.06325,52.086375,52.12735,52.870725,52.97305,52.992075,53.01545,53.034675,53.058375,53.071975,53.13185,53.209775,53.22925,53.305675,53.847475,53.97305,54.09715,54.919,55.008225,55.07915,55.120725,55.20975,55.2359,55.3231,55.439,55.459025,55.478825,55.59295,55.85665,55.968975,55.98545,56.0989,56.128225,56.161675,56.3036,57.155525,57.273775,57.329275,57.4009,57.46525,57.6053,57.672625,57.718225,57.749075,57.784775,57.85885,57.88415,57.969275,58.068425,59.01665,59.067425,59.146925,59.17,59.20385,59.264425,59.317775,59.344825,59.677275,0,0,0,0,0,0,0,0,0,0,0,0,0,0,0,0,0,0,0,0,0,0,0,0,0,0,0,0,0,0,0,0,0,0,0,0,0,0,0,0,0,0,0,0,0,0,0,0,0,0,0,0,0,0,0,0,0,0,0,0,0,0,0,0,0,0,0,0,0,0,0,0,0,0,0,0,0,0,0,0,0,0,0,0,0,0,0,0,0,0,0,0,0,0,0,0,0,0,0,0,0,0,0,0,0,0,0,0,0,0,0,0,0,0,0,0,0,0,0,0,0,0,0,0,0,0,0,0,0,0,0,0,0,0,0,0,0,0,0,0,0,0,0,0,0,0,0,0,0,0,0,0,0,0,0,0,0,0,0,0,0,0,0,0,0,0,0,0,0,0,0,0,0,0,0,0,0,0,0,0,0,0,0,0,0,0,0,0,0,0,0,0,0,0,0,0,0,0,0,0,0,0,0,0,0,0,0,0,0,0,0,0,0,0,0,0,0,0,0,0,0,0,0,0,0,0,0,0,0,0,0,0,0,0,0,0,0,0,0,0,0,0,0,0,0,0,0,0,0,0,0,0,0,0,0,0,0,0,0,0,0,0,0,0,0,0,0,0,0,0,0,0,0,0,0,0,0,0,0,0,0,0,0,0,0,0,0,0,0,0,0,0,0,0,0,0,0,0,0,0,0,0,0,0,0,0,0,0,0,0,0,0,0,0,0,0,0,0,0,0,0,0,0,0,0,0,0,0,0,0,0,0,0,0,0,0,0,0,0,0,0,0,0,0,0,0,0,0,0,0,0,0,0,0,0,0,0,0,0,0,0,0,0,0,0,0,0,0,0,0,0,0,0,0,0
"178",51.721275,51.811125,51.90845,51.9727,51.997725,52.0578,52.07755,52.1195,52.22965,52.874125,52.909025,52.9187,52.986675,53.032175,53.047825,53.125325,53.15345,53.195125,53.22245,53.24235,53.2602,53.2802,53.298075,53.31835,53.3632,53.37435,53.3979,53.46055,53.47855,53.576725,53.649875,53.9616,54.9736,55.083225,55.1154,55.234525,55.2527,55.27355,55.32845,55.351575,55.366625,55.382775,55.4217,55.438575,55.500875,55.528175,55.550775,55.570225,55.59135,55.60615,55.629925,55.6578,55.679875,55.70425,55.753075,55.7906,55.808675,55.841,55.86035,55.93505,55.965775,56.013225,56.046875,56.06745,56.09745,56.11025,56.14685,56.160425,56.18365,56.196625,56.216775,56.238925,56.2746,56.303025,57.2624,57.41365,57.4568,57.4867,57.540425,57.56995,57.5897,57.62015,57.67265,57.6902,57.7222,57.766825,57.840875,57.869725,57.903775,57.9456,57.98,58.057325,58.12855,59.08365,59.11575,59.1305,59.164,59.20305,59.2247,59.2526,59.282375,59.3065,59.342225,59.400875,59.437625,59.465525,59.5181,59.5544,59.628675,59.679025,59.781,0,0,0,0,0,0,0,0,0,0,0,0,0,0,0,0,0,0,0,0,0,0,0,0,0,0,0,0,0,0,0,0,0,0,0,0,0,0,0,0,0,0,0,0,0,0,0,0,0,0,0,0,0,0,0,0,0,0,0,0,0,0,0,0,0,0,0,0,0,0,0,0,0,0,0,0,0,0,0,0,0,0,0,0,0,0,0,0,0,0,0,0,0,0,0,0,0,0,0,0,0,0,0,0,0,0,0,0,0,0,0,0,0,0,0,0,0,0,0,0,0,0,0,0,0,0,0,0,0,0,0,0,0,0,0,0,0,0,0,0,0,0,0,0,0,0,0,0,0,0,0,0,0,0,0,0,0,0,0,0,0,0,0,0,0,0,0,0,0,0,0,0,0,0,0,0,0,0,0,0,0,0,0,0,0,0,0,0,0,0,0,0,0,0,0,0,0,0,0,0,0,0,0,0,0,0,0,0,0,0,0,0,0,0,0,0,0,0,0,0,0,0,0,0,0,0,0,0,0,0,0,0,0,0,0,0,0,0,0,0,0,0,0,0,0,0,0,0,0,0,0,0,0,0,0,0,0,0,0,0,0,0,0,0,0,0,0,0,0,0,0,0,0,0,0,0,0,0,0,0,0,0,0,0,0,0,0,0,0,0,0,0,0,0,0,0,0,0,0,0,0,0,0,0,0,0,0,0,0,0,0,0,0,0,0,0,0,0,0,0,0,0,0,0,0
"179",50.899775,51.5083,51.7433,51.77865,51.8884,51.945775,52.026675,52.71005,53.005375,53.059325,53.0761,53.088825,53.106225,53.13765,53.165625,53.179475,53.42295,55.1654,55.20965,55.407,55.4562,55.47395,55.900525,57.31125,0,0,0,0,0,0,0,0,0,0,0,0,0,0,0,0,0,0,0,0,0,0,0,0,0,0,0,0,0,0,0,0,0,0,0,0,0,0,0,0,0,0,0,0,0,0,0,0,0,0,0,0,0,0,0,0,0,0,0,0,0,0,0,0,0,0,0,0,0,0,0,0,0,0,0,0,0,0,0,0,0,0,0,0,0,0,0,0,0,0,0,0,0,0,0,0,0,0,0,0,0,0,0,0,0,0,0,0,0,0,0,0,0,0,0,0,0,0,0,0,0,0,0,0,0,0,0,0,0,0,0,0,0,0,0,0,0,0,0,0,0,0,0,0,0,0,0,0,0,0,0,0,0,0,0,0,0,0,0,0,0,0,0,0,0,0,0,0,0,0,0,0,0,0,0,0,0,0,0,0,0,0,0,0,0,0,0,0,0,0,0,0,0,0,0,0,0,0,0,0,0,0,0,0,0,0,0,0,0,0,0,0,0,0,0,0,0,0,0,0,0,0,0,0,0,0,0,0,0,0,0,0,0,0,0,0,0,0,0,0,0,0,0,0,0,0,0,0,0,0,0,0,0,0,0,0,0,0,0,0,0,0,0,0,0,0,0,0,0,0,0,0,0,0,0,0,0,0,0,0,0,0,0,0,0,0,0,0,0,0,0,0,0,0,0,0,0,0,0,0,0,0,0,0,0,0,0,0,0,0,0,0,0,0,0,0,0,0,0,0,0,0,0,0,0,0,0,0,0,0,0,0,0,0,0,0,0,0,0,0,0,0,0,0,0,0,0,0,0,0,0,0,0,0,0,0,0,0,0,0,0,0,0,0,0,0,0,0,0,0,0,0,0,0,0,0,0,0,0,0,0,0,0,0,0,0,0,0,0,0,0,0,0,0,0,0,0,0,0,0,0,0,0,0,0,0,0,0,0,0,0,0
"180",49.8388,49.921775,49.950875,50.013975,50.04095,50.07155,50.09985,50.106875,50.108925,50.201775,50.212075,50.298075,50.335325,50.363625,51.03255,51.122075,51.30245,52.4011,57.838625,58.43635,58.453375,58.461475,58.506075,58.50845,58.535025,59.8907,59.933375,59.960675,59.9799,60.0113,60.014425,60.083,60.17045,60.218675,60.234125,60.2536,60.291575,60.36565,60.370425,61.352625,61.403075,61.49515,61.532175,61.566975,61.6054,61.64475,61.72165,61.74075,61.75415,61.785875,61.803825,61.812325,61.86225,61.873175,61.91235,61.9302,61.963475,62.087175,62.120725,62.148825,62.186325,62.2579,62.797225,63.264075,63.33285,63.4233,63.495425,63.612275,63.7327,0,0,0,0,0,0,0,0,0,0,0,0,0,0,0,0,0,0,0,0,0,0,0,0,0,0,0,0,0,0,0,0,0,0,0,0,0,0,0,0,0,0,0,0,0,0,0,0,0,0,0,0,0,0,0,0,0,0,0,0,0,0,0,0,0,0,0,0,0,0,0,0,0,0,0,0,0,0,0,0,0,0,0,0,0,0,0,0,0,0,0,0,0,0,0,0,0,0,0,0,0,0,0,0,0,0,0,0,0,0,0,0,0,0,0,0,0,0,0,0,0,0,0,0,0,0,0,0,0,0,0,0,0,0,0,0,0,0,0,0,0,0,0,0,0,0,0,0,0,0,0,0,0,0,0,0,0,0,0,0,0,0,0,0,0,0,0,0,0,0,0,0,0,0,0,0,0,0,0,0,0,0,0,0,0,0,0,0,0,0,0,0,0,0,0,0,0,0,0,0,0,0,0,0,0,0,0,0,0,0,0,0,0,0,0,0,0,0,0,0,0,0,0,0,0,0,0,0,0,0,0,0,0,0,0,0,0,0,0,0,0,0,0,0,0,0,0,0,0,0,0,0,0,0,0,0,0,0,0,0,0,0,0,0,0,0,0,0,0,0,0,0,0,0,0,0,0,0,0,0,0,0,0,0,0,0,0,0,0,0,0,0,0,0,0,0,0,0,0,0,0,0,0,0,0,0,0,0,0,0,0,0,0,0,0,0,0,0,0,0,0,0,0,0,0,0,0,0,0,0,0,0,0,0,0,0,0,0,0,0,0,0,0,0,0,0,0,0,0,0,0,0,0,0,0,0,0,0,0,0,0,0,0,0,0,0,0
"181",50.743,51.64255,51.6682,51.708125,51.840225,51.851575,51.929075,52.159525,52.187175,52.7979,52.95625,53.88885,54.071875,54.169775,54.239825,54.761175,54.839,54.922475,55.0094,55.989475,57.1129,57.3475,57.74305,57.812325,58.976525,59.0371,60.994675,61.109025,61.227475,0,0,0,0,0,0,0,0,0,0,0,0,0,0,0,0,0,0,0,0,0,0,0,0,0,0,0,0,0,0,0,0,0,0,0,0,0,0,0,0,0,0,0,0,0,0,0,0,0,0,0,0,0,0,0,0,0,0,0,0,0,0,0,0,0,0,0,0,0,0,0,0,0,0,0,0,0,0,0,0,0,0,0,0,0,0,0,0,0,0,0,0,0,0,0,0,0,0,0,0,0,0,0,0,0,0,0,0,0,0,0,0,0,0,0,0,0,0,0,0,0,0,0,0,0,0,0,0,0,0,0,0,0,0,0,0,0,0,0,0,0,0,0,0,0,0,0,0,0,0,0,0,0,0,0,0,0,0,0,0,0,0,0,0,0,0,0,0,0,0,0,0,0,0,0,0,0,0,0,0,0,0,0,0,0,0,0,0,0,0,0,0,0,0,0,0,0,0,0,0,0,0,0,0,0,0,0,0,0,0,0,0,0,0,0,0,0,0,0,0,0,0,0,0,0,0,0,0,0,0,0,0,0,0,0,0,0,0,0,0,0,0,0,0,0,0,0,0,0,0,0,0,0,0,0,0,0,0,0,0,0,0,0,0,0,0,0,0,0,0,0,0,0,0,0,0,0,0,0,0,0,0,0,0,0,0,0,0,0,0,0,0,0,0,0,0,0,0,0,0,0,0,0,0,0,0,0,0,0,0,0,0,0,0,0,0,0,0,0,0,0,0,0,0,0,0,0,0,0,0,0,0,0,0,0,0,0,0,0,0,0,0,0,0,0,0,0,0,0,0,0,0,0,0,0,0,0,0,0,0,0,0,0,0,0,0,0,0,0,0,0,0,0,0,0,0,0,0,0,0,0,0,0,0,0,0,0,0,0,0,0,0,0,0,0,0,0,0,0,0,0,0,0,0,0,0,0
"182",49.58545,50.69665,50.712325,50.7576,50.79785,50.908725,51.603725,51.930925,52.6558,52.907325,54.18845,55.2367,55.483225,56.950875,56.975025,57.59525,57.837025,57.96135,58.339775,60.667175,62.870375,63.065725,64.15775,0,0,0,0,0,0,0,0,0,0,0,0,0,0,0,0,0,0,0,0,0,0,0,0,0,0,0,0,0,0,0,0,0,0,0,0,0,0,0,0,0,0,0,0,0,0,0,0,0,0,0,0,0,0,0,0,0,0,0,0,0,0,0,0,0,0,0,0,0,0,0,0,0,0,0,0,0,0,0,0,0,0,0,0,0,0,0,0,0,0,0,0,0,0,0,0,0,0,0,0,0,0,0,0,0,0,0,0,0,0,0,0,0,0,0,0,0,0,0,0,0,0,0,0,0,0,0,0,0,0,0,0,0,0,0,0,0,0,0,0,0,0,0,0,0,0,0,0,0,0,0,0,0,0,0,0,0,0,0,0,0,0,0,0,0,0,0,0,0,0,0,0,0,0,0,0,0,0,0,0,0,0,0,0,0,0,0,0,0,0,0,0,0,0,0,0,0,0,0,0,0,0,0,0,0,0,0,0,0,0,0,0,0,0,0,0,0,0,0,0,0,0,0,0,0,0,0,0,0,0,0,0,0,0,0,0,0,0,0,0,0,0,0,0,0,0,0,0,0,0,0,0,0,0,0,0,0,0,0,0,0,0,0,0,0,0,0,0,0,0,0,0,0,0,0,0,0,0,0,0,0,0,0,0,0,0,0,0,0,0,0,0,0,0,0,0,0,0,0,0,0,0,0,0,0,0,0,0,0,0,0,0,0,0,0,0,0,0,0,0,0,0,0,0,0,0,0,0,0,0,0,0,0,0,0,0,0,0,0,0,0,0,0,0,0,0,0,0,0,0,0,0,0,0,0,0,0,0,0,0,0,0,0,0,0,0,0,0,0,0,0,0,0,0,0,0,0,0,0,0,0,0,0,0,0,0,0,0,0,0,0,0,0,0,0,0,0,0,0,0,0,0,0,0,0,0,0,0,0,0,0,0,0
"183",50.762225,50.8176,50.852075,50.906925,51.457875,51.5204,51.54865,51.572525,51.6641,51.7132,51.718575,51.804325,51.843525,51.924,51.971275,52.045075,52.106175,52.16685,52.678125,52.7951,52.83995,52.925775,53.02495,53.064225,53.6746,53.990975,54.066325,54.153925,54.743825,54.84985,54.94245,55.020525,55.148575,55.3218,57.020925,57.0679,57.139675,57.269125,59.0142,59.151525,59.227325,59.2779,59.323575,59.40385,59.468375,59.56855,0,0,0,0,0,0,0,0,0,0,0,0,0,0,0,0,0,0,0,0,0,0,0,0,0,0,0,0,0,0,0,0,0,0,0,0,0,0,0,0,0,0,0,0,0,0,0,0,0,0,0,0,0,0,0,0,0,0,0,0,0,0,0,0,0,0,0,0,0,0,0,0,0,0,0,0,0,0,0,0,0,0,0,0,0,0,0,0,0,0,0,0,0,0,0,0,0,0,0,0,0,0,0,0,0,0,0,0,0,0,0,0,0,0,0,0,0,0,0,0,0,0,0,0,0,0,0,0,0,0,0,0,0,0,0,0,0,0,0,0,0,0,0,0,0,0,0,0,0,0,0,0,0,0,0,0,0,0,0,0,0,0,0,0,0,0,0,0,0,0,0,0,0,0,0,0,0,0,0,0,0,0,0,0,0,0,0,0,0,0,0,0,0,0,0,0,0,0,0,0,0,0,0,0,0,0,0,0,0,0,0,0,0,0,0,0,0,0,0,0,0,0,0,0,0,0,0,0,0,0,0,0,0,0,0,0,0,0,0,0,0,0,0,0,0,0,0,0,0,0,0,0,0,0,0,0,0,0,0,0,0,0,0,0,0,0,0,0,0,0,0,0,0,0,0,0,0,0,0,0,0,0,0,0,0,0,0,0,0,0,0,0,0,0,0,0,0,0,0,0,0,0,0,0,0,0,0,0,0,0,0,0,0,0,0,0,0,0,0,0,0,0,0,0,0,0,0,0,0,0,0,0,0,0,0,0,0,0,0,0,0,0,0,0,0,0,0,0,0,0,0,0,0,0,0,0,0,0,0,0,0,0,0,0,0,0,0,0,0,0,0,0,0,0,0,0,0,0,0,0,0,0,0,0,0,0,0,0,0,0
"184",50.60515,50.6356,50.6696,50.7251,50.73405,50.77835,50.849525,50.8949,50.993075,51.44185,51.495625,51.517475,51.564675,51.58385,51.605125,51.6291,51.6387,51.66265,51.7387,51.762925,51.803125,51.873775,51.9938,52.047575,52.127075,52.3427,52.549325,52.605775,52.6407,52.699525,52.721225,52.7351,52.757425,52.7757,52.8315,52.8499,52.869425,52.884975,52.927375,52.941575,52.962275,52.992525,53.02905,53.14105,53.3767,53.50045,54.151125,54.18395,54.252675,54.320525,54.54495,54.619825,54.679925,54.713975,54.77575,54.8009,54.85245,54.87055,54.904625,54.93745,54.9656,54.982325,55.00665,55.025075,55.053,55.097275,55.11395,55.1403,55.191,55.22235,55.2522,55.288725,55.333475,55.500125,55.8321,55.937375,55.993775,56.0589,56.13345,56.995475,57.030475,57.077625,57.124375,57.137,57.198025,57.225825,57.25345,57.276625,57.30345,57.32505,57.3464,57.356375,57.3931,57.40355,57.42705,57.43905,57.4497,57.480875,57.4888,57.4951,57.5147,57.5337,57.566875,57.60105,57.627925,57.643125,57.676925,57.7137,57.72705,57.756575,58.2291,58.27785,58.30795,58.37015,59.00535,59.0435,59.0523,59.09145,59.125775,59.1498,59.182775,59.2195,59.2467,59.29495,59.320675,59.376775,59.462125,59.511525,60.9352,63.1097,63.17475,63.27775,64.359975,64.49555,64.5915,64.622375,64.662625,64.727925,64.803925,64.98995,65.11635,0,0,0,0,0,0,0,0,0,0,0,0,0,0,0,0,0,0,0,0,0,0,0,0,0,0,0,0,0,0,0,0,0,0,0,0,0,0,0,0,0,0,0,0,0,0,0,0,0,0,0,0,0,0,0,0,0,0,0,0,0,0,0,0,0,0,0,0,0,0,0,0,0,0,0,0,0,0,0,0,0,0,0,0,0,0,0,0,0,0,0,0,0,0,0,0,0,0,0,0,0,0,0,0,0,0,0,0,0,0,0,0,0,0,0,0,0,0,0,0,0,0,0,0,0,0,0,0,0,0,0,0,0,0,0,0,0,0,0,0,0,0,0,0,0,0,0,0,0,0,0,0,0,0,0,0,0,0,0,0,0,0,0,0,0,0,0,0,0,0,0,0,0,0,0,0,0,0,0,0,0,0,0,0,0,0,0,0,0,0,0,0,0,0,0,0,0,0,0,0,0,0,0,0,0,0,0,0,0,0,0,0,0,0,0,0,0,0,0,0,0,0,0,0,0,0,0,0,0,0,0,0,0,0,0,0,0,0,0,0,0,0,0,0,0,0,0,0,0,0,0,0,0,0,0,0,0,0,0,0,0,0,0,0,0,0,0,0,0,0,0,0,0,0,0,0,0,0,0,0,0,0,0,0,0,0,0,0,0,0,0,0,0,0,0
"185",51.813225,51.916975,51.984025,52.029825,52.069025,52.9892,53.01285,53.136175,53.1568,53.1775,53.206275,53.23325,53.264575,53.28885,53.314175,53.37845,53.418725,55.23895,55.3366,57.536225,57.581425,57.622725,57.685025,57.7813,0,0,0,0,0,0,0,0,0,0,0,0,0,0,0,0,0,0,0,0,0,0,0,0,0,0,0,0,0,0,0,0,0,0,0,0,0,0,0,0,0,0,0,0,0,0,0,0,0,0,0,0,0,0,0,0,0,0,0,0,0,0,0,0,0,0,0,0,0,0,0,0,0,0,0,0,0,0,0,0,0,0,0,0,0,0,0,0,0,0,0,0,0,0,0,0,0,0,0,0,0,0,0,0,0,0,0,0,0,0,0,0,0,0,0,0,0,0,0,0,0,0,0,0,0,0,0,0,0,0,0,0,0,0,0,0,0,0,0,0,0,0,0,0,0,0,0,0,0,0,0,0,0,0,0,0,0,0,0,0,0,0,0,0,0,0,0,0,0,0,0,0,0,0,0,0,0,0,0,0,0,0,0,0,0,0,0,0,0,0,0,0,0,0,0,0,0,0,0,0,0,0,0,0,0,0,0,0,0,0,0,0,0,0,0,0,0,0,0,0,0,0,0,0,0,0,0,0,0,0,0,0,0,0,0,0,0,0,0,0,0,0,0,0,0,0,0,0,0,0,0,0,0,0,0,0,0,0,0,0,0,0,0,0,0,0,0,0,0,0,0,0,0,0,0,0,0,0,0,0,0,0,0,0,0,0,0,0,0,0,0,0,0,0,0,0,0,0,0,0,0,0,0,0,0,0,0,0,0,0,0,0,0,0,0,0,0,0,0,0,0,0,0,0,0,0,0,0,0,0,0,0,0,0,0,0,0,0,0,0,0,0,0,0,0,0,0,0,0,0,0,0,0,0,0,0,0,0,0,0,0,0,0,0,0,0,0,0,0,0,0,0,0,0,0,0,0,0,0,0,0,0,0,0,0,0,0,0,0,0,0,0,0,0,0,0,0,0,0,0,0,0,0,0,0,0,0,0,0,0,0,0
"186",51.6273,51.7157,51.760575,51.816325,51.88095,51.987325,52.09755,52.982925,57.5327,57.598875,57.6522,0,0,0,0,0,0,0,0,0,0,0,0,0,0,0,0,0,0,0,0,0,0,0,0,0,0,0,0,0,0,0,0,0,0,0,0,0,0,0,0,0,0,0,0,0,0,0,0,0,0,0,0,0,0,0,0,0,0,0,0,0,0,0,0,0,0,0,0,0,0,0,0,0,0,0,0,0,0,0,0,0,0,0,0,0,0,0,0,0,0,0,0,0,0,0,0,0,0,0,0,0,0,0,0,0,0,0,0,0,0,0,0,0,0,0,0,0,0,0,0,0,0,0,0,0,0,0,0,0,0,0,0,0,0,0,0,0,0,0,0,0,0,0,0,0,0,0,0,0,0,0,0,0,0,0,0,0,0,0,0,0,0,0,0,0,0,0,0,0,0,0,0,0,0,0,0,0,0,0,0,0,0,0,0,0,0,0,0,0,0,0,0,0,0,0,0,0,0,0,0,0,0,0,0,0,0,0,0,0,0,0,0,0,0,0,0,0,0,0,0,0,0,0,0,0,0,0,0,0,0,0,0,0,0,0,0,0,0,0,0,0,0,0,0,0,0,0,0,0,0,0,0,0,0,0,0,0,0,0,0,0,0,0,0,0,0,0,0,0,0,0,0,0,0,0,0,0,0,0,0,0,0,0,0,0,0,0,0,0,0,0,0,0,0,0,0,0,0,0,0,0,0,0,0,0,0,0,0,0,0,0,0,0,0,0,0,0,0,0,0,0,0,0,0,0,0,0,0,0,0,0,0,0,0,0,0,0,0,0,0,0,0,0,0,0,0,0,0,0,0,0,0,0,0,0,0,0,0,0,0,0,0,0,0,0,0,0,0,0,0,0,0,0,0,0,0,0,0,0,0,0,0,0,0,0,0,0,0,0,0,0,0,0,0,0,0,0,0,0,0,0,0,0,0,0,0,0,0,0,0,0,0,0,0,0,0,0,0,0,0,0,0,0,0,0
"187",50.2761,50.325025,50.55965,50.587375,50.6533,50.71765,50.749175,50.76175,50.777325,50.8785,51.11085,51.348725,51.365875,51.37315,51.3912,51.40565,51.43205,51.436125,51.443425,51.4542,51.46815,51.492875,51.510975,51.51545,51.517025,51.521775,51.53025,51.533375,51.55355,51.575525,51.582725,51.593,51.59615,51.608275,51.6129,51.62285,51.638075,51.69055,51.692825,51.717725,51.742375,51.755825,51.764025,51.7914,51.836125,51.841175,51.846625,51.898,51.90495,51.92215,51.93505,51.9503,51.951375,51.996325,52.042,52.06265,52.0721,52.07655,52.081725,52.0946,52.10155,52.103625,52.13005,52.1383,52.1514,52.156125,52.163875,52.17875,52.277975,52.535425,52.545375,52.55825,52.56665,52.575825,52.590675,52.607225,52.608275,52.625625,52.637425,52.6494,52.670575,52.695625,52.7192,52.7389,52.744425,52.76035,52.782025,52.78795,52.843325,52.8452,52.863125,52.92115,52.923375,52.950425,52.973375,52.996975,53.00195,53.0038,53.027975,53.067175,53.092975,53.102175,53.1101,53.14365,53.171625,53.247575,53.270775,53.2933,53.32565,53.342075,53.3597,53.4003,53.426025,53.487975,53.52805,53.585075,53.595775,53.60055,53.6662,53.73645,53.742925,53.787575,53.79505,53.8358,53.8377,53.84765,53.8601,53.8764,53.92765,53.950425,53.95445,53.971225,54.014275,54.022275,54.0302,54.053675,54.09695,54.129625,54.1477,54.2047,54.211075,54.222525,54.238025,54.29525,54.32345,54.374875,54.4247,54.48785,54.51345,54.517425,54.5434,54.5607,54.622075,54.645175,54.654275,54.658425,54.678775,54.68925,54.7042,54.716,54.771475,54.78855,54.805925,54.837775,54.841025,54.882375,54.890625,54.91895,54.962,54.9717,54.99795,55.021075,55.02915,55.031925,55.043475,55.06415,55.067525,55.11235,55.136675,55.1416,55.158425,55.1998,55.20175,55.222925,55.2314,55.24505,55.246825,55.263975,55.2666,55.28515,55.301525,55.313825,55.353475,55.390475,55.394325,55.457975,55.50265,55.505825,55.53695,55.54765,55.584225,55.638575,55.6397,55.6683,55.698575,55.7162,55.751,55.759525,55.8924,55.91925,55.947075,56.00355,56.09605,56.112275,56.128125,56.143175,56.16535,56.17225,56.176875,56.19025,56.19275,56.2575,56.310625,56.4416,56.61575,56.87665,56.889575,56.9087,56.9496,56.963425,56.976625,57.032625,57.047725,57.06055,57.0634,57.08425,57.08615,57.1084,57.114625,57.14265,57.1569,57.1733,57.1841,57.210875,57.236,57.240425,57.2649,57.368025,57.42545,57.485,57.624575,57.66575,57.701475,57.709,57.71625,57.763225,57.780175,57.888425,58.075475,58.1354,58.397225,58.576175,58.906925,58.91185,58.944,58.984325,59.008975,59.0393,59.044375,59.06275,59.06505,59.0746,59.09645,59.101925,59.1381,59.1452,59.17715,59.207475,59.213925,59.251625,59.2773,59.29845,59.3321,59.334475,59.453825,59.462625,59.504225,59.5203,59.56665,59.686325,59.691625,61.391375,64.144025,64.200225,64.2606,64.277125,64.310325,64.36415,64.489775,64.5607,0,0,0,0,0,0,0,0,0,0,0,0,0,0,0,0,0,0,0,0,0,0,0,0,0,0,0,0,0,0,0,0,0,0,0,0,0,0,0,0,0,0,0,0,0,0,0,0,0,0,0,0,0,0,0,0,0,0,0,0,0,0,0,0,0,0,0,0,0,0,0,0,0,0,0,0,0,0,0,0,0,0,0,0,0,0,0,0,0,0,0,0,0,0,0,0,0,0,0,0,0,0,0,0,0,0,0,0,0,0,0,0,0,0,0,0,0,0,0,0,0,0,0,0,0,0,0,0,0,0,0,0,0,0,0,0
"188",49.54595,49.783825,49.844575,49.929325,49.956675,49.99135,50.057025,50.078025,50.104075,50.11885,50.1435,50.17755,50.225225,50.268775,50.282825,50.3274,50.349625,50.379675,50.4089,50.447225,50.487125,50.59635,50.959725,51.03125,51.0742,51.12005,51.143325,51.185,51.2335,51.2475,51.27445,51.304475,51.396825,51.465375,51.732925,51.997075,52.043025,52.1259,52.1763,52.207875,52.244075,52.26745,52.29125,52.341675,52.35115,52.3819,52.415,52.42295,52.4741,52.497225,52.89925,53.68665,54.31945,54.34625,54.458575,54.632625,56.388425,56.44805,56.48995,56.5673,56.598675,56.63405,56.6597,56.740625,56.780875,56.833775,57.36895,57.52475,57.86175,58.1078,58.224325,58.261625,58.296475,58.335875,58.469075,58.52085,58.55615,58.592825,58.62965,58.702975,58.764225,58.80115,58.880575,58.96165,59.7887,59.813525,59.850425,59.917175,59.9582,60.022675,60.05565,60.191525,60.25115,60.282325,60.32445,60.356925,60.3789,60.4045,60.467775,60.506125,60.5806,60.6358,61.2268,61.327025,61.3848,61.427775,61.50685,61.5388,61.58545,61.637525,61.695975,61.744025,61.78825,61.8283,61.8625,61.916925,61.972075,62.012275,62.058125,62.086025,62.12805,62.162375,62.23625,62.287025,62.321325,62.43755,62.55455,62.650275,62.74615,62.916925,63.028375,63.115975,63.1635,63.203675,63.27655,63.3122,63.37055,63.432425,63.509425,63.5408,63.57125,63.6336,63.686475,63.77095,63.9889,64.760375,64.903825,65.073175,65.200825,65.319475,0,0,0,0,0,0,0,0,0,0,0,0,0,0,0,0,0,0,0,0,0,0,0,0,0,0,0,0,0,0,0,0,0,0,0,0,0,0,0,0,0,0,0,0,0,0,0,0,0,0,0,0,0,0,0,0,0,0,0,0,0,0,0,0,0,0,0,0,0,0,0,0,0,0,0,0,0,0,0,0,0,0,0,0,0,0,0,0,0,0,0,0,0,0,0,0,0,0,0,0,0,0,0,0,0,0,0,0,0,0,0,0,0,0,0,0,0,0,0,0,0,0,0,0,0,0,0,0,0,0,0,0,0,0,0,0,0,0,0,0,0,0,0,0,0,0,0,0,0,0,0,0,0,0,0,0,0,0,0,0,0,0,0,0,0,0,0,0,0,0,0,0,0,0,0,0,0,0,0,0,0,0,0,0,0,0,0,0,0,0,0,0,0,0,0,0,0,0,0,0,0,0,0,0,0,0,0,0,0,0,0,0,0,0,0,0,0,0,0,0,0,0,0,0,0,0,0,0,0,0,0,0,0,0,0,0,0,0,0,0,0,0,0,0,0,0,0,0,0,0,0,0,0,0,0,0,0,0,0,0,0,0,0,0,0,0,0,0,0,0,0,0,0,0,0,0,0,0,0,0,0,0,0,0,0,0
"189",50.805325,50.88255,51.5068,51.580275,51.60165,51.63495,51.647725,51.701,51.718725,51.739075,51.82265,51.86445,51.889,52.686525,52.764725,52.7953,52.854025,52.8899,52.93625,53.0446,53.054,53.059475,53.071975,53.1279,53.979075,54.7764,54.8529,54.884425,54.90775,54.983475,55.022825,55.2105,55.238125,55.461825,55.574625,55.6625,57.163125,57.217625,57.311525,57.55445,59.078625,59.1285,59.14895,59.319375,59.4842,0,0,0,0,0,0,0,0,0,0,0,0,0,0,0,0,0,0,0,0,0,0,0,0,0,0,0,0,0,0,0,0,0,0,0,0,0,0,0,0,0,0,0,0,0,0,0,0,0,0,0,0,0,0,0,0,0,0,0,0,0,0,0,0,0,0,0,0,0,0,0,0,0,0,0,0,0,0,0,0,0,0,0,0,0,0,0,0,0,0,0,0,0,0,0,0,0,0,0,0,0,0,0,0,0,0,0,0,0,0,0,0,0,0,0,0,0,0,0,0,0,0,0,0,0,0,0,0,0,0,0,0,0,0,0,0,0,0,0,0,0,0,0,0,0,0,0,0,0,0,0,0,0,0,0,0,0,0,0,0,0,0,0,0,0,0,0,0,0,0,0,0,0,0,0,0,0,0,0,0,0,0,0,0,0,0,0,0,0,0,0,0,0,0,0,0,0,0,0,0,0,0,0,0,0,0,0,0,0,0,0,0,0,0,0,0,0,0,0,0,0,0,0,0,0,0,0,0,0,0,0,0,0,0,0,0,0,0,0,0,0,0,0,0,0,0,0,0,0,0,0,0,0,0,0,0,0,0,0,0,0,0,0,0,0,0,0,0,0,0,0,0,0,0,0,0,0,0,0,0,0,0,0,0,0,0,0,0,0,0,0,0,0,0,0,0,0,0,0,0,0,0,0,0,0,0,0,0,0,0,0,0,0,0,0,0,0,0,0,0,0,0,0,0,0,0,0,0,0,0,0,0,0,0,0,0,0,0,0,0,0,0,0,0,0,0,0,0,0,0,0,0,0,0,0,0,0,0,0,0,0,0,0,0,0,0,0,0,0,0,0,0,0,0,0,0,0,0,0,0,0,0,0,0,0,0,0,0,0,0,0
"190",49.868275,50.159125,50.21115,50.374,51.0959,51.109975,56.218675,56.66105,58.70065,59.881275,60.012125,60.412625,61.407175,61.509175,61.565375,61.628675,61.753425,61.79965,61.89615,61.935175,61.961025,62.131975,62.33525,63.5576,0,0,0,0,0,0,0,0,0,0,0,0,0,0,0,0,0,0,0,0,0,0,0,0,0,0,0,0,0,0,0,0,0,0,0,0,0,0,0,0,0,0,0,0,0,0,0,0,0,0,0,0,0,0,0,0,0,0,0,0,0,0,0,0,0,0,0,0,0,0,0,0,0,0,0,0,0,0,0,0,0,0,0,0,0,0,0,0,0,0,0,0,0,0,0,0,0,0,0,0,0,0,0,0,0,0,0,0,0,0,0,0,0,0,0,0,0,0,0,0,0,0,0,0,0,0,0,0,0,0,0,0,0,0,0,0,0,0,0,0,0,0,0,0,0,0,0,0,0,0,0,0,0,0,0,0,0,0,0,0,0,0,0,0,0,0,0,0,0,0,0,0,0,0,0,0,0,0,0,0,0,0,0,0,0,0,0,0,0,0,0,0,0,0,0,0,0,0,0,0,0,0,0,0,0,0,0,0,0,0,0,0,0,0,0,0,0,0,0,0,0,0,0,0,0,0,0,0,0,0,0,0,0,0,0,0,0,0,0,0,0,0,0,0,0,0,0,0,0,0,0,0,0,0,0,0,0,0,0,0,0,0,0,0,0,0,0,0,0,0,0,0,0,0,0,0,0,0,0,0,0,0,0,0,0,0,0,0,0,0,0,0,0,0,0,0,0,0,0,0,0,0,0,0,0,0,0,0,0,0,0,0,0,0,0,0,0,0,0,0,0,0,0,0,0,0,0,0,0,0,0,0,0,0,0,0,0,0,0,0,0,0,0,0,0,0,0,0,0,0,0,0,0,0,0,0,0,0,0,0,0,0,0,0,0,0,0,0,0,0,0,0,0,0,0,0,0,0,0,0,0,0,0,0,0,0,0,0,0,0,0,0,0,0,0,0,0,0,0,0,0,0,0,0,0,0,0,0,0,0,0,0
"191",49.9326,49.95965,50.017975,50.046925,50.109825,50.1606,50.172325,50.1827,50.19755,50.2351,50.25695,50.272325,50.284975,50.3204,50.347825,50.391275,50.45845,51.0395,51.099625,51.11195,51.145275,51.1618,51.20775,51.34605,52.293125,52.33595,52.352775,52.4262,52.44115,52.46305,53.371125,53.62385,55.5767,56.6003,56.649975,56.714075,58.2521,58.2987,58.35745,58.412575,58.4225,58.493575,58.58835,58.607125,58.626025,58.662425,58.68745,58.731,59.7811,59.832325,59.892625,59.9124,59.950125,59.999675,60.0288,60.059325,60.096775,60.12925,60.156975,60.18845,60.21275,60.242075,60.332825,60.3609,60.42795,61.181425,61.324875,61.3651,61.5352,61.70575,61.77375,61.8159,61.9006,62.020175,62.094475,62.140875,62.214075,62.995925,63.1238,63.3206,64.6782,65.0408,0,0,0,0,0,0,0,0,0,0,0,0,0,0,0,0,0,0,0,0,0,0,0,0,0,0,0,0,0,0,0,0,0,0,0,0,0,0,0,0,0,0,0,0,0,0,0,0,0,0,0,0,0,0,0,0,0,0,0,0,0,0,0,0,0,0,0,0,0,0,0,0,0,0,0,0,0,0,0,0,0,0,0,0,0,0,0,0,0,0,0,0,0,0,0,0,0,0,0,0,0,0,0,0,0,0,0,0,0,0,0,0,0,0,0,0,0,0,0,0,0,0,0,0,0,0,0,0,0,0,0,0,0,0,0,0,0,0,0,0,0,0,0,0,0,0,0,0,0,0,0,0,0,0,0,0,0,0,0,0,0,0,0,0,0,0,0,0,0,0,0,0,0,0,0,0,0,0,0,0,0,0,0,0,0,0,0,0,0,0,0,0,0,0,0,0,0,0,0,0,0,0,0,0,0,0,0,0,0,0,0,0,0,0,0,0,0,0,0,0,0,0,0,0,0,0,0,0,0,0,0,0,0,0,0,0,0,0,0,0,0,0,0,0,0,0,0,0,0,0,0,0,0,0,0,0,0,0,0,0,0,0,0,0,0,0,0,0,0,0,0,0,0,0,0,0,0,0,0,0,0,0,0,0,0,0,0,0,0,0,0,0,0,0,0,0,0,0,0,0,0,0,0,0,0,0,0,0,0,0,0,0,0,0,0,0,0,0,0,0,0,0,0,0,0,0,0,0,0,0,0,0,0,0,0,0,0,0,0,0,0,0,0,0,0,0,0,0,0,0,0,0,0,0
"192",51.658775,51.691225,52.81955,52.939,54.8976,54.9493,54.9858,55.041575,55.075125,55.134325,55.179575,56.243425,57.293075,57.3469,57.716725,0,0,0,0,0,0,0,0,0,0,0,0,0,0,0,0,0,0,0,0,0,0,0,0,0,0,0,0,0,0,0,0,0,0,0,0,0,0,0,0,0,0,0,0,0,0,0,0,0,0,0,0,0,0,0,0,0,0,0,0,0,0,0,0,0,0,0,0,0,0,0,0,0,0,0,0,0,0,0,0,0,0,0,0,0,0,0,0,0,0,0,0,0,0,0,0,0,0,0,0,0,0,0,0,0,0,0,0,0,0,0,0,0,0,0,0,0,0,0,0,0,0,0,0,0,0,0,0,0,0,0,0,0,0,0,0,0,0,0,0,0,0,0,0,0,0,0,0,0,0,0,0,0,0,0,0,0,0,0,0,0,0,0,0,0,0,0,0,0,0,0,0,0,0,0,0,0,0,0,0,0,0,0,0,0,0,0,0,0,0,0,0,0,0,0,0,0,0,0,0,0,0,0,0,0,0,0,0,0,0,0,0,0,0,0,0,0,0,0,0,0,0,0,0,0,0,0,0,0,0,0,0,0,0,0,0,0,0,0,0,0,0,0,0,0,0,0,0,0,0,0,0,0,0,0,0,0,0,0,0,0,0,0,0,0,0,0,0,0,0,0,0,0,0,0,0,0,0,0,0,0,0,0,0,0,0,0,0,0,0,0,0,0,0,0,0,0,0,0,0,0,0,0,0,0,0,0,0,0,0,0,0,0,0,0,0,0,0,0,0,0,0,0,0,0,0,0,0,0,0,0,0,0,0,0,0,0,0,0,0,0,0,0,0,0,0,0,0,0,0,0,0,0,0,0,0,0,0,0,0,0,0,0,0,0,0,0,0,0,0,0,0,0,0,0,0,0,0,0,0,0,0,0,0,0,0,0,0,0,0,0,0,0,0,0,0,0,0,0,0,0,0,0,0,0,0,0,0,0,0,0,0,0,0,0,0,0,0,0,0,0
"193",50.14185,50.1676,50.1932,50.24335,50.30865,51.057925,51.08695,51.128375,51.155975,51.2166,52.32145,52.3682,52.43875,56.6628,58.3612,58.43165,58.450575,58.5024,58.535425,58.582775,58.616525,58.681125,58.72585,60.12395,60.365725,60.409625,0,0,0,0,0,0,0,0,0,0,0,0,0,0,0,0,0,0,0,0,0,0,0,0,0,0,0,0,0,0,0,0,0,0,0,0,0,0,0,0,0,0,0,0,0,0,0,0,0,0,0,0,0,0,0,0,0,0,0,0,0,0,0,0,0,0,0,0,0,0,0,0,0,0,0,0,0,0,0,0,0,0,0,0,0,0,0,0,0,0,0,0,0,0,0,0,0,0,0,0,0,0,0,0,0,0,0,0,0,0,0,0,0,0,0,0,0,0,0,0,0,0,0,0,0,0,0,0,0,0,0,0,0,0,0,0,0,0,0,0,0,0,0,0,0,0,0,0,0,0,0,0,0,0,0,0,0,0,0,0,0,0,0,0,0,0,0,0,0,0,0,0,0,0,0,0,0,0,0,0,0,0,0,0,0,0,0,0,0,0,0,0,0,0,0,0,0,0,0,0,0,0,0,0,0,0,0,0,0,0,0,0,0,0,0,0,0,0,0,0,0,0,0,0,0,0,0,0,0,0,0,0,0,0,0,0,0,0,0,0,0,0,0,0,0,0,0,0,0,0,0,0,0,0,0,0,0,0,0,0,0,0,0,0,0,0,0,0,0,0,0,0,0,0,0,0,0,0,0,0,0,0,0,0,0,0,0,0,0,0,0,0,0,0,0,0,0,0,0,0,0,0,0,0,0,0,0,0,0,0,0,0,0,0,0,0,0,0,0,0,0,0,0,0,0,0,0,0,0,0,0,0,0,0,0,0,0,0,0,0,0,0,0,0,0,0,0,0,0,0,0,0,0,0,0,0,0,0,0,0,0,0,0,0,0,0,0,0,0,0,0,0,0,0,0,0,0,0,0,0,0,0,0,0,0,0,0,0,0,0,0,0,0,0,0,0,0,0,0,0,0,0,0,0,0,0,0,0,0,0
"194",50.6261,50.645,50.65635,50.6701,50.68735,50.70365,51.429625,51.444025,51.728125,56.92705,58.9434,58.97,60.96925,61.036075,61.08905,64.240525,64.306425,64.37045,64.417775,64.458175,64.56095,64.65515,0,0,0,0,0,0,0,0,0,0,0,0,0,0,0,0,0,0,0,0,0,0,0,0,0,0,0,0,0,0,0,0,0,0,0,0,0,0,0,0,0,0,0,0,0,0,0,0,0,0,0,0,0,0,0,0,0,0,0,0,0,0,0,0,0,0,0,0,0,0,0,0,0,0,0,0,0,0,0,0,0,0,0,0,0,0,0,0,0,0,0,0,0,0,0,0,0,0,0,0,0,0,0,0,0,0,0,0,0,0,0,0,0,0,0,0,0,0,0,0,0,0,0,0,0,0,0,0,0,0,0,0,0,0,0,0,0,0,0,0,0,0,0,0,0,0,0,0,0,0,0,0,0,0,0,0,0,0,0,0,0,0,0,0,0,0,0,0,0,0,0,0,0,0,0,0,0,0,0,0,0,0,0,0,0,0,0,0,0,0,0,0,0,0,0,0,0,0,0,0,0,0,0,0,0,0,0,0,0,0,0,0,0,0,0,0,0,0,0,0,0,0,0,0,0,0,0,0,0,0,0,0,0,0,0,0,0,0,0,0,0,0,0,0,0,0,0,0,0,0,0,0,0,0,0,0,0,0,0,0,0,0,0,0,0,0,0,0,0,0,0,0,0,0,0,0,0,0,0,0,0,0,0,0,0,0,0,0,0,0,0,0,0,0,0,0,0,0,0,0,0,0,0,0,0,0,0,0,0,0,0,0,0,0,0,0,0,0,0,0,0,0,0,0,0,0,0,0,0,0,0,0,0,0,0,0,0,0,0,0,0,0,0,0,0,0,0,0,0,0,0,0,0,0,0,0,0,0,0,0,0,0,0,0,0,0,0,0,0,0,0,0,0,0,0,0,0,0,0,0,0,0,0,0,0,0,0,0,0,0,0,0,0,0,0,0,0,0,0,0,0,0,0,0,0,0,0,0,0,0,0,0,0,0
"195",50.098025,50.199425,50.3257,50.973125,51.080125,51.19775,51.304825,51.851225,52.192175,52.33985,52.43635,53.197875,53.664925,54.109525,54.289725,54.49075,54.6561,55.984375,56.371575,56.519675,56.6941,56.920475,57.720425,57.8685,57.970725,58.116875,58.1914,58.305275,58.39045,58.4716,58.5229,58.63085,58.7252,58.93415,59.4516,59.690325,59.807675,59.94915,60.047075,60.161575,60.2923,60.4768,60.713525,61.22325,0,0,0,0,0,0,0,0,0,0,0,0,0,0,0,0,0,0,0,0,0,0,0,0,0,0,0,0,0,0,0,0,0,0,0,0,0,0,0,0,0,0,0,0,0,0,0,0,0,0,0,0,0,0,0,0,0,0,0,0,0,0,0,0,0,0,0,0,0,0,0,0,0,0,0,0,0,0,0,0,0,0,0,0,0,0,0,0,0,0,0,0,0,0,0,0,0,0,0,0,0,0,0,0,0,0,0,0,0,0,0,0,0,0,0,0,0,0,0,0,0,0,0,0,0,0,0,0,0,0,0,0,0,0,0,0,0,0,0,0,0,0,0,0,0,0,0,0,0,0,0,0,0,0,0,0,0,0,0,0,0,0,0,0,0,0,0,0,0,0,0,0,0,0,0,0,0,0,0,0,0,0,0,0,0,0,0,0,0,0,0,0,0,0,0,0,0,0,0,0,0,0,0,0,0,0,0,0,0,0,0,0,0,0,0,0,0,0,0,0,0,0,0,0,0,0,0,0,0,0,0,0,0,0,0,0,0,0,0,0,0,0,0,0,0,0,0,0,0,0,0,0,0,0,0,0,0,0,0,0,0,0,0,0,0,0,0,0,0,0,0,0,0,0,0,0,0,0,0,0,0,0,0,0,0,0,0,0,0,0,0,0,0,0,0,0,0,0,0,0,0,0,0,0,0,0,0,0,0,0,0,0,0,0,0,0,0,0,0,0,0,0,0,0,0,0,0,0,0,0,0,0,0,0,0,0,0,0,0,0,0,0,0,0,0,0,0,0,0,0,0,0,0,0,0,0,0,0,0,0,0,0,0,0,0,0,0,0,0,0,0,0,0,0,0,0,0,0,0,0,0,0,0,0,0,0,0,0,0,0,0,0
"196",51.786025,51.87455,51.9148,51.9536,52.09195,52.96245,53.03945,53.057425,53.075825,53.108225,53.13085,53.153075,53.1674,53.194475,53.215,53.23865,53.257825,53.283825,53.3178,53.460225,53.5167,55.16705,55.220125,55.24295,55.27955,55.31235,55.341025,55.367425,55.38815,55.4066,55.4281,55.457625,55.493725,55.5464,55.57265,55.625625,55.667975,57.491925,57.537675,57.59755,57.62615,57.658075,57.688825,57.740775,57.80485,59.296725,0,0,0,0,0,0,0,0,0,0,0,0,0,0,0,0,0,0,0,0,0,0,0,0,0,0,0,0,0,0,0,0,0,0,0,0,0,0,0,0,0,0,0,0,0,0,0,0,0,0,0,0,0,0,0,0,0,0,0,0,0,0,0,0,0,0,0,0,0,0,0,0,0,0,0,0,0,0,0,0,0,0,0,0,0,0,0,0,0,0,0,0,0,0,0,0,0,0,0,0,0,0,0,0,0,0,0,0,0,0,0,0,0,0,0,0,0,0,0,0,0,0,0,0,0,0,0,0,0,0,0,0,0,0,0,0,0,0,0,0,0,0,0,0,0,0,0,0,0,0,0,0,0,0,0,0,0,0,0,0,0,0,0,0,0,0,0,0,0,0,0,0,0,0,0,0,0,0,0,0,0,0,0,0,0,0,0,0,0,0,0,0,0,0,0,0,0,0,0,0,0,0,0,0,0,0,0,0,0,0,0,0,0,0,0,0,0,0,0,0,0,0,0,0,0,0,0,0,0,0,0,0,0,0,0,0,0,0,0,0,0,0,0,0,0,0,0,0,0,0,0,0,0,0,0,0,0,0,0,0,0,0,0,0,0,0,0,0,0,0,0,0,0,0,0,0,0,0,0,0,0,0,0,0,0,0,0,0,0,0,0,0,0,0,0,0,0,0,0,0,0,0,0,0,0,0,0,0,0,0,0,0,0,0,0,0,0,0,0,0,0,0,0,0,0,0,0,0,0,0,0,0,0,0,0,0,0,0,0,0,0,0,0,0,0,0,0,0,0,0,0,0,0,0,0,0,0,0,0,0,0,0,0,0,0,0,0,0,0,0,0,0,0,0,0,0,0,0,0,0,0,0,0,0,0,0,0,0,0,0
"197",50.53375,50.548025,50.563075,50.606025,50.662625,50.9477,51.350175,51.505025,51.531175,51.6241,52.1928,52.455975,52.505725,52.565025,52.733575,52.877925,53.344625,53.544875,53.726575,53.79255,54.571525,54.869675,54.937275,55.056175,56.152975,56.542075,56.57545,56.7317,57.1229,57.288725,57.399825,57.456075,57.62385,0,0,0,0,0,0,0,0,0,0,0,0,0,0,0,0,0,0,0,0,0,0,0,0,0,0,0,0,0,0,0,0,0,0,0,0,0,0,0,0,0,0,0,0,0,0,0,0,0,0,0,0,0,0,0,0,0,0,0,0,0,0,0,0,0,0,0,0,0,0,0,0,0,0,0,0,0,0,0,0,0,0,0,0,0,0,0,0,0,0,0,0,0,0,0,0,0,0,0,0,0,0,0,0,0,0,0,0,0,0,0,0,0,0,0,0,0,0,0,0,0,0,0,0,0,0,0,0,0,0,0,0,0,0,0,0,0,0,0,0,0,0,0,0,0,0,0,0,0,0,0,0,0,0,0,0,0,0,0,0,0,0,0,0,0,0,0,0,0,0,0,0,0,0,0,0,0,0,0,0,0,0,0,0,0,0,0,0,0,0,0,0,0,0,0,0,0,0,0,0,0,0,0,0,0,0,0,0,0,0,0,0,0,0,0,0,0,0,0,0,0,0,0,0,0,0,0,0,0,0,0,0,0,0,0,0,0,0,0,0,0,0,0,0,0,0,0,0,0,0,0,0,0,0,0,0,0,0,0,0,0,0,0,0,0,0,0,0,0,0,0,0,0,0,0,0,0,0,0,0,0,0,0,0,0,0,0,0,0,0,0,0,0,0,0,0,0,0,0,0,0,0,0,0,0,0,0,0,0,0,0,0,0,0,0,0,0,0,0,0,0,0,0,0,0,0,0,0,0,0,0,0,0,0,0,0,0,0,0,0,0,0,0,0,0,0,0,0,0,0,0,0,0,0,0,0,0,0,0,0,0,0,0,0,0,0,0,0,0,0,0,0,0,0,0,0,0,0,0,0,0,0,0,0,0,0,0,0,0,0,0,0,0,0,0,0,0,0,0,0,0,0,0
"198",50.58225,50.60795,50.635975,51.37165,51.39395,51.424,51.4541,51.52385,51.603825,51.652875,51.8539,52.02345,52.064325,52.119975,52.525825,52.589425,52.645775,52.67055,52.72035,52.735225,52.782325,52.979925,53.1361,53.420575,53.585075,53.918925,53.9552,53.98075,54.04805,54.190475,54.235625,54.27,54.64065,54.7042,54.923025,55.495525,55.6734,56.904725,57.037575,57.39425,58.994725,0,0,0,0,0,0,0,0,0,0,0,0,0,0,0,0,0,0,0,0,0,0,0,0,0,0,0,0,0,0,0,0,0,0,0,0,0,0,0,0,0,0,0,0,0,0,0,0,0,0,0,0,0,0,0,0,0,0,0,0,0,0,0,0,0,0,0,0,0,0,0,0,0,0,0,0,0,0,0,0,0,0,0,0,0,0,0,0,0,0,0,0,0,0,0,0,0,0,0,0,0,0,0,0,0,0,0,0,0,0,0,0,0,0,0,0,0,0,0,0,0,0,0,0,0,0,0,0,0,0,0,0,0,0,0,0,0,0,0,0,0,0,0,0,0,0,0,0,0,0,0,0,0,0,0,0,0,0,0,0,0,0,0,0,0,0,0,0,0,0,0,0,0,0,0,0,0,0,0,0,0,0,0,0,0,0,0,0,0,0,0,0,0,0,0,0,0,0,0,0,0,0,0,0,0,0,0,0,0,0,0,0,0,0,0,0,0,0,0,0,0,0,0,0,0,0,0,0,0,0,0,0,0,0,0,0,0,0,0,0,0,0,0,0,0,0,0,0,0,0,0,0,0,0,0,0,0,0,0,0,0,0,0,0,0,0,0,0,0,0,0,0,0,0,0,0,0,0,0,0,0,0,0,0,0,0,0,0,0,0,0,0,0,0,0,0,0,0,0,0,0,0,0,0,0,0,0,0,0,0,0,0,0,0,0,0,0,0,0,0,0,0,0,0,0,0,0,0,0,0,0,0,0,0,0,0,0,0,0,0,0,0,0,0,0,0,0,0,0,0,0,0,0,0,0,0,0,0,0,0,0,0,0,0,0,0,0,0,0,0,0,0,0,0,0,0,0,0,0,0,0,0,0,0,0,0,0,0,0,0,0,0,0,0,0
"199",49.886775,50.048425,50.145175,50.183675,50.21525,50.320975,50.342675,50.43425,50.507525,50.762225,50.767325,51.0603,51.09595,51.125875,51.147775,51.16525,51.323225,51.462725,52.20025,52.2245,52.3285,52.401025,52.44935,52.725,52.89625,53.08325,53.1129,53.33805,53.52045,53.5511,53.649825,53.701725,53.74095,53.911675,54.114175,54.3157,55.0838,56.29875,56.321525,56.374225,56.406375,56.45195,56.516825,56.544775,56.594,56.6511,56.6766,56.700725,56.712575,56.83655,57.392025,58.073225,58.0847,58.23605,58.261975,58.43625,58.456925,58.480425,58.50515,58.538475,58.60805,58.966875,58.993025,60.208225,61.352525,62.6748,63.03385,63.443225,64.15785,0,0,0,0,0,0,0,0,0,0,0,0,0,0,0,0,0,0,0,0,0,0,0,0,0,0,0,0,0,0,0,0,0,0,0,0,0,0,0,0,0,0,0,0,0,0,0,0,0,0,0,0,0,0,0,0,0,0,0,0,0,0,0,0,0,0,0,0,0,0,0,0,0,0,0,0,0,0,0,0,0,0,0,0,0,0,0,0,0,0,0,0,0,0,0,0,0,0,0,0,0,0,0,0,0,0,0,0,0,0,0,0,0,0,0,0,0,0,0,0,0,0,0,0,0,0,0,0,0,0,0,0,0,0,0,0,0,0,0,0,0,0,0,0,0,0,0,0,0,0,0,0,0,0,0,0,0,0,0,0,0,0,0,0,0,0,0,0,0,0,0,0,0,0,0,0,0,0,0,0,0,0,0,0,0,0,0,0,0,0,0,0,0,0,0,0,0,0,0,0,0,0,0,0,0,0,0,0,0,0,0,0,0,0,0,0,0,0,0,0,0,0,0,0,0,0,0,0,0,0,0,0,0,0,0,0,0,0,0,0,0,0,0,0,0,0,0,0,0,0,0,0,0,0,0,0,0,0,0,0,0,0,0,0,0,0,0,0,0,0,0,0,0,0,0,0,0,0,0,0,0,0,0,0,0,0,0,0,0,0,0,0,0,0,0,0,0,0,0,0,0,0,0,0,0,0,0,0,0,0,0,0,0,0,0,0,0,0,0,0,0,0,0,0,0,0,0,0,0,0,0,0,0,0,0,0,0,0,0,0,0,0,0,0,0,0,0,0,0,0,0,0,0,0,0,0,0,0,0,0,0,0,0,0,0,0,0
"200",49.5592,49.967525,50.013875,50.05555,50.1059,50.1951,50.556175,50.62125,50.683,50.714175,50.79785,50.820075,50.849525,50.89235,50.950225,51.0737,51.0854,51.13685,51.202925,51.3292,51.425975,51.516425,51.54425,51.57545,51.59535,51.6622,51.682925,51.71825,51.7673,51.7947,51.832325,51.94155,51.971125,52.039525,52.062775,52.135775,52.1637,52.187825,52.21965,52.256625,52.315475,52.471425,52.536575,52.556075,52.596425,52.6229,52.625425,52.644725,52.694925,52.75575,52.783275,52.835825,52.873025,52.897725,52.973025,53.01505,53.114975,53.2534,53.259025,53.3099,53.355725,53.396375,53.411875,53.436325,53.444325,53.45,53.5702,53.59635,53.644175,53.646225,53.703325,53.768125,53.7995,53.816775,53.89185,53.934625,53.97635,54.082825,54.1317,54.13935,54.158775,54.216325,54.24825,54.333875,54.394725,54.435325,54.459575,54.4819,54.5771,54.66265,54.664875,54.75475,54.8464,54.873275,54.889775,54.97175,55.016,55.070575,55.284125,55.32815,55.349475,55.5121,55.542125,55.70655,55.745125,55.7672,55.77765,55.81475,55.840625,55.86495,55.867,55.96345,55.972125,56.00175,56.033525,56.054425,56.0641,56.078975,56.0815,56.0844,56.113925,56.1355,56.197375,56.234325,56.34225,56.419325,56.46485,56.5345,56.56805,56.589725,56.641475,56.69645,56.815475,56.838625,56.8874,56.964775,57.0365,57.0521,57.15565,57.250325,57.3004,57.344925,57.369825,57.4205,57.482825,57.494975,57.57595,57.637475,57.953025,58.057025,58.0816,58.120775,58.14915,58.20735,58.239975,58.27925,58.28695,58.2995,58.330975,58.461375,58.494025,58.704425,58.799375,58.845425,58.884075,58.90255,58.906625,58.963125,58.967275,58.9894,59.029175,59.03055,59.06595,59.11725,59.173925,59.235225,59.27775,59.289925,59.2941,59.3601,59.376725,59.408825,59.474575,59.508175,59.556375,59.58535,59.6138,59.70395,59.756025,59.775725,59.779025,59.869,59.8906,59.907525,59.9559,59.979825,59.9882,60.014325,60.04275,60.322625,60.60075,60.64135,60.689775,60.72595,60.7459,60.759025,60.784825,60.81125,60.855,60.8835,60.945175,61.034325,61.070825,61.10635,61.161225,61.194975,61.213725,61.24935,61.28685,61.320875,61.355025,61.4322,61.469325,61.517575,61.65525,62.0583,62.52835,62.63775,62.7019,62.7731,62.82215,62.88235,62.949925,63.0478,63.08195,63.192175,63.23795,63.264,63.48015,63.732575,63.80135,63.859425,63.978725,64.029975,64.0821,64.194825,64.265475,64.29955,64.350525,64.3952,64.434975,64.4795,64.602325,64.7193,64.7678,64.8561,64.925,65.06,65.360275,0,0,0,0,0,0,0,0,0,0,0,0,0,0,0,0,0,0,0,0,0,0,0,0,0,0,0,0,0,0,0,0,0,0,0,0,0,0,0,0,0,0,0,0,0,0,0,0,0,0,0,0,0,0,0,0,0,0,0,0,0,0,0,0,0,0,0,0,0,0,0,0,0,0,0,0,0,0,0,0,0,0,0,0,0,0,0,0,0,0,0,0,0,0,0,0,0,0,0,0,0,0,0,0,0,0,0,0,0,0,0,0,0,0,0,0,0,0,0,0,0,0,0,0,0,0,0,0,0,0,0,0,0,0,0,0,0,0,0,0,0,0,0,0,0,0,0,0,0,0,0,0,0,0,0,0,0,0,0,0,0,0,0,0,0,0,0,0,0,0,0,0,0,0,0,0,0
"201",49.972825,50.00165,50.034625,50.07555,50.0891,50.1344,51.0509,51.06615,51.070175,51.082225,51.132525,51.230425,52.307375,52.31125,52.375075,52.3989,53.22055,55.617975,56.208875,56.47635,57.986625,58.326375,58.397425,58.43035,58.446475,58.46385,58.525375,58.54335,58.572775,60.1186,60.134525,60.2611,60.397175,63.500275,0,0,0,0,0,0,0,0,0,0,0,0,0,0,0,0,0,0,0,0,0,0,0,0,0,0,0,0,0,0,0,0,0,0,0,0,0,0,0,0,0,0,0,0,0,0,0,0,0,0,0,0,0,0,0,0,0,0,0,0,0,0,0,0,0,0,0,0,0,0,0,0,0,0,0,0,0,0,0,0,0,0,0,0,0,0,0,0,0,0,0,0,0,0,0,0,0,0,0,0,0,0,0,0,0,0,0,0,0,0,0,0,0,0,0,0,0,0,0,0,0,0,0,0,0,0,0,0,0,0,0,0,0,0,0,0,0,0,0,0,0,0,0,0,0,0,0,0,0,0,0,0,0,0,0,0,0,0,0,0,0,0,0,0,0,0,0,0,0,0,0,0,0,0,0,0,0,0,0,0,0,0,0,0,0,0,0,0,0,0,0,0,0,0,0,0,0,0,0,0,0,0,0,0,0,0,0,0,0,0,0,0,0,0,0,0,0,0,0,0,0,0,0,0,0,0,0,0,0,0,0,0,0,0,0,0,0,0,0,0,0,0,0,0,0,0,0,0,0,0,0,0,0,0,0,0,0,0,0,0,0,0,0,0,0,0,0,0,0,0,0,0,0,0,0,0,0,0,0,0,0,0,0,0,0,0,0,0,0,0,0,0,0,0,0,0,0,0,0,0,0,0,0,0,0,0,0,0,0,0,0,0,0,0,0,0,0,0,0,0,0,0,0,0,0,0,0,0,0,0,0,0,0,0,0,0,0,0,0,0,0,0,0,0,0,0,0,0,0,0,0,0,0,0,0,0,0,0,0,0,0,0,0,0,0,0,0,0,0,0,0,0,0,0,0,0,0,0,0,0,0,0,0,0,0,0,0,0,0,0,0,0,0,0,0,0,0,0,0,0,0,0
"202",50.7005,50.7604,50.76565,51.43365,51.448625,51.464,52.618325,53.20615,56.933,61.00605,64.207975,64.267875,64.51645,0,0,0,0,0,0,0,0,0,0,0,0,0,0,0,0,0,0,0,0,0,0,0,0,0,0,0,0,0,0,0,0,0,0,0,0,0,0,0,0,0,0,0,0,0,0,0,0,0,0,0,0,0,0,0,0,0,0,0,0,0,0,0,0,0,0,0,0,0,0,0,0,0,0,0,0,0,0,0,0,0,0,0,0,0,0,0,0,0,0,0,0,0,0,0,0,0,0,0,0,0,0,0,0,0,0,0,0,0,0,0,0,0,0,0,0,0,0,0,0,0,0,0,0,0,0,0,0,0,0,0,0,0,0,0,0,0,0,0,0,0,0,0,0,0,0,0,0,0,0,0,0,0,0,0,0,0,0,0,0,0,0,0,0,0,0,0,0,0,0,0,0,0,0,0,0,0,0,0,0,0,0,0,0,0,0,0,0,0,0,0,0,0,0,0,0,0,0,0,0,0,0,0,0,0,0,0,0,0,0,0,0,0,0,0,0,0,0,0,0,0,0,0,0,0,0,0,0,0,0,0,0,0,0,0,0,0,0,0,0,0,0,0,0,0,0,0,0,0,0,0,0,0,0,0,0,0,0,0,0,0,0,0,0,0,0,0,0,0,0,0,0,0,0,0,0,0,0,0,0,0,0,0,0,0,0,0,0,0,0,0,0,0,0,0,0,0,0,0,0,0,0,0,0,0,0,0,0,0,0,0,0,0,0,0,0,0,0,0,0,0,0,0,0,0,0,0,0,0,0,0,0,0,0,0,0,0,0,0,0,0,0,0,0,0,0,0,0,0,0,0,0,0,0,0,0,0,0,0,0,0,0,0,0,0,0,0,0,0,0,0,0,0,0,0,0,0,0,0,0,0,0,0,0,0,0,0,0,0,0,0,0,0,0,0,0,0,0,0,0,0,0,0,0,0,0,0,0,0,0,0,0,0,0,0,0,0,0,0,0,0,0,0
"203",51.791275,52.694375,52.8239,52.9008,53.014075,53.066325,53.8811,53.99685,54.0296,54.0754,54.115025,54.156525,54.3399,54.515925,54.545525,54.622675,54.874825,55.184875,55.631575,55.741125,56.9753,57.10545,57.1927,57.53555,57.61145,0,0,0,0,0,0,0,0,0,0,0,0,0,0,0,0,0,0,0,0,0,0,0,0,0,0,0,0,0,0,0,0,0,0,0,0,0,0,0,0,0,0,0,0,0,0,0,0,0,0,0,0,0,0,0,0,0,0,0,0,0,0,0,0,0,0,0,0,0,0,0,0,0,0,0,0,0,0,0,0,0,0,0,0,0,0,0,0,0,0,0,0,0,0,0,0,0,0,0,0,0,0,0,0,0,0,0,0,0,0,0,0,0,0,0,0,0,0,0,0,0,0,0,0,0,0,0,0,0,0,0,0,0,0,0,0,0,0,0,0,0,0,0,0,0,0,0,0,0,0,0,0,0,0,0,0,0,0,0,0,0,0,0,0,0,0,0,0,0,0,0,0,0,0,0,0,0,0,0,0,0,0,0,0,0,0,0,0,0,0,0,0,0,0,0,0,0,0,0,0,0,0,0,0,0,0,0,0,0,0,0,0,0,0,0,0,0,0,0,0,0,0,0,0,0,0,0,0,0,0,0,0,0,0,0,0,0,0,0,0,0,0,0,0,0,0,0,0,0,0,0,0,0,0,0,0,0,0,0,0,0,0,0,0,0,0,0,0,0,0,0,0,0,0,0,0,0,0,0,0,0,0,0,0,0,0,0,0,0,0,0,0,0,0,0,0,0,0,0,0,0,0,0,0,0,0,0,0,0,0,0,0,0,0,0,0,0,0,0,0,0,0,0,0,0,0,0,0,0,0,0,0,0,0,0,0,0,0,0,0,0,0,0,0,0,0,0,0,0,0,0,0,0,0,0,0,0,0,0,0,0,0,0,0,0,0,0,0,0,0,0,0,0,0,0,0,0,0,0,0,0,0,0,0,0,0,0,0,0,0,0,0,0,0,0,0,0,0,0,0,0,0,0,0,0,0,0,0,0,0,0
"204",51.44115,51.477075,51.53575,51.6278,51.671875,51.83325,52.62915,52.80255,52.859875,52.879575,52.91115,53.0434,53.1572,53.6479,54.133625,54.407725,54.429925,54.446675,54.6038,54.675,54.718175,54.778075,54.909925,55.130675,55.369625,55.544525,55.69475,55.91105,56.075375,56.2267,56.9404,56.959725,57.1388,57.425775,57.647675,57.762525,0,0,0,0,0,0,0,0,0,0,0,0,0,0,0,0,0,0,0,0,0,0,0,0,0,0,0,0,0,0,0,0,0,0,0,0,0,0,0,0,0,0,0,0,0,0,0,0,0,0,0,0,0,0,0,0,0,0,0,0,0,0,0,0,0,0,0,0,0,0,0,0,0,0,0,0,0,0,0,0,0,0,0,0,0,0,0,0,0,0,0,0,0,0,0,0,0,0,0,0,0,0,0,0,0,0,0,0,0,0,0,0,0,0,0,0,0,0,0,0,0,0,0,0,0,0,0,0,0,0,0,0,0,0,0,0,0,0,0,0,0,0,0,0,0,0,0,0,0,0,0,0,0,0,0,0,0,0,0,0,0,0,0,0,0,0,0,0,0,0,0,0,0,0,0,0,0,0,0,0,0,0,0,0,0,0,0,0,0,0,0,0,0,0,0,0,0,0,0,0,0,0,0,0,0,0,0,0,0,0,0,0,0,0,0,0,0,0,0,0,0,0,0,0,0,0,0,0,0,0,0,0,0,0,0,0,0,0,0,0,0,0,0,0,0,0,0,0,0,0,0,0,0,0,0,0,0,0,0,0,0,0,0,0,0,0,0,0,0,0,0,0,0,0,0,0,0,0,0,0,0,0,0,0,0,0,0,0,0,0,0,0,0,0,0,0,0,0,0,0,0,0,0,0,0,0,0,0,0,0,0,0,0,0,0,0,0,0,0,0,0,0,0,0,0,0,0,0,0,0,0,0,0,0,0,0,0,0,0,0,0,0,0,0,0,0,0,0,0,0,0,0,0,0,0,0,0,0,0,0,0,0,0,0,0,0,0,0,0,0,0,0,0,0,0,0,0,0,0,0,0,0,0,0,0,0,0,0,0,0,0,0,0,0,0,0,0,0,0,0
"205",49.524625,49.5443,49.563375,49.58605,49.599825,49.61385,49.95025,49.957225,50.0275,50.033275,50.042575,50.068175,50.084675,50.116625,50.1404,50.166075,50.235475,50.237,50.34705,50.37295,50.445875,50.4863,50.53515,50.5431,50.56925,50.63445,50.705375,50.73175,50.857875,50.86495,50.928,50.96925,50.998,51.13135,51.20135,51.4588,51.533775,51.61425,51.620425,51.666375,51.668225,51.681575,51.701375,51.715125,51.72625,51.77585,51.804175,51.828775,51.8309,51.838325,51.853825,51.8654,51.870475,51.9064,51.92405,51.9442,51.977425,51.9905,52.052325,52.057975,52.0681,52.08375,52.105925,52.1191,52.171625,52.185725,52.1946,52.233625,52.261475,52.2706,52.3087,52.36415,52.47085,52.521325,52.527575,52.61775,52.63775,52.757575,52.83435,52.87235,52.9222,52.94405,52.948025,52.956325,52.991725,53.02385,53.0556,53.075075,53.112875,53.123575,53.141575,53.1629,53.1879,53.200275,53.210325,53.237075,53.24945,53.2569,53.269875,53.307725,53.317525,53.321925,53.34635,53.351925,53.362825,53.395775,53.400325,53.4273,53.450575,53.4814,53.48305,53.509425,53.523675,53.563625,53.5718,53.63565,53.64695,53.667375,53.685025,53.726375,53.7331,53.845325,53.8737,53.9077,53.94395,53.9565,54.023375,54.048475,54.059825,54.094975,54.09595,54.128825,54.159075,54.168,54.19035,54.21045,54.24815,54.300025,54.342575,54.393075,54.42135,54.4578,54.466925,54.629575,54.70375,54.73175,54.750675,54.810925,54.824725,54.854925,54.883525,54.908925,54.9229,54.954825,55.0121,55.0413,55.053175,55.0799,55.09385,55.122775,55.131775,55.146575,55.156925,55.170625,55.179125,55.192275,55.208075,55.2284,55.2526,55.25995,55.270475,55.276875,55.293025,55.305975,55.318625,55.325675,55.33695,55.3691,55.384825,55.399575,55.41425,55.438175,55.447125,55.4654,55.47365,55.488525,55.512375,55.534525,55.5467,55.5913,55.600125,55.6146,55.62615,55.6375,55.652825,55.672525,55.71745,55.747775,55.7928,55.816525,55.831025,55.886125,55.902075,55.906375,55.934075,55.93735,55.9728,56.0222,56.036225,56.038725,56.042975,56.099025,56.13425,56.1768,56.21175,56.216175,56.23105,56.2436,56.3186,56.379475,56.394375,56.40095,56.482425,56.504075,56.53995,56.5957,56.671375,56.714925,56.816025,56.910125,56.981575,57.02575,57.0565,57.0636,57.075425,57.15975,57.2396,57.26115,57.28665,57.35615,57.371275,57.3893,57.625675,57.6709,57.691425,57.727325,57.771725,57.785825,57.7961,57.808375,57.847075,57.865875,57.877,57.883975,57.90535,57.920275,57.9328,57.93465,57.945725,57.9644,57.9902,58.0093,58.05525,58.070575,58.1036,58.1402,58.1585,58.1778,58.213925,58.246825,58.299025,58.354875,58.4571,58.608275,58.672425,58.727175,58.76515,59.138125,59.3563,59.43645,59.50145,59.563175,59.67345,59.7623,60.7427,60.8214,60.8632,61.101425,61.120125,61.2406,63.044825,64.37095,64.651675,0,0,0,0,0,0,0,0,0,0,0,0,0,0,0,0,0,0,0,0,0,0,0,0,0,0,0,0,0,0,0,0,0,0,0,0,0,0,0,0,0,0,0,0,0,0,0,0,0,0,0,0,0,0,0,0,0,0,0,0,0,0,0,0,0,0,0,0,0,0,0,0,0,0,0,0,0,0,0,0,0,0,0,0,0,0,0,0,0,0,0,0,0,0,0,0,0,0,0,0,0,0,0,0,0,0,0,0,0,0,0,0,0,0,0,0,0,0,0,0,0,0,0,0,0,0,0,0,0,0,0,0,0,0,0,0,0,0,0,0,0,0,0
"206",49.51315,49.5303,49.545875,49.560925,49.575625,49.591125,49.600925,49.610375,49.619,49.62515,49.6402,49.64735,49.65425,49.661325,49.66905,49.683575,49.694225,49.724,49.733525,49.741775,49.7514,49.765025,49.781925,49.7946,49.8024,49.81365,49.820775,49.8523,49.87715,49.88615,49.89905,49.919825,49.93045,49.9925,50.5034,50.529325,50.568,50.58845,50.6028,50.613575,50.633625,50.644025,50.65525,50.690225,50.70155,50.713725,50.7442,50.7602,50.768825,50.786525,50.806625,50.82615,50.8419,50.8633,50.869675,50.87695,50.884825,50.89965,50.907475,50.9243,50.938125,50.945275,50.9615,50.971475,51.00275,51.012825,51.0217,51.070225,51.1148,51.1416,51.313,51.35455,51.399075,51.439275,51.4581,51.52945,51.60485,51.640175,51.68245,51.709825,51.863325,52.809875,52.886075,54.00175,54.1119,54.364375,54.458825,57.0343,57.069275,57.1188,57.143475,57.235275,57.338475,57.414675,57.47585,57.5222,57.57055,57.59145,58.436825,58.4772,58.937825,58.974125,59.020925,59.1125,59.13705,59.23905,64.940525,0,0,0,0,0,0,0,0,0,0,0,0,0,0,0,0,0,0,0,0,0,0,0,0,0,0,0,0,0,0,0,0,0,0,0,0,0,0,0,0,0,0,0,0,0,0,0,0,0,0,0,0,0,0,0,0,0,0,0,0,0,0,0,0,0,0,0,0,0,0,0,0,0,0,0,0,0,0,0,0,0,0,0,0,0,0,0,0,0,0,0,0,0,0,0,0,0,0,0,0,0,0,0,0,0,0,0,0,0,0,0,0,0,0,0,0,0,0,0,0,0,0,0,0,0,0,0,0,0,0,0,0,0,0,0,0,0,0,0,0,0,0,0,0,0,0,0,0,0,0,0,0,0,0,0,0,0,0,0,0,0,0,0,0,0,0,0,0,0,0,0,0,0,0,0,0,0,0,0,0,0,0,0,0,0,0,0,0,0,0,0,0,0,0,0,0,0,0,0,0,0,0,0,0,0,0,0,0,0,0,0,0,0,0,0,0,0,0,0,0,0,0,0,0,0,0,0,0,0,0,0,0,0,0,0,0,0,0,0,0,0,0,0,0,0,0,0,0,0,0,0,0,0,0,0,0,0,0,0,0,0,0,0,0,0,0,0,0,0,0,0,0,0,0,0,0,0,0,0,0,0,0,0,0,0,0,0,0,0,0,0,0,0,0,0,0,0,0,0,0,0,0,0,0,0,0,0,0,0,0,0,0,0,0,0,0,0,0,0,0,0,0,0,0,0,0,0,0,0
"207",49.5523,49.575075,49.593525,49.6203,49.62805,49.658075,49.698725,49.7315,49.7473,49.83125,49.869175,49.9566,50.045325,50.327475,50.43185,50.50365,50.5435,50.562525,50.5706,50.576225,50.6023,50.608525,50.615925,50.6276,50.653775,50.658675,50.66885,50.703175,50.71245,50.7196,50.73895,50.75015,50.784075,50.79,50.810975,50.85515,50.865625,50.882175,50.89515,50.906325,50.92645,50.942325,50.958675,50.9839,51.022975,51.031075,51.198925,51.303625,51.334025,51.347275,51.403475,51.426975,51.4713,51.5204,51.53685,51.5798,51.587075,51.592925,51.610175,51.6317,51.637575,51.6446,51.65745,51.67175,51.6935,51.711175,51.72355,51.735075,51.76765,51.79225,51.818275,51.828675,51.86645,51.88185,51.89845,51.924825,51.957925,51.975,51.99265,52.006675,52.017275,52.025075,52.051375,52.069,52.076675,52.0935,52.107525,52.11905,52.15445,52.166975,52.2099,52.220325,52.23695,52.277025,52.289875,52.30635,52.4333,52.46385,52.500525,52.517,52.525475,52.53075,52.548275,52.56515,52.590475,52.6095,52.636775,52.660475,52.66825,52.677025,52.699975,52.7209,52.7308,52.733575,52.75495,52.77255,52.779075,52.793225,52.803075,52.81135,52.82425,52.837175,52.8561,52.8974,52.90935,52.91455,52.947325,52.958775,52.967325,52.994375,53.056425,53.0777,53.08515,53.0972,53.13995,53.204975,53.230725,53.243775,53.268475,53.28365,53.296,53.3222,53.3441,53.357775,53.3734,53.38815,53.402925,53.453325,53.45985,53.4891,53.520675,53.551075,53.5859,53.60325,53.6208,53.629925,53.641575,53.667025,53.6899,53.705075,53.71215,53.731475,53.75025,53.77125,53.78485,53.817675,53.8264,53.841475,53.8521,53.8644,53.87695,53.887375,53.907,53.912825,53.924175,53.943875,53.958225,53.975375,54.002975,54.027825,54.0508,54.062,54.069625,54.0865,54.115225,54.123175,54.1353,54.14685,54.162925,54.201975,54.215275,54.24665,54.25885,54.282575,54.3007,54.313325,54.324825,54.343875,54.360375,54.38165,54.392875,54.4167,54.44425,54.457925,54.46925,54.49975,54.532325,54.547975,54.5752,54.589225,54.611025,54.63535,54.648325,54.65915,54.690775,54.702125,54.727825,54.736175,54.761325,54.79585,54.8082,54.83385,54.845,54.8533,54.8715,54.881925,54.9076,54.942975,54.95605,54.966125,54.98275,54.99635,55.004,55.0153,55.0229,55.0639,55.073375,55.08875,55.11685,55.1578,55.185825,55.24145,55.324025,55.3675,55.3878,55.435325,55.45825,55.4878,55.514575,55.5265,55.54455,55.56515,55.590675,55.63535,55.6612,55.695575,55.7134,55.733775,55.755275,55.8014,55.89195,55.903625,55.921375,55.928125,55.9524,55.9782,55.994125,56.006175,56.0264,56.054675,56.07375,56.0975,56.136425,56.14755,56.1881,56.227425,56.22945,56.262575,56.286425,56.400975,56.544675,56.586325,56.605975,56.676625,56.7809,56.799025,56.864625,56.88175,56.91185,56.94095,56.95445,56.974625,56.990525,56.998575,57.01515,57.045375,57.057325,57.100675,57.142525,57.16055,57.1801,57.197625,57.214925,57.229425,57.239,57.267225,57.284825,57.294175,57.3042,57.33545,57.353375,57.382275,57.402425,57.42255,57.445975,57.472725,57.484375,57.505975,57.51775,57.5246,57.525825,57.536325,57.555675,57.576075,57.590925,57.6403,57.653775,57.687925,57.764875,57.783775,57.83985,57.914475,57.9844,58.17275,58.347375,58.7754,58.821,58.913325,58.9754,59.001475,59.03225,59.073925,59.122075,59.154025,59.18625,59.204475,59.25395,59.2581,59.337125,59.349675,59.363125,59.411575,59.44625,59.55145,59.584525,60.50595,60.659,61.011775,0,0,0,0,0,0,0,0,0,0,0,0,0,0,0,0,0,0,0,0,0,0,0,0,0,0,0,0,0,0,0,0,0,0,0,0,0,0,0,0,0,0,0,0,0,0,0,0,0,0,0,0,0,0,0,0,0,0,0,0,0,0,0,0,0,0,0,0,0,0,0,0,0,0,0,0,0,0
"208",49.830475,49.860025,49.942,49.961725,49.993975,50.017325,50.03655,50.049,50.061325,50.097775,50.10565,50.142375,50.1861,50.196,50.2217,50.24045,50.274625,50.2851,50.293825,50.306925,50.313825,50.3284,50.335375,50.345925,50.389075,50.413425,50.45205,50.504025,50.517,50.527075,50.987125,51.0173,51.039375,51.067675,51.077475,51.0897,51.1023,51.12395,51.143175,51.152075,51.1645,51.1775,51.190725,51.21655,51.2488,51.287675,51.313875,51.38395,52.3148,52.3528,52.38425,52.440875,52.471475,52.51825,53.71445,54.0996,54.525925,54.562175,54.607875,56.3041,56.419675,56.4882,56.5186,56.556325,56.5909,56.608775,56.707625,56.756875,58.0662,58.20225,58.235625,58.2843,58.36045,58.38375,58.40755,58.4618,58.478225,58.507225,58.5431,58.58045,58.613825,58.638025,58.6697,58.72435,58.739925,59.823625,59.951425,60.112625,60.15745,60.35035,60.3716,60.50965,61.847925,61.918625,63.5393,63.627275,0,0,0,0,0,0,0,0,0,0,0,0,0,0,0,0,0,0,0,0,0,0,0,0,0,0,0,0,0,0,0,0,0,0,0,0,0,0,0,0,0,0,0,0,0,0,0,0,0,0,0,0,0,0,0,0,0,0,0,0,0,0,0,0,0,0,0,0,0,0,0,0,0,0,0,0,0,0,0,0,0,0,0,0,0,0,0,0,0,0,0,0,0,0,0,0,0,0,0,0,0,0,0,0,0,0,0,0,0,0,0,0,0,0,0,0,0,0,0,0,0,0,0,0,0,0,0,0,0,0,0,0,0,0,0,0,0,0,0,0,0,0,0,0,0,0,0,0,0,0,0,0,0,0,0,0,0,0,0,0,0,0,0,0,0,0,0,0,0,0,0,0,0,0,0,0,0,0,0,0,0,0,0,0,0,0,0,0,0,0,0,0,0,0,0,0,0,0,0,0,0,0,0,0,0,0,0,0,0,0,0,0,0,0,0,0,0,0,0,0,0,0,0,0,0,0,0,0,0,0,0,0,0,0,0,0,0,0,0,0,0,0,0,0,0,0,0,0,0,0,0,0,0,0,0,0,0,0,0,0,0,0,0,0,0,0,0,0,0,0,0,0,0,0,0,0,0,0,0,0,0,0,0,0,0,0,0,0,0,0,0,0,0,0,0,0,0,0,0,0,0,0,0,0,0,0,0,0,0,0,0,0,0,0,0,0,0,0,0,0,0,0,0,0,0,0,0,0,0,0,0,0,0,0,0,0,0,0,0,0
"209",51.677725,51.705575,51.7428,51.7776,51.790075,51.84665,51.87605,51.91265,51.9448,51.9668,52.035975,52.066175,52.10415,52.892675,52.939725,52.98165,53.00175,53.024625,53.04855,53.083375,53.10235,53.13835,53.154,53.175875,53.194575,53.290425,55.147675,55.17525,55.210575,55.23635,55.31705,55.3663,55.4049,55.4902,55.532125,55.574275,55.617075,55.70095,56.0678,56.1055,56.15925,56.22095,57.462875,57.490425,57.52765,57.5452,57.56595,57.6201,57.642425,57.6659,59.286075,59.321225,59.38115,0,0,0,0,0,0,0,0,0,0,0,0,0,0,0,0,0,0,0,0,0,0,0,0,0,0,0,0,0,0,0,0,0,0,0,0,0,0,0,0,0,0,0,0,0,0,0,0,0,0,0,0,0,0,0,0,0,0,0,0,0,0,0,0,0,0,0,0,0,0,0,0,0,0,0,0,0,0,0,0,0,0,0,0,0,0,0,0,0,0,0,0,0,0,0,0,0,0,0,0,0,0,0,0,0,0,0,0,0,0,0,0,0,0,0,0,0,0,0,0,0,0,0,0,0,0,0,0,0,0,0,0,0,0,0,0,0,0,0,0,0,0,0,0,0,0,0,0,0,0,0,0,0,0,0,0,0,0,0,0,0,0,0,0,0,0,0,0,0,0,0,0,0,0,0,0,0,0,0,0,0,0,0,0,0,0,0,0,0,0,0,0,0,0,0,0,0,0,0,0,0,0,0,0,0,0,0,0,0,0,0,0,0,0,0,0,0,0,0,0,0,0,0,0,0,0,0,0,0,0,0,0,0,0,0,0,0,0,0,0,0,0,0,0,0,0,0,0,0,0,0,0,0,0,0,0,0,0,0,0,0,0,0,0,0,0,0,0,0,0,0,0,0,0,0,0,0,0,0,0,0,0,0,0,0,0,0,0,0,0,0,0,0,0,0,0,0,0,0,0,0,0,0,0,0,0,0,0,0,0,0,0,0,0,0,0,0,0,0,0,0,0,0,0,0,0,0,0,0,0,0,0,0,0,0,0,0,0,0,0,0,0,0,0,0,0,0,0,0,0,0,0,0,0,0,0,0,0,0,0,0,0,0,0,0,0,0,0,0,0,0,0,0,0,0,0,0,0,0,0,0,0,0
"210",49.966025,50.6777,51.475575,51.561425,51.7437,51.828325,52.09035,52.656175,52.73325,54.9214,54.926375,55.0288,59.032025,59.253725,59.34945,59.502025,0,0,0,0,0,0,0,0,0,0,0,0,0,0,0,0,0,0,0,0,0,0,0,0,0,0,0,0,0,0,0,0,0,0,0,0,0,0,0,0,0,0,0,0,0,0,0,0,0,0,0,0,0,0,0,0,0,0,0,0,0,0,0,0,0,0,0,0,0,0,0,0,0,0,0,0,0,0,0,0,0,0,0,0,0,0,0,0,0,0,0,0,0,0,0,0,0,0,0,0,0,0,0,0,0,0,0,0,0,0,0,0,0,0,0,0,0,0,0,0,0,0,0,0,0,0,0,0,0,0,0,0,0,0,0,0,0,0,0,0,0,0,0,0,0,0,0,0,0,0,0,0,0,0,0,0,0,0,0,0,0,0,0,0,0,0,0,0,0,0,0,0,0,0,0,0,0,0,0,0,0,0,0,0,0,0,0,0,0,0,0,0,0,0,0,0,0,0,0,0,0,0,0,0,0,0,0,0,0,0,0,0,0,0,0,0,0,0,0,0,0,0,0,0,0,0,0,0,0,0,0,0,0,0,0,0,0,0,0,0,0,0,0,0,0,0,0,0,0,0,0,0,0,0,0,0,0,0,0,0,0,0,0,0,0,0,0,0,0,0,0,0,0,0,0,0,0,0,0,0,0,0,0,0,0,0,0,0,0,0,0,0,0,0,0,0,0,0,0,0,0,0,0,0,0,0,0,0,0,0,0,0,0,0,0,0,0,0,0,0,0,0,0,0,0,0,0,0,0,0,0,0,0,0,0,0,0,0,0,0,0,0,0,0,0,0,0,0,0,0,0,0,0,0,0,0,0,0,0,0,0,0,0,0,0,0,0,0,0,0,0,0,0,0,0,0,0,0,0,0,0,0,0,0,0,0,0,0,0,0,0,0,0,0,0,0,0,0,0,0,0,0,0,0,0,0,0,0,0,0,0,0,0,0,0,0,0,0,0,0
"211",49.63485,49.67575,49.704,49.823325,49.9726,49.98555,50.001775,50.022675,50.02425,50.10945,50.155075,50.20955,50.212975,50.2567,50.269475,50.3001,50.311525,50.340775,50.357625,50.371175,50.382775,50.464825,50.524475,50.55005,50.59165,50.79685,50.8493,51.024,51.094575,51.146825,51.2302,51.390675,51.424675,51.553225,51.961325,51.968575,52.14055,52.322575,52.4058,52.4625,52.486325,52.5161,52.53745,52.593025,53.51515,53.5946,53.630575,53.727925,53.76505,53.811325,53.84915,53.95905,54.036075,54.253425,54.349325,54.3971,54.47755,54.55055,54.6008,55.101275,56.114,56.368125,56.48585,56.564575,56.715425,56.7816,56.785525,56.832525,56.88325,56.966725,57.237075,57.443075,58.359275,58.36625,58.43625,58.510325,58.538425,58.5592,58.591775,58.646225,58.66135,58.791325,59.060175,59.495025,59.544575,59.646075,59.69965,59.75485,59.8051,59.898175,59.9746,60.09195,60.105725,60.16955,60.29385,60.31595,60.32245,60.367,60.3857,60.4214,61.139375,61.296425,61.3352,61.44845,61.4798,61.549075,61.577475,61.6597,61.70235,61.75295,61.904625,61.99025,61.997325,62.050825,62.1076,62.22085,62.308825,62.554825,62.6749,62.992025,63.0417,63.09545,63.187525,63.23825,63.28955,63.343375,63.409325,63.464475,63.58065,63.667375,63.73155,63.8137,64.7192,64.834525,64.977375,65.25875,65.4393,65.5536,65.614275,65.91055,0,0,0,0,0,0,0,0,0,0,0,0,0,0,0,0,0,0,0,0,0,0,0,0,0,0,0,0,0,0,0,0,0,0,0,0,0,0,0,0,0,0,0,0,0,0,0,0,0,0,0,0,0,0,0,0,0,0,0,0,0,0,0,0,0,0,0,0,0,0,0,0,0,0,0,0,0,0,0,0,0,0,0,0,0,0,0,0,0,0,0,0,0,0,0,0,0,0,0,0,0,0,0,0,0,0,0,0,0,0,0,0,0,0,0,0,0,0,0,0,0,0,0,0,0,0,0,0,0,0,0,0,0,0,0,0,0,0,0,0,0,0,0,0,0,0,0,0,0,0,0,0,0,0,0,0,0,0,0,0,0,0,0,0,0,0,0,0,0,0,0,0,0,0,0,0,0,0,0,0,0,0,0,0,0,0,0,0,0,0,0,0,0,0,0,0,0,0,0,0,0,0,0,0,0,0,0,0,0,0,0,0,0,0,0,0,0,0,0,0,0,0,0,0,0,0,0,0,0,0,0,0,0,0,0,0,0,0,0,0,0,0,0,0,0,0,0,0,0,0,0,0,0,0,0,0,0,0,0,0,0,0,0,0,0,0,0,0,0,0,0,0,0,0,0,0,0,0,0,0,0,0,0,0,0,0,0,0,0,0,0,0,0,0,0,0
"212",49.968375,49.98115,50.015,50.065225,50.102425,50.200775,51.044425,51.125025,51.204975,52.3249,52.39505,52.8623,53.019775,53.22345,55.4003,55.4213,55.4323,55.44675,55.472875,55.508925,55.540775,55.543375,55.5686,55.606325,55.68135,55.69915,55.73115,56.61215,56.721275,58.3056,58.35885,58.386675,58.4089,58.445375,58.4794,58.4923,58.566525,58.580975,58.59535,60.062425,60.0994,60.141,60.2136,60.384275,0,0,0,0,0,0,0,0,0,0,0,0,0,0,0,0,0,0,0,0,0,0,0,0,0,0,0,0,0,0,0,0,0,0,0,0,0,0,0,0,0,0,0,0,0,0,0,0,0,0,0,0,0,0,0,0,0,0,0,0,0,0,0,0,0,0,0,0,0,0,0,0,0,0,0,0,0,0,0,0,0,0,0,0,0,0,0,0,0,0,0,0,0,0,0,0,0,0,0,0,0,0,0,0,0,0,0,0,0,0,0,0,0,0,0,0,0,0,0,0,0,0,0,0,0,0,0,0,0,0,0,0,0,0,0,0,0,0,0,0,0,0,0,0,0,0,0,0,0,0,0,0,0,0,0,0,0,0,0,0,0,0,0,0,0,0,0,0,0,0,0,0,0,0,0,0,0,0,0,0,0,0,0,0,0,0,0,0,0,0,0,0,0,0,0,0,0,0,0,0,0,0,0,0,0,0,0,0,0,0,0,0,0,0,0,0,0,0,0,0,0,0,0,0,0,0,0,0,0,0,0,0,0,0,0,0,0,0,0,0,0,0,0,0,0,0,0,0,0,0,0,0,0,0,0,0,0,0,0,0,0,0,0,0,0,0,0,0,0,0,0,0,0,0,0,0,0,0,0,0,0,0,0,0,0,0,0,0,0,0,0,0,0,0,0,0,0,0,0,0,0,0,0,0,0,0,0,0,0,0,0,0,0,0,0,0,0,0,0,0,0,0,0,0,0,0,0,0,0,0,0,0,0,0,0,0,0,0,0,0,0,0,0,0,0,0,0,0,0,0,0,0,0,0,0,0,0,0,0,0,0,0,0,0,0,0,0,0,0,0,0,0,0,0,0,0,0,0,0,0,0,0,0,0,0,0,0,0,0,0,0,0
"213",40.088825,40.721625,41.3749,42.02005,42.70555,43.03005,43.42005,43.79715,44.976275,45.55495,46.059075,46.3329,46.8979,47.59215,47.714775,47.926075,48.244525,49.40905,50.00545,50.120875,50.1519,50.159925,50.203125,50.216025,50.2471,50.257225,50.3704,50.49195,50.55315,50.613,51.049975,51.113425,51.18085,51.24045,51.3615,52.165,52.224475,52.4689,52.5894,52.6719,53.637875,53.976525,54.43005,54.492725,54.56665,55.3473,56.2031,56.3731,56.458075,56.6763,56.725675,56.7458,58.021475,58.258475,58.33145,58.34785,58.429575,58.435575,58.4529,58.49015,58.52085,58.525675,58.5584,58.5702,58.601125,58.60755,58.7257,58.992225,60.059775,60.151175,60.2183,60.2319,60.291375,60.354075,61.271125,61.6497,61.760825,61.7617,61.911525,62.002775,62.093825,62.18755,62.34335,62.4562,63.216225,64.3398,65.717575,65.928425,66.176575,66.33955,66.553725,66.74855,66.975025,67.299925,71.641375,74.897225,76.713975,77.681225,0,0,0,0,0,0,0,0,0,0,0,0,0,0,0,0,0,0,0,0,0,0,0,0,0,0,0,0,0,0,0,0,0,0,0,0,0,0,0,0,0,0,0,0,0,0,0,0,0,0,0,0,0,0,0,0,0,0,0,0,0,0,0,0,0,0,0,0,0,0,0,0,0,0,0,0,0,0,0,0,0,0,0,0,0,0,0,0,0,0,0,0,0,0,0,0,0,0,0,0,0,0,0,0,0,0,0,0,0,0,0,0,0,0,0,0,0,0,0,0,0,0,0,0,0,0,0,0,0,0,0,0,0,0,0,0,0,0,0,0,0,0,0,0,0,0,0,0,0,0,0,0,0,0,0,0,0,0,0,0,0,0,0,0,0,0,0,0,0,0,0,0,0,0,0,0,0,0,0,0,0,0,0,0,0,0,0,0,0,0,0,0,0,0,0,0,0,0,0,0,0,0,0,0,0,0,0,0,0,0,0,0,0,0,0,0,0,0,0,0,0,0,0,0,0,0,0,0,0,0,0,0,0,0,0,0,0,0,0,0,0,0,0,0,0,0,0,0,0,0,0,0,0,0,0,0,0,0,0,0,0,0,0,0,0,0,0,0,0,0,0,0,0,0,0,0,0,0,0,0,0,0,0,0,0,0,0,0,0,0,0,0,0,0,0,0,0,0,0,0,0,0,0,0,0,0,0,0,0,0,0,0,0,0,0,0,0,0,0,0,0,0,0,0,0,0,0,0,0,0,0,0,0,0,0,0,0,0
"214",51.0581,51.816825,52.393575,53.064375,53.124425,53.15655,53.190475,55.207625,55.240825,55.298375,55.311775,55.34175,55.354625,55.37265,55.38895,55.402425,55.418725,55.50725,55.64425,57.850225,57.8858,57.9288,57.985775,58.03145,0,0,0,0,0,0,0,0,0,0,0,0,0,0,0,0,0,0,0,0,0,0,0,0,0,0,0,0,0,0,0,0,0,0,0,0,0,0,0,0,0,0,0,0,0,0,0,0,0,0,0,0,0,0,0,0,0,0,0,0,0,0,0,0,0,0,0,0,0,0,0,0,0,0,0,0,0,0,0,0,0,0,0,0,0,0,0,0,0,0,0,0,0,0,0,0,0,0,0,0,0,0,0,0,0,0,0,0,0,0,0,0,0,0,0,0,0,0,0,0,0,0,0,0,0,0,0,0,0,0,0,0,0,0,0,0,0,0,0,0,0,0,0,0,0,0,0,0,0,0,0,0,0,0,0,0,0,0,0,0,0,0,0,0,0,0,0,0,0,0,0,0,0,0,0,0,0,0,0,0,0,0,0,0,0,0,0,0,0,0,0,0,0,0,0,0,0,0,0,0,0,0,0,0,0,0,0,0,0,0,0,0,0,0,0,0,0,0,0,0,0,0,0,0,0,0,0,0,0,0,0,0,0,0,0,0,0,0,0,0,0,0,0,0,0,0,0,0,0,0,0,0,0,0,0,0,0,0,0,0,0,0,0,0,0,0,0,0,0,0,0,0,0,0,0,0,0,0,0,0,0,0,0,0,0,0,0,0,0,0,0,0,0,0,0,0,0,0,0,0,0,0,0,0,0,0,0,0,0,0,0,0,0,0,0,0,0,0,0,0,0,0,0,0,0,0,0,0,0,0,0,0,0,0,0,0,0,0,0,0,0,0,0,0,0,0,0,0,0,0,0,0,0,0,0,0,0,0,0,0,0,0,0,0,0,0,0,0,0,0,0,0,0,0,0,0,0,0,0,0,0,0,0,0,0,0,0,0,0,0,0,0,0,0,0,0,0,0,0,0,0,0,0,0,0,0,0,0,0,0,0,0
"215",50.716575,50.754475,50.779225,50.817425,50.8451,50.92185,51.488275,51.51565,51.543075,51.56535,51.6208,51.65535,51.679125,51.71805,51.738725,51.774375,51.84015,51.86905,51.90585,51.97645,52.019925,52.0477,52.099475,52.6752,52.731625,52.78415,52.842375,52.86655,52.901925,52.932,52.959975,52.98675,53.03825,53.090125,53.165,53.250875,53.307,53.3972,53.57105,54.0309,54.1515,54.846375,54.974175,55.032425,55.108775,55.15465,55.218,55.33545,55.499025,55.806425,55.90545,55.969375,56.09995,57.012,57.039425,57.102875,57.189975,57.242,57.274825,57.33015,57.430375,57.468075,57.513,57.53195,57.569425,57.5978,57.624,57.7378,57.7707,57.828425,58.127775,58.968025,59.028125,59.06345,59.09485,59.118925,59.162425,59.215825,59.26205,59.3099,59.3646,59.405625,59.463225,0,0,0,0,0,0,0,0,0,0,0,0,0,0,0,0,0,0,0,0,0,0,0,0,0,0,0,0,0,0,0,0,0,0,0,0,0,0,0,0,0,0,0,0,0,0,0,0,0,0,0,0,0,0,0,0,0,0,0,0,0,0,0,0,0,0,0,0,0,0,0,0,0,0,0,0,0,0,0,0,0,0,0,0,0,0,0,0,0,0,0,0,0,0,0,0,0,0,0,0,0,0,0,0,0,0,0,0,0,0,0,0,0,0,0,0,0,0,0,0,0,0,0,0,0,0,0,0,0,0,0,0,0,0,0,0,0,0,0,0,0,0,0,0,0,0,0,0,0,0,0,0,0,0,0,0,0,0,0,0,0,0,0,0,0,0,0,0,0,0,0,0,0,0,0,0,0,0,0,0,0,0,0,0,0,0,0,0,0,0,0,0,0,0,0,0,0,0,0,0,0,0,0,0,0,0,0,0,0,0,0,0,0,0,0,0,0,0,0,0,0,0,0,0,0,0,0,0,0,0,0,0,0,0,0,0,0,0,0,0,0,0,0,0,0,0,0,0,0,0,0,0,0,0,0,0,0,0,0,0,0,0,0,0,0,0,0,0,0,0,0,0,0,0,0,0,0,0,0,0,0,0,0,0,0,0,0,0,0,0,0,0,0,0,0,0,0,0,0,0,0,0,0,0,0,0,0,0,0,0,0,0,0,0,0,0,0,0,0,0,0,0,0,0,0,0,0,0,0,0,0,0,0,0,0,0,0,0,0,0,0,0,0,0,0,0,0,0,0,0,0,0,0
"216",49.5522,49.5702,49.584675,49.6142,49.624825,49.6352,49.696025,49.7605,49.78605,49.789,49.8499,49.891725,49.9266,50.000525,50.076975,50.25775,50.271025,50.315175,50.3315,50.4565,50.480975,50.501725,50.51595,50.5399,50.551,50.5736,50.58545,50.600325,50.602125,50.6401,50.6921,50.747725,50.802175,50.82195,50.862375,50.915825,50.930075,50.9682,50.983675,51.022875,51.189825,51.306975,51.3224,51.376075,51.38615,51.40605,51.41185,51.415775,51.42675,51.435925,51.459525,51.4748,51.482925,51.49725,51.50765,51.522425,51.533175,51.545675,51.579625,51.592075,51.60775,51.613925,51.65095,51.687175,51.6939,51.710175,51.727825,51.74915,51.759225,51.8118,51.842175,51.899075,51.93005,51.99425,52.00645,52.01265,52.049,52.071675,52.0819,52.102625,52.130225,52.23825,52.272175,52.293075,52.318075,52.4337,52.5141,52.563875,52.578075,52.587375,52.61935,52.623575,52.6274,52.646725,52.66245,52.687125,52.6939,52.71375,52.721775,52.7801,52.8194,52.84515,52.87865,52.923175,52.93515,52.944025,52.963675,52.971625,52.992925,53.007125,53.033825,53.0971,53.168025,53.24155,53.264675,53.30025,53.347975,53.3992,53.432775,53.4563,53.48795,53.5176,53.555275,53.568675,53.584225,53.6179,53.64135,53.64775,53.670125,53.7097,53.776725,53.79485,53.811825,53.82545,53.82695,53.855925,53.8706,53.906675,53.918025,53.97315,53.977875,53.9953,54.0027,54.03045,54.0467,54.09435,54.14725,54.175475,54.197875,54.226775,54.25005,54.27865,54.30245,54.335175,54.36195,54.403475,54.444125,54.445625,54.464,54.510275,54.5431,54.628475,54.644725,54.64805,54.67265,54.714275,54.77045,54.792775,54.828425,54.849825,54.899775,54.943925,54.9688,54.9808,54.9944,55.00625,55.0397,55.11885,55.14675,55.188325,55.229075,55.252575,55.2869,55.2889,55.299675,55.38755,55.395425,55.48875,55.597275,55.620375,55.62425,55.6525,55.6981,55.748175,55.779875,55.802375,55.811675,55.84475,55.876425,55.910475,55.949125,55.965125,55.977825,56.017025,56.047525,56.08825,56.1183,56.135275,56.17145,56.233375,56.289725,56.400425,56.433425,56.462075,56.5433,56.55185,56.57775,56.692375,56.790825,56.8331,56.88735,56.9135,56.9407,56.9442,56.9686,57.004375,57.0163,57.03595,57.053125,57.064125,57.08465,57.092875,57.134775,57.15075,57.18515,57.20375,57.2741,57.316625,57.3253,57.357375,57.3761,57.395725,57.4022,57.416325,57.4223,57.4242,57.455575,57.4697,57.499025,57.508,57.53445,57.56995,57.640025,57.656775,57.67495,57.70445,57.7533,57.781925,57.913975,57.984025,58.057575,58.151375,58.17235,58.413175,58.573175,58.675375,58.79125,58.847175,58.897275,58.918375,59.0006,59.00575,59.035775,59.084725,59.1288,59.1556,59.173575,59.185925,59.231325,59.253525,59.29265,59.305325,59.34695,59.382825,59.42235,59.439775,59.50875,59.62775,59.691375,59.756175,59.8425,60.058825,60.173925,60.422975,60.491825,60.4982,60.5529,60.6366,60.69935,60.76055,60.829175,60.871975,60.972825,61.039075,61.081825,61.1367,61.2346,61.30925,61.413025,61.4811,61.983625,62.5302,62.66625,62.83435,62.8916,62.9329,63.0706,63.11345,63.173475,63.464,63.7772,63.88665,64.014525,64.079075,64.171075,64.26975,64.34265,64.40045,64.476625,64.614975,64.77035,65.30115,68.8497,69.4539,0,0,0,0,0,0,0,0,0,0,0,0,0,0,0,0,0,0,0,0,0,0,0,0,0,0,0,0,0,0,0,0,0,0,0,0,0,0,0,0,0,0,0,0,0,0,0,0,0,0,0,0,0,0,0,0,0,0,0,0,0,0,0,0,0,0,0,0,0,0,0,0,0,0,0,0,0,0,0,0,0,0,0,0,0,0,0,0,0,0,0,0,0,0,0,0,0,0,0,0,0,0
"217",49.53205,49.99645,50.00695,50.123925,50.3608,50.408725,50.765625,50.88345,51.13275,51.171775,51.211775,51.8789,52.2088,52.24065,52.3617,52.825525,53.1965,53.341925,53.92315,54.048525,54.28495,54.391675,54.464725,55.21295,55.71015,56.463875,56.595825,56.6103,56.759825,56.80205,58.752425,59.34245,60.210025,60.40165,60.576725,61.86055,62.340275,63.631025,0,0,0,0,0,0,0,0,0,0,0,0,0,0,0,0,0,0,0,0,0,0,0,0,0,0,0,0,0,0,0,0,0,0,0,0,0,0,0,0,0,0,0,0,0,0,0,0,0,0,0,0,0,0,0,0,0,0,0,0,0,0,0,0,0,0,0,0,0,0,0,0,0,0,0,0,0,0,0,0,0,0,0,0,0,0,0,0,0,0,0,0,0,0,0,0,0,0,0,0,0,0,0,0,0,0,0,0,0,0,0,0,0,0,0,0,0,0,0,0,0,0,0,0,0,0,0,0,0,0,0,0,0,0,0,0,0,0,0,0,0,0,0,0,0,0,0,0,0,0,0,0,0,0,0,0,0,0,0,0,0,0,0,0,0,0,0,0,0,0,0,0,0,0,0,0,0,0,0,0,0,0,0,0,0,0,0,0,0,0,0,0,0,0,0,0,0,0,0,0,0,0,0,0,0,0,0,0,0,0,0,0,0,0,0,0,0,0,0,0,0,0,0,0,0,0,0,0,0,0,0,0,0,0,0,0,0,0,0,0,0,0,0,0,0,0,0,0,0,0,0,0,0,0,0,0,0,0,0,0,0,0,0,0,0,0,0,0,0,0,0,0,0,0,0,0,0,0,0,0,0,0,0,0,0,0,0,0,0,0,0,0,0,0,0,0,0,0,0,0,0,0,0,0,0,0,0,0,0,0,0,0,0,0,0,0,0,0,0,0,0,0,0,0,0,0,0,0,0,0,0,0,0,0,0,0,0,0,0,0,0,0,0,0,0,0,0,0,0,0,0,0,0,0,0,0,0,0,0,0,0,0,0,0,0,0,0,0,0,0,0,0,0,0,0,0,0,0,0,0,0,0,0,0,0,0,0,0,0,0,0,0,0,0,0,0,0,0
"218",50.312475,50.533125,50.612275,50.6292,50.9792,51.43895,51.548025,51.5917,51.599375,51.64105,51.67175,51.6895,51.725825,51.7917,51.8062,51.842775,51.859675,51.895025,51.914975,51.94355,52.02805,52.159525,52.63825,52.66685,52.69445,52.786025,52.815425,52.857325,52.8871,52.9164,52.93655,52.960475,53.05515,53.070625,53.0867,53.119375,53.19855,53.209125,53.248325,53.3032,53.317475,53.330375,53.3598,53.418475,53.4385,53.461075,53.52425,53.560425,53.5743,53.6215,53.65065,53.674775,53.73435,53.7805,53.841225,53.851375,53.871475,53.882375,53.959175,53.99205,54.06895,54.112375,54.13945,54.17305,54.206125,54.21875,54.24265,54.32275,54.370175,54.607475,54.698625,54.776975,54.7884,54.86345,54.935925,54.994025,55.04995,55.05555,55.13105,55.147625,55.202575,55.2247,55.237,55.255525,55.27985,55.296425,55.3592,55.42565,55.436125,55.525875,55.54105,55.563025,55.60125,55.617825,55.62635,55.647975,55.70625,55.727225,55.738525,55.759825,55.828325,55.8777,55.89505,55.916625,55.92895,55.951125,55.970725,56.0066,56.02625,56.04985,56.066025,56.09305,56.107225,56.148325,56.1702,56.240575,56.261275,56.2771,56.2916,56.317475,56.34265,56.3684,56.390475,56.45235,56.501975,56.595175,56.662575,56.986425,57.199825,57.251475,57.286625,57.317275,57.500025,57.554725,57.6236,57.647025,57.662925,57.696025,57.7378,57.744475,57.759575,57.78605,57.8071,57.832925,57.8917,58.002075,58.031725,58.098825,58.12835,58.1437,58.170575,58.21285,58.3148,58.980825,59.290125,59.424975,59.474425,60.985925,61.1177,61.14345,61.297475,64.5267,0,0,0,0,0,0,0,0,0,0,0,0,0,0,0,0,0,0,0,0,0,0,0,0,0,0,0,0,0,0,0,0,0,0,0,0,0,0,0,0,0,0,0,0,0,0,0,0,0,0,0,0,0,0,0,0,0,0,0,0,0,0,0,0,0,0,0,0,0,0,0,0,0,0,0,0,0,0,0,0,0,0,0,0,0,0,0,0,0,0,0,0,0,0,0,0,0,0,0,0,0,0,0,0,0,0,0,0,0,0,0,0,0,0,0,0,0,0,0,0,0,0,0,0,0,0,0,0,0,0,0,0,0,0,0,0,0,0,0,0,0,0,0,0,0,0,0,0,0,0,0,0,0,0,0,0,0,0,0,0,0,0,0,0,0,0,0,0,0,0,0,0,0,0,0,0,0,0,0,0,0,0,0,0,0,0,0,0,0,0,0,0,0,0,0,0,0,0,0,0,0,0,0,0,0,0,0,0,0,0,0,0,0,0,0,0,0,0,0,0,0,0,0,0,0,0,0,0,0,0,0,0,0,0,0,0,0,0,0,0,0,0,0,0,0,0,0,0,0,0,0,0,0,0,0,0,0,0,0,0,0,0,0,0,0,0,0,0,0,0,0,0,0,0
"219",49.5539,49.608,49.7092,49.782775,50.7014,50.719175,50.7634,50.887775,51.4696,51.530875,51.661025,51.690375,51.723175,51.847725,51.955825,51.9896,52.2096,52.63275,52.6887,52.805725,52.866875,52.920425,52.9972,53.086625,53.1956,53.276625,53.375025,53.455325,53.5634,53.754325,53.8524,53.948475,54.0391,54.1342,54.19015,54.773275,54.872675,54.98425,55.109575,55.232425,55.409975,55.546825,55.750475,55.809175,55.9213,55.9793,56.0156,56.122325,56.161975,56.385675,56.90545,56.98285,57.09985,57.1888,57.344525,57.46665,57.644025,57.80825,57.915975,58.115725,58.256925,58.8885,58.94365,59.009225,59.081625,59.11465,59.1822,59.325175,59.459825,59.5169,59.7122,59.869625,60.67585,60.7628,60.816575,60.9167,61.003475,61.130375,61.316325,62.6987,62.8433,63.10225,63.150025,63.93155,64.1762,64.339025,64.707075,65.0462,0,0,0,0,0,0,0,0,0,0,0,0,0,0,0,0,0,0,0,0,0,0,0,0,0,0,0,0,0,0,0,0,0,0,0,0,0,0,0,0,0,0,0,0,0,0,0,0,0,0,0,0,0,0,0,0,0,0,0,0,0,0,0,0,0,0,0,0,0,0,0,0,0,0,0,0,0,0,0,0,0,0,0,0,0,0,0,0,0,0,0,0,0,0,0,0,0,0,0,0,0,0,0,0,0,0,0,0,0,0,0,0,0,0,0,0,0,0,0,0,0,0,0,0,0,0,0,0,0,0,0,0,0,0,0,0,0,0,0,0,0,0,0,0,0,0,0,0,0,0,0,0,0,0,0,0,0,0,0,0,0,0,0,0,0,0,0,0,0,0,0,0,0,0,0,0,0,0,0,0,0,0,0,0,0,0,0,0,0,0,0,0,0,0,0,0,0,0,0,0,0,0,0,0,0,0,0,0,0,0,0,0,0,0,0,0,0,0,0,0,0,0,0,0,0,0,0,0,0,0,0,0,0,0,0,0,0,0,0,0,0,0,0,0,0,0,0,0,0,0,0,0,0,0,0,0,0,0,0,0,0,0,0,0,0,0,0,0,0,0,0,0,0,0,0,0,0,0,0,0,0,0,0,0,0,0,0,0,0,0,0,0,0,0,0,0,0,0,0,0,0,0,0,0,0,0,0,0,0,0,0,0,0,0,0,0,0,0,0,0,0,0,0,0,0,0,0,0,0,0,0,0,0,0,0,0,0,0,0,0,0,0,0,0,0,0,0,0
"220",49.8044,50.669625,50.6917,50.739925,50.750025,50.846925,50.876675,51.43725,51.458325,51.473425,51.493175,51.552775,51.8812,52.686575,52.702125,52.84125,52.8763,52.9027,52.97875,53.02615,53.184375,54.178425,54.7333,55.2061,55.241475,55.45605,56.970075,57.132025,57.16315,57.823175,57.9943,58.9649,58.97905,59.0162,59.03035,60.90315,60.951725,61.0327,61.0576,64.2184,64.330075,64.381375,64.521675,64.6682,0,0,0,0,0,0,0,0,0,0,0,0,0,0,0,0,0,0,0,0,0,0,0,0,0,0,0,0,0,0,0,0,0,0,0,0,0,0,0,0,0,0,0,0,0,0,0,0,0,0,0,0,0,0,0,0,0,0,0,0,0,0,0,0,0,0,0,0,0,0,0,0,0,0,0,0,0,0,0,0,0,0,0,0,0,0,0,0,0,0,0,0,0,0,0,0,0,0,0,0,0,0,0,0,0,0,0,0,0,0,0,0,0,0,0,0,0,0,0,0,0,0,0,0,0,0,0,0,0,0,0,0,0,0,0,0,0,0,0,0,0,0,0,0,0,0,0,0,0,0,0,0,0,0,0,0,0,0,0,0,0,0,0,0,0,0,0,0,0,0,0,0,0,0,0,0,0,0,0,0,0,0,0,0,0,0,0,0,0,0,0,0,0,0,0,0,0,0,0,0,0,0,0,0,0,0,0,0,0,0,0,0,0,0,0,0,0,0,0,0,0,0,0,0,0,0,0,0,0,0,0,0,0,0,0,0,0,0,0,0,0,0,0,0,0,0,0,0,0,0,0,0,0,0,0,0,0,0,0,0,0,0,0,0,0,0,0,0,0,0,0,0,0,0,0,0,0,0,0,0,0,0,0,0,0,0,0,0,0,0,0,0,0,0,0,0,0,0,0,0,0,0,0,0,0,0,0,0,0,0,0,0,0,0,0,0,0,0,0,0,0,0,0,0,0,0,0,0,0,0,0,0,0,0,0,0,0,0,0,0,0,0,0,0,0,0,0,0,0,0,0,0,0,0,0,0,0,0,0,0,0,0,0,0,0,0,0,0,0,0,0,0,0,0,0,0,0,0,0,0,0,0,0,0,0,0,0,0,0,0,0,0
"221",49.8311,50.030475,50.668625,51.7177,52.84355,53,53.102275,53.5204,53.5509,53.712075,54.7421,54.84485,55.0931,55.47145,55.5803,56.13625,56.8643,58.324475,59.091275,0,0,0,0,0,0,0,0,0,0,0,0,0,0,0,0,0,0,0,0,0,0,0,0,0,0,0,0,0,0,0,0,0,0,0,0,0,0,0,0,0,0,0,0,0,0,0,0,0,0,0,0,0,0,0,0,0,0,0,0,0,0,0,0,0,0,0,0,0,0,0,0,0,0,0,0,0,0,0,0,0,0,0,0,0,0,0,0,0,0,0,0,0,0,0,0,0,0,0,0,0,0,0,0,0,0,0,0,0,0,0,0,0,0,0,0,0,0,0,0,0,0,0,0,0,0,0,0,0,0,0,0,0,0,0,0,0,0,0,0,0,0,0,0,0,0,0,0,0,0,0,0,0,0,0,0,0,0,0,0,0,0,0,0,0,0,0,0,0,0,0,0,0,0,0,0,0,0,0,0,0,0,0,0,0,0,0,0,0,0,0,0,0,0,0,0,0,0,0,0,0,0,0,0,0,0,0,0,0,0,0,0,0,0,0,0,0,0,0,0,0,0,0,0,0,0,0,0,0,0,0,0,0,0,0,0,0,0,0,0,0,0,0,0,0,0,0,0,0,0,0,0,0,0,0,0,0,0,0,0,0,0,0,0,0,0,0,0,0,0,0,0,0,0,0,0,0,0,0,0,0,0,0,0,0,0,0,0,0,0,0,0,0,0,0,0,0,0,0,0,0,0,0,0,0,0,0,0,0,0,0,0,0,0,0,0,0,0,0,0,0,0,0,0,0,0,0,0,0,0,0,0,0,0,0,0,0,0,0,0,0,0,0,0,0,0,0,0,0,0,0,0,0,0,0,0,0,0,0,0,0,0,0,0,0,0,0,0,0,0,0,0,0,0,0,0,0,0,0,0,0,0,0,0,0,0,0,0,0,0,0,0,0,0,0,0,0,0,0,0,0,0,0,0,0,0,0,0,0,0,0,0,0,0,0,0,0
"222",40.027225,40.205825,40.404225,40.549425,40.7072,40.89605,41.05815,41.1485,41.26605,41.445375,41.5994,41.742975,41.9537,42.16935,42.609825,42.742225,42.96215,43.063575,43.1201,43.188225,43.2918,43.399775,43.61875,43.73225,44.098375,44.2079,44.2774,44.4135,44.5573,44.710675,44.8251,45.024225,45.123525,45.209025,45.396775,45.5246,45.75775,45.99755,46.108525,46.20085,46.266825,46.35545,46.56195,46.793225,46.90225,47.01065,47.18615,47.304575,47.484175,47.565825,47.85115,47.9236,48.0221,48.15795,48.239,48.452425,48.52335,48.713,48.836575,48.935025,49.03425,49.162875,49.347275,49.469125,49.5557,49.571875,49.652775,49.703075,49.928975,50.787575,50.820975,50.82275,51.4437,51.471975,51.502875,51.54445,51.5723,51.61065,51.6707,51.694275,51.7143,51.7691,51.906825,51.93475,52.00535,52.131375,52.6408,52.692375,52.72725,52.757875,52.82075,52.8417,52.88205,52.92405,52.990675,53.042625,53.303775,53.405675,54.758475,54.8552,54.902,54.928125,54.974875,55.041375,55.099275,55.76415,55.907775,56.0177,56.052475,57.041425,57.077925,57.101475,57.111575,57.159125,57.184475,57.2234,57.26055,57.34975,57.405875,57.4079,57.424675,57.43895,57.447075,57.49175,57.514625,57.53675,57.557375,57.636275,58.073,58.900225,58.90365,58.9205,58.9662,58.98595,59.008325,59.039275,59.064625,59.093125,59.122125,59.181425,59.202525,59.225975,59.246575,59.26605,59.31695,59.341425,59.407475,59.434825,59.48585,59.57095,59.718775,59.7771,60.604525,60.661325,60.708825,60.745325,60.799,60.851975,60.878075,60.928325,60.94865,60.983275,61.018775,61.126375,61.2071,61.255525,61.34505,61.43195,62.4488,62.552425,62.59375,62.631175,62.767725,62.8078,62.857875,62.91415,62.9646,63.006925,63.062675,63.123475,63.1988,63.9248,64.023,64.110525,64.160275,64.19985,64.2539,64.310225,64.3433,64.395325,64.42805,64.455075,64.525675,64.57185,64.644175,64.7002,64.77525,64.916825,65.117275,0,0,0,0,0,0,0,0,0,0,0,0,0,0,0,0,0,0,0,0,0,0,0,0,0,0,0,0,0,0,0,0,0,0,0,0,0,0,0,0,0,0,0,0,0,0,0,0,0,0,0,0,0,0,0,0,0,0,0,0,0,0,0,0,0,0,0,0,0,0,0,0,0,0,0,0,0,0,0,0,0,0,0,0,0,0,0,0,0,0,0,0,0,0,0,0,0,0,0,0,0,0,0,0,0,0,0,0,0,0,0,0,0,0,0,0,0,0,0,0,0,0,0,0,0,0,0,0,0,0,0,0,0,0,0,0,0,0,0,0,0,0,0,0,0,0,0,0,0,0,0,0,0,0,0,0,0,0,0,0,0,0,0,0,0,0,0,0,0,0,0,0,0,0,0,0,0,0,0,0,0,0,0,0,0,0,0,0,0,0,0,0,0,0,0,0,0,0,0,0,0,0,0,0,0,0,0,0,0,0,0,0,0,0,0,0,0,0,0,0,0,0,0,0,0,0,0,0,0,0,0,0,0,0,0,0,0
"223",50.7231,50.74845,50.845175,51.4444,51.457825,51.69825,51.711725,51.79715,51.817825,51.850675,51.899975,51.9521,52.13825,52.61955,52.642825,52.72645,52.804025,52.907375,52.920375,52.992975,53.008275,53.0496,53.100375,53.179075,53.240375,53.26025,53.277475,53.2882,53.315975,53.350775,53.3787,53.412925,53.431525,53.4903,53.667725,53.915825,54.216125,54.664825,54.88585,54.9912,55.06715,55.178675,55.2273,55.301325,55.315775,55.3315,55.347,55.396475,55.491025,55.58365,55.6219,55.727125,55.729775,55.800975,55.897525,55.9242,56.0567,56.098275,56.157975,56.1828,56.293125,56.4636,57.184875,57.242275,57.545725,57.568775,57.650625,57.8173,57.84345,57.8763,57.92825,57.9524,57.988575,58.045425,58.07015,58.11555,58.2606,58.923125,59.139175,59.3077,64.339425,64.6137,0,0,0,0,0,0,0,0,0,0,0,0,0,0,0,0,0,0,0,0,0,0,0,0,0,0,0,0,0,0,0,0,0,0,0,0,0,0,0,0,0,0,0,0,0,0,0,0,0,0,0,0,0,0,0,0,0,0,0,0,0,0,0,0,0,0,0,0,0,0,0,0,0,0,0,0,0,0,0,0,0,0,0,0,0,0,0,0,0,0,0,0,0,0,0,0,0,0,0,0,0,0,0,0,0,0,0,0,0,0,0,0,0,0,0,0,0,0,0,0,0,0,0,0,0,0,0,0,0,0,0,0,0,0,0,0,0,0,0,0,0,0,0,0,0,0,0,0,0,0,0,0,0,0,0,0,0,0,0,0,0,0,0,0,0,0,0,0,0,0,0,0,0,0,0,0,0,0,0,0,0,0,0,0,0,0,0,0,0,0,0,0,0,0,0,0,0,0,0,0,0,0,0,0,0,0,0,0,0,0,0,0,0,0,0,0,0,0,0,0,0,0,0,0,0,0,0,0,0,0,0,0,0,0,0,0,0,0,0,0,0,0,0,0,0,0,0,0,0,0,0,0,0,0,0,0,0,0,0,0,0,0,0,0,0,0,0,0,0,0,0,0,0,0,0,0,0,0,0,0,0,0,0,0,0,0,0,0,0,0,0,0,0,0,0,0,0,0,0,0,0,0,0,0,0,0,0,0,0,0,0,0,0,0,0,0,0,0,0,0,0,0,0,0,0,0,0,0,0,0,0,0,0,0,0,0,0,0,0,0,0,0,0,0,0,0,0,0,0,0,0,0,0,0
"224",50.643175,50.6762,50.775475,50.795875,50.821425,50.871375,50.888425,50.942425,51.4356,51.47725,51.5309,51.551925,51.617875,51.6468,51.679825,51.776525,51.8122,51.909675,51.967025,51.983025,52.102275,52.594175,52.6697,52.688925,52.844975,52.887275,52.954325,52.982525,53.093425,53.41,53.7815,53.87895,53.927375,53.97765,54.03545,54.06985,54.104275,54.1499,54.688425,54.73885,54.77345,54.802225,54.99605,55.039225,55.096925,55.804925,56.020875,56.174825,56.19415,56.241125,56.9689,57.005725,57.029925,57.138675,57.26445,57.2964,57.50245,58.946725,58.978175,59.0022,59.1744,59.217,59.247725,59.437275,59.471325,60.908175,61.0294,64.250925,64.393375,64.451525,64.510275,0,0,0,0,0,0,0,0,0,0,0,0,0,0,0,0,0,0,0,0,0,0,0,0,0,0,0,0,0,0,0,0,0,0,0,0,0,0,0,0,0,0,0,0,0,0,0,0,0,0,0,0,0,0,0,0,0,0,0,0,0,0,0,0,0,0,0,0,0,0,0,0,0,0,0,0,0,0,0,0,0,0,0,0,0,0,0,0,0,0,0,0,0,0,0,0,0,0,0,0,0,0,0,0,0,0,0,0,0,0,0,0,0,0,0,0,0,0,0,0,0,0,0,0,0,0,0,0,0,0,0,0,0,0,0,0,0,0,0,0,0,0,0,0,0,0,0,0,0,0,0,0,0,0,0,0,0,0,0,0,0,0,0,0,0,0,0,0,0,0,0,0,0,0,0,0,0,0,0,0,0,0,0,0,0,0,0,0,0,0,0,0,0,0,0,0,0,0,0,0,0,0,0,0,0,0,0,0,0,0,0,0,0,0,0,0,0,0,0,0,0,0,0,0,0,0,0,0,0,0,0,0,0,0,0,0,0,0,0,0,0,0,0,0,0,0,0,0,0,0,0,0,0,0,0,0,0,0,0,0,0,0,0,0,0,0,0,0,0,0,0,0,0,0,0,0,0,0,0,0,0,0,0,0,0,0,0,0,0,0,0,0,0,0,0,0,0,0,0,0,0,0,0,0,0,0,0,0,0,0,0,0,0,0,0,0,0,0,0,0,0,0,0,0,0,0,0,0,0,0,0,0,0,0,0,0,0,0,0,0,0,0,0,0,0,0,0,0,0,0,0,0,0,0,0,0,0,0,0,0,0,0,0,0,0
"225",49.678625,49.803325,49.858175,49.88375,49.933575,50.091675,50.111725,50.129425,50.145075,50.192625,50.2132,50.3002,50.328525,51.1189,52.369875,53.794175,55.061125,57.106175,57.98265,58.36475,58.414975,58.4338,58.5114,59.788725,59.8282,59.8706,59.9213,59.955175,59.98065,60.007225,60.055275,60.088975,60.163125,60.2687,61.450625,61.490025,61.542975,61.60215,61.6697,61.791925,61.82725,65.378525,65.449775,65.53215,65.597625,65.655875,65.730925,65.957725,66.064575,66.133275,66.35795,66.71205,66.796475,66.875775,66.975525,0,0,0,0,0,0,0,0,0,0,0,0,0,0,0,0,0,0,0,0,0,0,0,0,0,0,0,0,0,0,0,0,0,0,0,0,0,0,0,0,0,0,0,0,0,0,0,0,0,0,0,0,0,0,0,0,0,0,0,0,0,0,0,0,0,0,0,0,0,0,0,0,0,0,0,0,0,0,0,0,0,0,0,0,0,0,0,0,0,0,0,0,0,0,0,0,0,0,0,0,0,0,0,0,0,0,0,0,0,0,0,0,0,0,0,0,0,0,0,0,0,0,0,0,0,0,0,0,0,0,0,0,0,0,0,0,0,0,0,0,0,0,0,0,0,0,0,0,0,0,0,0,0,0,0,0,0,0,0,0,0,0,0,0,0,0,0,0,0,0,0,0,0,0,0,0,0,0,0,0,0,0,0,0,0,0,0,0,0,0,0,0,0,0,0,0,0,0,0,0,0,0,0,0,0,0,0,0,0,0,0,0,0,0,0,0,0,0,0,0,0,0,0,0,0,0,0,0,0,0,0,0,0,0,0,0,0,0,0,0,0,0,0,0,0,0,0,0,0,0,0,0,0,0,0,0,0,0,0,0,0,0,0,0,0,0,0,0,0,0,0,0,0,0,0,0,0,0,0,0,0,0,0,0,0,0,0,0,0,0,0,0,0,0,0,0,0,0,0,0,0,0,0,0,0,0,0,0,0,0,0,0,0,0,0,0,0,0,0,0,0,0,0,0,0,0,0,0,0,0,0,0,0,0,0,0,0,0,0,0,0,0,0,0,0,0,0,0,0,0,0,0,0,0,0,0,0,0,0,0,0,0,0,0,0,0,0,0,0,0,0,0,0,0,0,0,0,0,0,0,0
"226",40.381375,40.50815,40.72265,41.5412,41.614,41.9271,42.562325,42.754075,42.922025,43.05215,43.455125,43.804625,43.991275,44.2498,44.337,44.47975,44.59885,44.88995,45.861625,46.002575,46.43375,46.95565,47.06335,47.572875,47.8325,47.9666,48.09,48.504275,48.867875,49.468875,49.557125,49.58885,49.8862,50.2485,50.89395,50.92025,51.086225,52.41625,55.552525,56.592125,57.682725,58.69015,0,0,0,0,0,0,0,0,0,0,0,0,0,0,0,0,0,0,0,0,0,0,0,0,0,0,0,0,0,0,0,0,0,0,0,0,0,0,0,0,0,0,0,0,0,0,0,0,0,0,0,0,0,0,0,0,0,0,0,0,0,0,0,0,0,0,0,0,0,0,0,0,0,0,0,0,0,0,0,0,0,0,0,0,0,0,0,0,0,0,0,0,0,0,0,0,0,0,0,0,0,0,0,0,0,0,0,0,0,0,0,0,0,0,0,0,0,0,0,0,0,0,0,0,0,0,0,0,0,0,0,0,0,0,0,0,0,0,0,0,0,0,0,0,0,0,0,0,0,0,0,0,0,0,0,0,0,0,0,0,0,0,0,0,0,0,0,0,0,0,0,0,0,0,0,0,0,0,0,0,0,0,0,0,0,0,0,0,0,0,0,0,0,0,0,0,0,0,0,0,0,0,0,0,0,0,0,0,0,0,0,0,0,0,0,0,0,0,0,0,0,0,0,0,0,0,0,0,0,0,0,0,0,0,0,0,0,0,0,0,0,0,0,0,0,0,0,0,0,0,0,0,0,0,0,0,0,0,0,0,0,0,0,0,0,0,0,0,0,0,0,0,0,0,0,0,0,0,0,0,0,0,0,0,0,0,0,0,0,0,0,0,0,0,0,0,0,0,0,0,0,0,0,0,0,0,0,0,0,0,0,0,0,0,0,0,0,0,0,0,0,0,0,0,0,0,0,0,0,0,0,0,0,0,0,0,0,0,0,0,0,0,0,0,0,0,0,0,0,0,0,0,0,0,0,0,0,0,0,0,0,0,0,0,0,0,0,0,0,0,0,0,0,0,0,0,0,0,0,0,0,0,0,0,0,0,0,0,0,0,0,0,0,0
"227",51.669075,51.72715,51.84625,52.8479,52.877075,52.899775,52.92995,53.003225,53.03735,53.11695,53.18235,54.9198,55.14515,55.74435,57.230775,57.280775,57.343225,57.38515,57.554575,57.5943,57.71295,57.739425,57.880025,57.904425,59.251725,59.30225,59.34015,59.417325,59.5274,0,0,0,0,0,0,0,0,0,0,0,0,0,0,0,0,0,0,0,0,0,0,0,0,0,0,0,0,0,0,0,0,0,0,0,0,0,0,0,0,0,0,0,0,0,0,0,0,0,0,0,0,0,0,0,0,0,0,0,0,0,0,0,0,0,0,0,0,0,0,0,0,0,0,0,0,0,0,0,0,0,0,0,0,0,0,0,0,0,0,0,0,0,0,0,0,0,0,0,0,0,0,0,0,0,0,0,0,0,0,0,0,0,0,0,0,0,0,0,0,0,0,0,0,0,0,0,0,0,0,0,0,0,0,0,0,0,0,0,0,0,0,0,0,0,0,0,0,0,0,0,0,0,0,0,0,0,0,0,0,0,0,0,0,0,0,0,0,0,0,0,0,0,0,0,0,0,0,0,0,0,0,0,0,0,0,0,0,0,0,0,0,0,0,0,0,0,0,0,0,0,0,0,0,0,0,0,0,0,0,0,0,0,0,0,0,0,0,0,0,0,0,0,0,0,0,0,0,0,0,0,0,0,0,0,0,0,0,0,0,0,0,0,0,0,0,0,0,0,0,0,0,0,0,0,0,0,0,0,0,0,0,0,0,0,0,0,0,0,0,0,0,0,0,0,0,0,0,0,0,0,0,0,0,0,0,0,0,0,0,0,0,0,0,0,0,0,0,0,0,0,0,0,0,0,0,0,0,0,0,0,0,0,0,0,0,0,0,0,0,0,0,0,0,0,0,0,0,0,0,0,0,0,0,0,0,0,0,0,0,0,0,0,0,0,0,0,0,0,0,0,0,0,0,0,0,0,0,0,0,0,0,0,0,0,0,0,0,0,0,0,0,0,0,0,0,0,0,0,0,0,0,0,0,0,0,0,0,0,0,0,0,0,0,0,0,0,0,0,0,0,0,0,0,0,0,0
"228",51.633775,51.73535,51.7897,51.995025,52.149775,52.21585,52.288225,52.674925,52.889225,52.92305,52.961875,53.148675,53.23025,53.2997,53.617475,53.647425,53.805925,53.96545,54.02305,54.107025,54.731,54.817075,54.833575,54.8837,55.03175,55.10035,55.13815,55.20425,55.523825,55.773875,55.84635,55.99555,56.1364,56.207925,56.380675,57.178875,57.324425,57.353925,57.50435,57.855675,58.215225,59.158025,59.399325,59.620525,59.975325,61.5188,0,0,0,0,0,0,0,0,0,0,0,0,0,0,0,0,0,0,0,0,0,0,0,0,0,0,0,0,0,0,0,0,0,0,0,0,0,0,0,0,0,0,0,0,0,0,0,0,0,0,0,0,0,0,0,0,0,0,0,0,0,0,0,0,0,0,0,0,0,0,0,0,0,0,0,0,0,0,0,0,0,0,0,0,0,0,0,0,0,0,0,0,0,0,0,0,0,0,0,0,0,0,0,0,0,0,0,0,0,0,0,0,0,0,0,0,0,0,0,0,0,0,0,0,0,0,0,0,0,0,0,0,0,0,0,0,0,0,0,0,0,0,0,0,0,0,0,0,0,0,0,0,0,0,0,0,0,0,0,0,0,0,0,0,0,0,0,0,0,0,0,0,0,0,0,0,0,0,0,0,0,0,0,0,0,0,0,0,0,0,0,0,0,0,0,0,0,0,0,0,0,0,0,0,0,0,0,0,0,0,0,0,0,0,0,0,0,0,0,0,0,0,0,0,0,0,0,0,0,0,0,0,0,0,0,0,0,0,0,0,0,0,0,0,0,0,0,0,0,0,0,0,0,0,0,0,0,0,0,0,0,0,0,0,0,0,0,0,0,0,0,0,0,0,0,0,0,0,0,0,0,0,0,0,0,0,0,0,0,0,0,0,0,0,0,0,0,0,0,0,0,0,0,0,0,0,0,0,0,0,0,0,0,0,0,0,0,0,0,0,0,0,0,0,0,0,0,0,0,0,0,0,0,0,0,0,0,0,0,0,0,0,0,0,0,0,0,0,0,0,0,0,0,0,0,0,0,0,0,0,0,0,0,0,0,0,0,0,0,0,0,0,0,0,0,0,0,0,0,0,0,0,0,0,0,0,0,0,0,0
"229",52.957225,52.99635,53.017375,53.06165,53.083975,53.0973,53.114225,53.157,53.17405,53.2441,53.271525,57.593425,57.621375,57.647475,57.68645,0,0,0,0,0,0,0,0,0,0,0,0,0,0,0,0,0,0,0,0,0,0,0,0,0,0,0,0,0,0,0,0,0,0,0,0,0,0,0,0,0,0,0,0,0,0,0,0,0,0,0,0,0,0,0,0,0,0,0,0,0,0,0,0,0,0,0,0,0,0,0,0,0,0,0,0,0,0,0,0,0,0,0,0,0,0,0,0,0,0,0,0,0,0,0,0,0,0,0,0,0,0,0,0,0,0,0,0,0,0,0,0,0,0,0,0,0,0,0,0,0,0,0,0,0,0,0,0,0,0,0,0,0,0,0,0,0,0,0,0,0,0,0,0,0,0,0,0,0,0,0,0,0,0,0,0,0,0,0,0,0,0,0,0,0,0,0,0,0,0,0,0,0,0,0,0,0,0,0,0,0,0,0,0,0,0,0,0,0,0,0,0,0,0,0,0,0,0,0,0,0,0,0,0,0,0,0,0,0,0,0,0,0,0,0,0,0,0,0,0,0,0,0,0,0,0,0,0,0,0,0,0,0,0,0,0,0,0,0,0,0,0,0,0,0,0,0,0,0,0,0,0,0,0,0,0,0,0,0,0,0,0,0,0,0,0,0,0,0,0,0,0,0,0,0,0,0,0,0,0,0,0,0,0,0,0,0,0,0,0,0,0,0,0,0,0,0,0,0,0,0,0,0,0,0,0,0,0,0,0,0,0,0,0,0,0,0,0,0,0,0,0,0,0,0,0,0,0,0,0,0,0,0,0,0,0,0,0,0,0,0,0,0,0,0,0,0,0,0,0,0,0,0,0,0,0,0,0,0,0,0,0,0,0,0,0,0,0,0,0,0,0,0,0,0,0,0,0,0,0,0,0,0,0,0,0,0,0,0,0,0,0,0,0,0,0,0,0,0,0,0,0,0,0,0,0,0,0,0,0,0,0,0,0,0,0,0,0,0,0,0
"230",51.532775,51.670825,51.767775,51.85565,51.945725,52.800475,52.86485,52.91895,52.965075,53.2147,54.96015,57.4708,57.53365,57.634875,59.2686,59.31015,59.361125,0,0,0,0,0,0,0,0,0,0,0,0,0,0,0,0,0,0,0,0,0,0,0,0,0,0,0,0,0,0,0,0,0,0,0,0,0,0,0,0,0,0,0,0,0,0,0,0,0,0,0,0,0,0,0,0,0,0,0,0,0,0,0,0,0,0,0,0,0,0,0,0,0,0,0,0,0,0,0,0,0,0,0,0,0,0,0,0,0,0,0,0,0,0,0,0,0,0,0,0,0,0,0,0,0,0,0,0,0,0,0,0,0,0,0,0,0,0,0,0,0,0,0,0,0,0,0,0,0,0,0,0,0,0,0,0,0,0,0,0,0,0,0,0,0,0,0,0,0,0,0,0,0,0,0,0,0,0,0,0,0,0,0,0,0,0,0,0,0,0,0,0,0,0,0,0,0,0,0,0,0,0,0,0,0,0,0,0,0,0,0,0,0,0,0,0,0,0,0,0,0,0,0,0,0,0,0,0,0,0,0,0,0,0,0,0,0,0,0,0,0,0,0,0,0,0,0,0,0,0,0,0,0,0,0,0,0,0,0,0,0,0,0,0,0,0,0,0,0,0,0,0,0,0,0,0,0,0,0,0,0,0,0,0,0,0,0,0,0,0,0,0,0,0,0,0,0,0,0,0,0,0,0,0,0,0,0,0,0,0,0,0,0,0,0,0,0,0,0,0,0,0,0,0,0,0,0,0,0,0,0,0,0,0,0,0,0,0,0,0,0,0,0,0,0,0,0,0,0,0,0,0,0,0,0,0,0,0,0,0,0,0,0,0,0,0,0,0,0,0,0,0,0,0,0,0,0,0,0,0,0,0,0,0,0,0,0,0,0,0,0,0,0,0,0,0,0,0,0,0,0,0,0,0,0,0,0,0,0,0,0,0,0,0,0,0,0,0,0,0,0,0,0,0,0,0,0,0,0,0,0,0,0,0,0,0,0,0,0
"231",40.526875,49.912025,49.965325,49.9876,50.053725,50.587675,50.66205,50.691575,50.741075,50.748375,50.750625,50.9474,51.0512,51.102225,51.4115,51.457675,51.494025,51.586875,51.593775,51.603375,51.63395,51.635025,51.6421,51.6666,51.668575,51.68715,51.70205,51.716625,51.725875,51.732875,51.75465,51.7557,51.75895,51.785025,51.7955,51.797175,51.806725,51.8246,51.83705,51.8591,51.878925,51.894425,51.91695,51.925175,51.932075,51.939575,51.958025,51.9821,51.998325,52.0006,52.013,52.0231,52.029525,52.039475,52.043025,52.055,52.060775,52.06495,52.08945,52.11175,52.126825,52.183975,52.2274,52.23115,52.26475,52.53285,52.577875,52.602975,52.6154,52.619375,52.628625,52.642675,52.66155,52.676,52.6792,52.72635,52.746225,52.7893,52.82355,52.868475,52.9067,52.920325,52.9432,52.96365,52.96885,52.97735,53.0274,53.034775,53.091275,53.1014,53.119775,53.13925,53.140825,53.15095,53.159425,53.17505,53.178175,53.208725,53.218075,53.2228,53.23435,53.244625,53.270525,53.288175,53.29005,53.303575,53.313825,53.3225,53.331925,53.3581,53.358675,53.368,53.3744,53.382475,53.3956,53.40415,53.4152,53.437275,53.4505,53.460025,53.4726,53.479625,53.50125,53.5183,53.52045,53.531725,53.543725,53.5535,53.56445,53.5764,53.585225,53.599225,53.60965,53.6239,53.643225,53.658225,53.691325,53.698525,53.725675,53.753325,53.767025,53.77715,53.802125,53.820425,53.83705,53.854825,53.87975,53.888425,53.896875,53.9157,53.917375,53.929275,53.943625,53.96035,53.973825,53.9825,53.99605,54.004325,54.01185,54.01895,54.0272,54.043025,54.0711,54.083,54.0994,54.112475,54.121525,54.13195,54.14125,54.1508,54.1681,54.182125,54.1836,54.194525,54.205,54.2168,54.218775,54.240525,54.269875,54.283875,54.296075,54.321225,54.347075,54.3771,54.402175,54.43185,54.43995,54.473525,54.50895,54.584425,54.645975,54.66245,54.664625,54.69215,54.724225,54.75215,54.77475,54.77805,54.800225,54.823975,54.8288,54.88575,54.890625,54.919,54.9665,54.977825,54.985825,55.11,55.11175,55.125,55.15485,55.1686,55.187825,55.202625,55.2245,55.242125,55.24335,55.278075,55.2937,55.31835,55.330425,55.34365,55.34625,55.36375,55.36885,55.39265,55.400825,55.41815,55.434325,55.4431,55.446,55.4614,55.478275,55.51265,55.521325,55.541675,55.54755,55.549275,55.5616,55.573825,55.5824,55.599025,55.6128,55.620675,55.6226,55.6354,55.67675,55.692425,55.7007,55.719925,55.74,55.74615,55.763875,55.77595,55.7868,55.813525,55.835075,55.8432,55.8631,55.8724,55.8793,55.88905,55.8946,55.91675,55.932,55.940775,55.944975,55.96855,55.97505,55.981725,55.9903,56.00155,56.002575,56.01145,56.02535,56.03455,56.04305,56.049725,56.05275,56.0598,56.073025,56.084,56.08525,56.090875,56.099075,56.103375,56.106575,56.115375,56.1243,56.133175,56.14225,56.150375,56.16035,56.170275,56.195625,56.21285,56.228,56.249925,56.270425,56.32015,56.33715,56.350375,56.4289,56.4574,56.473,56.51255,56.5539,56.58345,56.8771,56.903525,56.912275,56.94405,56.9888,57.021925,57.0361,57.0613,57.07905,57.086425,57.092025,57.18475,57.20455,57.27195,57.3157,57.317375,57.358175,57.380525,57.434175,57.4635,57.4796,57.5272,57.545575,57.59995,57.606825,57.637325,57.6552,57.69105,57.73525,57.762475,57.787225,57.804925,57.821925,57.842975,57.86535,57.883225,57.902725,57.9177,57.93645,57.96045,57.99065,57.992175,58.010525,58.027875,58.069525,58.1295,58.161925,58.185325,58.2045,58.2282,58.260125,58.31475,58.3437,58.4358,58.470275,58.503875,58.922975,59.00505,59.022325,59.04165,59.0816,59.12155,59.139025,59.232025,59.28635,59.318975,59.363725,59.3856,59.489225,59.599375,59.60635,59.778675,59.832025,59.910325,59.935225,59.970425,60.0401,60.125375,60.44425,60.691175,60.777325,60.84825,60.8934,60.89925,60.9743,61.0447,61.143,61.1752,61.1918,61.235725,61.310275,61.376925,61.423825,61.473025,61.506925,61.567325,61.586925,61.686225,61.7806,61.963575,62.008675,62.06285,62.9905,63.119075,63.220875,63.236525,63.3021,63.328825,63.36895,63.472975,63.541675,63.54805,64.236625,64.339325,64.3567,64.482925,64.53965,64.61355,64.661075,64.701775,64.937,64.938775,64.988025,65.197075,65.2758,65.440075,71.23505,74.123075
"232",50.060525,50.277925,50.60755,50.7053,50.85095,50.967525,51.093875,51.45295,51.7123,51.808425,52.54775,52.7041,53.110725,55.11025,55.304925,55.377125,55.456,55.614775,56.9955,57.195225,59.48025,0,0,0,0,0,0,0,0,0,0,0,0,0,0,0,0,0,0,0,0,0,0,0,0,0,0,0,0,0,0,0,0,0,0,0,0,0,0,0,0,0,0,0,0,0,0,0,0,0,0,0,0,0,0,0,0,0,0,0,0,0,0,0,0,0,0,0,0,0,0,0,0,0,0,0,0,0,0,0,0,0,0,0,0,0,0,0,0,0,0,0,0,0,0,0,0,0,0,0,0,0,0,0,0,0,0,0,0,0,0,0,0,0,0,0,0,0,0,0,0,0,0,0,0,0,0,0,0,0,0,0,0,0,0,0,0,0,0,0,0,0,0,0,0,0,0,0,0,0,0,0,0,0,0,0,0,0,0,0,0,0,0,0,0,0,0,0,0,0,0,0,0,0,0,0,0,0,0,0,0,0,0,0,0,0,0,0,0,0,0,0,0,0,0,0,0,0,0,0,0,0,0,0,0,0,0,0,0,0,0,0,0,0,0,0,0,0,0,0,0,0,0,0,0,0,0,0,0,0,0,0,0,0,0,0,0,0,0,0,0,0,0,0,0,0,0,0,0,0,0,0,0,0,0,0,0,0,0,0,0,0,0,0,0,0,0,0,0,0,0,0,0,0,0,0,0,0,0,0,0,0,0,0,0,0,0,0,0,0,0,0,0,0,0,0,0,0,0,0,0,0,0,0,0,0,0,0,0,0,0,0,0,0,0,0,0,0,0,0,0,0,0,0,0,0,0,0,0,0,0,0,0,0,0,0,0,0,0,0,0,0,0,0,0,0,0,0,0,0,0,0,0,0,0,0,0,0,0,0,0,0,0,0,0,0,0,0,0,0,0,0,0,0,0,0,0,0,0,0,0,0,0,0,0,0,0,0,0,0,0,0,0,0,0,0,0,0,0,0,0,0,0,0,0,0,0,0,0,0,0,0,0,0,0,0
"233",52.0024,52.972375,53.0458,53.0808,53.14355,53.187625,53.2805,53.317775,53.399425,54.999125,55.044675,55.218825,55.2722,55.387575,55.401775,55.4273,55.45835,55.487675,55.518225,55.631475,55.736025,55.771825,56.12685,56.2031,56.278375,56.34945,56.391,57.75285,57.79545,57.8341,57.973,58.025725,58.121325,58.201725,58.26965,0,0,0,0,0,0,0,0,0,0,0,0,0,0,0,0,0,0,0,0,0,0,0,0,0,0,0,0,0,0,0,0,0,0,0,0,0,0,0,0,0,0,0,0,0,0,0,0,0,0,0,0,0,0,0,0,0,0,0,0,0,0,0,0,0,0,0,0,0,0,0,0,0,0,0,0,0,0,0,0,0,0,0,0,0,0,0,0,0,0,0,0,0,0,0,0,0,0,0,0,0,0,0,0,0,0,0,0,0,0,0,0,0,0,0,0,0,0,0,0,0,0,0,0,0,0,0,0,0,0,0,0,0,0,0,0,0,0,0,0,0,0,0,0,0,0,0,0,0,0,0,0,0,0,0,0,0,0,0,0,0,0,0,0,0,0,0,0,0,0,0,0,0,0,0,0,0,0,0,0,0,0,0,0,0,0,0,0,0,0,0,0,0,0,0,0,0,0,0,0,0,0,0,0,0,0,0,0,0,0,0,0,0,0,0,0,0,0,0,0,0,0,0,0,0,0,0,0,0,0,0,0,0,0,0,0,0,0,0,0,0,0,0,0,0,0,0,0,0,0,0,0,0,0,0,0,0,0,0,0,0,0,0,0,0,0,0,0,0,0,0,0,0,0,0,0,0,0,0,0,0,0,0,0,0,0,0,0,0,0,0,0,0,0,0,0,0,0,0,0,0,0,0,0,0,0,0,0,0,0,0,0,0,0,0,0,0,0,0,0,0,0,0,0,0,0,0,0,0,0,0,0,0,0,0,0,0,0,0,0,0,0,0,0,0,0,0,0,0,0,0,0,0,0,0,0,0,0,0,0,0,0,0,0,0,0,0,0,0,0,0,0,0,0,0,0,0,0,0,0,0,0,0,0,0,0,0,0,0,0,0,0,0,0,0,0,0,0,0,0,0
"234",51.8854,52.01545,52.1454,53.02835,53.060075,53.2286,54.054875,54.535625,55.1733,55.59095,55.64105,55.90175,56.2836,56.368,56.862025,57.72775,58.0525,58.0781,0,0,0,0,0,0,0,0,0,0,0,0,0,0,0,0,0,0,0,0,0,0,0,0,0,0,0,0,0,0,0,0,0,0,0,0,0,0,0,0,0,0,0,0,0,0,0,0,0,0,0,0,0,0,0,0,0,0,0,0,0,0,0,0,0,0,0,0,0,0,0,0,0,0,0,0,0,0,0,0,0,0,0,0,0,0,0,0,0,0,0,0,0,0,0,0,0,0,0,0,0,0,0,0,0,0,0,0,0,0,0,0,0,0,0,0,0,0,0,0,0,0,0,0,0,0,0,0,0,0,0,0,0,0,0,0,0,0,0,0,0,0,0,0,0,0,0,0,0,0,0,0,0,0,0,0,0,0,0,0,0,0,0,0,0,0,0,0,0,0,0,0,0,0,0,0,0,0,0,0,0,0,0,0,0,0,0,0,0,0,0,0,0,0,0,0,0,0,0,0,0,0,0,0,0,0,0,0,0,0,0,0,0,0,0,0,0,0,0,0,0,0,0,0,0,0,0,0,0,0,0,0,0,0,0,0,0,0,0,0,0,0,0,0,0,0,0,0,0,0,0,0,0,0,0,0,0,0,0,0,0,0,0,0,0,0,0,0,0,0,0,0,0,0,0,0,0,0,0,0,0,0,0,0,0,0,0,0,0,0,0,0,0,0,0,0,0,0,0,0,0,0,0,0,0,0,0,0,0,0,0,0,0,0,0,0,0,0,0,0,0,0,0,0,0,0,0,0,0,0,0,0,0,0,0,0,0,0,0,0,0,0,0,0,0,0,0,0,0,0,0,0,0,0,0,0,0,0,0,0,0,0,0,0,0,0,0,0,0,0,0,0,0,0,0,0,0,0,0,0,0,0,0,0,0,0,0,0,0,0,0,0,0,0,0,0,0,0,0,0,0,0,0,0,0,0,0,0,0,0,0,0,0,0,0,0,0,0
"235",49.971575,50.07885,50.109225,50.12335,50.1591,50.192,50.244625,50.268875,50.294775,50.338225,50.37435,50.397425,50.4324,50.487125,50.620025,50.668575,50.699725,50.7477,50.97265,51.008525,51.050775,51.0729,51.086175,51.1156,51.137725,51.160025,51.175,51.200175,51.2526,51.277725,51.2993,51.34,51.39495,51.632775,51.675475,51.70375,51.767725,51.938375,51.960475,52.02585,52.056375,52.081275,52.125475,52.141625,52.1583,52.18215,52.219775,52.233625,52.2545,52.293025,52.307525,52.32055,52.33015,52.33595,52.34525,52.359225,52.3695,52.382075,52.393175,52.40185,52.404825,52.41455,52.42235,52.4442,52.454675,52.464275,52.477225,52.4954,52.512675,52.525775,52.5603,52.582125,52.61405,52.68635,52.7098,52.742875,52.84885,52.943125,53.1402,53.3902,53.44,53.480175,53.516375,53.541775,53.575675,53.616775,53.644975,53.6587,53.66965,53.685475,53.699775,53.7206,53.746625,53.758925,53.768725,53.78325,53.827875,53.855075,53.8681,53.8826,53.911475,54.0077,54.04725,54.061775,54.091475,54.11275,54.153,54.22525,54.2501,54.2851,54.30655,54.325825,54.356175,54.375125,54.39215,54.43555,54.450025,54.4694,54.4966,54.5073,54.550375,54.575775,54.59255,54.6103,54.6297,54.6774,54.715625,54.7306,54.8059,54.8292,54.8762,54.91415,54.939525,54.95745,54.983275,55.006875,55.142025,55.766725,55.82485,55.84475,55.86495,56.062375,56.2055,56.251625,56.298675,56.333125,56.358325,56.3755,56.38815,56.41645,56.4414,56.457675,56.476275,56.48665,56.51275,56.535975,56.5468,56.557775,56.57695,56.588425,56.598375,56.609275,56.623675,56.635175,56.64765,56.66175,56.673925,56.69115,56.715325,56.73455,56.7458,56.7643,56.775125,56.78865,56.820075,56.837375,56.85295,56.88525,56.90115,56.922075,56.9956,57.789275,57.991025,58.064025,58.09525,58.142375,58.184275,58.233725,58.2582,58.2797,58.306525,58.341975,58.36545,58.3971,58.42075,58.440075,58.474175,58.491475,58.513875,58.545525,58.57885,58.60325,58.6258,58.64495,58.6617,58.673025,58.74065,58.76765,58.788625,58.8097,59.343825,59.432075,59.5117,59.683325,59.72655,59.796525,59.878025,59.9065,59.953925,59.984725,60.0569,60.0796,60.1238,60.17285,60.2029,60.239575,60.263825,60.30715,60.327625,60.34995,60.3779,60.400525,60.416775,60.444675,60.46245,60.475875,60.497475,60.5317,60.57135,60.595975,60.67305,61.8431,62.04335,62.426425,0,0,0,0,0,0,0,0,0,0,0,0,0,0,0,0,0,0,0,0,0,0,0,0,0,0,0,0,0,0,0,0,0,0,0,0,0,0,0,0,0,0,0,0,0,0,0,0,0,0,0,0,0,0,0,0,0,0,0,0,0,0,0,0,0,0,0,0,0,0,0,0,0,0,0,0,0,0,0,0,0,0,0,0,0,0,0,0,0,0,0,0,0,0,0,0,0,0,0,0,0,0,0,0,0,0,0,0,0,0,0,0,0,0,0,0,0,0,0,0,0,0,0,0,0,0,0,0,0,0,0,0,0,0,0,0,0,0,0,0,0,0,0,0,0,0,0,0,0,0,0,0,0,0,0,0,0,0,0,0,0,0,0,0,0,0,0,0,0,0,0,0,0,0,0,0,0,0,0,0,0,0,0,0,0,0,0,0,0,0,0,0
"236",50.8517,51.525075,52.048175,53.143425,53.305625,53.5791,53.874475,54.030975,54.141925,54.740875,54.773375,54.8412,54.918575,55.008075,55.100525,55.1509,55.36475,55.416825,55.49255,55.5093,55.551975,55.7405,55.77675,55.8599,55.889375,55.9155,55.932525,55.9745,55.989,56.041425,56.070825,56.0993,56.123575,56.142075,57.062525,57.17275,57.306225,57.50235,57.661,59.07815,59.176525,59.232925,59.260825,59.3066,59.3636,59.409125,59.575375,60.74525,60.825275,60.894025,60.9499,60.98665,61.051325,61.0926,64.272675,64.31735,64.383625,64.449575,64.494075,64.621575,64.71795,64.8004,64.961575,0,0,0,0,0,0,0,0,0,0,0,0,0,0,0,0,0,0,0,0,0,0,0,0,0,0,0,0,0,0,0,0,0,0,0,0,0,0,0,0,0,0,0,0,0,0,0,0,0,0,0,0,0,0,0,0,0,0,0,0,0,0,0,0,0,0,0,0,0,0,0,0,0,0,0,0,0,0,0,0,0,0,0,0,0,0,0,0,0,0,0,0,0,0,0,0,0,0,0,0,0,0,0,0,0,0,0,0,0,0,0,0,0,0,0,0,0,0,0,0,0,0,0,0,0,0,0,0,0,0,0,0,0,0,0,0,0,0,0,0,0,0,0,0,0,0,0,0,0,0,0,0,0,0,0,0,0,0,0,0,0,0,0,0,0,0,0,0,0,0,0,0,0,0,0,0,0,0,0,0,0,0,0,0,0,0,0,0,0,0,0,0,0,0,0,0,0,0,0,0,0,0,0,0,0,0,0,0,0,0,0,0,0,0,0,0,0,0,0,0,0,0,0,0,0,0,0,0,0,0,0,0,0,0,0,0,0,0,0,0,0,0,0,0,0,0,0,0,0,0,0,0,0,0,0,0,0,0,0,0,0,0,0,0,0,0,0,0,0,0,0,0,0,0,0,0,0,0,0,0,0,0,0,0,0,0,0,0,0,0,0,0,0,0,0,0,0,0,0,0,0,0,0,0,0,0,0,0,0,0,0,0,0,0,0,0,0,0,0,0,0,0,0,0,0,0,0,0,0,0,0,0,0,0,0,0,0,0,0,0,0,0,0,0,0,0,0,0,0,0,0,0,0,0,0,0,0,0,0,0,0,0,0,0,0,0,0,0,0,0,0,0,0
"237",49.627625,49.9459,49.978875,50.117375,51.3079,52.28795,56.98185,58.512225,60.275725,60.3531,60.41315,60.535525,61.7681,62.1138,62.42465,67.88275,71.30605,75.909475,77.705075,0,0,0,0,0,0,0,0,0,0,0,0,0,0,0,0,0,0,0,0,0,0,0,0,0,0,0,0,0,0,0,0,0,0,0,0,0,0,0,0,0,0,0,0,0,0,0,0,0,0,0,0,0,0,0,0,0,0,0,0,0,0,0,0,0,0,0,0,0,0,0,0,0,0,0,0,0,0,0,0,0,0,0,0,0,0,0,0,0,0,0,0,0,0,0,0,0,0,0,0,0,0,0,0,0,0,0,0,0,0,0,0,0,0,0,0,0,0,0,0,0,0,0,0,0,0,0,0,0,0,0,0,0,0,0,0,0,0,0,0,0,0,0,0,0,0,0,0,0,0,0,0,0,0,0,0,0,0,0,0,0,0,0,0,0,0,0,0,0,0,0,0,0,0,0,0,0,0,0,0,0,0,0,0,0,0,0,0,0,0,0,0,0,0,0,0,0,0,0,0,0,0,0,0,0,0,0,0,0,0,0,0,0,0,0,0,0,0,0,0,0,0,0,0,0,0,0,0,0,0,0,0,0,0,0,0,0,0,0,0,0,0,0,0,0,0,0,0,0,0,0,0,0,0,0,0,0,0,0,0,0,0,0,0,0,0,0,0,0,0,0,0,0,0,0,0,0,0,0,0,0,0,0,0,0,0,0,0,0,0,0,0,0,0,0,0,0,0,0,0,0,0,0,0,0,0,0,0,0,0,0,0,0,0,0,0,0,0,0,0,0,0,0,0,0,0,0,0,0,0,0,0,0,0,0,0,0,0,0,0,0,0,0,0,0,0,0,0,0,0,0,0,0,0,0,0,0,0,0,0,0,0,0,0,0,0,0,0,0,0,0,0,0,0,0,0,0,0,0,0,0,0,0,0,0,0,0,0,0,0,0,0,0,0,0,0,0,0,0,0,0,0,0,0,0,0,0,0,0,0,0,0,0,0,0,0,0
"238",49.652775,49.705275,50.781175,50.82245,50.845875,50.89195,51.4299,51.50385,51.51605,51.52755,51.5454,51.575725,51.6034,51.619625,51.6467,51.736275,51.76335,51.8034,51.832975,51.864975,51.90705,51.924175,51.961325,51.994225,52.0194,52.079225,52.14815,52.189425,52.6721,52.691025,52.7012,52.72945,52.767025,52.803125,52.8205,52.8498,52.8749,52.92495,53.010475,53.075775,53.091475,53.13015,53.150475,53.164425,53.18305,53.2189,53.25075,53.30755,53.32625,53.346475,53.413925,53.4993,53.590475,53.8133,53.87665,53.9021,53.959425,53.982,54.0191,54.0483,54.0977,54.13175,54.16205,54.18905,54.23175,54.6673,54.6959,54.74435,54.7642,54.807825,54.83415,54.875225,54.903575,54.926175,54.959725,54.973075,55.0621,55.081025,55.1221,55.1489,55.2928,55.2952,55.332775,55.414825,55.438875,55.561125,55.656775,55.672475,55.716425,55.7369,55.7719,55.839275,55.855125,56.0355,56.052525,56.111325,56.206025,56.949275,57.00025,57.0219,57.063675,57.07995,57.187875,57.224475,57.2744,57.3126,57.3252,57.3673,57.415525,57.453375,57.493175,57.60425,57.68545,57.82015,57.8445,57.898375,58.016875,58.131475,58.1376,58.964025,58.9802,58.998225,59.039275,59.06135,59.10325,59.159175,59.17435,59.224525,59.23945,59.267325,59.36665,59.4627,59.5432,59.63425,60.988325,61.041225,61.119425,64.353325,64.40825,64.46655,64.6701,0,0,0,0,0,0,0,0,0,0,0,0,0,0,0,0,0,0,0,0,0,0,0,0,0,0,0,0,0,0,0,0,0,0,0,0,0,0,0,0,0,0,0,0,0,0,0,0,0,0,0,0,0,0,0,0,0,0,0,0,0,0,0,0,0,0,0,0,0,0,0,0,0,0,0,0,0,0,0,0,0,0,0,0,0,0,0,0,0,0,0,0,0,0,0,0,0,0,0,0,0,0,0,0,0,0,0,0,0,0,0,0,0,0,0,0,0,0,0,0,0,0,0,0,0,0,0,0,0,0,0,0,0,0,0,0,0,0,0,0,0,0,0,0,0,0,0,0,0,0,0,0,0,0,0,0,0,0,0,0,0,0,0,0,0,0,0,0,0,0,0,0,0,0,0,0,0,0,0,0,0,0,0,0,0,0,0,0,0,0,0,0,0,0,0,0,0,0,0,0,0,0,0,0,0,0,0,0,0,0,0,0,0,0,0,0,0,0,0,0,0,0,0,0,0,0,0,0,0,0,0,0,0,0,0,0,0,0,0,0,0,0,0,0,0,0,0,0,0,0,0,0,0,0,0,0,0,0,0,0,0,0,0,0,0,0,0,0,0,0,0,0,0,0,0,0,0,0,0,0,0,0,0,0,0,0,0,0,0,0,0,0,0,0,0
"239",52.926825,53.161975,53.292525,53.365725,53.418125,54.9347,54.9846,55.048125,55.13035,55.157375,55.209725,57.76245,57.845875,0,0,0,0,0,0,0,0,0,0,0,0,0,0,0,0,0,0,0,0,0,0,0,0,0,0,0,0,0,0,0,0,0,0,0,0,0,0,0,0,0,0,0,0,0,0,0,0,0,0,0,0,0,0,0,0,0,0,0,0,0,0,0,0,0,0,0,0,0,0,0,0,0,0,0,0,0,0,0,0,0,0,0,0,0,0,0,0,0,0,0,0,0,0,0,0,0,0,0,0,0,0,0,0,0,0,0,0,0,0,0,0,0,0,0,0,0,0,0,0,0,0,0,0,0,0,0,0,0,0,0,0,0,0,0,0,0,0,0,0,0,0,0,0,0,0,0,0,0,0,0,0,0,0,0,0,0,0,0,0,0,0,0,0,0,0,0,0,0,0,0,0,0,0,0,0,0,0,0,0,0,0,0,0,0,0,0,0,0,0,0,0,0,0,0,0,0,0,0,0,0,0,0,0,0,0,0,0,0,0,0,0,0,0,0,0,0,0,0,0,0,0,0,0,0,0,0,0,0,0,0,0,0,0,0,0,0,0,0,0,0,0,0,0,0,0,0,0,0,0,0,0,0,0,0,0,0,0,0,0,0,0,0,0,0,0,0,0,0,0,0,0,0,0,0,0,0,0,0,0,0,0,0,0,0,0,0,0,0,0,0,0,0,0,0,0,0,0,0,0,0,0,0,0,0,0,0,0,0,0,0,0,0,0,0,0,0,0,0,0,0,0,0,0,0,0,0,0,0,0,0,0,0,0,0,0,0,0,0,0,0,0,0,0,0,0,0,0,0,0,0,0,0,0,0,0,0,0,0,0,0,0,0,0,0,0,0,0,0,0,0,0,0,0,0,0,0,0,0,0,0,0,0,0,0,0,0,0,0,0,0,0,0,0,0,0,0,0,0,0,0,0,0,0,0,0,0,0,0,0,0,0,0,0,0,0,0,0,0,0,0,0,0
"240",49.576525,49.64245,50.610875,50.662,50.684025,50.7121,50.73695,50.760375,50.929175,51.42705,51.44835,51.473875,51.669125,52.609025,52.636375,52.65595,58.897575,58.923575,60.7983,60.920025,62.953175,64.1831,64.24495,64.29345,64.525775,0,0,0,0,0,0,0,0,0,0,0,0,0,0,0,0,0,0,0,0,0,0,0,0,0,0,0,0,0,0,0,0,0,0,0,0,0,0,0,0,0,0,0,0,0,0,0,0,0,0,0,0,0,0,0,0,0,0,0,0,0,0,0,0,0,0,0,0,0,0,0,0,0,0,0,0,0,0,0,0,0,0,0,0,0,0,0,0,0,0,0,0,0,0,0,0,0,0,0,0,0,0,0,0,0,0,0,0,0,0,0,0,0,0,0,0,0,0,0,0,0,0,0,0,0,0,0,0,0,0,0,0,0,0,0,0,0,0,0,0,0,0,0,0,0,0,0,0,0,0,0,0,0,0,0,0,0,0,0,0,0,0,0,0,0,0,0,0,0,0,0,0,0,0,0,0,0,0,0,0,0,0,0,0,0,0,0,0,0,0,0,0,0,0,0,0,0,0,0,0,0,0,0,0,0,0,0,0,0,0,0,0,0,0,0,0,0,0,0,0,0,0,0,0,0,0,0,0,0,0,0,0,0,0,0,0,0,0,0,0,0,0,0,0,0,0,0,0,0,0,0,0,0,0,0,0,0,0,0,0,0,0,0,0,0,0,0,0,0,0,0,0,0,0,0,0,0,0,0,0,0,0,0,0,0,0,0,0,0,0,0,0,0,0,0,0,0,0,0,0,0,0,0,0,0,0,0,0,0,0,0,0,0,0,0,0,0,0,0,0,0,0,0,0,0,0,0,0,0,0,0,0,0,0,0,0,0,0,0,0,0,0,0,0,0,0,0,0,0,0,0,0,0,0,0,0,0,0,0,0,0,0,0,0,0,0,0,0,0,0,0,0,0,0,0,0,0,0,0,0,0,0,0,0,0,0,0,0,0,0,0,0,0,0,0,0,0,0,0,0,0,0,0,0,0,0,0,0,0,0,0
"241",49.948675,49.98125,50.0421,50.06805,50.10355,50.12575,50.165025,50.308075,50.971525,51.033125,51.0658,51.098375,51.16905,51.263425,52.350375,52.458375,56.43375,56.52445,56.597275,56.776375,58.26065,58.3059,58.3555,58.392825,58.4273,58.45585,58.490425,58.5111,58.55815,58.588225,58.636775,59.819825,59.8746,59.93845,59.973025,60.006875,60.034625,60.075325,60.14175,60.1975,60.243925,60.2954,60.3348,60.39175,60.496125,61.35635,61.419875,61.492425,61.5582,61.622575,61.674975,61.751925,61.81455,61.8844,61.9747,62.024825,62.10435,62.1933,62.31455,63.26815,63.35305,63.4464,63.516625,63.58795,65.025925,65.16045,65.280375,65.445225,65.60905,65.937875,0,0,0,0,0,0,0,0,0,0,0,0,0,0,0,0,0,0,0,0,0,0,0,0,0,0,0,0,0,0,0,0,0,0,0,0,0,0,0,0,0,0,0,0,0,0,0,0,0,0,0,0,0,0,0,0,0,0,0,0,0,0,0,0,0,0,0,0,0,0,0,0,0,0,0,0,0,0,0,0,0,0,0,0,0,0,0,0,0,0,0,0,0,0,0,0,0,0,0,0,0,0,0,0,0,0,0,0,0,0,0,0,0,0,0,0,0,0,0,0,0,0,0,0,0,0,0,0,0,0,0,0,0,0,0,0,0,0,0,0,0,0,0,0,0,0,0,0,0,0,0,0,0,0,0,0,0,0,0,0,0,0,0,0,0,0,0,0,0,0,0,0,0,0,0,0,0,0,0,0,0,0,0,0,0,0,0,0,0,0,0,0,0,0,0,0,0,0,0,0,0,0,0,0,0,0,0,0,0,0,0,0,0,0,0,0,0,0,0,0,0,0,0,0,0,0,0,0,0,0,0,0,0,0,0,0,0,0,0,0,0,0,0,0,0,0,0,0,0,0,0,0,0,0,0,0,0,0,0,0,0,0,0,0,0,0,0,0,0,0,0,0,0,0,0,0,0,0,0,0,0,0,0,0,0,0,0,0,0,0,0,0,0,0,0,0,0,0,0,0,0,0,0,0,0,0,0,0,0,0,0,0,0,0,0,0,0,0,0,0,0,0,0,0,0,0,0,0,0,0,0,0,0,0,0,0,0,0,0,0,0,0,0,0,0,0,0,0,0,0,0,0,0,0,0,0,0,0,0,0,0,0,0,0,0,0
"242",49.5582,49.599825,50.631475,50.6633,50.6963,50.961225,52.48,52.660375,52.791575,56.0561,56.310725,56.44255,57.396575,58.879825,59.0058,59.522125,61.428925,61.752925,61.89335,62.086475,62.23745,62.911675,64.1653,0,0,0,0,0,0,0,0,0,0,0,0,0,0,0,0,0,0,0,0,0,0,0,0,0,0,0,0,0,0,0,0,0,0,0,0,0,0,0,0,0,0,0,0,0,0,0,0,0,0,0,0,0,0,0,0,0,0,0,0,0,0,0,0,0,0,0,0,0,0,0,0,0,0,0,0,0,0,0,0,0,0,0,0,0,0,0,0,0,0,0,0,0,0,0,0,0,0,0,0,0,0,0,0,0,0,0,0,0,0,0,0,0,0,0,0,0,0,0,0,0,0,0,0,0,0,0,0,0,0,0,0,0,0,0,0,0,0,0,0,0,0,0,0,0,0,0,0,0,0,0,0,0,0,0,0,0,0,0,0,0,0,0,0,0,0,0,0,0,0,0,0,0,0,0,0,0,0,0,0,0,0,0,0,0,0,0,0,0,0,0,0,0,0,0,0,0,0,0,0,0,0,0,0,0,0,0,0,0,0,0,0,0,0,0,0,0,0,0,0,0,0,0,0,0,0,0,0,0,0,0,0,0,0,0,0,0,0,0,0,0,0,0,0,0,0,0,0,0,0,0,0,0,0,0,0,0,0,0,0,0,0,0,0,0,0,0,0,0,0,0,0,0,0,0,0,0,0,0,0,0,0,0,0,0,0,0,0,0,0,0,0,0,0,0,0,0,0,0,0,0,0,0,0,0,0,0,0,0,0,0,0,0,0,0,0,0,0,0,0,0,0,0,0,0,0,0,0,0,0,0,0,0,0,0,0,0,0,0,0,0,0,0,0,0,0,0,0,0,0,0,0,0,0,0,0,0,0,0,0,0,0,0,0,0,0,0,0,0,0,0,0,0,0,0,0,0,0,0,0,0,0,0,0,0,0,0,0,0,0,0,0,0,0,0,0,0,0,0,0,0,0,0,0,0,0,0,0,0,0,0,0,0
"243",51.7205,51.766625,51.7867,51.816675,51.8473,51.885525,51.914575,51.955925,51.99015,52.043875,52.069475,52.0903,52.9628,52.98765,53.0223,53.0443,53.061775,53.0858,53.1068,53.12525,53.1577,53.1755,53.200775,53.23565,53.266875,53.313125,53.371125,53.424325,55.190275,55.28415,55.345725,56.117725,56.2308,57.529275,57.554125,57.58345,57.646875,57.695975,0,0,0,0,0,0,0,0,0,0,0,0,0,0,0,0,0,0,0,0,0,0,0,0,0,0,0,0,0,0,0,0,0,0,0,0,0,0,0,0,0,0,0,0,0,0,0,0,0,0,0,0,0,0,0,0,0,0,0,0,0,0,0,0,0,0,0,0,0,0,0,0,0,0,0,0,0,0,0,0,0,0,0,0,0,0,0,0,0,0,0,0,0,0,0,0,0,0,0,0,0,0,0,0,0,0,0,0,0,0,0,0,0,0,0,0,0,0,0,0,0,0,0,0,0,0,0,0,0,0,0,0,0,0,0,0,0,0,0,0,0,0,0,0,0,0,0,0,0,0,0,0,0,0,0,0,0,0,0,0,0,0,0,0,0,0,0,0,0,0,0,0,0,0,0,0,0,0,0,0,0,0,0,0,0,0,0,0,0,0,0,0,0,0,0,0,0,0,0,0,0,0,0,0,0,0,0,0,0,0,0,0,0,0,0,0,0,0,0,0,0,0,0,0,0,0,0,0,0,0,0,0,0,0,0,0,0,0,0,0,0,0,0,0,0,0,0,0,0,0,0,0,0,0,0,0,0,0,0,0,0,0,0,0,0,0,0,0,0,0,0,0,0,0,0,0,0,0,0,0,0,0,0,0,0,0,0,0,0,0,0,0,0,0,0,0,0,0,0,0,0,0,0,0,0,0,0,0,0,0,0,0,0,0,0,0,0,0,0,0,0,0,0,0,0,0,0,0,0,0,0,0,0,0,0,0,0,0,0,0,0,0,0,0,0,0,0,0,0,0,0,0,0,0,0,0,0,0,0,0,0,0,0,0,0,0,0,0,0,0,0,0,0,0,0,0,0,0,0,0,0,0,0,0,0,0,0,0,0,0,0,0,0,0,0,0,0,0
"244",50.0669,50.131375,50.196125,50.2453,50.487725,50.701225,50.839325,51.17375,51.217875,51.288125,51.3376,51.528875,51.5929,52.02255,52.5335,52.706575,52.733775,53.06785,54.526225,54.877325,55.02975,56.628625,56.7265,56.8754,58.554,58.803325,60.4538,62.233375,0,0,0,0,0,0,0,0,0,0,0,0,0,0,0,0,0,0,0,0,0,0,0,0,0,0,0,0,0,0,0,0,0,0,0,0,0,0,0,0,0,0,0,0,0,0,0,0,0,0,0,0,0,0,0,0,0,0,0,0,0,0,0,0,0,0,0,0,0,0,0,0,0,0,0,0,0,0,0,0,0,0,0,0,0,0,0,0,0,0,0,0,0,0,0,0,0,0,0,0,0,0,0,0,0,0,0,0,0,0,0,0,0,0,0,0,0,0,0,0,0,0,0,0,0,0,0,0,0,0,0,0,0,0,0,0,0,0,0,0,0,0,0,0,0,0,0,0,0,0,0,0,0,0,0,0,0,0,0,0,0,0,0,0,0,0,0,0,0,0,0,0,0,0,0,0,0,0,0,0,0,0,0,0,0,0,0,0,0,0,0,0,0,0,0,0,0,0,0,0,0,0,0,0,0,0,0,0,0,0,0,0,0,0,0,0,0,0,0,0,0,0,0,0,0,0,0,0,0,0,0,0,0,0,0,0,0,0,0,0,0,0,0,0,0,0,0,0,0,0,0,0,0,0,0,0,0,0,0,0,0,0,0,0,0,0,0,0,0,0,0,0,0,0,0,0,0,0,0,0,0,0,0,0,0,0,0,0,0,0,0,0,0,0,0,0,0,0,0,0,0,0,0,0,0,0,0,0,0,0,0,0,0,0,0,0,0,0,0,0,0,0,0,0,0,0,0,0,0,0,0,0,0,0,0,0,0,0,0,0,0,0,0,0,0,0,0,0,0,0,0,0,0,0,0,0,0,0,0,0,0,0,0,0,0,0,0,0,0,0,0,0,0,0,0,0,0,0,0,0,0,0,0,0,0,0,0,0,0,0,0,0,0,0,0,0,0,0,0,0,0,0,0,0,0,0,0,0
"245",51.534,51.565175,51.6535,51.68735,51.709375,51.754,51.779375,51.822975,51.87225,51.912825,51.9526,51.996375,52.879575,52.92035,52.9411,52.9791,53.160175,53.232025,53.26385,53.301475,53.38555,55.215525,56.1097,57.31565,57.45765,57.483,57.507275,57.612025,57.640375,57.67575,59.2934,0,0,0,0,0,0,0,0,0,0,0,0,0,0,0,0,0,0,0,0,0,0,0,0,0,0,0,0,0,0,0,0,0,0,0,0,0,0,0,0,0,0,0,0,0,0,0,0,0,0,0,0,0,0,0,0,0,0,0,0,0,0,0,0,0,0,0,0,0,0,0,0,0,0,0,0,0,0,0,0,0,0,0,0,0,0,0,0,0,0,0,0,0,0,0,0,0,0,0,0,0,0,0,0,0,0,0,0,0,0,0,0,0,0,0,0,0,0,0,0,0,0,0,0,0,0,0,0,0,0,0,0,0,0,0,0,0,0,0,0,0,0,0,0,0,0,0,0,0,0,0,0,0,0,0,0,0,0,0,0,0,0,0,0,0,0,0,0,0,0,0,0,0,0,0,0,0,0,0,0,0,0,0,0,0,0,0,0,0,0,0,0,0,0,0,0,0,0,0,0,0,0,0,0,0,0,0,0,0,0,0,0,0,0,0,0,0,0,0,0,0,0,0,0,0,0,0,0,0,0,0,0,0,0,0,0,0,0,0,0,0,0,0,0,0,0,0,0,0,0,0,0,0,0,0,0,0,0,0,0,0,0,0,0,0,0,0,0,0,0,0,0,0,0,0,0,0,0,0,0,0,0,0,0,0,0,0,0,0,0,0,0,0,0,0,0,0,0,0,0,0,0,0,0,0,0,0,0,0,0,0,0,0,0,0,0,0,0,0,0,0,0,0,0,0,0,0,0,0,0,0,0,0,0,0,0,0,0,0,0,0,0,0,0,0,0,0,0,0,0,0,0,0,0,0,0,0,0,0,0,0,0,0,0,0,0,0,0,0,0,0,0,0,0,0,0,0,0,0,0,0,0,0,0,0,0,0,0,0,0,0,0,0,0,0,0,0,0,0,0,0,0,0,0,0
"246",50.1159,51.549875,51.624325,51.66395,52.9871,54.788125,54.824,54.863275,54.9178,55.028925,55.05625,55.147025,55.263725,55.513275,57.2339,57.288375,57.368075,57.4193,57.50865,59.3625,59.4427,60.380575,0,0,0,0,0,0,0,0,0,0,0,0,0,0,0,0,0,0,0,0,0,0,0,0,0,0,0,0,0,0,0,0,0,0,0,0,0,0,0,0,0,0,0,0,0,0,0,0,0,0,0,0,0,0,0,0,0,0,0,0,0,0,0,0,0,0,0,0,0,0,0,0,0,0,0,0,0,0,0,0,0,0,0,0,0,0,0,0,0,0,0,0,0,0,0,0,0,0,0,0,0,0,0,0,0,0,0,0,0,0,0,0,0,0,0,0,0,0,0,0,0,0,0,0,0,0,0,0,0,0,0,0,0,0,0,0,0,0,0,0,0,0,0,0,0,0,0,0,0,0,0,0,0,0,0,0,0,0,0,0,0,0,0,0,0,0,0,0,0,0,0,0,0,0,0,0,0,0,0,0,0,0,0,0,0,0,0,0,0,0,0,0,0,0,0,0,0,0,0,0,0,0,0,0,0,0,0,0,0,0,0,0,0,0,0,0,0,0,0,0,0,0,0,0,0,0,0,0,0,0,0,0,0,0,0,0,0,0,0,0,0,0,0,0,0,0,0,0,0,0,0,0,0,0,0,0,0,0,0,0,0,0,0,0,0,0,0,0,0,0,0,0,0,0,0,0,0,0,0,0,0,0,0,0,0,0,0,0,0,0,0,0,0,0,0,0,0,0,0,0,0,0,0,0,0,0,0,0,0,0,0,0,0,0,0,0,0,0,0,0,0,0,0,0,0,0,0,0,0,0,0,0,0,0,0,0,0,0,0,0,0,0,0,0,0,0,0,0,0,0,0,0,0,0,0,0,0,0,0,0,0,0,0,0,0,0,0,0,0,0,0,0,0,0,0,0,0,0,0,0,0,0,0,0,0,0,0,0,0,0,0,0,0,0,0,0,0,0,0,0,0,0,0,0,0,0,0,0,0,0,0,0,0,0
"247",49.59845,49.703375,50.7347,50.778625,50.90675,51.477525,51.61775,51.6423,51.902,51.965575,52.171775,52.631075,52.69765,52.8732,52.923675,53.245025,53.965375,54.2182,54.824625,58.901075,58.988525,59.003925,60.666025,60.792275,62.819575,62.9481,63.102875,63.998625,64.0919,64.16945,64.20575,0,0,0,0,0,0,0,0,0,0,0,0,0,0,0,0,0,0,0,0,0,0,0,0,0,0,0,0,0,0,0,0,0,0,0,0,0,0,0,0,0,0,0,0,0,0,0,0,0,0,0,0,0,0,0,0,0,0,0,0,0,0,0,0,0,0,0,0,0,0,0,0,0,0,0,0,0,0,0,0,0,0,0,0,0,0,0,0,0,0,0,0,0,0,0,0,0,0,0,0,0,0,0,0,0,0,0,0,0,0,0,0,0,0,0,0,0,0,0,0,0,0,0,0,0,0,0,0,0,0,0,0,0,0,0,0,0,0,0,0,0,0,0,0,0,0,0,0,0,0,0,0,0,0,0,0,0,0,0,0,0,0,0,0,0,0,0,0,0,0,0,0,0,0,0,0,0,0,0,0,0,0,0,0,0,0,0,0,0,0,0,0,0,0,0,0,0,0,0,0,0,0,0,0,0,0,0,0,0,0,0,0,0,0,0,0,0,0,0,0,0,0,0,0,0,0,0,0,0,0,0,0,0,0,0,0,0,0,0,0,0,0,0,0,0,0,0,0,0,0,0,0,0,0,0,0,0,0,0,0,0,0,0,0,0,0,0,0,0,0,0,0,0,0,0,0,0,0,0,0,0,0,0,0,0,0,0,0,0,0,0,0,0,0,0,0,0,0,0,0,0,0,0,0,0,0,0,0,0,0,0,0,0,0,0,0,0,0,0,0,0,0,0,0,0,0,0,0,0,0,0,0,0,0,0,0,0,0,0,0,0,0,0,0,0,0,0,0,0,0,0,0,0,0,0,0,0,0,0,0,0,0,0,0,0,0,0,0,0,0,0,0,0,0,0,0,0,0,0,0,0,0,0,0,0,0,0,0,0,0,0,0,0,0,0,0,0,0,0,0,0,0,0,0,0
"248",44.73505,48.347775,49.492425,49.563925,49.613225,49.712975,49.771175,49.7998,49.862125,49.993,50.041075,50.23245,50.4336,50.514525,50.533875,50.58015,50.6011,50.6784,50.726475,50.771225,50.82655,50.847325,50.91725,50.93385,50.973725,50.9933,51.026775,51.0606,51.211825,51.2944,51.381075,51.400225,51.420275,51.438775,51.5631,51.6573,51.827975,51.860425,51.898975,51.966625,52.045125,52.080175,52.14775,52.222675,52.310375,52.3285,52.36485,52.408125,52.507125,52.542675,52.647,52.656725,52.680475,52.800475,52.918925,52.9548,53.02125,53.1142,53.242775,53.507725,53.550325,53.584525,53.729,53.78035,53.81445,53.843925,53.907275,53.925625,53.958625,54.005225,54.024175,54.068475,54.11515,54.1562,54.2116,54.34535,54.382175,54.407425,54.4294,54.575325,54.63455,54.700075,54.777275,54.8668,54.896725,54.944675,55.0016,55.098075,55.22335,55.712625,55.831175,55.867,55.936275,55.98185,56.0198,56.1874,56.29815,56.406,56.471825,56.509475,56.540275,56.6372,56.67595,56.71175,56.71465,56.81975,56.910775,56.96325,57.04485,57.0868,57.249975,57.346675,57.47015,57.5316,57.613525,58.0084,58.08035,58.1116,58.154975,58.202075,58.25575,58.34795,58.485875,58.5516,58.7345,58.798175,58.896425,58.950475,59.020125,59.058875,59.14975,59.220425,59.2909,59.3698,59.4167,59.691625,59.7238,59.85295,59.977025,60.018325,60.140525,60.225225,60.4153,60.576125,60.6844,60.999625,61.246425,61.4167,61.49925,61.595875,61.676025,61.80295,62.018325,62.24805,62.398975,62.61755,62.99085,63.29135,63.4019,63.59555,63.7249,63.79475,63.881625,63.9711,64.42895,64.704125,64.841725,65.1081,0,0,0,0,0,0,0,0,0,0,0,0,0,0,0,0,0,0,0,0,0,0,0,0,0,0,0,0,0,0,0,0,0,0,0,0,0,0,0,0,0,0,0,0,0,0,0,0,0,0,0,0,0,0,0,0,0,0,0,0,0,0,0,0,0,0,0,0,0,0,0,0,0,0,0,0,0,0,0,0,0,0,0,0,0,0,0,0,0,0,0,0,0,0,0,0,0,0,0,0,0,0,0,0,0,0,0,0,0,0,0,0,0,0,0,0,0,0,0,0,0,0,0,0,0,0,0,0,0,0,0,0,0,0,0,0,0,0,0,0,0,0,0,0,0,0,0,0,0,0,0,0,0,0,0,0,0,0,0,0,0,0,0,0,0,0,0,0,0,0,0,0,0,0,0,0,0,0,0,0,0,0,0,0,0,0,0,0,0,0,0,0,0,0,0,0,0,0,0,0,0,0,0,0,0,0,0,0,0,0,0,0,0,0,0,0,0,0,0,0,0,0,0,0,0,0,0,0,0,0,0,0,0,0,0,0,0,0,0,0,0,0,0,0,0,0,0,0,0,0,0,0,0,0,0,0,0,0,0,0,0,0,0,0,0,0,0,0
"249",51.573725,51.694125,51.981125,52.03745,52.98085,53.10945,53.173575,53.19685,53.21445,53.397425,54.935975,55.239125,55.347525,55.46045,55.64695,56.953475,57.7532,64.546025,0,0,0,0,0,0,0,0,0,0,0,0,0,0,0,0,0,0,0,0,0,0,0,0,0,0,0,0,0,0,0,0,0,0,0,0,0,0,0,0,0,0,0,0,0,0,0,0,0,0,0,0,0,0,0,0,0,0,0,0,0,0,0,0,0,0,0,0,0,0,0,0,0,0,0,0,0,0,0,0,0,0,0,0,0,0,0,0,0,0,0,0,0,0,0,0,0,0,0,0,0,0,0,0,0,0,0,0,0,0,0,0,0,0,0,0,0,0,0,0,0,0,0,0,0,0,0,0,0,0,0,0,0,0,0,0,0,0,0,0,0,0,0,0,0,0,0,0,0,0,0,0,0,0,0,0,0,0,0,0,0,0,0,0,0,0,0,0,0,0,0,0,0,0,0,0,0,0,0,0,0,0,0,0,0,0,0,0,0,0,0,0,0,0,0,0,0,0,0,0,0,0,0,0,0,0,0,0,0,0,0,0,0,0,0,0,0,0,0,0,0,0,0,0,0,0,0,0,0,0,0,0,0,0,0,0,0,0,0,0,0,0,0,0,0,0,0,0,0,0,0,0,0,0,0,0,0,0,0,0,0,0,0,0,0,0,0,0,0,0,0,0,0,0,0,0,0,0,0,0,0,0,0,0,0,0,0,0,0,0,0,0,0,0,0,0,0,0,0,0,0,0,0,0,0,0,0,0,0,0,0,0,0,0,0,0,0,0,0,0,0,0,0,0,0,0,0,0,0,0,0,0,0,0,0,0,0,0,0,0,0,0,0,0,0,0,0,0,0,0,0,0,0,0,0,0,0,0,0,0,0,0,0,0,0,0,0,0,0,0,0,0,0,0,0,0,0,0,0,0,0,0,0,0,0,0,0,0,0,0,0,0,0,0,0,0,0,0,0,0,0,0,0,0,0,0,0,0,0,0,0,0,0,0,0,0,0,0
