"","V1","V2","V3","V4","V5","V6","V7","V8","V9","V10","V11","V12","V13","V14","V15","V16","V17","V18","V19","V20","V21","V22","V23","V24","V25","V26","V27","V28","V29","V30","V31","V32","V33","V34","V35","V36","V37","V38","V39","V40","V41","V42","V43","V44","V45","V46","V47","V48","V49","V50","V51","V52","V53","V54","V55","V56","V57","V58","V59","V60","V61","V62","V63","V64","V65","V66","V67","V68","V69","V70","V71","V72","V73","V74","V75","V76","V77","V78","V79","V80","V81","V82","V83","V84","V85","V86","V87","V88","V89","V90","V91","V92","V93","V94","V95","V96","V97","V98","V99","V100","V101","V102","V103","V104","V105","V106","V107","V108","V109","V110","V111","V112","V113","V114","V115","V116","V117","V118","V119","V120","V121","V122","V123","V124","V125","V126","V127","V128","V129","V130","V131","V132","V133","V134","V135","V136","V137","V138","V139","V140","V141","V142","V143","V144","V145","V146","V147","V148","V149","V150","V151","V152","V153","V154","V155","V156","V157","V158","V159","V160","V161","V162","V163","V164","V165","V166","V167","V168","V169","V170","V171","V172","V173","V174","V175","V176","V177","V178","V179","V180","V181","V182","V183","V184","V185","V186","V187","V188","V189","V190","V191","V192","V193","V194","V195","V196","V197","V198","V199","V200","V201","V202","V203","V204","V205","V206","V207","V208","V209","V210","V211","V212","V213","V214","V215","V216","V217","V218","V219","V220","V221","V222","V223","V224","V225","V226","V227","V228","V229","V230","V231","V232","V233","V234","V235","V236","V237","V238","V239","V240","V241","V242","V243","V244","V245","V246","V247","V248","V249","V250","V251","V252","V253","V254","V255","V256","V257","V258","V259","V260","V261","V262","V263","V264","V265","V266","V267","V268","V269","V270","V271","V272","V273","V274","V275","V276","V277","V278","V279","V280","V281","V282","V283","V284","V285","V286","V287","V288","V289","V290","V291","V292","V293","V294","V295","V296","V297","V298","V299","V300","V301","V302","V303","V304","V305","V306","V307","V308","V309","V310","V311","V312","V313","V314","V315","V316","V317","V318","V319","V320","V321","V322","V323","V324","V325","V326","V327","V328","V329","V330","V331","V332","V333","V334","V335","V336","V337","V338","V339","V340","V341","V342","V343","V344","V345","V346","V347","V348","V349","V350","V351","V352","V353","V354","V355","V356","V357","V358","V359","V360","V361","V362","V363","V364","V365","V366","V367","V368","V369","V370","V371","V372","V373","V374","V375","V376","V377","V378","V379","V380","V381","V382","V383","V384","V385","V386","V387","V388","V389","V390","V391","V392","V393","V394","V395","V396","V397","V398","V399"
"1",211.1107,211.180275,211.285075,211.9205,212.008775,212.15295,212.487075,212.556125,213.392775,213.50735,213.617575,213.78085,214.0235,214.584225,214.840075,215.3658,215.426175,215.6099,216.462675,221.85885,221.972625,222.008975,222.1261,222.20215,222.33335,222.490075,222.5621,222.639475,226.0703,226.5342,0,0,0,0,0,0,0,0,0,0,0,0,0,0,0,0,0,0,0,0,0,0,0,0,0,0,0,0,0,0,0,0,0,0,0,0,0,0,0,0,0,0,0,0,0,0,0,0,0,0,0,0,0,0,0,0,0,0,0,0,0,0,0,0,0,0,0,0,0,0,0,0,0,0,0,0,0,0,0,0,0,0,0,0,0,0,0,0,0,0,0,0,0,0,0,0,0,0,0,0,0,0,0,0,0,0,0,0,0,0,0,0,0,0,0,0,0,0,0,0,0,0,0,0,0,0,0,0,0,0,0,0,0,0,0,0,0,0,0,0,0,0,0,0,0,0,0,0,0,0,0,0,0,0,0,0,0,0,0,0,0,0,0,0,0,0,0,0,0,0,0,0,0,0,0,0,0,0,0,0,0,0,0,0,0,0,0,0,0,0,0,0,0,0,0,0,0,0,0,0,0,0,0,0,0,0,0,0,0,0,0,0,0,0,0,0,0,0,0,0,0,0,0,0,0,0,0,0,0,0,0,0,0,0,0,0,0,0,0,0,0,0,0,0,0,0,0,0,0,0,0,0,0,0,0,0,0,0,0,0,0,0,0,0,0,0,0,0,0,0,0,0,0,0,0,0,0,0,0,0,0,0,0,0,0,0,0,0,0,0,0,0,0,0,0,0,0,0,0,0,0,0,0,0,0,0,0,0,0,0,0,0,0,0,0,0,0,0,0,0,0,0,0,0,0,0,0,0,0,0,0,0,0,0,0,0,0,0,0,0,0,0,0,0,0,0,0,0,0,0,0,0,0,0,0,0,0,0,0,0,0,0,0,0,0,0,0,0,0
"2",211.981375,212.07005,212.1934,212.230125,212.347275,213.1322,213.21435,213.30695,213.3439,213.3747,213.406775,213.481225,213.518525,214.4198,214.61165,214.661525,214.722,214.76535,214.8184,214.902325,214.9614,215.1344,215.264375,215.334575,215.47905,216.0479,216.235775,216.2771,216.3106,216.37995,216.457,216.50545,216.62505,218.1227,218.2697,218.297075,218.38395,218.42445,218.50705,221.828225,221.9016,221.940775,221.98215,222.04965,222.17955,222.206125,222.237575,222.29805,222.344525,222.3799,222.4276,222.44235,222.4823,222.51955,222.552625,222.59115,222.625975,222.719125,225.91015,226.035675,226.25625,226.5293,227.123325,227.18955,227.521,0,0,0,0,0,0,0,0,0,0,0,0,0,0,0,0,0,0,0,0,0,0,0,0,0,0,0,0,0,0,0,0,0,0,0,0,0,0,0,0,0,0,0,0,0,0,0,0,0,0,0,0,0,0,0,0,0,0,0,0,0,0,0,0,0,0,0,0,0,0,0,0,0,0,0,0,0,0,0,0,0,0,0,0,0,0,0,0,0,0,0,0,0,0,0,0,0,0,0,0,0,0,0,0,0,0,0,0,0,0,0,0,0,0,0,0,0,0,0,0,0,0,0,0,0,0,0,0,0,0,0,0,0,0,0,0,0,0,0,0,0,0,0,0,0,0,0,0,0,0,0,0,0,0,0,0,0,0,0,0,0,0,0,0,0,0,0,0,0,0,0,0,0,0,0,0,0,0,0,0,0,0,0,0,0,0,0,0,0,0,0,0,0,0,0,0,0,0,0,0,0,0,0,0,0,0,0,0,0,0,0,0,0,0,0,0,0,0,0,0,0,0,0,0,0,0,0,0,0,0,0,0,0,0,0,0,0,0,0,0,0,0,0,0,0,0,0,0,0,0,0,0,0,0,0,0,0,0,0,0,0,0,0,0,0,0,0,0,0,0,0,0,0,0,0,0,0,0,0,0,0,0,0,0,0,0,0,0,0,0,0,0,0,0,0,0,0,0,0,0,0,0,0,0,0,0,0,0,0,0,0,0,0,0,0,0,0,0,0,0,0,0,0,0,0,0,0,0,0,0,0,0,0,0
"3",211.417175,212.43025,212.638475,213.43915,216.42185,219.110225,223.168875,0,0,0,0,0,0,0,0,0,0,0,0,0,0,0,0,0,0,0,0,0,0,0,0,0,0,0,0,0,0,0,0,0,0,0,0,0,0,0,0,0,0,0,0,0,0,0,0,0,0,0,0,0,0,0,0,0,0,0,0,0,0,0,0,0,0,0,0,0,0,0,0,0,0,0,0,0,0,0,0,0,0,0,0,0,0,0,0,0,0,0,0,0,0,0,0,0,0,0,0,0,0,0,0,0,0,0,0,0,0,0,0,0,0,0,0,0,0,0,0,0,0,0,0,0,0,0,0,0,0,0,0,0,0,0,0,0,0,0,0,0,0,0,0,0,0,0,0,0,0,0,0,0,0,0,0,0,0,0,0,0,0,0,0,0,0,0,0,0,0,0,0,0,0,0,0,0,0,0,0,0,0,0,0,0,0,0,0,0,0,0,0,0,0,0,0,0,0,0,0,0,0,0,0,0,0,0,0,0,0,0,0,0,0,0,0,0,0,0,0,0,0,0,0,0,0,0,0,0,0,0,0,0,0,0,0,0,0,0,0,0,0,0,0,0,0,0,0,0,0,0,0,0,0,0,0,0,0,0,0,0,0,0,0,0,0,0,0,0,0,0,0,0,0,0,0,0,0,0,0,0,0,0,0,0,0,0,0,0,0,0,0,0,0,0,0,0,0,0,0,0,0,0,0,0,0,0,0,0,0,0,0,0,0,0,0,0,0,0,0,0,0,0,0,0,0,0,0,0,0,0,0,0,0,0,0,0,0,0,0,0,0,0,0,0,0,0,0,0,0,0,0,0,0,0,0,0,0,0,0,0,0,0,0,0,0,0,0,0,0,0,0,0,0,0,0,0,0,0,0,0,0,0,0,0,0,0,0,0,0,0,0
"4",209.509675,209.522025,209.558825,210.067925,210.1743,210.361175,210.593725,210.776075,210.822675,210.858925,210.87745,211.007475,211.018975,211.04575,211.079475,211.138025,211.161725,211.174,211.23015,211.2597,211.2715,211.3241,211.328975,211.376125,211.405325,211.514425,211.5491,211.577075,211.68045,211.6919,211.7035,211.730025,211.758975,211.769575,211.78305,211.791525,211.806325,211.81455,211.8298,211.85615,211.883625,211.8914,211.9022,211.920925,211.9293,211.948725,211.9626,211.97375,212.00295,212.039975,212.047,212.06785,212.082125,212.094875,212.13635,212.16195,212.18205,212.22195,212.240425,212.25235,212.271,212.284275,212.3164,212.326,212.3368,212.3767,212.38155,212.414025,212.4506,212.46895,212.510325,212.55425,212.5782,212.59935,212.65415,213.0146,213.029125,213.064425,213.125125,213.139825,213.16935,213.1888,213.197225,213.20875,213.249475,213.2576,213.28345,213.295975,213.348525,213.3682,213.397025,213.41265,213.43155,213.46295,213.474025,213.4949,213.505125,213.512125,213.5326,213.5406,213.575425,213.5981,213.6161,213.63005,213.642975,213.660625,213.6816,213.721,213.74025,213.847375,214.338,214.345625,214.449125,214.474325,214.499075,214.52045,214.542675,214.577375,214.642875,214.664375,214.7139,214.744475,214.75555,214.770725,214.7894,214.849925,214.90305,214.940875,214.97,214.994175,215.074625,215.12245,215.18735,215.209275,215.246725,215.274075,215.341725,215.475275,215.952925,216.01605,216.122875,216.158375,216.182375,216.216175,216.242825,216.2572,216.293925,216.33065,216.3549,216.3896,216.402025,216.4365,216.4468,216.476475,216.508475,216.5164,216.5387,216.572125,216.59505,216.648725,216.70295,216.751475,216.920275,216.943725,217.083775,217.7942,217.8659,217.902775,217.92305,217.933125,217.956225,217.9969,218.02725,218.0409,218.069875,218.115975,218.1369,218.15605,218.1673,218.19745,218.20485,218.214,218.231975,218.278875,218.303125,218.37845,218.419325,218.436625,218.49475,218.525775,218.545575,218.616375,218.648075,218.696625,218.715825,219.083275,219.358425,219.4307,219.885975,219.91025,219.972575,220.0399,220.05705,220.0859,220.12125,220.141875,220.17705,220.304375,222.044025,222.105875,222.13415,222.1543,222.175475,222.195075,222.215175,222.238875,222.2618,222.2933,222.320425,222.36315,222.3904,222.43065,222.443575,222.4873,222.659025,222.724275,222.7478,0,0,0,0,0,0,0,0,0,0,0,0,0,0,0,0,0,0,0,0,0,0,0,0,0,0,0,0,0,0,0,0,0,0,0,0,0,0,0,0,0,0,0,0,0,0,0,0,0,0,0,0,0,0,0,0,0,0,0,0,0,0,0,0,0,0,0,0,0,0,0,0,0,0,0,0,0,0,0,0,0,0,0,0,0,0,0,0,0,0,0,0,0,0,0,0,0,0,0,0,0,0,0,0,0,0,0,0,0,0,0,0,0,0,0,0,0,0,0,0,0,0,0,0,0,0,0,0,0,0,0,0,0,0,0,0,0,0,0,0,0,0,0,0,0,0,0,0,0,0,0,0,0,0,0,0,0,0,0,0,0,0,0,0,0,0,0,0,0,0,0,0
"5",210.07835,210.32035,210.430475,210.52465,210.5559,210.599225,210.63775,210.685,210.75955,210.827375,210.890525,210.933,211.042575,211.0737,211.55895,211.606175,211.656225,211.776625,211.9456,212.1137,212.308475,212.3953,212.826775,212.897275,212.9365,212.9946,213.032775,213.108325,213.184625,213.56855,214.0625,214.230875,214.306475,214.4371,214.494525,214.5267,214.5605,214.627775,214.775,214.942425,215.059475,215.107625,215.5147,215.829,215.8721,215.922225,215.97475,216.01225,216.09955,216.1406,216.291375,216.529725,216.61665,216.930475,217.062825,217.206825,217.304925,217.464175,217.517325,217.567975,217.6102,217.6658,217.70775,217.7614,217.842725,217.87775,217.929,218.0042,218.23625,218.31345,218.397325,218.452575,218.50595,218.55355,218.5933,218.639,218.679225,218.782125,218.9014,219.15895,219.262625,219.33465,219.3891,219.53945,219.61795,219.69595,219.74135,219.82305,220.18505,220.274125,220.5415,220.6523,220.763575,220.9467,221.158975,221.2427,221.405975,0,0,0,0,0,0,0,0,0,0,0,0,0,0,0,0,0,0,0,0,0,0,0,0,0,0,0,0,0,0,0,0,0,0,0,0,0,0,0,0,0,0,0,0,0,0,0,0,0,0,0,0,0,0,0,0,0,0,0,0,0,0,0,0,0,0,0,0,0,0,0,0,0,0,0,0,0,0,0,0,0,0,0,0,0,0,0,0,0,0,0,0,0,0,0,0,0,0,0,0,0,0,0,0,0,0,0,0,0,0,0,0,0,0,0,0,0,0,0,0,0,0,0,0,0,0,0,0,0,0,0,0,0,0,0,0,0,0,0,0,0,0,0,0,0,0,0,0,0,0,0,0,0,0,0,0,0,0,0,0,0,0,0,0,0,0,0,0,0,0,0,0,0,0,0,0,0,0,0,0,0,0,0,0,0,0,0,0,0,0,0,0,0,0,0,0,0,0,0,0,0,0,0,0,0,0,0,0,0,0,0,0,0,0,0,0,0,0,0,0,0,0,0,0,0,0,0,0,0,0,0,0,0,0,0,0,0,0,0,0,0,0,0,0,0,0,0,0,0,0,0,0,0,0,0,0,0,0,0,0,0,0,0,0,0,0,0,0,0,0,0,0,0,0,0,0,0,0,0,0,0,0,0,0,0,0,0,0,0,0,0,0,0,0,0,0,0,0,0,0,0,0
"6",219.170925,219.32125,219.356925,219.40245,219.4512,219.48745,220.823125,220.885425,220.92905,221.0649,221.1005,221.145775,221.1826,221.235525,221.299825,221.36895,222.10995,0,0,0,0,0,0,0,0,0,0,0,0,0,0,0,0,0,0,0,0,0,0,0,0,0,0,0,0,0,0,0,0,0,0,0,0,0,0,0,0,0,0,0,0,0,0,0,0,0,0,0,0,0,0,0,0,0,0,0,0,0,0,0,0,0,0,0,0,0,0,0,0,0,0,0,0,0,0,0,0,0,0,0,0,0,0,0,0,0,0,0,0,0,0,0,0,0,0,0,0,0,0,0,0,0,0,0,0,0,0,0,0,0,0,0,0,0,0,0,0,0,0,0,0,0,0,0,0,0,0,0,0,0,0,0,0,0,0,0,0,0,0,0,0,0,0,0,0,0,0,0,0,0,0,0,0,0,0,0,0,0,0,0,0,0,0,0,0,0,0,0,0,0,0,0,0,0,0,0,0,0,0,0,0,0,0,0,0,0,0,0,0,0,0,0,0,0,0,0,0,0,0,0,0,0,0,0,0,0,0,0,0,0,0,0,0,0,0,0,0,0,0,0,0,0,0,0,0,0,0,0,0,0,0,0,0,0,0,0,0,0,0,0,0,0,0,0,0,0,0,0,0,0,0,0,0,0,0,0,0,0,0,0,0,0,0,0,0,0,0,0,0,0,0,0,0,0,0,0,0,0,0,0,0,0,0,0,0,0,0,0,0,0,0,0,0,0,0,0,0,0,0,0,0,0,0,0,0,0,0,0,0,0,0,0,0,0,0,0,0,0,0,0,0,0,0,0,0,0,0,0,0,0,0,0,0,0,0,0,0,0,0,0,0,0,0,0,0,0,0,0,0,0,0,0,0,0,0,0,0,0,0,0,0,0,0,0,0,0,0,0,0,0,0,0,0,0,0,0,0,0,0
"7",209.52825,209.569925,209.612125,209.66545,209.8022,209.8987,209.928275,209.99695,210.07275,210.159475,210.2938,210.37095,210.50955,210.9171,210.99195,211.063775,211.121625,211.264525,211.298525,211.33655,211.365025,211.520625,211.81735,211.881375,211.9411,212.017,212.08345,212.16225,212.20055,212.34145,212.397325,212.4621,212.56595,212.615,212.677475,212.70985,212.778,212.804525,212.8564,213.227825,213.366375,213.4539,213.543675,213.605,213.665125,213.70335,213.7373,213.794675,213.81115,213.84335,213.879925,213.9028,213.94875,213.988725,214.0545,214.074975,214.10155,214.14025,214.50595,214.569275,214.7186,214.7825,214.854125,214.928225,214.94985,215.1199,215.1597,215.196925,215.2945,215.459975,215.54095,215.588475,215.607,215.7013,215.739975,216.162325,216.248475,216.320875,216.42255,216.4704,216.585925,216.661225,216.69235,216.739925,216.764375,216.785525,216.80735,216.8207,216.84555,216.872525,216.89855,216.92415,217.002975,217.02975,217.0353,217.104975,217.1489,217.188725,217.215175,217.254125,217.29515,217.323025,217.344575,217.3837,217.467375,218.3448,218.514225,218.590875,218.5978,218.620925,218.647475,218.6677,218.6729,218.757475,218.8054,218.83435,218.860375,218.904325,218.937025,218.974075,218.9858,219.0256,219.068625,219.1631,219.240875,219.337075,219.4603,220.067275,220.258775,220.382025,220.45935,220.6336,220.659275,220.7266,220.8316,220.877675,220.965025,221.046825,221.0926,221.224425,221.343575,221.857975,221.9804,222.282725,222.50765,222.681675,222.777575,222.84485,222.922825,223.013075,223.03315,223.10715,223.26295,223.3771,223.41965,223.602225,223.68175,223.807275,223.990425,224.154775,224.34375,224.862725,226.089225,227.16855,0,0,0,0,0,0,0,0,0,0,0,0,0,0,0,0,0,0,0,0,0,0,0,0,0,0,0,0,0,0,0,0,0,0,0,0,0,0,0,0,0,0,0,0,0,0,0,0,0,0,0,0,0,0,0,0,0,0,0,0,0,0,0,0,0,0,0,0,0,0,0,0,0,0,0,0,0,0,0,0,0,0,0,0,0,0,0,0,0,0,0,0,0,0,0,0,0,0,0,0,0,0,0,0,0,0,0,0,0,0,0,0,0,0,0,0,0,0,0,0,0,0,0,0,0,0,0,0,0,0,0,0,0,0,0,0,0,0,0,0,0,0,0,0,0,0,0,0,0,0,0,0,0,0,0,0,0,0,0,0,0,0,0,0,0,0,0,0,0,0,0,0,0,0,0,0,0,0,0,0,0,0,0,0,0,0,0,0,0,0,0,0,0,0,0,0,0,0,0,0,0,0,0,0,0,0,0,0,0,0,0,0,0,0,0,0,0,0,0,0,0,0,0,0,0,0,0,0,0,0,0,0,0,0,0
"8",209.54495,209.88605,210.036575,210.1965,210.506375,210.56,210.63485,211.196375,211.3526,211.442175,211.49895,212.76825,212.887325,213.700075,214.180475,214.36005,214.898475,215.04105,215.2518,215.65555,215.71105,215.816525,215.876525,216.039175,216.4924,216.781475,216.80085,216.886225,217.099825,217.213525,217.402725,217.526125,217.607,217.69815,218.230425,218.51775,218.677975,219.315125,219.5206,231.939575,0,0,0,0,0,0,0,0,0,0,0,0,0,0,0,0,0,0,0,0,0,0,0,0,0,0,0,0,0,0,0,0,0,0,0,0,0,0,0,0,0,0,0,0,0,0,0,0,0,0,0,0,0,0,0,0,0,0,0,0,0,0,0,0,0,0,0,0,0,0,0,0,0,0,0,0,0,0,0,0,0,0,0,0,0,0,0,0,0,0,0,0,0,0,0,0,0,0,0,0,0,0,0,0,0,0,0,0,0,0,0,0,0,0,0,0,0,0,0,0,0,0,0,0,0,0,0,0,0,0,0,0,0,0,0,0,0,0,0,0,0,0,0,0,0,0,0,0,0,0,0,0,0,0,0,0,0,0,0,0,0,0,0,0,0,0,0,0,0,0,0,0,0,0,0,0,0,0,0,0,0,0,0,0,0,0,0,0,0,0,0,0,0,0,0,0,0,0,0,0,0,0,0,0,0,0,0,0,0,0,0,0,0,0,0,0,0,0,0,0,0,0,0,0,0,0,0,0,0,0,0,0,0,0,0,0,0,0,0,0,0,0,0,0,0,0,0,0,0,0,0,0,0,0,0,0,0,0,0,0,0,0,0,0,0,0,0,0,0,0,0,0,0,0,0,0,0,0,0,0,0,0,0,0,0,0,0,0,0,0,0,0,0,0,0,0,0,0,0,0,0,0,0,0,0,0,0,0,0,0,0,0,0,0,0,0,0,0,0,0,0,0,0,0,0,0,0,0,0,0,0,0,0,0,0,0,0,0,0,0,0,0,0,0,0,0,0,0,0,0,0,0,0,0,0,0,0,0,0
"9",213.9127,213.94345,214.1046,214.145025,214.20115,214.278775,215.429275,215.56095,215.6172,215.68065,215.7924,215.862975,215.946525,217.102925,217.169075,217.25285,217.314225,217.38115,217.4244,217.4584,218.921525,219.18585,219.271675,219.410175,219.47625,219.541025,219.602225,220.4151,220.462575,220.56745,220.61185,220.717875,220.7601,220.81455,220.865225,220.91765,221.0545,221.142225,221.21435,221.29205,221.401275,221.543925,223.058525,223.1825,223.240575,223.317675,223.40155,223.466575,223.5272,223.604525,223.712125,223.87055,224.032675,224.124325,224.245,0,0,0,0,0,0,0,0,0,0,0,0,0,0,0,0,0,0,0,0,0,0,0,0,0,0,0,0,0,0,0,0,0,0,0,0,0,0,0,0,0,0,0,0,0,0,0,0,0,0,0,0,0,0,0,0,0,0,0,0,0,0,0,0,0,0,0,0,0,0,0,0,0,0,0,0,0,0,0,0,0,0,0,0,0,0,0,0,0,0,0,0,0,0,0,0,0,0,0,0,0,0,0,0,0,0,0,0,0,0,0,0,0,0,0,0,0,0,0,0,0,0,0,0,0,0,0,0,0,0,0,0,0,0,0,0,0,0,0,0,0,0,0,0,0,0,0,0,0,0,0,0,0,0,0,0,0,0,0,0,0,0,0,0,0,0,0,0,0,0,0,0,0,0,0,0,0,0,0,0,0,0,0,0,0,0,0,0,0,0,0,0,0,0,0,0,0,0,0,0,0,0,0,0,0,0,0,0,0,0,0,0,0,0,0,0,0,0,0,0,0,0,0,0,0,0,0,0,0,0,0,0,0,0,0,0,0,0,0,0,0,0,0,0,0,0,0,0,0,0,0,0,0,0,0,0,0,0,0,0,0,0,0,0,0,0,0,0,0,0,0,0,0,0,0,0,0,0,0,0,0,0,0,0,0,0,0,0,0,0,0,0,0,0,0,0,0,0,0,0,0,0,0,0,0,0,0,0,0,0,0,0,0,0,0,0,0,0,0,0,0,0,0,0,0,0,0,0,0,0,0,0,0,0,0,0,0,0,0,0,0,0,0,0
"10",211.541925,217.724325,219.481275,0,0,0,0,0,0,0,0,0,0,0,0,0,0,0,0,0,0,0,0,0,0,0,0,0,0,0,0,0,0,0,0,0,0,0,0,0,0,0,0,0,0,0,0,0,0,0,0,0,0,0,0,0,0,0,0,0,0,0,0,0,0,0,0,0,0,0,0,0,0,0,0,0,0,0,0,0,0,0,0,0,0,0,0,0,0,0,0,0,0,0,0,0,0,0,0,0,0,0,0,0,0,0,0,0,0,0,0,0,0,0,0,0,0,0,0,0,0,0,0,0,0,0,0,0,0,0,0,0,0,0,0,0,0,0,0,0,0,0,0,0,0,0,0,0,0,0,0,0,0,0,0,0,0,0,0,0,0,0,0,0,0,0,0,0,0,0,0,0,0,0,0,0,0,0,0,0,0,0,0,0,0,0,0,0,0,0,0,0,0,0,0,0,0,0,0,0,0,0,0,0,0,0,0,0,0,0,0,0,0,0,0,0,0,0,0,0,0,0,0,0,0,0,0,0,0,0,0,0,0,0,0,0,0,0,0,0,0,0,0,0,0,0,0,0,0,0,0,0,0,0,0,0,0,0,0,0,0,0,0,0,0,0,0,0,0,0,0,0,0,0,0,0,0,0,0,0,0,0,0,0,0,0,0,0,0,0,0,0,0,0,0,0,0,0,0,0,0,0,0,0,0,0,0,0,0,0,0,0,0,0,0,0,0,0,0,0,0,0,0,0,0,0,0,0,0,0,0,0,0,0,0,0,0,0,0,0,0,0,0,0,0,0,0,0,0,0,0,0,0,0,0,0,0,0,0,0,0,0,0,0,0,0,0,0,0,0,0,0,0,0,0,0,0,0,0,0,0,0,0,0,0,0,0,0,0,0,0,0,0,0,0,0,0,0,0
"11",210.378575,211.528575,211.9762,212.829125,212.9269,212.99605,215.8597,217.489975,217.52845,217.57355,217.663,217.751475,219.177625,219.21305,219.2691,219.29815,219.3526,219.39135,219.43265,219.502525,219.5471,219.583675,220.66975,220.7906,220.907925,221.007,221.10225,221.186175,0,0,0,0,0,0,0,0,0,0,0,0,0,0,0,0,0,0,0,0,0,0,0,0,0,0,0,0,0,0,0,0,0,0,0,0,0,0,0,0,0,0,0,0,0,0,0,0,0,0,0,0,0,0,0,0,0,0,0,0,0,0,0,0,0,0,0,0,0,0,0,0,0,0,0,0,0,0,0,0,0,0,0,0,0,0,0,0,0,0,0,0,0,0,0,0,0,0,0,0,0,0,0,0,0,0,0,0,0,0,0,0,0,0,0,0,0,0,0,0,0,0,0,0,0,0,0,0,0,0,0,0,0,0,0,0,0,0,0,0,0,0,0,0,0,0,0,0,0,0,0,0,0,0,0,0,0,0,0,0,0,0,0,0,0,0,0,0,0,0,0,0,0,0,0,0,0,0,0,0,0,0,0,0,0,0,0,0,0,0,0,0,0,0,0,0,0,0,0,0,0,0,0,0,0,0,0,0,0,0,0,0,0,0,0,0,0,0,0,0,0,0,0,0,0,0,0,0,0,0,0,0,0,0,0,0,0,0,0,0,0,0,0,0,0,0,0,0,0,0,0,0,0,0,0,0,0,0,0,0,0,0,0,0,0,0,0,0,0,0,0,0,0,0,0,0,0,0,0,0,0,0,0,0,0,0,0,0,0,0,0,0,0,0,0,0,0,0,0,0,0,0,0,0,0,0,0,0,0,0,0,0,0,0,0,0,0,0,0,0,0,0,0,0,0,0,0,0,0,0,0,0,0,0,0,0,0,0,0,0,0,0,0,0,0,0,0,0,0,0,0,0,0,0,0,0,0,0,0,0,0,0,0,0,0,0,0,0,0,0,0
"12",0,0,0,0,0,0,0,0,0,0,0,0,0,0,0,0,0,0,0,0,0,0,0,0,0,0,0,0,0,0,0,0,0,0,0,0,0,0,0,0,0,0,0,0,0,0,0,0,0,0,0,0,0,0,0,0,0,0,0,0,0,0,0,0,0,0,0,0,0,0,0,0,0,0,0,0,0,0,0,0,0,0,0,0,0,0,0,0,0,0,0,0,0,0,0,0,0,0,0,0,0,0,0,0,0,0,0,0,0,0,0,0,0,0,0,0,0,0,0,0,0,0,0,0,0,0,0,0,0,0,0,0,0,0,0,0,0,0,0,0,0,0,0,0,0,0,0,0,0,0,0,0,0,0,0,0,0,0,0,0,0,0,0,0,0,0,0,0,0,0,0,0,0,0,0,0,0,0,0,0,0,0,0,0,0,0,0,0,0,0,0,0,0,0,0,0,0,0,0,0,0,0,0,0,0,0,0,0,0,0,0,0,0,0,0,0,0,0,0,0,0,0,0,0,0,0,0,0,0,0,0,0,0,0,0,0,0,0,0,0,0,0,0,0,0,0,0,0,0,0,0,0,0,0,0,0,0,0,0,0,0,0,0,0,0,0,0,0,0,0,0,0,0,0,0,0,0,0,0,0,0,0,0,0,0,0,0,0,0,0,0,0,0,0,0,0,0,0,0,0,0,0,0,0,0,0,0,0,0,0,0,0,0,0,0,0,0,0,0,0,0,0,0,0,0,0,0,0,0,0,0,0,0,0,0,0,0,0,0,0,0,0,0,0,0,0,0,0,0,0,0,0,0,0,0,0,0,0,0,0,0,0,0,0,0,0,0,0,0,0,0,0,0,0,0,0,0,0,0,0,0,0,0,0,0,0,0,0,0,0,0,0,0,0,0,0,0,0,0
"13",216.697425,0,0,0,0,0,0,0,0,0,0,0,0,0,0,0,0,0,0,0,0,0,0,0,0,0,0,0,0,0,0,0,0,0,0,0,0,0,0,0,0,0,0,0,0,0,0,0,0,0,0,0,0,0,0,0,0,0,0,0,0,0,0,0,0,0,0,0,0,0,0,0,0,0,0,0,0,0,0,0,0,0,0,0,0,0,0,0,0,0,0,0,0,0,0,0,0,0,0,0,0,0,0,0,0,0,0,0,0,0,0,0,0,0,0,0,0,0,0,0,0,0,0,0,0,0,0,0,0,0,0,0,0,0,0,0,0,0,0,0,0,0,0,0,0,0,0,0,0,0,0,0,0,0,0,0,0,0,0,0,0,0,0,0,0,0,0,0,0,0,0,0,0,0,0,0,0,0,0,0,0,0,0,0,0,0,0,0,0,0,0,0,0,0,0,0,0,0,0,0,0,0,0,0,0,0,0,0,0,0,0,0,0,0,0,0,0,0,0,0,0,0,0,0,0,0,0,0,0,0,0,0,0,0,0,0,0,0,0,0,0,0,0,0,0,0,0,0,0,0,0,0,0,0,0,0,0,0,0,0,0,0,0,0,0,0,0,0,0,0,0,0,0,0,0,0,0,0,0,0,0,0,0,0,0,0,0,0,0,0,0,0,0,0,0,0,0,0,0,0,0,0,0,0,0,0,0,0,0,0,0,0,0,0,0,0,0,0,0,0,0,0,0,0,0,0,0,0,0,0,0,0,0,0,0,0,0,0,0,0,0,0,0,0,0,0,0,0,0,0,0,0,0,0,0,0,0,0,0,0,0,0,0,0,0,0,0,0,0,0,0,0,0,0,0,0,0,0,0,0,0,0,0,0,0,0,0,0,0,0,0,0,0,0,0,0,0,0,0
"14",0,0,0,0,0,0,0,0,0,0,0,0,0,0,0,0,0,0,0,0,0,0,0,0,0,0,0,0,0,0,0,0,0,0,0,0,0,0,0,0,0,0,0,0,0,0,0,0,0,0,0,0,0,0,0,0,0,0,0,0,0,0,0,0,0,0,0,0,0,0,0,0,0,0,0,0,0,0,0,0,0,0,0,0,0,0,0,0,0,0,0,0,0,0,0,0,0,0,0,0,0,0,0,0,0,0,0,0,0,0,0,0,0,0,0,0,0,0,0,0,0,0,0,0,0,0,0,0,0,0,0,0,0,0,0,0,0,0,0,0,0,0,0,0,0,0,0,0,0,0,0,0,0,0,0,0,0,0,0,0,0,0,0,0,0,0,0,0,0,0,0,0,0,0,0,0,0,0,0,0,0,0,0,0,0,0,0,0,0,0,0,0,0,0,0,0,0,0,0,0,0,0,0,0,0,0,0,0,0,0,0,0,0,0,0,0,0,0,0,0,0,0,0,0,0,0,0,0,0,0,0,0,0,0,0,0,0,0,0,0,0,0,0,0,0,0,0,0,0,0,0,0,0,0,0,0,0,0,0,0,0,0,0,0,0,0,0,0,0,0,0,0,0,0,0,0,0,0,0,0,0,0,0,0,0,0,0,0,0,0,0,0,0,0,0,0,0,0,0,0,0,0,0,0,0,0,0,0,0,0,0,0,0,0,0,0,0,0,0,0,0,0,0,0,0,0,0,0,0,0,0,0,0,0,0,0,0,0,0,0,0,0,0,0,0,0,0,0,0,0,0,0,0,0,0,0,0,0,0,0,0,0,0,0,0,0,0,0,0,0,0,0,0,0,0,0,0,0,0,0,0,0,0,0,0,0,0,0,0,0,0,0,0,0,0,0,0,0,0
"15",210.43885,219.27985,220.0666,220.293625,220.531025,220.981775,221.2443,221.49665,221.5702,222.992575,223.17345,223.290175,223.6031,223.75675,223.900125,224.2552,224.8664,225.638225,227.04185,231.00355,0,0,0,0,0,0,0,0,0,0,0,0,0,0,0,0,0,0,0,0,0,0,0,0,0,0,0,0,0,0,0,0,0,0,0,0,0,0,0,0,0,0,0,0,0,0,0,0,0,0,0,0,0,0,0,0,0,0,0,0,0,0,0,0,0,0,0,0,0,0,0,0,0,0,0,0,0,0,0,0,0,0,0,0,0,0,0,0,0,0,0,0,0,0,0,0,0,0,0,0,0,0,0,0,0,0,0,0,0,0,0,0,0,0,0,0,0,0,0,0,0,0,0,0,0,0,0,0,0,0,0,0,0,0,0,0,0,0,0,0,0,0,0,0,0,0,0,0,0,0,0,0,0,0,0,0,0,0,0,0,0,0,0,0,0,0,0,0,0,0,0,0,0,0,0,0,0,0,0,0,0,0,0,0,0,0,0,0,0,0,0,0,0,0,0,0,0,0,0,0,0,0,0,0,0,0,0,0,0,0,0,0,0,0,0,0,0,0,0,0,0,0,0,0,0,0,0,0,0,0,0,0,0,0,0,0,0,0,0,0,0,0,0,0,0,0,0,0,0,0,0,0,0,0,0,0,0,0,0,0,0,0,0,0,0,0,0,0,0,0,0,0,0,0,0,0,0,0,0,0,0,0,0,0,0,0,0,0,0,0,0,0,0,0,0,0,0,0,0,0,0,0,0,0,0,0,0,0,0,0,0,0,0,0,0,0,0,0,0,0,0,0,0,0,0,0,0,0,0,0,0,0,0,0,0,0,0,0,0,0,0,0,0,0,0,0,0,0,0,0,0,0,0,0,0,0,0,0,0,0,0,0,0,0,0,0,0,0,0,0,0,0,0,0,0,0,0,0,0
"16",209.56775,209.6071,209.6167,209.774725,209.92395,209.98695,210.039625,210.104525,210.16685,210.543225,210.558525,210.58815,210.644,210.90045,210.97525,211.02585,211.1421,211.166225,211.223425,211.327175,211.368225,211.430125,211.494,211.545425,211.5781,211.675825,211.984275,212.054725,212.115925,212.1766,212.216475,212.27315,212.33515,212.36005,212.411825,212.470125,212.5342,212.6107,212.6742,212.7426,212.797225,212.85445,212.8927,212.939525,212.9768,213.0272,213.086575,213.293275,213.356375,213.460725,213.486275,213.5338,213.5712,213.6146,213.649875,213.6756,213.7704,213.809275,213.87545,213.9525,214.120925,214.434425,214.5294,214.6935,214.801075,214.841575,214.92985,214.986,215.024025,215.0903,215.13515,215.193125,215.281075,215.34035,215.434375,215.557175,215.674575,215.858375,215.988675,216.130875,216.334375,216.392325,216.504225,216.574025,216.6098,216.640275,216.69795,216.735325,216.7819,216.833575,216.9476,217.11235,217.623125,217.954925,218.04385,218.310325,218.361875,218.431025,218.4878,218.513725,218.56605,218.6045,218.663125,218.69345,218.728625,218.818225,218.915975,219.03695,219.12565,219.1974,219.24245,219.34295,219.363325,219.73655,220.21155,220.272375,220.3838,220.449875,220.529475,220.5918,220.63735,220.711625,220.793175,220.8688,220.93165,221.002675,221.08735,221.21205,222.401525,222.52695,222.6354,223.02175,223.29935,223.47805,223.601275,223.8469,223.9665,0,0,0,0,0,0,0,0,0,0,0,0,0,0,0,0,0,0,0,0,0,0,0,0,0,0,0,0,0,0,0,0,0,0,0,0,0,0,0,0,0,0,0,0,0,0,0,0,0,0,0,0,0,0,0,0,0,0,0,0,0,0,0,0,0,0,0,0,0,0,0,0,0,0,0,0,0,0,0,0,0,0,0,0,0,0,0,0,0,0,0,0,0,0,0,0,0,0,0,0,0,0,0,0,0,0,0,0,0,0,0,0,0,0,0,0,0,0,0,0,0,0,0,0,0,0,0,0,0,0,0,0,0,0,0,0,0,0,0,0,0,0,0,0,0,0,0,0,0,0,0,0,0,0,0,0,0,0,0,0,0,0,0,0,0,0,0,0,0,0,0,0,0,0,0,0,0,0,0,0,0,0,0,0,0,0,0,0,0,0,0,0,0,0,0,0,0,0,0,0,0,0,0,0,0,0,0,0,0,0,0,0,0,0,0,0,0,0,0,0,0,0,0,0,0,0,0,0,0,0,0,0,0,0,0,0,0,0,0,0,0,0,0,0,0,0,0,0,0,0,0,0,0,0,0,0,0,0,0,0,0,0
"17",210.582375,211.06945,211.3658,211.434775,211.500675,212.3962,212.8005,212.8644,214.13165,214.288875,214.649725,215.824325,215.908225,217.27355,217.33425,217.4493,217.71125,219.292925,219.353825,219.591025,220.755225,221.109825,221.288475,0,0,0,0,0,0,0,0,0,0,0,0,0,0,0,0,0,0,0,0,0,0,0,0,0,0,0,0,0,0,0,0,0,0,0,0,0,0,0,0,0,0,0,0,0,0,0,0,0,0,0,0,0,0,0,0,0,0,0,0,0,0,0,0,0,0,0,0,0,0,0,0,0,0,0,0,0,0,0,0,0,0,0,0,0,0,0,0,0,0,0,0,0,0,0,0,0,0,0,0,0,0,0,0,0,0,0,0,0,0,0,0,0,0,0,0,0,0,0,0,0,0,0,0,0,0,0,0,0,0,0,0,0,0,0,0,0,0,0,0,0,0,0,0,0,0,0,0,0,0,0,0,0,0,0,0,0,0,0,0,0,0,0,0,0,0,0,0,0,0,0,0,0,0,0,0,0,0,0,0,0,0,0,0,0,0,0,0,0,0,0,0,0,0,0,0,0,0,0,0,0,0,0,0,0,0,0,0,0,0,0,0,0,0,0,0,0,0,0,0,0,0,0,0,0,0,0,0,0,0,0,0,0,0,0,0,0,0,0,0,0,0,0,0,0,0,0,0,0,0,0,0,0,0,0,0,0,0,0,0,0,0,0,0,0,0,0,0,0,0,0,0,0,0,0,0,0,0,0,0,0,0,0,0,0,0,0,0,0,0,0,0,0,0,0,0,0,0,0,0,0,0,0,0,0,0,0,0,0,0,0,0,0,0,0,0,0,0,0,0,0,0,0,0,0,0,0,0,0,0,0,0,0,0,0,0,0,0,0,0,0,0,0,0,0,0,0,0,0,0,0,0,0,0,0,0,0,0,0,0,0,0,0,0,0,0,0,0,0,0,0,0,0,0,0,0
"18",209.949,210.07195,210.138025,210.24345,210.297525,210.37475,210.42355,210.459025,210.523475,210.58095,210.6101,210.635775,210.65795,210.6924,210.738575,210.810625,210.870475,210.9409,210.946125,211.095875,211.29005,211.379375,211.423275,211.453825,211.47915,211.516875,211.591725,211.615775,211.650475,211.72825,212.703775,212.7632,212.83415,212.885275,212.922475,213.050325,213.094875,213.580525,213.612975,214.144125,214.2808,214.35225,214.5297,214.85035,215.5771,215.77065,215.8167,215.842025,216.03325,216.34075,216.581,217.17485,217.339075,217.533275,217.709775,217.788025,218.396525,218.982925,219.1581,219.21355,219.359,219.431925,219.487675,219.561275,219.6681,0,0,0,0,0,0,0,0,0,0,0,0,0,0,0,0,0,0,0,0,0,0,0,0,0,0,0,0,0,0,0,0,0,0,0,0,0,0,0,0,0,0,0,0,0,0,0,0,0,0,0,0,0,0,0,0,0,0,0,0,0,0,0,0,0,0,0,0,0,0,0,0,0,0,0,0,0,0,0,0,0,0,0,0,0,0,0,0,0,0,0,0,0,0,0,0,0,0,0,0,0,0,0,0,0,0,0,0,0,0,0,0,0,0,0,0,0,0,0,0,0,0,0,0,0,0,0,0,0,0,0,0,0,0,0,0,0,0,0,0,0,0,0,0,0,0,0,0,0,0,0,0,0,0,0,0,0,0,0,0,0,0,0,0,0,0,0,0,0,0,0,0,0,0,0,0,0,0,0,0,0,0,0,0,0,0,0,0,0,0,0,0,0,0,0,0,0,0,0,0,0,0,0,0,0,0,0,0,0,0,0,0,0,0,0,0,0,0,0,0,0,0,0,0,0,0,0,0,0,0,0,0,0,0,0,0,0,0,0,0,0,0,0,0,0,0,0,0,0,0,0,0,0,0,0,0,0,0,0,0,0,0,0,0,0,0,0,0,0,0,0,0,0,0,0,0,0,0,0,0,0,0,0,0,0,0,0,0,0,0,0,0,0,0,0,0,0,0,0,0,0,0,0,0,0,0,0,0,0,0,0,0,0,0,0,0,0,0,0,0,0,0,0,0,0,0,0,0,0,0,0,0,0,0
"19",214.17815,214.278075,215.735375,215.865925,217.2326,217.37745,219.25975,219.421925,0,0,0,0,0,0,0,0,0,0,0,0,0,0,0,0,0,0,0,0,0,0,0,0,0,0,0,0,0,0,0,0,0,0,0,0,0,0,0,0,0,0,0,0,0,0,0,0,0,0,0,0,0,0,0,0,0,0,0,0,0,0,0,0,0,0,0,0,0,0,0,0,0,0,0,0,0,0,0,0,0,0,0,0,0,0,0,0,0,0,0,0,0,0,0,0,0,0,0,0,0,0,0,0,0,0,0,0,0,0,0,0,0,0,0,0,0,0,0,0,0,0,0,0,0,0,0,0,0,0,0,0,0,0,0,0,0,0,0,0,0,0,0,0,0,0,0,0,0,0,0,0,0,0,0,0,0,0,0,0,0,0,0,0,0,0,0,0,0,0,0,0,0,0,0,0,0,0,0,0,0,0,0,0,0,0,0,0,0,0,0,0,0,0,0,0,0,0,0,0,0,0,0,0,0,0,0,0,0,0,0,0,0,0,0,0,0,0,0,0,0,0,0,0,0,0,0,0,0,0,0,0,0,0,0,0,0,0,0,0,0,0,0,0,0,0,0,0,0,0,0,0,0,0,0,0,0,0,0,0,0,0,0,0,0,0,0,0,0,0,0,0,0,0,0,0,0,0,0,0,0,0,0,0,0,0,0,0,0,0,0,0,0,0,0,0,0,0,0,0,0,0,0,0,0,0,0,0,0,0,0,0,0,0,0,0,0,0,0,0,0,0,0,0,0,0,0,0,0,0,0,0,0,0,0,0,0,0,0,0,0,0,0,0,0,0,0,0,0,0,0,0,0,0,0,0,0,0,0,0,0,0,0,0,0,0,0,0,0,0,0,0,0,0,0,0,0,0,0,0,0,0,0,0,0,0,0,0,0,0,0
"20",209.8556,209.9767,210.075575,210.166875,210.316225,210.397075,210.6525,210.75205,210.8821,211.0121,211.189175,211.4376,211.54475,211.674825,211.7821,212.767375,212.87415,212.965675,213.092175,213.218525,214.206175,214.342575,214.48665,214.675075,214.91355,215.102825,215.64875,215.8303,215.89985,216.302375,216.75445,216.930675,217.323925,217.418225,217.5329,217.609825,217.68705,217.818475,217.931575,218.0932,218.51955,219.03965,219.1242,219.239725,219.39865,219.581975,220.0984,220.3605,0,0,0,0,0,0,0,0,0,0,0,0,0,0,0,0,0,0,0,0,0,0,0,0,0,0,0,0,0,0,0,0,0,0,0,0,0,0,0,0,0,0,0,0,0,0,0,0,0,0,0,0,0,0,0,0,0,0,0,0,0,0,0,0,0,0,0,0,0,0,0,0,0,0,0,0,0,0,0,0,0,0,0,0,0,0,0,0,0,0,0,0,0,0,0,0,0,0,0,0,0,0,0,0,0,0,0,0,0,0,0,0,0,0,0,0,0,0,0,0,0,0,0,0,0,0,0,0,0,0,0,0,0,0,0,0,0,0,0,0,0,0,0,0,0,0,0,0,0,0,0,0,0,0,0,0,0,0,0,0,0,0,0,0,0,0,0,0,0,0,0,0,0,0,0,0,0,0,0,0,0,0,0,0,0,0,0,0,0,0,0,0,0,0,0,0,0,0,0,0,0,0,0,0,0,0,0,0,0,0,0,0,0,0,0,0,0,0,0,0,0,0,0,0,0,0,0,0,0,0,0,0,0,0,0,0,0,0,0,0,0,0,0,0,0,0,0,0,0,0,0,0,0,0,0,0,0,0,0,0,0,0,0,0,0,0,0,0,0,0,0,0,0,0,0,0,0,0,0,0,0,0,0,0,0,0,0,0,0,0,0,0,0,0,0,0,0,0,0,0,0,0,0,0,0,0,0,0,0,0,0,0,0,0,0,0,0,0,0,0,0,0,0,0,0,0,0,0,0,0,0,0,0,0,0,0,0,0,0,0,0,0,0,0,0,0,0,0,0,0,0
"21",210.383525,211.065625,211.122125,211.186175,211.239575,211.325325,211.388475,211.4486,211.5098,211.511475,211.6307,212.40755,212.448525,212.5226,212.5673,212.610225,212.63565,212.874925,212.917875,216.039975,217.532225,217.742075,218.53865,222.555525,0,0,0,0,0,0,0,0,0,0,0,0,0,0,0,0,0,0,0,0,0,0,0,0,0,0,0,0,0,0,0,0,0,0,0,0,0,0,0,0,0,0,0,0,0,0,0,0,0,0,0,0,0,0,0,0,0,0,0,0,0,0,0,0,0,0,0,0,0,0,0,0,0,0,0,0,0,0,0,0,0,0,0,0,0,0,0,0,0,0,0,0,0,0,0,0,0,0,0,0,0,0,0,0,0,0,0,0,0,0,0,0,0,0,0,0,0,0,0,0,0,0,0,0,0,0,0,0,0,0,0,0,0,0,0,0,0,0,0,0,0,0,0,0,0,0,0,0,0,0,0,0,0,0,0,0,0,0,0,0,0,0,0,0,0,0,0,0,0,0,0,0,0,0,0,0,0,0,0,0,0,0,0,0,0,0,0,0,0,0,0,0,0,0,0,0,0,0,0,0,0,0,0,0,0,0,0,0,0,0,0,0,0,0,0,0,0,0,0,0,0,0,0,0,0,0,0,0,0,0,0,0,0,0,0,0,0,0,0,0,0,0,0,0,0,0,0,0,0,0,0,0,0,0,0,0,0,0,0,0,0,0,0,0,0,0,0,0,0,0,0,0,0,0,0,0,0,0,0,0,0,0,0,0,0,0,0,0,0,0,0,0,0,0,0,0,0,0,0,0,0,0,0,0,0,0,0,0,0,0,0,0,0,0,0,0,0,0,0,0,0,0,0,0,0,0,0,0,0,0,0,0,0,0,0,0,0,0,0,0,0,0,0,0,0,0,0,0,0,0,0,0,0,0,0,0,0,0,0,0,0,0,0,0,0,0,0,0,0,0,0,0,0,0,0
"22",212.2514,212.41955,213.744225,215.062075,215.166075,215.2532,216.6018,216.695125,216.82245,217.0118,218.41045,218.530975,218.681925,218.782975,0,0,0,0,0,0,0,0,0,0,0,0,0,0,0,0,0,0,0,0,0,0,0,0,0,0,0,0,0,0,0,0,0,0,0,0,0,0,0,0,0,0,0,0,0,0,0,0,0,0,0,0,0,0,0,0,0,0,0,0,0,0,0,0,0,0,0,0,0,0,0,0,0,0,0,0,0,0,0,0,0,0,0,0,0,0,0,0,0,0,0,0,0,0,0,0,0,0,0,0,0,0,0,0,0,0,0,0,0,0,0,0,0,0,0,0,0,0,0,0,0,0,0,0,0,0,0,0,0,0,0,0,0,0,0,0,0,0,0,0,0,0,0,0,0,0,0,0,0,0,0,0,0,0,0,0,0,0,0,0,0,0,0,0,0,0,0,0,0,0,0,0,0,0,0,0,0,0,0,0,0,0,0,0,0,0,0,0,0,0,0,0,0,0,0,0,0,0,0,0,0,0,0,0,0,0,0,0,0,0,0,0,0,0,0,0,0,0,0,0,0,0,0,0,0,0,0,0,0,0,0,0,0,0,0,0,0,0,0,0,0,0,0,0,0,0,0,0,0,0,0,0,0,0,0,0,0,0,0,0,0,0,0,0,0,0,0,0,0,0,0,0,0,0,0,0,0,0,0,0,0,0,0,0,0,0,0,0,0,0,0,0,0,0,0,0,0,0,0,0,0,0,0,0,0,0,0,0,0,0,0,0,0,0,0,0,0,0,0,0,0,0,0,0,0,0,0,0,0,0,0,0,0,0,0,0,0,0,0,0,0,0,0,0,0,0,0,0,0,0,0,0,0,0,0,0,0,0,0,0,0,0,0,0,0,0,0,0,0,0,0,0,0,0,0,0,0,0,0,0,0,0,0,0,0
"23",209.960325,210.03005,210.143925,210.189675,210.272875,210.334975,210.378,210.4702,210.553125,210.58985,210.61675,210.6661,210.717675,210.773025,210.8255,210.954225,211.14155,211.2798,211.371025,211.4389,211.484,211.547275,211.569625,211.615075,211.6552,211.790675,211.8516,212.3325,212.4771,212.60895,212.713475,212.844425,212.88525,212.943575,213.041025,213.094275,213.2303,213.242675,213.38825,213.441825,213.58485,213.650825,213.7007,213.795475,213.911825,214.2721,214.411925,214.4761,214.540725,214.6343,214.77985,214.9866,215.002,215.003525,215.190725,215.362025,215.494575,215.599675,215.7239,215.80175,215.87765,215.926625,215.9847,216.1491,216.323475,216.463275,216.5272,216.89415,217.00915,217.095225,217.300675,217.3834,217.5374,217.57775,217.621925,217.672125,217.7852,217.84515,217.959025,218.137,218.25455,218.446975,218.532425,218.659425,218.9802,219.08175,219.16605,219.2212,219.28745,219.342075,219.399475,219.45465,219.521725,219.57415,219.632975,219.7031,219.797625,219.91,220.071225,220.18815,220.29015,220.345325,220.460725,220.524275,220.6123,220.68,220.750325,220.814575,220.897075,220.989975,221.07095,221.1649,221.243225,221.32965,221.444125,221.6383,221.896625,222.171175,222.9656,223.146625,223.312675,223.390075,223.596525,223.825425,224.142425,224.5029,225.1302,0,0,0,0,0,0,0,0,0,0,0,0,0,0,0,0,0,0,0,0,0,0,0,0,0,0,0,0,0,0,0,0,0,0,0,0,0,0,0,0,0,0,0,0,0,0,0,0,0,0,0,0,0,0,0,0,0,0,0,0,0,0,0,0,0,0,0,0,0,0,0,0,0,0,0,0,0,0,0,0,0,0,0,0,0,0,0,0,0,0,0,0,0,0,0,0,0,0,0,0,0,0,0,0,0,0,0,0,0,0,0,0,0,0,0,0,0,0,0,0,0,0,0,0,0,0,0,0,0,0,0,0,0,0,0,0,0,0,0,0,0,0,0,0,0,0,0,0,0,0,0,0,0,0,0,0,0,0,0,0,0,0,0,0,0,0,0,0,0,0,0,0,0,0,0,0,0,0,0,0,0,0,0,0,0,0,0,0,0,0,0,0,0,0,0,0,0,0,0,0,0,0,0,0,0,0,0,0,0,0,0,0,0,0,0,0,0,0,0,0,0,0,0,0,0,0,0,0,0,0,0,0,0,0,0,0,0,0,0,0,0,0,0,0,0,0,0,0,0,0,0,0,0,0,0,0,0,0,0,0,0,0,0,0,0,0,0,0,0,0,0,0
"24",209.81155,209.9887,210.8562,210.8617,210.905325,210.90905,211.04485,211.100775,211.122675,211.19185,211.2295,211.272275,211.381275,211.4334,211.659625,212.0602,212.147225,212.167225,212.206875,212.24305,212.27265,212.360575,212.42045,212.4501,212.53055,212.560575,212.6192,212.7186,212.886125,213.1522,213.21135,213.296675,213.327875,213.41105,213.541875,213.60535,213.703175,213.801325,213.826275,213.875475,213.8909,213.9502,214.01455,214.0659,214.119025,214.14255,214.19885,214.22145,214.27085,214.4211,214.53175,214.74725,214.83075,214.9603,215.06115,215.08235,215.097225,215.12405,215.1617,215.21355,215.2483,215.3113,215.397325,215.421675,215.537125,215.60685,215.608825,215.646025,215.678325,215.711675,216.097025,216.2364,216.281325,216.313175,216.38505,216.454425,216.55215,216.582,216.6448,216.6673,216.68685,216.721775,216.7562,216.791125,216.852025,216.913025,216.937325,216.994675,217.02685,217.092075,217.2047,217.2492,217.322,217.3758,218.105325,218.146425,218.201025,218.3432,218.404775,218.430525,218.46125,218.484975,218.565275,218.63515,218.680475,218.778825,218.816675,218.851925,218.905975,218.937925,219.07655,219.2363,219.858325,219.965525,220.048575,220.11295,220.169275,220.28145,220.3841,220.487575,220.591225,220.95825,221.786725,221.94915,222.231425,222.301175,222.432725,222.505875,222.57245,222.6238,222.66695,222.78995,222.86225,222.897675,222.9808,223.158275,223.203725,223.2844,223.336925,223.550075,223.7653,0,0,0,0,0,0,0,0,0,0,0,0,0,0,0,0,0,0,0,0,0,0,0,0,0,0,0,0,0,0,0,0,0,0,0,0,0,0,0,0,0,0,0,0,0,0,0,0,0,0,0,0,0,0,0,0,0,0,0,0,0,0,0,0,0,0,0,0,0,0,0,0,0,0,0,0,0,0,0,0,0,0,0,0,0,0,0,0,0,0,0,0,0,0,0,0,0,0,0,0,0,0,0,0,0,0,0,0,0,0,0,0,0,0,0,0,0,0,0,0,0,0,0,0,0,0,0,0,0,0,0,0,0,0,0,0,0,0,0,0,0,0,0,0,0,0,0,0,0,0,0,0,0,0,0,0,0,0,0,0,0,0,0,0,0,0,0,0,0,0,0,0,0,0,0,0,0,0,0,0,0,0,0,0,0,0,0,0,0,0,0,0,0,0,0,0,0,0,0,0,0,0,0,0,0,0,0,0,0,0,0,0,0,0,0,0,0,0,0,0,0,0,0,0,0,0,0,0,0,0,0,0,0,0,0,0,0,0,0,0,0,0,0,0,0,0,0,0,0,0,0,0,0,0,0,0,0,0
"25",209.705625,210.052925,210.52985,210.985075,211.256075,211.3444,211.521975,211.542375,211.8997,211.991675,212.09335,212.7465,212.87565,213.247775,214.225175,215.128775,215.768925,215.984325,217.6267,218.02905,218.734125,219.444025,219.63565,0,0,0,0,0,0,0,0,0,0,0,0,0,0,0,0,0,0,0,0,0,0,0,0,0,0,0,0,0,0,0,0,0,0,0,0,0,0,0,0,0,0,0,0,0,0,0,0,0,0,0,0,0,0,0,0,0,0,0,0,0,0,0,0,0,0,0,0,0,0,0,0,0,0,0,0,0,0,0,0,0,0,0,0,0,0,0,0,0,0,0,0,0,0,0,0,0,0,0,0,0,0,0,0,0,0,0,0,0,0,0,0,0,0,0,0,0,0,0,0,0,0,0,0,0,0,0,0,0,0,0,0,0,0,0,0,0,0,0,0,0,0,0,0,0,0,0,0,0,0,0,0,0,0,0,0,0,0,0,0,0,0,0,0,0,0,0,0,0,0,0,0,0,0,0,0,0,0,0,0,0,0,0,0,0,0,0,0,0,0,0,0,0,0,0,0,0,0,0,0,0,0,0,0,0,0,0,0,0,0,0,0,0,0,0,0,0,0,0,0,0,0,0,0,0,0,0,0,0,0,0,0,0,0,0,0,0,0,0,0,0,0,0,0,0,0,0,0,0,0,0,0,0,0,0,0,0,0,0,0,0,0,0,0,0,0,0,0,0,0,0,0,0,0,0,0,0,0,0,0,0,0,0,0,0,0,0,0,0,0,0,0,0,0,0,0,0,0,0,0,0,0,0,0,0,0,0,0,0,0,0,0,0,0,0,0,0,0,0,0,0,0,0,0,0,0,0,0,0,0,0,0,0,0,0,0,0,0,0,0,0,0,0,0,0,0,0,0,0,0,0,0,0,0,0,0,0,0,0,0,0,0,0,0,0,0,0,0,0,0,0,0,0,0,0,0
"26",209.84175,209.998175,210.057325,210.089275,210.130175,210.204,210.27005,210.289475,210.308225,210.358675,210.40795,210.4902,210.5372,211.4276,211.470375,211.527725,212.867825,212.9135,212.968375,215.8224,217.574625,217.729625,219.18795,219.24945,219.282375,219.40605,219.440175,219.504625,219.611125,220.860225,220.9922,221.059925,221.1424,223.953,224.091125,0,0,0,0,0,0,0,0,0,0,0,0,0,0,0,0,0,0,0,0,0,0,0,0,0,0,0,0,0,0,0,0,0,0,0,0,0,0,0,0,0,0,0,0,0,0,0,0,0,0,0,0,0,0,0,0,0,0,0,0,0,0,0,0,0,0,0,0,0,0,0,0,0,0,0,0,0,0,0,0,0,0,0,0,0,0,0,0,0,0,0,0,0,0,0,0,0,0,0,0,0,0,0,0,0,0,0,0,0,0,0,0,0,0,0,0,0,0,0,0,0,0,0,0,0,0,0,0,0,0,0,0,0,0,0,0,0,0,0,0,0,0,0,0,0,0,0,0,0,0,0,0,0,0,0,0,0,0,0,0,0,0,0,0,0,0,0,0,0,0,0,0,0,0,0,0,0,0,0,0,0,0,0,0,0,0,0,0,0,0,0,0,0,0,0,0,0,0,0,0,0,0,0,0,0,0,0,0,0,0,0,0,0,0,0,0,0,0,0,0,0,0,0,0,0,0,0,0,0,0,0,0,0,0,0,0,0,0,0,0,0,0,0,0,0,0,0,0,0,0,0,0,0,0,0,0,0,0,0,0,0,0,0,0,0,0,0,0,0,0,0,0,0,0,0,0,0,0,0,0,0,0,0,0,0,0,0,0,0,0,0,0,0,0,0,0,0,0,0,0,0,0,0,0,0,0,0,0,0,0,0,0,0,0,0,0,0,0,0,0,0,0,0,0,0,0,0,0,0,0,0,0,0,0,0,0,0,0,0,0,0,0,0,0,0,0,0,0,0,0,0,0,0,0,0,0,0,0,0,0,0,0,0,0
"27",211.062375,211.20515,211.84335,211.90265,211.93755,212.004625,212.08975,212.119975,212.213375,212.2498,212.311625,212.35795,212.39985,212.432625,212.497825,212.61565,212.799675,213.1316,213.28585,213.368875,213.414975,213.46475,213.534375,213.583825,213.738625,214.497475,214.6001,214.6437,214.7039,214.761775,214.822925,214.979475,215.05605,216.2881,216.3442,216.487125,216.5687,216.67065,218.014775,218.4121,218.4427,218.49055,220.101,0,0,0,0,0,0,0,0,0,0,0,0,0,0,0,0,0,0,0,0,0,0,0,0,0,0,0,0,0,0,0,0,0,0,0,0,0,0,0,0,0,0,0,0,0,0,0,0,0,0,0,0,0,0,0,0,0,0,0,0,0,0,0,0,0,0,0,0,0,0,0,0,0,0,0,0,0,0,0,0,0,0,0,0,0,0,0,0,0,0,0,0,0,0,0,0,0,0,0,0,0,0,0,0,0,0,0,0,0,0,0,0,0,0,0,0,0,0,0,0,0,0,0,0,0,0,0,0,0,0,0,0,0,0,0,0,0,0,0,0,0,0,0,0,0,0,0,0,0,0,0,0,0,0,0,0,0,0,0,0,0,0,0,0,0,0,0,0,0,0,0,0,0,0,0,0,0,0,0,0,0,0,0,0,0,0,0,0,0,0,0,0,0,0,0,0,0,0,0,0,0,0,0,0,0,0,0,0,0,0,0,0,0,0,0,0,0,0,0,0,0,0,0,0,0,0,0,0,0,0,0,0,0,0,0,0,0,0,0,0,0,0,0,0,0,0,0,0,0,0,0,0,0,0,0,0,0,0,0,0,0,0,0,0,0,0,0,0,0,0,0,0,0,0,0,0,0,0,0,0,0,0,0,0,0,0,0,0,0,0,0,0,0,0,0,0,0,0,0,0,0,0,0,0,0,0,0,0,0,0,0,0,0,0,0,0,0,0,0,0,0,0,0,0,0,0,0,0,0,0,0,0,0,0,0,0,0,0,0,0,0,0,0,0,0,0,0,0,0,0,0,0,0,0,0,0
"28",209.5401,209.593725,210.76715,210.99435,211.40475,211.48835,211.820425,211.83525,211.888425,212.085025,212.094675,212.16215,212.274575,212.296925,212.436475,212.52115,212.5572,212.6092,212.6351,212.666675,212.70945,212.775925,213.2341,213.277325,213.54505,213.644675,213.7422,213.781925,213.920125,214.056825,214.142725,214.172725,214.992125,215.064975,215.188525,215.469775,215.568425,215.618775,215.62945,215.67275,215.711725,215.75545,215.84665,216.287125,216.395075,216.658325,216.71235,216.836975,216.86805,216.911575,216.953175,217.135025,217.1634,217.2313,217.28225,217.31185,217.352525,217.37265,217.3903,217.438325,217.4808,217.5782,217.993775,218.3811,218.472375,218.545475,218.57035,218.60475,218.629,218.665975,218.695025,218.72635,218.75445,218.8232,218.8418,218.932725,218.978325,219.0058,219.05205,219.095475,219.12715,219.165975,219.194875,219.240175,219.284175,220.15945,220.468875,220.529625,220.574575,220.638875,220.700975,220.746275,220.808725,220.882925,220.937325,221.1334,221.2122,221.318025,222.681075,222.7458,222.801675,222.86025,222.919425,222.991925,223.057175,223.098525,223.171625,223.280725,223.3356,223.405975,223.478925,223.5685,223.686425,223.783125,224.007225,224.110875,224.1929,0,0,0,0,0,0,0,0,0,0,0,0,0,0,0,0,0,0,0,0,0,0,0,0,0,0,0,0,0,0,0,0,0,0,0,0,0,0,0,0,0,0,0,0,0,0,0,0,0,0,0,0,0,0,0,0,0,0,0,0,0,0,0,0,0,0,0,0,0,0,0,0,0,0,0,0,0,0,0,0,0,0,0,0,0,0,0,0,0,0,0,0,0,0,0,0,0,0,0,0,0,0,0,0,0,0,0,0,0,0,0,0,0,0,0,0,0,0,0,0,0,0,0,0,0,0,0,0,0,0,0,0,0,0,0,0,0,0,0,0,0,0,0,0,0,0,0,0,0,0,0,0,0,0,0,0,0,0,0,0,0,0,0,0,0,0,0,0,0,0,0,0,0,0,0,0,0,0,0,0,0,0,0,0,0,0,0,0,0,0,0,0,0,0,0,0,0,0,0,0,0,0,0,0,0,0,0,0,0,0,0,0,0,0,0,0,0,0,0,0,0,0,0,0,0,0,0,0,0,0,0,0,0,0,0,0,0,0,0,0,0,0,0,0,0,0,0,0,0,0,0,0,0,0,0,0,0,0,0,0,0,0,0,0,0,0,0,0,0,0,0,0,0,0,0,0,0,0,0,0,0,0
"29",212.831725,213.99995,214.0708,214.17745,214.239075,215.415875,215.547175,215.6391,215.709525,216.992575,217.094825,217.19315,217.26875,217.3528,217.421575,217.606675,217.6497,218.991375,219.2011,219.40215,220.74375,221.09405,222.249575,222.777225,222.894925,223.04675,223.242275,223.4714,223.73055,223.8912,224.197675,224.542775,224.9081,225.43935,225.72245,226.014775,0,0,0,0,0,0,0,0,0,0,0,0,0,0,0,0,0,0,0,0,0,0,0,0,0,0,0,0,0,0,0,0,0,0,0,0,0,0,0,0,0,0,0,0,0,0,0,0,0,0,0,0,0,0,0,0,0,0,0,0,0,0,0,0,0,0,0,0,0,0,0,0,0,0,0,0,0,0,0,0,0,0,0,0,0,0,0,0,0,0,0,0,0,0,0,0,0,0,0,0,0,0,0,0,0,0,0,0,0,0,0,0,0,0,0,0,0,0,0,0,0,0,0,0,0,0,0,0,0,0,0,0,0,0,0,0,0,0,0,0,0,0,0,0,0,0,0,0,0,0,0,0,0,0,0,0,0,0,0,0,0,0,0,0,0,0,0,0,0,0,0,0,0,0,0,0,0,0,0,0,0,0,0,0,0,0,0,0,0,0,0,0,0,0,0,0,0,0,0,0,0,0,0,0,0,0,0,0,0,0,0,0,0,0,0,0,0,0,0,0,0,0,0,0,0,0,0,0,0,0,0,0,0,0,0,0,0,0,0,0,0,0,0,0,0,0,0,0,0,0,0,0,0,0,0,0,0,0,0,0,0,0,0,0,0,0,0,0,0,0,0,0,0,0,0,0,0,0,0,0,0,0,0,0,0,0,0,0,0,0,0,0,0,0,0,0,0,0,0,0,0,0,0,0,0,0,0,0,0,0,0,0,0,0,0,0,0,0,0,0,0,0,0,0,0,0,0,0,0,0,0,0,0,0,0,0,0,0,0,0,0,0,0,0,0,0,0,0,0,0,0,0,0,0,0,0,0,0,0,0,0,0,0
"30",209.60445,210.09915,210.201675,210.2753,210.317375,210.3659,210.52585,210.585175,210.650525,210.670675,211.3223,211.36535,211.42495,211.4797,211.509825,211.5959,211.61485,211.689675,212.763725,212.906125,212.98065,213.015225,213.7364,213.772575,214.10645,214.199275,214.222025,214.348625,214.87,215.610525,215.845875,215.89565,215.94145,216.0267,216.046425,216.48215,216.78135,216.7959,217.045825,217.423725,217.479975,217.52825,217.552275,217.598025,217.6699,217.714875,217.75895,217.856575,218.9897,219.15995,219.1632,219.209775,219.248475,219.25955,219.282275,219.305125,219.361175,219.399575,219.46985,219.492825,219.609075,219.637675,219.667375,220.422975,220.633175,220.695,220.753425,220.8076,220.910175,220.997825,221.029275,221.174875,221.27105,221.375825,221.47095,223.4123,223.4745,223.579925,223.7032,223.779,223.861575,223.92935,224.0252,224.0803,224.178525,224.43295,224.610525,0,0,0,0,0,0,0,0,0,0,0,0,0,0,0,0,0,0,0,0,0,0,0,0,0,0,0,0,0,0,0,0,0,0,0,0,0,0,0,0,0,0,0,0,0,0,0,0,0,0,0,0,0,0,0,0,0,0,0,0,0,0,0,0,0,0,0,0,0,0,0,0,0,0,0,0,0,0,0,0,0,0,0,0,0,0,0,0,0,0,0,0,0,0,0,0,0,0,0,0,0,0,0,0,0,0,0,0,0,0,0,0,0,0,0,0,0,0,0,0,0,0,0,0,0,0,0,0,0,0,0,0,0,0,0,0,0,0,0,0,0,0,0,0,0,0,0,0,0,0,0,0,0,0,0,0,0,0,0,0,0,0,0,0,0,0,0,0,0,0,0,0,0,0,0,0,0,0,0,0,0,0,0,0,0,0,0,0,0,0,0,0,0,0,0,0,0,0,0,0,0,0,0,0,0,0,0,0,0,0,0,0,0,0,0,0,0,0,0,0,0,0,0,0,0,0,0,0,0,0,0,0,0,0,0,0,0,0,0,0,0,0,0,0,0,0,0,0,0,0,0,0,0,0,0,0,0,0,0,0,0,0,0,0,0,0,0,0,0,0,0,0,0,0,0,0,0,0,0,0,0,0,0,0,0,0,0,0,0,0,0,0,0,0,0,0,0,0,0,0,0,0,0,0,0,0,0,0,0,0,0,0
"31",211.739875,211.7888,211.848275,211.91335,211.987975,212.01095,212.062125,212.10735,212.118275,212.172725,212.27845,212.29345,212.306275,212.3749,212.38255,212.402675,212.441525,212.4773,212.497475,212.6559,212.687625,213.129175,213.20875,213.23855,213.26475,213.34275,213.374475,213.399775,213.50235,213.5123,213.542375,213.552475,213.59865,213.611175,213.66565,213.71375,213.83975,213.961325,214.614,214.6548,214.692875,214.7413,214.767425,214.790825,214.862875,214.974975,215.00545,215.176475,215.233825,215.5604,215.594825,216.0964,216.1416,216.221725,216.24845,216.302775,216.341575,216.37225,216.47125,216.560275,216.58395,216.637175,216.6465,216.671575,216.7272,216.782975,216.813025,216.814725,217.09525,217.108,217.947175,218.06435,218.1434,218.177775,218.246275,218.339325,218.474875,218.658575,218.784525,218.808475,219.1119,219.8028,220.00515,220.097275,220.181825,220.25015,220.3938,220.482725,222.734125,222.775875,0,0,0,0,0,0,0,0,0,0,0,0,0,0,0,0,0,0,0,0,0,0,0,0,0,0,0,0,0,0,0,0,0,0,0,0,0,0,0,0,0,0,0,0,0,0,0,0,0,0,0,0,0,0,0,0,0,0,0,0,0,0,0,0,0,0,0,0,0,0,0,0,0,0,0,0,0,0,0,0,0,0,0,0,0,0,0,0,0,0,0,0,0,0,0,0,0,0,0,0,0,0,0,0,0,0,0,0,0,0,0,0,0,0,0,0,0,0,0,0,0,0,0,0,0,0,0,0,0,0,0,0,0,0,0,0,0,0,0,0,0,0,0,0,0,0,0,0,0,0,0,0,0,0,0,0,0,0,0,0,0,0,0,0,0,0,0,0,0,0,0,0,0,0,0,0,0,0,0,0,0,0,0,0,0,0,0,0,0,0,0,0,0,0,0,0,0,0,0,0,0,0,0,0,0,0,0,0,0,0,0,0,0,0,0,0,0,0,0,0,0,0,0,0,0,0,0,0,0,0,0,0,0,0,0,0,0,0,0,0,0,0,0,0,0,0,0,0,0,0,0,0,0,0,0,0,0,0,0,0,0,0,0,0,0,0,0,0,0,0,0,0,0,0,0,0,0,0,0,0,0,0,0,0,0,0,0,0,0,0,0,0,0,0,0,0,0,0,0,0,0,0,0,0,0,0,0,0,0
"32",209.9302,210.039725,210.084825,210.11255,210.1246,210.20265,210.243875,210.268725,210.293125,210.31805,210.35085,210.442925,210.45945,210.469175,210.4903,210.502425,210.5611,211.14935,211.17625,211.19935,211.217175,211.2456,211.2619,211.298525,211.4146,211.515275,211.5383,211.541875,211.66425,211.853025,211.882675,211.902225,212.0924,212.17715,212.247775,212.279625,212.35195,212.390775,212.413475,212.505775,212.527275,212.5607,212.671375,212.790375,212.828925,212.91645,212.936775,212.973925,212.97775,213.0284,213.514475,213.5446,213.663,214.23485,214.921375,215.784125,215.8377,216.479825,216.609075,216.8877,217.411725,217.41305,217.491275,217.557775,217.577525,217.6545,217.719525,218.976225,219.146175,219.265975,219.280175,219.3575,219.3892,219.42505,219.484825,219.585125,220.852325,220.979425,221.026125,221.056275,221.1141,221.38555,223.559275,223.72065,223.849325,0,0,0,0,0,0,0,0,0,0,0,0,0,0,0,0,0,0,0,0,0,0,0,0,0,0,0,0,0,0,0,0,0,0,0,0,0,0,0,0,0,0,0,0,0,0,0,0,0,0,0,0,0,0,0,0,0,0,0,0,0,0,0,0,0,0,0,0,0,0,0,0,0,0,0,0,0,0,0,0,0,0,0,0,0,0,0,0,0,0,0,0,0,0,0,0,0,0,0,0,0,0,0,0,0,0,0,0,0,0,0,0,0,0,0,0,0,0,0,0,0,0,0,0,0,0,0,0,0,0,0,0,0,0,0,0,0,0,0,0,0,0,0,0,0,0,0,0,0,0,0,0,0,0,0,0,0,0,0,0,0,0,0,0,0,0,0,0,0,0,0,0,0,0,0,0,0,0,0,0,0,0,0,0,0,0,0,0,0,0,0,0,0,0,0,0,0,0,0,0,0,0,0,0,0,0,0,0,0,0,0,0,0,0,0,0,0,0,0,0,0,0,0,0,0,0,0,0,0,0,0,0,0,0,0,0,0,0,0,0,0,0,0,0,0,0,0,0,0,0,0,0,0,0,0,0,0,0,0,0,0,0,0,0,0,0,0,0,0,0,0,0,0,0,0,0,0,0,0,0,0,0,0,0,0,0,0,0,0,0,0,0,0,0,0,0,0,0,0,0,0,0,0,0,0,0,0,0,0,0,0,0,0,0
"33",212.8164,212.896675,214.18525,214.27585,214.31795,214.3307,215.203225,215.574975,215.656125,215.90525,216.78785,216.949775,217.3576,217.43025,217.497125,217.764925,219.1929,0,0,0,0,0,0,0,0,0,0,0,0,0,0,0,0,0,0,0,0,0,0,0,0,0,0,0,0,0,0,0,0,0,0,0,0,0,0,0,0,0,0,0,0,0,0,0,0,0,0,0,0,0,0,0,0,0,0,0,0,0,0,0,0,0,0,0,0,0,0,0,0,0,0,0,0,0,0,0,0,0,0,0,0,0,0,0,0,0,0,0,0,0,0,0,0,0,0,0,0,0,0,0,0,0,0,0,0,0,0,0,0,0,0,0,0,0,0,0,0,0,0,0,0,0,0,0,0,0,0,0,0,0,0,0,0,0,0,0,0,0,0,0,0,0,0,0,0,0,0,0,0,0,0,0,0,0,0,0,0,0,0,0,0,0,0,0,0,0,0,0,0,0,0,0,0,0,0,0,0,0,0,0,0,0,0,0,0,0,0,0,0,0,0,0,0,0,0,0,0,0,0,0,0,0,0,0,0,0,0,0,0,0,0,0,0,0,0,0,0,0,0,0,0,0,0,0,0,0,0,0,0,0,0,0,0,0,0,0,0,0,0,0,0,0,0,0,0,0,0,0,0,0,0,0,0,0,0,0,0,0,0,0,0,0,0,0,0,0,0,0,0,0,0,0,0,0,0,0,0,0,0,0,0,0,0,0,0,0,0,0,0,0,0,0,0,0,0,0,0,0,0,0,0,0,0,0,0,0,0,0,0,0,0,0,0,0,0,0,0,0,0,0,0,0,0,0,0,0,0,0,0,0,0,0,0,0,0,0,0,0,0,0,0,0,0,0,0,0,0,0,0,0,0,0,0,0,0,0,0,0,0,0,0,0,0,0,0,0,0,0,0,0,0,0,0,0,0,0,0,0,0
"34",209.480475,211.463475,212.9961,214.002075,214.299025,214.39785,214.798,215.0352,215.498675,215.631825,215.725825,215.7292,215.7956,215.83625,215.88685,215.910825,215.955075,216.0172,217.140825,217.207075,217.272225,217.340725,218.63055,218.706175,218.884275,219.117125,219.235625,219.29025,219.426875,220.9962,221.7175,0,0,0,0,0,0,0,0,0,0,0,0,0,0,0,0,0,0,0,0,0,0,0,0,0,0,0,0,0,0,0,0,0,0,0,0,0,0,0,0,0,0,0,0,0,0,0,0,0,0,0,0,0,0,0,0,0,0,0,0,0,0,0,0,0,0,0,0,0,0,0,0,0,0,0,0,0,0,0,0,0,0,0,0,0,0,0,0,0,0,0,0,0,0,0,0,0,0,0,0,0,0,0,0,0,0,0,0,0,0,0,0,0,0,0,0,0,0,0,0,0,0,0,0,0,0,0,0,0,0,0,0,0,0,0,0,0,0,0,0,0,0,0,0,0,0,0,0,0,0,0,0,0,0,0,0,0,0,0,0,0,0,0,0,0,0,0,0,0,0,0,0,0,0,0,0,0,0,0,0,0,0,0,0,0,0,0,0,0,0,0,0,0,0,0,0,0,0,0,0,0,0,0,0,0,0,0,0,0,0,0,0,0,0,0,0,0,0,0,0,0,0,0,0,0,0,0,0,0,0,0,0,0,0,0,0,0,0,0,0,0,0,0,0,0,0,0,0,0,0,0,0,0,0,0,0,0,0,0,0,0,0,0,0,0,0,0,0,0,0,0,0,0,0,0,0,0,0,0,0,0,0,0,0,0,0,0,0,0,0,0,0,0,0,0,0,0,0,0,0,0,0,0,0,0,0,0,0,0,0,0,0,0,0,0,0,0,0,0,0,0,0,0,0,0,0,0,0,0,0,0,0,0,0,0,0,0,0,0,0,0,0,0,0,0,0,0,0,0,0,0,0,0,0,0,0,0,0,0,0,0,0,0,0,0,0,0,0
"35",209.989325,210.166925,210.623275,210.649175,210.73995,211.2028,211.415675,211.466475,211.5104,211.583875,211.667175,212.5953,212.69715,212.86265,214.2997,214.376625,215.422275,215.547625,215.80305,217.213275,217.309375,217.71105,219.06865,219.244625,219.4401,221.4866,0,0,0,0,0,0,0,0,0,0,0,0,0,0,0,0,0,0,0,0,0,0,0,0,0,0,0,0,0,0,0,0,0,0,0,0,0,0,0,0,0,0,0,0,0,0,0,0,0,0,0,0,0,0,0,0,0,0,0,0,0,0,0,0,0,0,0,0,0,0,0,0,0,0,0,0,0,0,0,0,0,0,0,0,0,0,0,0,0,0,0,0,0,0,0,0,0,0,0,0,0,0,0,0,0,0,0,0,0,0,0,0,0,0,0,0,0,0,0,0,0,0,0,0,0,0,0,0,0,0,0,0,0,0,0,0,0,0,0,0,0,0,0,0,0,0,0,0,0,0,0,0,0,0,0,0,0,0,0,0,0,0,0,0,0,0,0,0,0,0,0,0,0,0,0,0,0,0,0,0,0,0,0,0,0,0,0,0,0,0,0,0,0,0,0,0,0,0,0,0,0,0,0,0,0,0,0,0,0,0,0,0,0,0,0,0,0,0,0,0,0,0,0,0,0,0,0,0,0,0,0,0,0,0,0,0,0,0,0,0,0,0,0,0,0,0,0,0,0,0,0,0,0,0,0,0,0,0,0,0,0,0,0,0,0,0,0,0,0,0,0,0,0,0,0,0,0,0,0,0,0,0,0,0,0,0,0,0,0,0,0,0,0,0,0,0,0,0,0,0,0,0,0,0,0,0,0,0,0,0,0,0,0,0,0,0,0,0,0,0,0,0,0,0,0,0,0,0,0,0,0,0,0,0,0,0,0,0,0,0,0,0,0,0,0,0,0,0,0,0,0,0,0,0,0,0,0,0,0,0,0,0,0,0,0,0,0,0,0,0,0,0,0
"36",211.607975,212.157125,212.7698,213.16525,213.2309,213.4047,213.47115,213.566275,214.164125,214.32235,214.63365,214.68465,214.829,214.908975,215.684475,215.7684,216.2077,216.305825,216.373975,216.555875,216.61165,217.25795,217.47045,217.55455,217.64075,218.036575,218.112875,218.1696,218.222675,218.51825,219.130675,219.1684,219.197175,219.26785,219.353325,219.443,219.535675,220.758325,220.861275,220.923975,220.987375,221.047975,221.122375,221.2622,223.6093,224.2444,0,0,0,0,0,0,0,0,0,0,0,0,0,0,0,0,0,0,0,0,0,0,0,0,0,0,0,0,0,0,0,0,0,0,0,0,0,0,0,0,0,0,0,0,0,0,0,0,0,0,0,0,0,0,0,0,0,0,0,0,0,0,0,0,0,0,0,0,0,0,0,0,0,0,0,0,0,0,0,0,0,0,0,0,0,0,0,0,0,0,0,0,0,0,0,0,0,0,0,0,0,0,0,0,0,0,0,0,0,0,0,0,0,0,0,0,0,0,0,0,0,0,0,0,0,0,0,0,0,0,0,0,0,0,0,0,0,0,0,0,0,0,0,0,0,0,0,0,0,0,0,0,0,0,0,0,0,0,0,0,0,0,0,0,0,0,0,0,0,0,0,0,0,0,0,0,0,0,0,0,0,0,0,0,0,0,0,0,0,0,0,0,0,0,0,0,0,0,0,0,0,0,0,0,0,0,0,0,0,0,0,0,0,0,0,0,0,0,0,0,0,0,0,0,0,0,0,0,0,0,0,0,0,0,0,0,0,0,0,0,0,0,0,0,0,0,0,0,0,0,0,0,0,0,0,0,0,0,0,0,0,0,0,0,0,0,0,0,0,0,0,0,0,0,0,0,0,0,0,0,0,0,0,0,0,0,0,0,0,0,0,0,0,0,0,0,0,0,0,0,0,0,0,0,0,0,0,0,0,0,0,0,0,0,0,0,0,0,0,0,0,0,0,0,0,0,0,0,0,0,0,0,0,0,0,0,0,0,0,0,0,0,0,0,0,0,0,0,0,0,0,0,0
"37",210.629875,211.27045,211.292375,211.336575,211.565425,211.629525,212.43735,212.63025,212.772825,212.9885,213.8928,214.243475,214.282,214.395775,215.816725,215.848425,215.88275,215.912275,217.4859,217.591875,217.661575,217.706525,217.73745,219.5017,219.63255,0,0,0,0,0,0,0,0,0,0,0,0,0,0,0,0,0,0,0,0,0,0,0,0,0,0,0,0,0,0,0,0,0,0,0,0,0,0,0,0,0,0,0,0,0,0,0,0,0,0,0,0,0,0,0,0,0,0,0,0,0,0,0,0,0,0,0,0,0,0,0,0,0,0,0,0,0,0,0,0,0,0,0,0,0,0,0,0,0,0,0,0,0,0,0,0,0,0,0,0,0,0,0,0,0,0,0,0,0,0,0,0,0,0,0,0,0,0,0,0,0,0,0,0,0,0,0,0,0,0,0,0,0,0,0,0,0,0,0,0,0,0,0,0,0,0,0,0,0,0,0,0,0,0,0,0,0,0,0,0,0,0,0,0,0,0,0,0,0,0,0,0,0,0,0,0,0,0,0,0,0,0,0,0,0,0,0,0,0,0,0,0,0,0,0,0,0,0,0,0,0,0,0,0,0,0,0,0,0,0,0,0,0,0,0,0,0,0,0,0,0,0,0,0,0,0,0,0,0,0,0,0,0,0,0,0,0,0,0,0,0,0,0,0,0,0,0,0,0,0,0,0,0,0,0,0,0,0,0,0,0,0,0,0,0,0,0,0,0,0,0,0,0,0,0,0,0,0,0,0,0,0,0,0,0,0,0,0,0,0,0,0,0,0,0,0,0,0,0,0,0,0,0,0,0,0,0,0,0,0,0,0,0,0,0,0,0,0,0,0,0,0,0,0,0,0,0,0,0,0,0,0,0,0,0,0,0,0,0,0,0,0,0,0,0,0,0,0,0,0,0,0,0,0,0,0,0,0,0,0,0,0,0,0,0,0,0,0,0,0,0,0,0,0
"38",210.90055,211.0302,211.098425,211.1207,211.259425,211.61805,211.890875,212.1118,212.299325,212.498925,212.7069,212.88135,213.2195,213.533425,213.6313,213.694525,213.70435,213.828675,213.8708,213.8837,214.063,214.18645,214.5571,214.6006,214.629,214.7271,214.846475,214.945475,215.04395,215.532675,215.557175,216.16455,216.308125,216.4293,216.563825,216.75215,216.8165,216.91265,217.0792,218.025075,218.224075,218.2645,218.483675,218.4938,218.55875,218.7282,219.048825,219.4807,0,0,0,0,0,0,0,0,0,0,0,0,0,0,0,0,0,0,0,0,0,0,0,0,0,0,0,0,0,0,0,0,0,0,0,0,0,0,0,0,0,0,0,0,0,0,0,0,0,0,0,0,0,0,0,0,0,0,0,0,0,0,0,0,0,0,0,0,0,0,0,0,0,0,0,0,0,0,0,0,0,0,0,0,0,0,0,0,0,0,0,0,0,0,0,0,0,0,0,0,0,0,0,0,0,0,0,0,0,0,0,0,0,0,0,0,0,0,0,0,0,0,0,0,0,0,0,0,0,0,0,0,0,0,0,0,0,0,0,0,0,0,0,0,0,0,0,0,0,0,0,0,0,0,0,0,0,0,0,0,0,0,0,0,0,0,0,0,0,0,0,0,0,0,0,0,0,0,0,0,0,0,0,0,0,0,0,0,0,0,0,0,0,0,0,0,0,0,0,0,0,0,0,0,0,0,0,0,0,0,0,0,0,0,0,0,0,0,0,0,0,0,0,0,0,0,0,0,0,0,0,0,0,0,0,0,0,0,0,0,0,0,0,0,0,0,0,0,0,0,0,0,0,0,0,0,0,0,0,0,0,0,0,0,0,0,0,0,0,0,0,0,0,0,0,0,0,0,0,0,0,0,0,0,0,0,0,0,0,0,0,0,0,0,0,0,0,0,0,0,0,0,0,0,0,0,0,0,0,0,0,0,0,0,0,0,0,0,0,0,0,0,0,0,0,0,0,0,0,0,0,0,0,0,0,0,0,0,0,0,0,0,0,0,0,0,0,0,0,0,0
"39",210.569925,211.0738,211.1706,211.241325,211.37245,211.411175,211.4292,211.4555,211.501175,211.52995,211.547325,211.57745,211.6046,212.502225,212.587225,212.806875,212.8406,212.877025,212.904775,212.920625,212.956525,213.024175,213.5078,213.528025,213.807225,215.9393,215.9761,216.0206,216.36415,217.563225,217.626675,219.349375,219.417975,219.5615,0,0,0,0,0,0,0,0,0,0,0,0,0,0,0,0,0,0,0,0,0,0,0,0,0,0,0,0,0,0,0,0,0,0,0,0,0,0,0,0,0,0,0,0,0,0,0,0,0,0,0,0,0,0,0,0,0,0,0,0,0,0,0,0,0,0,0,0,0,0,0,0,0,0,0,0,0,0,0,0,0,0,0,0,0,0,0,0,0,0,0,0,0,0,0,0,0,0,0,0,0,0,0,0,0,0,0,0,0,0,0,0,0,0,0,0,0,0,0,0,0,0,0,0,0,0,0,0,0,0,0,0,0,0,0,0,0,0,0,0,0,0,0,0,0,0,0,0,0,0,0,0,0,0,0,0,0,0,0,0,0,0,0,0,0,0,0,0,0,0,0,0,0,0,0,0,0,0,0,0,0,0,0,0,0,0,0,0,0,0,0,0,0,0,0,0,0,0,0,0,0,0,0,0,0,0,0,0,0,0,0,0,0,0,0,0,0,0,0,0,0,0,0,0,0,0,0,0,0,0,0,0,0,0,0,0,0,0,0,0,0,0,0,0,0,0,0,0,0,0,0,0,0,0,0,0,0,0,0,0,0,0,0,0,0,0,0,0,0,0,0,0,0,0,0,0,0,0,0,0,0,0,0,0,0,0,0,0,0,0,0,0,0,0,0,0,0,0,0,0,0,0,0,0,0,0,0,0,0,0,0,0,0,0,0,0,0,0,0,0,0,0,0,0,0,0,0,0,0,0,0,0,0,0,0,0,0,0,0,0,0,0,0,0,0,0,0,0,0,0,0,0,0,0,0,0,0,0,0,0,0,0,0,0,0
"40",209.789125,210.0457,210.14885,210.244525,210.4074,210.422075,210.448025,210.470675,210.526725,210.528175,210.591575,210.7538,210.905225,210.957625,211.301575,211.4589,211.540775,211.597925,211.6272,211.88715,212.77445,212.777525,212.782,212.810275,212.86,212.939275,212.9635,213.001525,213.0624,213.14355,213.288425,213.30035,214.01815,214.03585,214.158975,214.21915,214.27455,214.402225,214.49835,215.593325,215.644475,215.647575,215.67715,215.7813,215.8199,215.863825,215.90905,216.051875,216.135625,216.153975,216.566725,216.74495,217.137275,217.2463,217.256025,217.303375,217.367475,217.4364,217.476375,217.48755,217.537125,217.61835,217.637925,217.688825,217.836175,218.530675,219.16925,219.22815,219.246925,219.257725,219.264675,219.309725,219.3832,219.397625,219.41065,219.441275,219.514475,219.54245,219.62165,219.8244,220.53585,220.5886,220.6584,220.6989,220.7724,220.795,220.837925,220.911525,220.9535,221.00355,221.031625,221.09795,221.118525,221.169875,221.20725,221.242925,221.3045,221.8645,223.427125,223.614675,223.758525,223.850825,224.024825,224.280075,224.535125,0,0,0,0,0,0,0,0,0,0,0,0,0,0,0,0,0,0,0,0,0,0,0,0,0,0,0,0,0,0,0,0,0,0,0,0,0,0,0,0,0,0,0,0,0,0,0,0,0,0,0,0,0,0,0,0,0,0,0,0,0,0,0,0,0,0,0,0,0,0,0,0,0,0,0,0,0,0,0,0,0,0,0,0,0,0,0,0,0,0,0,0,0,0,0,0,0,0,0,0,0,0,0,0,0,0,0,0,0,0,0,0,0,0,0,0,0,0,0,0,0,0,0,0,0,0,0,0,0,0,0,0,0,0,0,0,0,0,0,0,0,0,0,0,0,0,0,0,0,0,0,0,0,0,0,0,0,0,0,0,0,0,0,0,0,0,0,0,0,0,0,0,0,0,0,0,0,0,0,0,0,0,0,0,0,0,0,0,0,0,0,0,0,0,0,0,0,0,0,0,0,0,0,0,0,0,0,0,0,0,0,0,0,0,0,0,0,0,0,0,0,0,0,0,0,0,0,0,0,0,0,0,0,0,0,0,0,0,0,0,0,0,0,0,0,0,0,0,0,0,0,0,0,0,0,0,0,0,0,0,0,0,0,0,0,0,0,0,0,0,0,0,0,0,0,0,0,0,0,0,0,0,0,0,0,0,0,0,0,0,0,0,0,0
"41",209.90795,209.9642,209.989725,210.043275,210.0525,210.066975,210.1119,210.1796,210.214675,210.256125,210.331075,210.343075,210.41155,210.47195,210.4813,210.509175,210.5207,210.5334,210.554925,210.5565,210.881575,210.927875,211.10515,211.113475,211.22925,211.232325,211.30985,211.35275,211.367225,211.39445,211.49845,211.533075,211.7802,211.864,211.915425,211.952725,211.96845,212.020575,212.059,212.06315,212.09085,212.097725,212.113075,212.1538,212.178575,212.204,212.276175,212.29235,212.31535,212.35505,212.401275,212.4686,212.52865,212.5775,212.7431,212.826225,212.89835,212.9238,213.358925,213.424675,213.6388,213.667825,213.732325,213.764425,213.8225,213.87875,213.901,214.0083,214.16535,214.3196,214.48325,214.4871,214.674775,214.81285,214.881075,214.919275,214.976625,215.09695,215.182325,215.248275,215.2792,215.398975,215.510925,215.5675,216.480325,216.526125,216.55435,216.623975,216.708875,216.77505,216.8045,216.9256,216.9593,217.07,217.15935,217.37325,217.525625,217.755475,218.231725,218.329225,218.345525,218.408,218.4772,218.548175,218.63695,218.821275,218.8628,218.92425,218.974325,219.070475,219.330875,219.395525,219.45215,219.574,220.37675,220.5185,220.653175,221.014675,221.1593,221.263875,221.413525,221.51485,222.44605,222.620375,222.861375,222.950875,223.45065,0,0,0,0,0,0,0,0,0,0,0,0,0,0,0,0,0,0,0,0,0,0,0,0,0,0,0,0,0,0,0,0,0,0,0,0,0,0,0,0,0,0,0,0,0,0,0,0,0,0,0,0,0,0,0,0,0,0,0,0,0,0,0,0,0,0,0,0,0,0,0,0,0,0,0,0,0,0,0,0,0,0,0,0,0,0,0,0,0,0,0,0,0,0,0,0,0,0,0,0,0,0,0,0,0,0,0,0,0,0,0,0,0,0,0,0,0,0,0,0,0,0,0,0,0,0,0,0,0,0,0,0,0,0,0,0,0,0,0,0,0,0,0,0,0,0,0,0,0,0,0,0,0,0,0,0,0,0,0,0,0,0,0,0,0,0,0,0,0,0,0,0,0,0,0,0,0,0,0,0,0,0,0,0,0,0,0,0,0,0,0,0,0,0,0,0,0,0,0,0,0,0,0,0,0,0,0,0,0,0,0,0,0,0,0,0,0,0,0,0,0,0,0,0,0,0,0,0,0,0,0,0,0,0,0,0,0,0,0,0,0,0,0,0,0,0,0,0,0,0,0,0,0,0,0,0,0,0,0,0,0,0,0,0,0,0,0,0,0,0,0,0
"42",0,0,0,0,0,0,0,0,0,0,0,0,0,0,0,0,0,0,0,0,0,0,0,0,0,0,0,0,0,0,0,0,0,0,0,0,0,0,0,0,0,0,0,0,0,0,0,0,0,0,0,0,0,0,0,0,0,0,0,0,0,0,0,0,0,0,0,0,0,0,0,0,0,0,0,0,0,0,0,0,0,0,0,0,0,0,0,0,0,0,0,0,0,0,0,0,0,0,0,0,0,0,0,0,0,0,0,0,0,0,0,0,0,0,0,0,0,0,0,0,0,0,0,0,0,0,0,0,0,0,0,0,0,0,0,0,0,0,0,0,0,0,0,0,0,0,0,0,0,0,0,0,0,0,0,0,0,0,0,0,0,0,0,0,0,0,0,0,0,0,0,0,0,0,0,0,0,0,0,0,0,0,0,0,0,0,0,0,0,0,0,0,0,0,0,0,0,0,0,0,0,0,0,0,0,0,0,0,0,0,0,0,0,0,0,0,0,0,0,0,0,0,0,0,0,0,0,0,0,0,0,0,0,0,0,0,0,0,0,0,0,0,0,0,0,0,0,0,0,0,0,0,0,0,0,0,0,0,0,0,0,0,0,0,0,0,0,0,0,0,0,0,0,0,0,0,0,0,0,0,0,0,0,0,0,0,0,0,0,0,0,0,0,0,0,0,0,0,0,0,0,0,0,0,0,0,0,0,0,0,0,0,0,0,0,0,0,0,0,0,0,0,0,0,0,0,0,0,0,0,0,0,0,0,0,0,0,0,0,0,0,0,0,0,0,0,0,0,0,0,0,0,0,0,0,0,0,0,0,0,0,0,0,0,0,0,0,0,0,0,0,0,0,0,0,0,0,0,0,0,0,0,0,0,0,0,0,0,0,0,0,0,0,0,0,0,0,0,0
"43",213.969525,214.1436,0,0,0,0,0,0,0,0,0,0,0,0,0,0,0,0,0,0,0,0,0,0,0,0,0,0,0,0,0,0,0,0,0,0,0,0,0,0,0,0,0,0,0,0,0,0,0,0,0,0,0,0,0,0,0,0,0,0,0,0,0,0,0,0,0,0,0,0,0,0,0,0,0,0,0,0,0,0,0,0,0,0,0,0,0,0,0,0,0,0,0,0,0,0,0,0,0,0,0,0,0,0,0,0,0,0,0,0,0,0,0,0,0,0,0,0,0,0,0,0,0,0,0,0,0,0,0,0,0,0,0,0,0,0,0,0,0,0,0,0,0,0,0,0,0,0,0,0,0,0,0,0,0,0,0,0,0,0,0,0,0,0,0,0,0,0,0,0,0,0,0,0,0,0,0,0,0,0,0,0,0,0,0,0,0,0,0,0,0,0,0,0,0,0,0,0,0,0,0,0,0,0,0,0,0,0,0,0,0,0,0,0,0,0,0,0,0,0,0,0,0,0,0,0,0,0,0,0,0,0,0,0,0,0,0,0,0,0,0,0,0,0,0,0,0,0,0,0,0,0,0,0,0,0,0,0,0,0,0,0,0,0,0,0,0,0,0,0,0,0,0,0,0,0,0,0,0,0,0,0,0,0,0,0,0,0,0,0,0,0,0,0,0,0,0,0,0,0,0,0,0,0,0,0,0,0,0,0,0,0,0,0,0,0,0,0,0,0,0,0,0,0,0,0,0,0,0,0,0,0,0,0,0,0,0,0,0,0,0,0,0,0,0,0,0,0,0,0,0,0,0,0,0,0,0,0,0,0,0,0,0,0,0,0,0,0,0,0,0,0,0,0,0,0,0,0,0,0,0,0,0,0,0,0,0,0,0,0,0,0,0,0,0,0,0,0,0
"44",210.290475,210.64075,211.534625,213.353425,214.059675,0,0,0,0,0,0,0,0,0,0,0,0,0,0,0,0,0,0,0,0,0,0,0,0,0,0,0,0,0,0,0,0,0,0,0,0,0,0,0,0,0,0,0,0,0,0,0,0,0,0,0,0,0,0,0,0,0,0,0,0,0,0,0,0,0,0,0,0,0,0,0,0,0,0,0,0,0,0,0,0,0,0,0,0,0,0,0,0,0,0,0,0,0,0,0,0,0,0,0,0,0,0,0,0,0,0,0,0,0,0,0,0,0,0,0,0,0,0,0,0,0,0,0,0,0,0,0,0,0,0,0,0,0,0,0,0,0,0,0,0,0,0,0,0,0,0,0,0,0,0,0,0,0,0,0,0,0,0,0,0,0,0,0,0,0,0,0,0,0,0,0,0,0,0,0,0,0,0,0,0,0,0,0,0,0,0,0,0,0,0,0,0,0,0,0,0,0,0,0,0,0,0,0,0,0,0,0,0,0,0,0,0,0,0,0,0,0,0,0,0,0,0,0,0,0,0,0,0,0,0,0,0,0,0,0,0,0,0,0,0,0,0,0,0,0,0,0,0,0,0,0,0,0,0,0,0,0,0,0,0,0,0,0,0,0,0,0,0,0,0,0,0,0,0,0,0,0,0,0,0,0,0,0,0,0,0,0,0,0,0,0,0,0,0,0,0,0,0,0,0,0,0,0,0,0,0,0,0,0,0,0,0,0,0,0,0,0,0,0,0,0,0,0,0,0,0,0,0,0,0,0,0,0,0,0,0,0,0,0,0,0,0,0,0,0,0,0,0,0,0,0,0,0,0,0,0,0,0,0,0,0,0,0,0,0,0,0,0,0,0,0,0,0,0,0,0,0,0,0,0,0,0,0,0,0,0,0,0,0,0,0,0,0,0
"45",210.3392,210.419,210.465325,210.573625,210.5943,210.640225,211.0714,211.11765,211.1691,211.2365,211.283675,211.341975,211.3645,211.412175,211.433825,211.4812,211.522075,211.549,211.56895,211.59675,211.625525,211.6545,212.4054,212.483425,212.5554,212.7002,212.83735,212.88425,212.9185,212.96675,212.98145,213.039275,215.857925,215.8936,215.942525,217.526425,217.57,217.62375,217.6973,219.33135,219.403125,219.4818,219.5182,219.5667,222.69635,0,0,0,0,0,0,0,0,0,0,0,0,0,0,0,0,0,0,0,0,0,0,0,0,0,0,0,0,0,0,0,0,0,0,0,0,0,0,0,0,0,0,0,0,0,0,0,0,0,0,0,0,0,0,0,0,0,0,0,0,0,0,0,0,0,0,0,0,0,0,0,0,0,0,0,0,0,0,0,0,0,0,0,0,0,0,0,0,0,0,0,0,0,0,0,0,0,0,0,0,0,0,0,0,0,0,0,0,0,0,0,0,0,0,0,0,0,0,0,0,0,0,0,0,0,0,0,0,0,0,0,0,0,0,0,0,0,0,0,0,0,0,0,0,0,0,0,0,0,0,0,0,0,0,0,0,0,0,0,0,0,0,0,0,0,0,0,0,0,0,0,0,0,0,0,0,0,0,0,0,0,0,0,0,0,0,0,0,0,0,0,0,0,0,0,0,0,0,0,0,0,0,0,0,0,0,0,0,0,0,0,0,0,0,0,0,0,0,0,0,0,0,0,0,0,0,0,0,0,0,0,0,0,0,0,0,0,0,0,0,0,0,0,0,0,0,0,0,0,0,0,0,0,0,0,0,0,0,0,0,0,0,0,0,0,0,0,0,0,0,0,0,0,0,0,0,0,0,0,0,0,0,0,0,0,0,0,0,0,0,0,0,0,0,0,0,0,0,0,0,0,0,0,0,0,0,0,0,0,0,0,0,0,0,0,0,0,0,0,0,0,0,0,0,0,0,0,0,0,0,0,0,0,0,0,0,0,0,0,0,0,0,0,0,0,0,0,0,0,0,0,0,0,0
"46",210.0581,210.248625,210.40645,210.513625,212.1109,212.4232,212.465925,212.495875,212.54885,212.61255,212.6596,212.725675,212.766975,213.589825,213.824175,213.86335,213.89805,213.92695,213.94195,213.974425,214.0236,214.0527,214.092075,214.1198,214.184175,214.468725,214.6719,214.8589,214.92565,214.995575,215.05075,215.0735,215.1226,215.1588,215.191525,215.340825,215.434625,215.5531,215.66255,215.699225,215.749625,216.5205,216.587675,216.641825,216.700425,216.71385,216.742525,216.768875,216.7899,216.809625,216.828525,216.866075,216.89775,216.9368,216.96225,216.98145,217.145775,217.180575,217.208375,217.234325,217.27065,217.321275,217.4032,217.448275,218.3477,218.431775,218.489625,218.554575,218.601225,218.6442,218.6732,218.715075,218.762625,218.806525,218.836825,218.861875,219.01965,219.1423,219.2242,220.1336,220.265125,220.31595,220.415675,220.50185,220.635175,220.779125,222.84855,222.926325,223.03655,223.166575,223.38095,0,0,0,0,0,0,0,0,0,0,0,0,0,0,0,0,0,0,0,0,0,0,0,0,0,0,0,0,0,0,0,0,0,0,0,0,0,0,0,0,0,0,0,0,0,0,0,0,0,0,0,0,0,0,0,0,0,0,0,0,0,0,0,0,0,0,0,0,0,0,0,0,0,0,0,0,0,0,0,0,0,0,0,0,0,0,0,0,0,0,0,0,0,0,0,0,0,0,0,0,0,0,0,0,0,0,0,0,0,0,0,0,0,0,0,0,0,0,0,0,0,0,0,0,0,0,0,0,0,0,0,0,0,0,0,0,0,0,0,0,0,0,0,0,0,0,0,0,0,0,0,0,0,0,0,0,0,0,0,0,0,0,0,0,0,0,0,0,0,0,0,0,0,0,0,0,0,0,0,0,0,0,0,0,0,0,0,0,0,0,0,0,0,0,0,0,0,0,0,0,0,0,0,0,0,0,0,0,0,0,0,0,0,0,0,0,0,0,0,0,0,0,0,0,0,0,0,0,0,0,0,0,0,0,0,0,0,0,0,0,0,0,0,0,0,0,0,0,0,0,0,0,0,0,0,0,0,0,0,0,0,0,0,0,0,0,0,0,0,0,0,0,0,0,0,0,0,0,0,0,0,0,0,0,0,0,0,0,0,0,0,0,0,0,0,0,0,0,0,0,0,0,0,0,0,0,0,0
"47",209.6313,209.73595,210.565725,211.0231,211.076925,211.1578,211.2182,211.346825,211.5461,211.857975,211.92615,211.961975,212.00105,212.058425,212.077325,212.133775,212.1491,212.176,212.22495,212.23895,212.265525,212.290425,212.32745,212.38825,212.4488,212.5278,213.275775,213.313125,213.359375,213.416675,213.4426,213.496475,213.5563,213.5774,213.616925,213.6326,213.774325,213.831675,214.02595,214.1128,214.32875,214.632275,214.693875,214.827525,214.910925,214.969075,215.153575,215.5417,215.648375,215.710325,215.8242,216.1553,216.289225,216.42505,216.495375,216.58,216.6387,216.78015,217.327225,217.3743,217.46475,217.516675,218.006825,218.1497,218.218275,218.274675,218.312225,218.38055,218.430125,218.664625,220.7376,222.2032,223.391225,223.5058,223.659925,223.8958,0,0,0,0,0,0,0,0,0,0,0,0,0,0,0,0,0,0,0,0,0,0,0,0,0,0,0,0,0,0,0,0,0,0,0,0,0,0,0,0,0,0,0,0,0,0,0,0,0,0,0,0,0,0,0,0,0,0,0,0,0,0,0,0,0,0,0,0,0,0,0,0,0,0,0,0,0,0,0,0,0,0,0,0,0,0,0,0,0,0,0,0,0,0,0,0,0,0,0,0,0,0,0,0,0,0,0,0,0,0,0,0,0,0,0,0,0,0,0,0,0,0,0,0,0,0,0,0,0,0,0,0,0,0,0,0,0,0,0,0,0,0,0,0,0,0,0,0,0,0,0,0,0,0,0,0,0,0,0,0,0,0,0,0,0,0,0,0,0,0,0,0,0,0,0,0,0,0,0,0,0,0,0,0,0,0,0,0,0,0,0,0,0,0,0,0,0,0,0,0,0,0,0,0,0,0,0,0,0,0,0,0,0,0,0,0,0,0,0,0,0,0,0,0,0,0,0,0,0,0,0,0,0,0,0,0,0,0,0,0,0,0,0,0,0,0,0,0,0,0,0,0,0,0,0,0,0,0,0,0,0,0,0,0,0,0,0,0,0,0,0,0,0,0,0,0,0,0,0,0,0,0,0,0,0,0,0,0,0,0,0,0,0,0,0,0,0,0,0,0,0,0,0,0,0,0,0,0,0,0,0,0,0,0,0,0,0,0,0,0,0,0,0
"48",209.68185,209.741775,209.8143,209.8778,209.9226,209.959825,210.001925,210.006675,210.035925,210.0599,210.137475,210.161075,210.181025,210.2006,210.218525,210.2671,210.383575,210.426775,210.45315,210.504075,210.608475,210.66815,210.7098,210.765375,210.849125,210.889025,210.898275,210.94975,210.959625,211.040275,211.0618,211.10065,211.119575,211.33815,211.397075,211.4241,211.477375,211.496525,211.52605,211.5555,211.707675,212.0563,212.759175,212.843725,212.87205,212.935025,212.972475,212.983675,213.61325,213.817,214.312975,214.820175,215.769875,215.8813,215.938075,215.990975,217.453275,217.48225,217.5237,217.5885,217.6468,217.68405,217.721475,217.743425,217.7953,217.915025,217.984775,218.3633,218.50795,219.10545,219.18145,219.2252,219.36825,219.3942,219.47215,219.523375,219.625425,219.680325,220.762125,220.8791,220.94875,221.042925,221.112825,221.1488,221.223625,221.279,221.343025,221.483475,222.346925,222.3999,222.56635,224.0667,0,0,0,0,0,0,0,0,0,0,0,0,0,0,0,0,0,0,0,0,0,0,0,0,0,0,0,0,0,0,0,0,0,0,0,0,0,0,0,0,0,0,0,0,0,0,0,0,0,0,0,0,0,0,0,0,0,0,0,0,0,0,0,0,0,0,0,0,0,0,0,0,0,0,0,0,0,0,0,0,0,0,0,0,0,0,0,0,0,0,0,0,0,0,0,0,0,0,0,0,0,0,0,0,0,0,0,0,0,0,0,0,0,0,0,0,0,0,0,0,0,0,0,0,0,0,0,0,0,0,0,0,0,0,0,0,0,0,0,0,0,0,0,0,0,0,0,0,0,0,0,0,0,0,0,0,0,0,0,0,0,0,0,0,0,0,0,0,0,0,0,0,0,0,0,0,0,0,0,0,0,0,0,0,0,0,0,0,0,0,0,0,0,0,0,0,0,0,0,0,0,0,0,0,0,0,0,0,0,0,0,0,0,0,0,0,0,0,0,0,0,0,0,0,0,0,0,0,0,0,0,0,0,0,0,0,0,0,0,0,0,0,0,0,0,0,0,0,0,0,0,0,0,0,0,0,0,0,0,0,0,0,0,0,0,0,0,0,0,0,0,0,0,0,0,0,0,0,0,0,0,0,0,0,0,0,0,0,0,0,0,0,0,0,0,0,0,0,0,0,0,0,0,0,0,0,0
"49",210.08805,210.633825,210.9449,210.96675,211.00075,211.064575,211.173625,211.206875,211.2253,211.316425,211.34535,211.3556,211.766275,211.78485,211.815425,211.8431,211.86935,211.908275,211.941475,212.04565,212.08215,212.0957,212.155325,212.20605,212.2312,212.255825,212.34665,212.3646,212.3768,212.3853,212.39365,212.408075,212.42225,212.4391,212.4642,212.476,212.507275,212.563925,212.59675,212.6249,212.63935,212.756525,213.171375,213.265675,213.28265,213.309075,213.331925,213.388,213.439,213.4683,213.486175,213.5459,213.56215,213.57085,213.5864,213.603375,213.640875,213.650975,213.6874,213.733375,213.7526,213.767025,213.78305,213.798975,213.810175,213.8993,213.913975,213.966575,213.989675,214.01325,214.08235,214.522075,214.64015,214.665625,214.6769,214.704825,214.7534,214.7897,214.859925,214.8978,214.931875,214.952975,214.97205,215.002725,215.061275,215.092,215.1721,215.228225,215.265825,215.3082,215.394975,215.424325,215.459175,215.511975,215.57655,215.604,215.628,216.192875,216.2109,216.237225,216.25395,216.277475,216.32715,216.405525,216.44275,216.473525,216.492575,216.510375,216.5227,216.536825,216.5755,216.592475,216.6082,216.652775,216.668175,216.683275,216.703925,216.725475,216.85145,216.8736,216.958175,217.03095,217.1204,217.222625,218.070275,218.09505,218.120675,218.135225,218.147275,218.1657,218.19215,218.210925,218.276625,218.287925,218.304675,218.314625,218.373225,218.39585,218.403125,218.415525,218.44305,218.471375,218.535375,218.579975,218.599575,218.6325,218.6743,218.869425,222.62285,222.7177,222.810475,0,0,0,0,0,0,0,0,0,0,0,0,0,0,0,0,0,0,0,0,0,0,0,0,0,0,0,0,0,0,0,0,0,0,0,0,0,0,0,0,0,0,0,0,0,0,0,0,0,0,0,0,0,0,0,0,0,0,0,0,0,0,0,0,0,0,0,0,0,0,0,0,0,0,0,0,0,0,0,0,0,0,0,0,0,0,0,0,0,0,0,0,0,0,0,0,0,0,0,0,0,0,0,0,0,0,0,0,0,0,0,0,0,0,0,0,0,0,0,0,0,0,0,0,0,0,0,0,0,0,0,0,0,0,0,0,0,0,0,0,0,0,0,0,0,0,0,0,0,0,0,0,0,0,0,0,0,0,0,0,0,0,0,0,0,0,0,0,0,0,0,0,0,0,0,0,0,0,0,0,0,0,0,0,0,0,0,0,0,0,0,0,0,0,0,0,0,0,0,0,0,0,0,0,0,0,0,0,0,0,0,0,0,0,0,0,0,0,0,0,0,0,0,0,0,0,0,0,0,0,0,0,0,0,0,0,0,0,0,0,0,0,0,0,0,0,0,0
"50",209.5304,209.572175,210.891925,211.00685,211.0195,211.062825,211.0866,211.113175,211.14765,211.185,211.189375,211.2089,211.2275,211.2721,211.309225,211.327875,211.337875,211.3574,211.39615,211.431225,211.47275,211.5213,211.6244,211.71075,211.76445,211.81825,211.825975,211.87305,211.903,211.9119,211.9394,211.9687,212.006425,212.0157,212.0383,212.094175,212.097625,212.10825,212.162075,212.198575,212.241325,212.2568,212.262875,212.28505,212.297525,212.333725,212.369675,212.3916,212.4082,212.43365,212.4724,212.48235,212.505025,212.529675,212.531075,212.555575,212.568575,212.569925,212.59215,212.661875,212.680725,212.687675,212.7262,212.7349,212.86555,212.899875,212.939175,212.993225,213.1114,213.1845,213.1969,213.2243,213.22835,213.30005,213.33225,213.34565,213.41445,213.435775,213.454975,213.47985,213.484475,213.5008,213.5731,213.580525,213.600375,213.60485,213.6262,213.64565,213.67485,213.693125,213.694225,213.7036,213.721125,213.725,213.730525,213.736175,213.7454,213.77435,213.7816,213.791975,213.7985,213.8195,213.83375,213.83905,213.847075,213.87775,213.897175,213.916025,213.938625,213.96635,213.975375,213.989775,214.00275,214.030675,214.05415,214.07535,214.092425,214.121825,214.14205,214.23725,214.30695,214.333325,214.37225,214.37805,214.447825,214.50575,214.536075,214.57245,214.592725,214.597425,214.626,214.638475,214.66605,214.679375,214.702425,214.719475,214.7373,214.752825,214.755375,214.7823,214.786,214.810625,214.845325,214.85485,214.87895,214.9278,214.946275,214.974125,214.98855,215.02285,215.041075,215.047425,215.05705,215.06545,215.083675,215.0974,215.12535,215.145225,215.180175,215.19585,215.21345,215.2263,215.237175,215.246325,215.2544,215.275575,215.29475,215.321775,215.3319,215.3668,215.3772,215.387825,215.405525,215.423,215.438575,215.440025,215.462475,215.4905,215.511825,215.538275,215.557325,215.571875,215.6132,215.6662,216.13365,216.13775,216.164225,216.24835,216.311425,216.320975,216.327325,216.35,216.378325,216.3863,216.4007,216.440375,216.498425,216.5468,216.55,216.553775,216.562475,216.6184,216.633175,216.665725,216.70535,216.730175,216.7442,216.763475,216.78245,216.8051,216.81315,216.8312,216.857675,216.879375,216.902175,216.92095,216.954625,217.0007,217.035475,217.0565,217.079675,217.1205,217.148325,217.20025,217.2303,217.249625,217.306025,217.334325,217.3841,217.41605,217.57715,218.032825,218.0853,218.125375,218.1568,218.18975,218.227575,218.296875,218.344175,218.373125,218.38965,218.44395,218.47065,218.5367,218.556375,218.584025,218.606225,218.63735,218.6729,218.683875,218.719925,218.734875,218.756025,218.78375,218.823,218.854175,218.8618,218.940325,218.9863,219.473475,219.9554,220.0105,220.06825,220.159975,220.22835,220.233875,220.260025,220.292175,220.45985,220.543925,220.60435,220.91625,221.69405,222.150825,222.224475,222.342075,222.3956,222.430525,222.455625,222.488275,222.57055,222.6149,222.66975,222.72855,222.779325,222.7886,222.84795,222.923175,223.039475,223.42195,226.0939,227.169675,0,0,0,0,0,0,0,0,0,0,0,0,0,0,0,0,0,0,0,0,0,0,0,0,0,0,0,0,0,0,0,0,0,0,0,0,0,0,0,0,0,0,0,0,0,0,0,0,0,0,0,0,0,0,0,0,0,0,0,0,0,0,0,0,0,0,0,0,0,0,0,0,0,0,0,0,0,0,0,0,0,0,0,0,0,0,0,0,0,0,0,0,0,0,0,0,0,0,0,0,0,0,0,0,0,0,0
"51",210.778825,210.899475,210.94995,211.018325,211.060675,211.117675,211.183875,211.629825,211.703975,211.741225,211.76635,211.7912,211.827375,211.839225,211.8535,211.867075,211.8938,211.91275,211.926625,211.94105,211.969625,211.981175,212.00075,212.01125,212.029875,212.061675,212.07475,212.091475,212.1034,212.1171,212.1288,212.142225,212.156675,212.186025,212.2085,212.223575,212.239,212.25245,212.300175,212.31645,212.340975,212.359775,212.38895,212.436125,213.125475,213.145525,213.170175,213.1821,213.202175,213.22545,213.239925,213.2628,213.3007,213.31615,213.329925,213.3528,213.370825,213.39255,213.4191,213.438875,213.44995,213.47855,213.507175,213.520225,213.560075,213.575425,213.6165,213.628175,213.641675,213.689375,213.714175,213.715925,213.747625,213.78995,214.396675,214.564575,214.61945,214.638875,214.669375,214.69285,214.7256,214.7452,214.76465,214.7816,214.826825,214.858975,214.8812,214.912725,214.9551,214.994175,215.007525,215.03265,215.0772,215.08985,215.10735,215.125875,215.147275,215.183425,215.2012,215.2583,215.356225,216.144525,216.1792,216.20515,216.2449,216.263475,216.291275,216.310025,216.3302,216.352775,216.3805,216.39845,216.423225,216.436825,216.47035,216.487625,216.501475,216.526725,216.549075,216.560725,216.586675,216.63355,216.647225,216.684375,216.696325,216.743325,216.75205,216.825475,216.856025,216.872925,216.901475,216.933425,217.078175,217.896575,217.963025,218.000825,218.0288,218.052125,218.076175,218.1297,218.1492,218.164725,218.192475,218.213325,218.24025,218.28875,218.3048,218.32205,218.34035,218.382,218.401925,218.422025,218.437325,218.4608,218.489075,218.5198,218.5428,218.561475,218.580225,218.599575,218.624875,218.66155,218.6805,218.69685,218.709775,218.738725,218.766775,218.8201,219.83175,219.8886,219.919875,219.981225,220.01585,220.04545,220.0766,220.1071,220.12575,220.169725,220.197575,220.24665,220.298375,220.372025,220.41825,220.489,221.720475,221.862925,221.9399,221.952275,222.0097,222.0601,222.1456,222.174525,222.2172,222.262425,222.294875,222.338275,222.38525,222.4283,222.4777,222.53575,222.57215,222.61845,222.7535,222.831975,222.8834,225.556025,225.968075,226.1181,226.2225,226.368175,226.5586,227.10865,0,0,0,0,0,0,0,0,0,0,0,0,0,0,0,0,0,0,0,0,0,0,0,0,0,0,0,0,0,0,0,0,0,0,0,0,0,0,0,0,0,0,0,0,0,0,0,0,0,0,0,0,0,0,0,0,0,0,0,0,0,0,0,0,0,0,0,0,0,0,0,0,0,0,0,0,0,0,0,0,0,0,0,0,0,0,0,0,0,0,0,0,0,0,0,0,0,0,0,0,0,0,0,0,0,0,0,0,0,0,0,0,0,0,0,0,0,0,0,0,0,0,0,0,0,0,0,0,0,0,0,0,0,0,0,0,0,0,0,0,0,0,0,0,0,0,0,0,0,0,0,0,0,0,0,0,0,0,0,0,0,0,0,0,0,0,0,0,0,0,0,0,0,0,0,0,0,0,0,0,0,0,0,0,0,0,0
"52",209.98925,210.0308,210.0643,210.102925,210.1278,210.2238,210.248125,210.26885,210.3223,210.33615,210.41315,210.48255,210.5083,210.547875,210.62715,211.003275,211.456275,211.507625,211.891525,212.81945,213.960175,215.6893,216.637125,216.65145,216.738275,217.626575,217.644125,218.58945,218.758775,219.078575,219.085975,219.209075,219.2537,219.310375,219.32025,219.44735,220.30355,220.379475,220.454875,220.4999,220.551025,220.64305,220.71025,220.785075,220.85555,221.24185,222.849425,222.9289,223.02095,223.089375,223.153775,223.3005,223.3692,223.447125,223.5918,223.8115,223.981525,224.1142,224.193225,224.553025,0,0,0,0,0,0,0,0,0,0,0,0,0,0,0,0,0,0,0,0,0,0,0,0,0,0,0,0,0,0,0,0,0,0,0,0,0,0,0,0,0,0,0,0,0,0,0,0,0,0,0,0,0,0,0,0,0,0,0,0,0,0,0,0,0,0,0,0,0,0,0,0,0,0,0,0,0,0,0,0,0,0,0,0,0,0,0,0,0,0,0,0,0,0,0,0,0,0,0,0,0,0,0,0,0,0,0,0,0,0,0,0,0,0,0,0,0,0,0,0,0,0,0,0,0,0,0,0,0,0,0,0,0,0,0,0,0,0,0,0,0,0,0,0,0,0,0,0,0,0,0,0,0,0,0,0,0,0,0,0,0,0,0,0,0,0,0,0,0,0,0,0,0,0,0,0,0,0,0,0,0,0,0,0,0,0,0,0,0,0,0,0,0,0,0,0,0,0,0,0,0,0,0,0,0,0,0,0,0,0,0,0,0,0,0,0,0,0,0,0,0,0,0,0,0,0,0,0,0,0,0,0,0,0,0,0,0,0,0,0,0,0,0,0,0,0,0,0,0,0,0,0,0,0,0,0,0,0,0,0,0,0,0,0,0,0,0,0,0,0,0,0,0,0,0,0,0,0,0,0,0,0,0,0,0,0,0,0,0,0,0,0,0,0,0,0,0,0,0,0,0,0,0,0,0,0,0,0,0,0,0,0,0,0,0,0,0,0,0,0,0,0,0,0,0,0,0,0,0,0,0,0,0,0,0,0,0,0,0
"53",210.089475,211.09165,211.84035,211.90485,211.929525,211.996425,212.07665,212.09575,212.119275,212.140625,212.167225,212.1941,212.29145,212.385225,212.4286,213.208775,213.26075,213.321275,213.360975,213.41035,213.44495,213.522375,213.532675,213.574625,213.639125,213.652275,213.68115,213.90295,214.81155,215.017175,215.076575,216.5124,216.54275,216.575375,216.638675,216.661075,216.79125,218.4598,0,0,0,0,0,0,0,0,0,0,0,0,0,0,0,0,0,0,0,0,0,0,0,0,0,0,0,0,0,0,0,0,0,0,0,0,0,0,0,0,0,0,0,0,0,0,0,0,0,0,0,0,0,0,0,0,0,0,0,0,0,0,0,0,0,0,0,0,0,0,0,0,0,0,0,0,0,0,0,0,0,0,0,0,0,0,0,0,0,0,0,0,0,0,0,0,0,0,0,0,0,0,0,0,0,0,0,0,0,0,0,0,0,0,0,0,0,0,0,0,0,0,0,0,0,0,0,0,0,0,0,0,0,0,0,0,0,0,0,0,0,0,0,0,0,0,0,0,0,0,0,0,0,0,0,0,0,0,0,0,0,0,0,0,0,0,0,0,0,0,0,0,0,0,0,0,0,0,0,0,0,0,0,0,0,0,0,0,0,0,0,0,0,0,0,0,0,0,0,0,0,0,0,0,0,0,0,0,0,0,0,0,0,0,0,0,0,0,0,0,0,0,0,0,0,0,0,0,0,0,0,0,0,0,0,0,0,0,0,0,0,0,0,0,0,0,0,0,0,0,0,0,0,0,0,0,0,0,0,0,0,0,0,0,0,0,0,0,0,0,0,0,0,0,0,0,0,0,0,0,0,0,0,0,0,0,0,0,0,0,0,0,0,0,0,0,0,0,0,0,0,0,0,0,0,0,0,0,0,0,0,0,0,0,0,0,0,0,0,0,0,0,0,0,0,0,0,0,0,0,0,0,0,0,0,0,0,0,0,0,0,0,0,0,0,0,0,0,0,0,0,0,0,0,0,0,0,0,0,0,0
"54",210.7411,210.891125,211.02705,211.802575,212.052625,212.0831,212.110875,212.329675,212.845425,214.956375,216.346425,216.541825,216.6081,216.63455,0,0,0,0,0,0,0,0,0,0,0,0,0,0,0,0,0,0,0,0,0,0,0,0,0,0,0,0,0,0,0,0,0,0,0,0,0,0,0,0,0,0,0,0,0,0,0,0,0,0,0,0,0,0,0,0,0,0,0,0,0,0,0,0,0,0,0,0,0,0,0,0,0,0,0,0,0,0,0,0,0,0,0,0,0,0,0,0,0,0,0,0,0,0,0,0,0,0,0,0,0,0,0,0,0,0,0,0,0,0,0,0,0,0,0,0,0,0,0,0,0,0,0,0,0,0,0,0,0,0,0,0,0,0,0,0,0,0,0,0,0,0,0,0,0,0,0,0,0,0,0,0,0,0,0,0,0,0,0,0,0,0,0,0,0,0,0,0,0,0,0,0,0,0,0,0,0,0,0,0,0,0,0,0,0,0,0,0,0,0,0,0,0,0,0,0,0,0,0,0,0,0,0,0,0,0,0,0,0,0,0,0,0,0,0,0,0,0,0,0,0,0,0,0,0,0,0,0,0,0,0,0,0,0,0,0,0,0,0,0,0,0,0,0,0,0,0,0,0,0,0,0,0,0,0,0,0,0,0,0,0,0,0,0,0,0,0,0,0,0,0,0,0,0,0,0,0,0,0,0,0,0,0,0,0,0,0,0,0,0,0,0,0,0,0,0,0,0,0,0,0,0,0,0,0,0,0,0,0,0,0,0,0,0,0,0,0,0,0,0,0,0,0,0,0,0,0,0,0,0,0,0,0,0,0,0,0,0,0,0,0,0,0,0,0,0,0,0,0,0,0,0,0,0,0,0,0,0,0,0,0,0,0,0,0,0,0,0,0,0,0,0,0,0,0,0,0,0,0,0,0,0,0,0,0
"55",210.0989,210.401325,210.46775,210.552575,210.629825,211.061925,211.24715,211.294275,211.356125,211.40595,211.432825,211.4689,211.48915,211.5462,211.557275,211.577325,211.591125,211.6071,211.6566,212.59515,212.670825,212.8103,212.854325,212.891925,212.9174,212.946375,212.9854,213.0395,214.289325,214.347075,214.46845,215.796375,215.885,215.929475,215.964275,216.020325,217.56405,217.632725,217.694075,217.732525,219.347675,219.41625,219.4793,219.536575,219.61265,0,0,0,0,0,0,0,0,0,0,0,0,0,0,0,0,0,0,0,0,0,0,0,0,0,0,0,0,0,0,0,0,0,0,0,0,0,0,0,0,0,0,0,0,0,0,0,0,0,0,0,0,0,0,0,0,0,0,0,0,0,0,0,0,0,0,0,0,0,0,0,0,0,0,0,0,0,0,0,0,0,0,0,0,0,0,0,0,0,0,0,0,0,0,0,0,0,0,0,0,0,0,0,0,0,0,0,0,0,0,0,0,0,0,0,0,0,0,0,0,0,0,0,0,0,0,0,0,0,0,0,0,0,0,0,0,0,0,0,0,0,0,0,0,0,0,0,0,0,0,0,0,0,0,0,0,0,0,0,0,0,0,0,0,0,0,0,0,0,0,0,0,0,0,0,0,0,0,0,0,0,0,0,0,0,0,0,0,0,0,0,0,0,0,0,0,0,0,0,0,0,0,0,0,0,0,0,0,0,0,0,0,0,0,0,0,0,0,0,0,0,0,0,0,0,0,0,0,0,0,0,0,0,0,0,0,0,0,0,0,0,0,0,0,0,0,0,0,0,0,0,0,0,0,0,0,0,0,0,0,0,0,0,0,0,0,0,0,0,0,0,0,0,0,0,0,0,0,0,0,0,0,0,0,0,0,0,0,0,0,0,0,0,0,0,0,0,0,0,0,0,0,0,0,0,0,0,0,0,0,0,0,0,0,0,0,0,0,0,0,0,0,0,0,0,0,0,0,0,0,0,0,0,0,0,0,0,0,0,0,0,0,0,0,0,0,0,0,0,0,0,0,0,0
"56",216.83005,218.504,220.56355,221.0588,221.1763,0,0,0,0,0,0,0,0,0,0,0,0,0,0,0,0,0,0,0,0,0,0,0,0,0,0,0,0,0,0,0,0,0,0,0,0,0,0,0,0,0,0,0,0,0,0,0,0,0,0,0,0,0,0,0,0,0,0,0,0,0,0,0,0,0,0,0,0,0,0,0,0,0,0,0,0,0,0,0,0,0,0,0,0,0,0,0,0,0,0,0,0,0,0,0,0,0,0,0,0,0,0,0,0,0,0,0,0,0,0,0,0,0,0,0,0,0,0,0,0,0,0,0,0,0,0,0,0,0,0,0,0,0,0,0,0,0,0,0,0,0,0,0,0,0,0,0,0,0,0,0,0,0,0,0,0,0,0,0,0,0,0,0,0,0,0,0,0,0,0,0,0,0,0,0,0,0,0,0,0,0,0,0,0,0,0,0,0,0,0,0,0,0,0,0,0,0,0,0,0,0,0,0,0,0,0,0,0,0,0,0,0,0,0,0,0,0,0,0,0,0,0,0,0,0,0,0,0,0,0,0,0,0,0,0,0,0,0,0,0,0,0,0,0,0,0,0,0,0,0,0,0,0,0,0,0,0,0,0,0,0,0,0,0,0,0,0,0,0,0,0,0,0,0,0,0,0,0,0,0,0,0,0,0,0,0,0,0,0,0,0,0,0,0,0,0,0,0,0,0,0,0,0,0,0,0,0,0,0,0,0,0,0,0,0,0,0,0,0,0,0,0,0,0,0,0,0,0,0,0,0,0,0,0,0,0,0,0,0,0,0,0,0,0,0,0,0,0,0,0,0,0,0,0,0,0,0,0,0,0,0,0,0,0,0,0,0,0,0,0,0,0,0,0,0,0,0,0,0,0,0,0,0,0,0,0,0,0,0,0,0,0,0,0
"57",210.292975,210.332725,211.0517,211.27675,211.3224,211.417225,211.908475,211.988975,212.01365,212.104525,212.207175,212.270825,212.6457,212.71975,212.7713,215.676325,216.703225,216.968075,217.368725,217.409225,217.500875,218.08045,218.28695,218.4033,218.4511,218.501975,218.8594,218.937125,219.068225,219.16625,219.277675,219.352675,220.5692,220.629925,220.692875,220.77015,220.839375,220.898125,220.94,221.00065,221.03365,221.097725,221.16215,221.267425,223.042425,223.109875,223.199025,223.318525,223.384575,223.5288,223.604775,223.82345,224.055075,224.164875,224.307475,224.4428,224.5722,224.6754,224.815025,224.9847,225.1553,0,0,0,0,0,0,0,0,0,0,0,0,0,0,0,0,0,0,0,0,0,0,0,0,0,0,0,0,0,0,0,0,0,0,0,0,0,0,0,0,0,0,0,0,0,0,0,0,0,0,0,0,0,0,0,0,0,0,0,0,0,0,0,0,0,0,0,0,0,0,0,0,0,0,0,0,0,0,0,0,0,0,0,0,0,0,0,0,0,0,0,0,0,0,0,0,0,0,0,0,0,0,0,0,0,0,0,0,0,0,0,0,0,0,0,0,0,0,0,0,0,0,0,0,0,0,0,0,0,0,0,0,0,0,0,0,0,0,0,0,0,0,0,0,0,0,0,0,0,0,0,0,0,0,0,0,0,0,0,0,0,0,0,0,0,0,0,0,0,0,0,0,0,0,0,0,0,0,0,0,0,0,0,0,0,0,0,0,0,0,0,0,0,0,0,0,0,0,0,0,0,0,0,0,0,0,0,0,0,0,0,0,0,0,0,0,0,0,0,0,0,0,0,0,0,0,0,0,0,0,0,0,0,0,0,0,0,0,0,0,0,0,0,0,0,0,0,0,0,0,0,0,0,0,0,0,0,0,0,0,0,0,0,0,0,0,0,0,0,0,0,0,0,0,0,0,0,0,0,0,0,0,0,0,0,0,0,0,0,0,0,0,0,0,0,0,0,0,0,0,0,0,0,0,0,0,0,0,0,0,0,0,0,0,0,0,0,0,0,0,0,0,0,0,0,0,0,0,0,0,0,0,0,0,0,0,0,0
"58",212.342325,0,0,0,0,0,0,0,0,0,0,0,0,0,0,0,0,0,0,0,0,0,0,0,0,0,0,0,0,0,0,0,0,0,0,0,0,0,0,0,0,0,0,0,0,0,0,0,0,0,0,0,0,0,0,0,0,0,0,0,0,0,0,0,0,0,0,0,0,0,0,0,0,0,0,0,0,0,0,0,0,0,0,0,0,0,0,0,0,0,0,0,0,0,0,0,0,0,0,0,0,0,0,0,0,0,0,0,0,0,0,0,0,0,0,0,0,0,0,0,0,0,0,0,0,0,0,0,0,0,0,0,0,0,0,0,0,0,0,0,0,0,0,0,0,0,0,0,0,0,0,0,0,0,0,0,0,0,0,0,0,0,0,0,0,0,0,0,0,0,0,0,0,0,0,0,0,0,0,0,0,0,0,0,0,0,0,0,0,0,0,0,0,0,0,0,0,0,0,0,0,0,0,0,0,0,0,0,0,0,0,0,0,0,0,0,0,0,0,0,0,0,0,0,0,0,0,0,0,0,0,0,0,0,0,0,0,0,0,0,0,0,0,0,0,0,0,0,0,0,0,0,0,0,0,0,0,0,0,0,0,0,0,0,0,0,0,0,0,0,0,0,0,0,0,0,0,0,0,0,0,0,0,0,0,0,0,0,0,0,0,0,0,0,0,0,0,0,0,0,0,0,0,0,0,0,0,0,0,0,0,0,0,0,0,0,0,0,0,0,0,0,0,0,0,0,0,0,0,0,0,0,0,0,0,0,0,0,0,0,0,0,0,0,0,0,0,0,0,0,0,0,0,0,0,0,0,0,0,0,0,0,0,0,0,0,0,0,0,0,0,0,0,0,0,0,0,0,0,0,0,0,0,0,0,0,0,0,0,0,0,0,0,0,0,0,0,0,0
"59",212.911625,214.3639,215.9002,216.040875,0,0,0,0,0,0,0,0,0,0,0,0,0,0,0,0,0,0,0,0,0,0,0,0,0,0,0,0,0,0,0,0,0,0,0,0,0,0,0,0,0,0,0,0,0,0,0,0,0,0,0,0,0,0,0,0,0,0,0,0,0,0,0,0,0,0,0,0,0,0,0,0,0,0,0,0,0,0,0,0,0,0,0,0,0,0,0,0,0,0,0,0,0,0,0,0,0,0,0,0,0,0,0,0,0,0,0,0,0,0,0,0,0,0,0,0,0,0,0,0,0,0,0,0,0,0,0,0,0,0,0,0,0,0,0,0,0,0,0,0,0,0,0,0,0,0,0,0,0,0,0,0,0,0,0,0,0,0,0,0,0,0,0,0,0,0,0,0,0,0,0,0,0,0,0,0,0,0,0,0,0,0,0,0,0,0,0,0,0,0,0,0,0,0,0,0,0,0,0,0,0,0,0,0,0,0,0,0,0,0,0,0,0,0,0,0,0,0,0,0,0,0,0,0,0,0,0,0,0,0,0,0,0,0,0,0,0,0,0,0,0,0,0,0,0,0,0,0,0,0,0,0,0,0,0,0,0,0,0,0,0,0,0,0,0,0,0,0,0,0,0,0,0,0,0,0,0,0,0,0,0,0,0,0,0,0,0,0,0,0,0,0,0,0,0,0,0,0,0,0,0,0,0,0,0,0,0,0,0,0,0,0,0,0,0,0,0,0,0,0,0,0,0,0,0,0,0,0,0,0,0,0,0,0,0,0,0,0,0,0,0,0,0,0,0,0,0,0,0,0,0,0,0,0,0,0,0,0,0,0,0,0,0,0,0,0,0,0,0,0,0,0,0,0,0,0,0,0,0,0,0,0,0,0,0,0,0,0,0,0,0,0,0,0,0
"60",209.427025,209.793675,209.812,209.91795,210.027925,210.0881,210.153825,210.2116,210.284075,210.351325,210.3999,210.526425,210.828825,211.16815,211.33005,211.408775,211.42345,211.4986,211.6676,211.73185,211.75585,211.787725,211.830775,211.8413,211.854825,211.860925,211.88,211.88385,211.89715,211.93465,211.95995,211.98165,211.99155,212.002725,212.01865,212.0316,212.0433,212.055375,212.069275,212.100875,212.127775,212.154275,212.15995,212.19265,212.221775,212.258375,212.265125,212.286975,212.29875,212.3266,212.336775,212.345775,212.35695,212.35895,212.4046,212.459775,212.470675,212.8083,212.84985,212.862275,212.941875,213.123175,213.154975,213.179875,213.200475,213.22015,213.22925,213.241725,213.2501,213.258675,213.270575,213.312475,213.316525,213.32675,213.35045,213.366775,213.37915,213.40435,213.416875,213.450375,213.4533,213.46125,213.4832,213.49405,213.510225,213.52315,213.53085,213.5415,213.56915,213.5888,213.614325,213.6268,213.638475,213.6498,213.6673,213.688525,214.515575,214.653,214.694475,214.724875,214.741575,214.75995,214.791975,214.81525,214.823825,214.85185,214.861725,214.8745,214.91685,214.936675,214.967225,214.975325,214.999625,215.04355,215.071975,215.082875,215.095825,215.14475,215.17835,215.212325,215.217275,215.792125,216.22265,216.250025,216.30415,216.3419,216.353375,216.366325,216.40435,216.420675,216.437575,216.462275,216.471175,216.4953,216.512725,216.525425,216.574175,216.59205,216.630825,216.65565,216.6665,216.6697,216.694075,216.695725,216.728075,216.743775,216.75385,216.799075,216.814725,216.8238,216.86365,216.900025,216.92555,217.988275,218.014075,218.04315,218.0936,218.108875,218.122625,218.14145,218.1847,218.22685,218.264375,218.285025,218.3129,218.350875,218.365,218.386625,218.4076,218.42135,218.47355,218.4969,218.5094,218.518825,218.541675,218.5628,218.57935,218.5925,218.627075,218.647475,218.6714,218.682175,218.6934,218.752675,219.0019,219.139,219.2136,219.316475,219.357825,219.4363,219.8844,219.91145,219.9475,220.0361,220.081725,220.11225,220.150075,220.186275,220.26785,220.294375,220.41005,221.941425,221.982725,222.01255,222.05125,222.0768,222.142525,222.20965,222.245325,222.303225,222.32315,222.378025,222.428675,222.466025,222.505,222.590325,222.63945,222.7723,222.9222,0,0,0,0,0,0,0,0,0,0,0,0,0,0,0,0,0,0,0,0,0,0,0,0,0,0,0,0,0,0,0,0,0,0,0,0,0,0,0,0,0,0,0,0,0,0,0,0,0,0,0,0,0,0,0,0,0,0,0,0,0,0,0,0,0,0,0,0,0,0,0,0,0,0,0,0,0,0,0,0,0,0,0,0,0,0,0,0,0,0,0,0,0,0,0,0,0,0,0,0,0,0,0,0,0,0,0,0,0,0,0,0,0,0,0,0,0,0,0,0,0,0,0,0,0,0,0,0,0,0,0,0,0,0,0,0,0,0,0,0,0,0,0,0,0,0,0,0,0,0,0,0,0,0,0,0,0,0,0,0,0,0,0,0,0,0,0,0,0,0,0,0,0,0,0,0,0,0,0,0
"61",211.130275,212.09225,212.135325,212.148775,212.2698,213.424825,213.543825,214.92605,216.6019,216.614,222.119475,0,0,0,0,0,0,0,0,0,0,0,0,0,0,0,0,0,0,0,0,0,0,0,0,0,0,0,0,0,0,0,0,0,0,0,0,0,0,0,0,0,0,0,0,0,0,0,0,0,0,0,0,0,0,0,0,0,0,0,0,0,0,0,0,0,0,0,0,0,0,0,0,0,0,0,0,0,0,0,0,0,0,0,0,0,0,0,0,0,0,0,0,0,0,0,0,0,0,0,0,0,0,0,0,0,0,0,0,0,0,0,0,0,0,0,0,0,0,0,0,0,0,0,0,0,0,0,0,0,0,0,0,0,0,0,0,0,0,0,0,0,0,0,0,0,0,0,0,0,0,0,0,0,0,0,0,0,0,0,0,0,0,0,0,0,0,0,0,0,0,0,0,0,0,0,0,0,0,0,0,0,0,0,0,0,0,0,0,0,0,0,0,0,0,0,0,0,0,0,0,0,0,0,0,0,0,0,0,0,0,0,0,0,0,0,0,0,0,0,0,0,0,0,0,0,0,0,0,0,0,0,0,0,0,0,0,0,0,0,0,0,0,0,0,0,0,0,0,0,0,0,0,0,0,0,0,0,0,0,0,0,0,0,0,0,0,0,0,0,0,0,0,0,0,0,0,0,0,0,0,0,0,0,0,0,0,0,0,0,0,0,0,0,0,0,0,0,0,0,0,0,0,0,0,0,0,0,0,0,0,0,0,0,0,0,0,0,0,0,0,0,0,0,0,0,0,0,0,0,0,0,0,0,0,0,0,0,0,0,0,0,0,0,0,0,0,0,0,0,0,0,0,0,0,0,0,0,0,0,0,0,0,0,0,0,0,0,0,0,0,0,0,0,0,0,0,0,0,0,0,0,0,0,0,0,0,0,0
"62",210.361775,210.964775,211.958675,212.32105,212.8043,216.7682,223.043475,0,0,0,0,0,0,0,0,0,0,0,0,0,0,0,0,0,0,0,0,0,0,0,0,0,0,0,0,0,0,0,0,0,0,0,0,0,0,0,0,0,0,0,0,0,0,0,0,0,0,0,0,0,0,0,0,0,0,0,0,0,0,0,0,0,0,0,0,0,0,0,0,0,0,0,0,0,0,0,0,0,0,0,0,0,0,0,0,0,0,0,0,0,0,0,0,0,0,0,0,0,0,0,0,0,0,0,0,0,0,0,0,0,0,0,0,0,0,0,0,0,0,0,0,0,0,0,0,0,0,0,0,0,0,0,0,0,0,0,0,0,0,0,0,0,0,0,0,0,0,0,0,0,0,0,0,0,0,0,0,0,0,0,0,0,0,0,0,0,0,0,0,0,0,0,0,0,0,0,0,0,0,0,0,0,0,0,0,0,0,0,0,0,0,0,0,0,0,0,0,0,0,0,0,0,0,0,0,0,0,0,0,0,0,0,0,0,0,0,0,0,0,0,0,0,0,0,0,0,0,0,0,0,0,0,0,0,0,0,0,0,0,0,0,0,0,0,0,0,0,0,0,0,0,0,0,0,0,0,0,0,0,0,0,0,0,0,0,0,0,0,0,0,0,0,0,0,0,0,0,0,0,0,0,0,0,0,0,0,0,0,0,0,0,0,0,0,0,0,0,0,0,0,0,0,0,0,0,0,0,0,0,0,0,0,0,0,0,0,0,0,0,0,0,0,0,0,0,0,0,0,0,0,0,0,0,0,0,0,0,0,0,0,0,0,0,0,0,0,0,0,0,0,0,0,0,0,0,0,0,0,0,0,0,0,0,0,0,0,0,0,0,0,0,0,0,0,0,0,0,0,0,0,0,0,0,0,0,0,0,0,0
"63",200.1392,200.37,200.47775,200.753375,200.93835,201.193125,201.5393,201.669725,201.84455,201.953575,202.098425,202.32055,202.533775,202.7751,203.01645,203.20635,203.46625,203.67725,204.02245,204.2376,204.412,204.609725,204.8904,205.1215,205.35025,205.447575,205.691925,205.851875,206.106925,206.368275,206.606225,206.6832,206.8954,207.1088,207.2824,207.45045,207.6944,207.87435,208.115075,208.346825,208.582775,208.811275,209.017675,209.1185,209.254325,209.415675,209.548075,211.463475,211.900375,212.027475,212.175925,212.296575,212.380975,212.40635,212.793225,213.295675,213.372975,213.40165,215.325975,216.544,217.509175,218.0407,218.1471,218.198175,218.362925,218.41695,218.426825,218.4648,218.4862,218.72705,219.7353,220.210775,222.007675,222.09665,222.2552,222.314275,222.383975,222.418875,222.4688,222.5133,222.5557,222.597925,222.641725,222.70315,222.7641,222.842275,225.463825,225.792325,225.8766,226.0045,226.217325,226.43095,226.564275,226.797775,227.033775,227.28925,227.51325,227.668325,227.824275,228.366225,231.363575,0,0,0,0,0,0,0,0,0,0,0,0,0,0,0,0,0,0,0,0,0,0,0,0,0,0,0,0,0,0,0,0,0,0,0,0,0,0,0,0,0,0,0,0,0,0,0,0,0,0,0,0,0,0,0,0,0,0,0,0,0,0,0,0,0,0,0,0,0,0,0,0,0,0,0,0,0,0,0,0,0,0,0,0,0,0,0,0,0,0,0,0,0,0,0,0,0,0,0,0,0,0,0,0,0,0,0,0,0,0,0,0,0,0,0,0,0,0,0,0,0,0,0,0,0,0,0,0,0,0,0,0,0,0,0,0,0,0,0,0,0,0,0,0,0,0,0,0,0,0,0,0,0,0,0,0,0,0,0,0,0,0,0,0,0,0,0,0,0,0,0,0,0,0,0,0,0,0,0,0,0,0,0,0,0,0,0,0,0,0,0,0,0,0,0,0,0,0,0,0,0,0,0,0,0,0,0,0,0,0,0,0,0,0,0,0,0,0,0,0,0,0,0,0,0,0,0,0,0,0,0,0,0,0,0,0,0,0,0,0,0,0,0,0,0,0,0,0,0,0,0,0,0,0,0,0,0,0,0,0,0,0,0,0,0,0,0,0,0,0,0,0,0,0,0,0,0,0,0,0,0,0,0,0,0,0,0,0,0,0,0,0,0,0,0,0,0,0
"64",204.24925,208.3267,209.57045,209.666125,210.08215,210.4473,210.493575,210.5463,210.553975,210.63625,210.702675,210.776825,210.81805,210.8498,210.888175,210.91965,210.940725,210.95765,210.99,211.007625,211.02405,211.055425,211.096575,211.116775,211.1362,211.16225,211.1751,211.23415,211.25135,211.320125,211.359175,211.4024,211.414625,211.43495,211.48025,211.4914,211.529325,211.534775,211.53705,211.56895,211.6551,211.69495,211.7196,211.746025,211.769775,211.7943,211.8112,211.834,211.848125,211.8883,211.9061,211.931975,211.978975,212.002325,212.022525,212.082125,212.117725,212.123225,212.1448,212.153275,212.155375,212.307525,212.32275,212.413325,212.439775,212.458925,212.48925,212.5431,212.628925,212.639275,212.659875,212.730775,212.793975,212.858875,212.9776,213.0294,213.04305,213.063575,213.095375,213.1746,213.288525,213.32945,213.355025,213.37635,213.395025,213.4157,213.4823,213.495275,213.5129,213.529425,213.540525,213.5663,213.596925,213.632175,213.650825,213.700075,213.7149,213.730125,213.757925,213.81505,214.0012,214.10235,214.31015,214.357575,214.4201,214.4415,214.4843,214.5069,214.517375,214.537525,214.563575,214.588075,214.604725,214.64955,214.663175,214.69025,214.70605,214.75335,214.765625,214.80045,214.82305,214.954875,215.0492,215.1386,215.4562,215.5246,215.813925,215.878625,215.9213,216.018,216.06445,216.098775,216.12595,216.1503,216.191675,216.2363,216.29435,216.334025,216.37005,216.418825,216.445775,216.521775,216.579975,216.786825,217.562175,217.57625,217.83725,217.90885,217.935975,217.964375,218.0112,218.081925,218.1202,218.14525,218.19335,218.249775,218.269425,218.304175,218.32375,218.34245,218.388225,218.404825,218.4331,218.52025,218.5514,218.5854,218.731675,218.765275,218.848675,218.923525,219.23375,219.2469,219.28375,219.4249,219.601675,219.82675,219.938225,220.256175,220.346125,220.705725,220.867175,220.9637,221.139975,221.434575,221.519125,221.612175,221.68565,221.82605,221.90855,221.989225,222.0392,222.064125,222.11145,222.162225,222.2521,222.312675,222.33455,222.3676,222.398975,222.428,222.46065,222.513675,222.536375,222.562575,222.6012,222.6305,222.6558,222.6908,222.724575,222.7518,222.888925,222.978725,223.121625,223.27515,223.40385,223.531625,223.884625,224.063225,224.29485,224.35405,224.426975,224.62695,224.824375,225.00765,225.287525,225.5883,225.756325,225.962175,226.043525,226.149525,226.259675,226.4258,226.4997,226.78485,226.995,227.1413,227.2243,227.53665,227.8207,228.07755,0,0,0,0,0,0,0,0,0,0,0,0,0,0,0,0,0,0,0,0,0,0,0,0,0,0,0,0,0,0,0,0,0,0,0,0,0,0,0,0,0,0,0,0,0,0,0,0,0,0,0,0,0,0,0,0,0,0,0,0,0,0,0,0,0,0,0,0,0,0,0,0,0,0,0,0,0,0,0,0,0,0,0,0,0,0,0,0,0,0,0,0,0,0,0,0,0,0,0,0,0,0,0,0,0,0,0,0,0,0,0,0,0,0,0,0,0,0,0,0,0,0,0,0,0,0,0,0,0,0,0,0,0,0,0,0,0,0,0,0,0,0,0,0,0,0,0,0,0,0,0,0,0,0,0,0,0,0,0
"65",209.49135,209.61885,209.862725,209.9615,210.0442,210.27895,210.4261,210.551775,210.64145,210.6789,210.71205,210.73255,210.75805,210.790075,210.808925,210.8258,210.8468,210.848625,210.875925,210.896325,210.929225,210.952525,210.976175,210.992875,211.0076,211.039725,211.0725,211.098,211.12355,211.1252,211.161475,211.18095,211.196475,211.212975,211.2408,211.251825,211.269275,211.324425,211.37355,211.4045,211.445625,211.5155,211.538125,211.588625,211.634025,211.65795,211.686725,211.6967,211.844825,211.875375,212.178675,212.50795,212.611925,212.690075,212.709075,212.7332,212.873325,212.904125,212.9584,212.970925,212.976625,213.0197,213.048475,213.092575,213.15735,213.1636,213.208075,213.227575,213.23645,213.263925,213.335325,213.47055,213.53605,213.65825,213.6648,213.69465,213.73345,213.7792,213.8436,213.8528,213.87445,213.89065,213.925,213.9264,213.97265,214.0229,214.0428,214.0478,214.124875,214.143725,214.171825,214.17445,214.21095,214.213675,214.249375,214.27535,214.3034,214.34945,214.393525,214.39795,214.420825,214.46905,214.470825,214.551625,214.582125,214.585825,214.6182,214.6313,214.645525,214.659375,214.6921,214.739525,214.748,214.759275,214.8459,214.873675,214.90065,214.90985,214.9408,214.986025,214.98755,215.050875,215.070625,215.10425,215.1537,215.17625,215.210725,215.237875,215.271125,215.306,215.3742,215.408425,215.4265,215.4439,215.46295,215.4664,215.488875,215.525075,215.5375,215.585,215.596075,215.621125,215.636875,215.71995,215.72805,215.78995,215.837475,215.88335,215.949175,216.008575,216.067875,216.13565,216.14575,216.288125,216.355925,216.411875,216.522625,216.64035,216.9108,217.020575,217.049425,217.084525,217.123475,217.201375,217.2757,217.338725,217.39885,217.43625,217.5183,217.588725,217.667575,217.794375,217.8606,217.8906,217.9371,217.9739,217.97795,218.123875,218.295525,218.376975,218.565075,218.587025,218.606925,218.6344,218.686625,218.794225,218.84365,218.8879,218.956375,218.96635,219.0197,219.04955,219.067275,219.10605,219.141425,219.205575,219.282225,219.4204,219.759825,219.81925,219.9375,220.129825,220.374025,220.5128,220.5775,220.71675,220.881075,222.99215,223.646275,0,0,0,0,0,0,0,0,0,0,0,0,0,0,0,0,0,0,0,0,0,0,0,0,0,0,0,0,0,0,0,0,0,0,0,0,0,0,0,0,0,0,0,0,0,0,0,0,0,0,0,0,0,0,0,0,0,0,0,0,0,0,0,0,0,0,0,0,0,0,0,0,0,0,0,0,0,0,0,0,0,0,0,0,0,0,0,0,0,0,0,0,0,0,0,0,0,0,0,0,0,0,0,0,0,0,0,0,0,0,0,0,0,0,0,0,0,0,0,0,0,0,0,0,0,0,0,0,0,0,0,0,0,0,0,0,0,0,0,0,0,0,0,0,0,0,0,0,0,0,0,0,0,0,0,0,0,0,0,0,0,0,0,0,0,0,0,0,0,0,0,0,0,0,0,0,0,0,0,0,0,0,0,0,0,0,0,0,0,0
"66",209.756175,209.8239,209.930175,210.00895,0,0,0,0,0,0,0,0,0,0,0,0,0,0,0,0,0,0,0,0,0,0,0,0,0,0,0,0,0,0,0,0,0,0,0,0,0,0,0,0,0,0,0,0,0,0,0,0,0,0,0,0,0,0,0,0,0,0,0,0,0,0,0,0,0,0,0,0,0,0,0,0,0,0,0,0,0,0,0,0,0,0,0,0,0,0,0,0,0,0,0,0,0,0,0,0,0,0,0,0,0,0,0,0,0,0,0,0,0,0,0,0,0,0,0,0,0,0,0,0,0,0,0,0,0,0,0,0,0,0,0,0,0,0,0,0,0,0,0,0,0,0,0,0,0,0,0,0,0,0,0,0,0,0,0,0,0,0,0,0,0,0,0,0,0,0,0,0,0,0,0,0,0,0,0,0,0,0,0,0,0,0,0,0,0,0,0,0,0,0,0,0,0,0,0,0,0,0,0,0,0,0,0,0,0,0,0,0,0,0,0,0,0,0,0,0,0,0,0,0,0,0,0,0,0,0,0,0,0,0,0,0,0,0,0,0,0,0,0,0,0,0,0,0,0,0,0,0,0,0,0,0,0,0,0,0,0,0,0,0,0,0,0,0,0,0,0,0,0,0,0,0,0,0,0,0,0,0,0,0,0,0,0,0,0,0,0,0,0,0,0,0,0,0,0,0,0,0,0,0,0,0,0,0,0,0,0,0,0,0,0,0,0,0,0,0,0,0,0,0,0,0,0,0,0,0,0,0,0,0,0,0,0,0,0,0,0,0,0,0,0,0,0,0,0,0,0,0,0,0,0,0,0,0,0,0,0,0,0,0,0,0,0,0,0,0,0,0,0,0,0,0,0,0,0,0,0,0,0,0,0,0,0,0,0,0,0,0,0,0,0,0,0,0,0
"67",200.85465,203.43945,207.10955,212.199875,212.304975,212.434975,212.508075,212.574125,212.616825,212.664225,213.70855,213.74295,213.7888,213.8013,213.82965,213.85345,213.885925,213.915025,213.9732,214.01885,214.091075,214.1502,215.4217,215.448975,215.475125,215.5202,215.564275,215.630375,217.034125,217.055625,217.100125,217.147425,217.2216,217.301025,218.849825,218.931875,219.0194,220.144875,220.251525,220.375275,220.462475,220.517475,220.581125,220.70365,222.530175,222.637775,222.6964,222.7753,222.821,222.8532,222.91685,222.95775,223.0601,223.169625,223.2882,223.337925,0,0,0,0,0,0,0,0,0,0,0,0,0,0,0,0,0,0,0,0,0,0,0,0,0,0,0,0,0,0,0,0,0,0,0,0,0,0,0,0,0,0,0,0,0,0,0,0,0,0,0,0,0,0,0,0,0,0,0,0,0,0,0,0,0,0,0,0,0,0,0,0,0,0,0,0,0,0,0,0,0,0,0,0,0,0,0,0,0,0,0,0,0,0,0,0,0,0,0,0,0,0,0,0,0,0,0,0,0,0,0,0,0,0,0,0,0,0,0,0,0,0,0,0,0,0,0,0,0,0,0,0,0,0,0,0,0,0,0,0,0,0,0,0,0,0,0,0,0,0,0,0,0,0,0,0,0,0,0,0,0,0,0,0,0,0,0,0,0,0,0,0,0,0,0,0,0,0,0,0,0,0,0,0,0,0,0,0,0,0,0,0,0,0,0,0,0,0,0,0,0,0,0,0,0,0,0,0,0,0,0,0,0,0,0,0,0,0,0,0,0,0,0,0,0,0,0,0,0,0,0,0,0,0,0,0,0,0,0,0,0,0,0,0,0,0,0,0,0,0,0,0,0,0,0,0,0,0,0,0,0,0,0,0,0,0,0,0,0,0,0,0,0,0,0,0,0,0,0,0,0,0,0,0,0,0,0,0,0,0,0,0,0,0,0,0,0,0,0,0,0,0,0,0,0,0,0,0,0,0,0,0,0,0,0,0,0,0,0,0,0,0,0,0,0,0,0,0,0,0,0,0,0,0,0,0,0,0,0,0,0,0,0
"68",210.875225,211.033875,211.098475,211.1452,211.202725,211.24175,211.3264,211.410175,211.45515,211.500425,211.558375,211.5994,211.751575,211.9163,211.9332,211.961975,212.012675,212.026075,212.0421,212.088275,212.1098,212.112275,212.147,212.181175,212.314075,212.39575,212.5226,212.559875,212.640575,212.863725,212.910975,213.028025,213.24065,213.38895,213.446825,213.499,213.6237,213.6835,214.202125,214.4931,214.618025,214.6578,214.772775,214.904025,215.164175,215.267625,215.3606,215.551725,215.679,215.872625,215.910575,216.010725,216.218725,216.286275,216.339975,216.389425,216.4649,216.5342,216.5895,216.620575,216.7605,216.993475,217.0963,217.191575,217.193325,217.287225,217.3351,217.418675,217.48565,217.540875,217.5733,217.640225,217.8055,217.88465,218.074475,218.15175,218.197275,218.30605,218.346775,218.408975,218.506125,218.960475,219.07475,219.15335,219.2003,219.235625,219.2756,219.344975,219.384825,219.44155,219.94195,220.163325,220.2326,220.415975,220.49355,220.5305,220.58915,220.637725,220.694275,220.758225,220.789625,220.83755,220.868075,220.9274,220.97945,221.02215,221.056425,221.087825,221.11455,221.181875,221.218875,221.27285,221.34595,221.524325,221.65225,221.744125,222.107225,222.275875,222.40345,222.5213,222.61995,222.7221,222.782225,222.846325,222.906175,222.97025,223.034275,223.104625,223.20755,223.306025,223.35605,223.4282,223.500325,223.576375,223.664425,223.746725,223.8215,223.907075,224.101575,224.162875,224.2524,224.37195,224.50785,224.736325,225.032625,225.210725,225.4325,225.532175,225.93765,226.055075,226.26605,226.529175,226.818925,227.071175,0,0,0,0,0,0,0,0,0,0,0,0,0,0,0,0,0,0,0,0,0,0,0,0,0,0,0,0,0,0,0,0,0,0,0,0,0,0,0,0,0,0,0,0,0,0,0,0,0,0,0,0,0,0,0,0,0,0,0,0,0,0,0,0,0,0,0,0,0,0,0,0,0,0,0,0,0,0,0,0,0,0,0,0,0,0,0,0,0,0,0,0,0,0,0,0,0,0,0,0,0,0,0,0,0,0,0,0,0,0,0,0,0,0,0,0,0,0,0,0,0,0,0,0,0,0,0,0,0,0,0,0,0,0,0,0,0,0,0,0,0,0,0,0,0,0,0,0,0,0,0,0,0,0,0,0,0,0,0,0,0,0,0,0,0,0,0,0,0,0,0,0,0,0,0,0,0,0,0,0,0,0,0,0,0,0,0,0,0,0,0,0,0,0,0,0,0,0,0,0,0,0,0,0,0,0,0,0,0,0,0,0,0,0,0,0,0,0,0,0,0,0,0,0,0,0,0,0,0,0,0,0,0,0,0,0,0,0,0,0,0,0,0,0,0
"69",209.576075,209.718475,209.830325,209.855,209.932725,209.9955,210.13285,210.196825,210.287375,210.342425,210.497375,210.51555,210.70975,210.73425,211.1024,211.372925,211.47065,211.507625,211.796375,211.8729,212.24615,212.4926,212.5157,212.576475,212.769025,212.810425,212.8587,212.87735,212.961675,213.213475,213.347925,213.455525,213.60735,213.669275,213.7072,213.8807,214.044975,214.093625,214.2911,214.348875,214.42295,214.465425,214.789025,214.822825,214.85025,214.87605,214.961225,214.986075,215.0509,215.0752,215.103175,215.187275,215.26645,215.32615,215.332375,215.3717,215.460475,215.546675,215.5921,215.679675,215.692725,215.806825,215.8663,215.8717,215.87525,215.943175,216.038075,216.127175,216.316225,216.37585,216.491575,216.569525,216.828575,216.980475,217.059575,217.089225,217.191775,217.303025,217.36945,217.402825,217.456925,217.56215,217.64415,217.884075,217.99705,218.095275,218.1975,218.2936,218.3632,218.402925,218.4535,218.57605,218.630475,218.66145,218.663125,218.7236,218.781825,218.804975,218.99535,219.102725,219.158325,219.190525,219.242675,219.3206,219.36165,219.405025,219.742675,219.7924,220.260425,220.54015,220.617525,220.716775,220.7195,220.95395,220.969075,221.211475,221.532675,222.868725,222.98035,223.101325,223.175225,223.31985,223.6215,223.943275,224.16885,0,0,0,0,0,0,0,0,0,0,0,0,0,0,0,0,0,0,0,0,0,0,0,0,0,0,0,0,0,0,0,0,0,0,0,0,0,0,0,0,0,0,0,0,0,0,0,0,0,0,0,0,0,0,0,0,0,0,0,0,0,0,0,0,0,0,0,0,0,0,0,0,0,0,0,0,0,0,0,0,0,0,0,0,0,0,0,0,0,0,0,0,0,0,0,0,0,0,0,0,0,0,0,0,0,0,0,0,0,0,0,0,0,0,0,0,0,0,0,0,0,0,0,0,0,0,0,0,0,0,0,0,0,0,0,0,0,0,0,0,0,0,0,0,0,0,0,0,0,0,0,0,0,0,0,0,0,0,0,0,0,0,0,0,0,0,0,0,0,0,0,0,0,0,0,0,0,0,0,0,0,0,0,0,0,0,0,0,0,0,0,0,0,0,0,0,0,0,0,0,0,0,0,0,0,0,0,0,0,0,0,0,0,0,0,0,0,0,0,0,0,0,0,0,0,0,0,0,0,0,0,0,0,0,0,0,0,0,0,0,0,0,0,0,0,0,0,0,0,0,0,0,0,0,0,0,0,0,0,0,0,0,0,0,0,0,0,0,0,0,0,0,0,0
"70",210.05685,210.115925,210.21495,210.291175,210.360525,210.501225,210.58895,210.86405,211.50245,211.554325,211.58985,211.660375,212.974725,214.32285,215.145975,215.842025,215.905175,215.963925,217.519975,217.648375,217.818225,219.0347,219.34485,219.413675,219.485,219.533925,219.5924,0,0,0,0,0,0,0,0,0,0,0,0,0,0,0,0,0,0,0,0,0,0,0,0,0,0,0,0,0,0,0,0,0,0,0,0,0,0,0,0,0,0,0,0,0,0,0,0,0,0,0,0,0,0,0,0,0,0,0,0,0,0,0,0,0,0,0,0,0,0,0,0,0,0,0,0,0,0,0,0,0,0,0,0,0,0,0,0,0,0,0,0,0,0,0,0,0,0,0,0,0,0,0,0,0,0,0,0,0,0,0,0,0,0,0,0,0,0,0,0,0,0,0,0,0,0,0,0,0,0,0,0,0,0,0,0,0,0,0,0,0,0,0,0,0,0,0,0,0,0,0,0,0,0,0,0,0,0,0,0,0,0,0,0,0,0,0,0,0,0,0,0,0,0,0,0,0,0,0,0,0,0,0,0,0,0,0,0,0,0,0,0,0,0,0,0,0,0,0,0,0,0,0,0,0,0,0,0,0,0,0,0,0,0,0,0,0,0,0,0,0,0,0,0,0,0,0,0,0,0,0,0,0,0,0,0,0,0,0,0,0,0,0,0,0,0,0,0,0,0,0,0,0,0,0,0,0,0,0,0,0,0,0,0,0,0,0,0,0,0,0,0,0,0,0,0,0,0,0,0,0,0,0,0,0,0,0,0,0,0,0,0,0,0,0,0,0,0,0,0,0,0,0,0,0,0,0,0,0,0,0,0,0,0,0,0,0,0,0,0,0,0,0,0,0,0,0,0,0,0,0,0,0,0,0,0,0,0,0,0,0,0,0,0,0,0,0,0,0,0,0,0,0,0,0,0,0,0,0,0,0,0,0,0,0,0,0,0,0,0,0,0
"71",217.45985,217.5384,217.631775,219.1327,219.195575,219.2465,219.313125,219.4307,220.776375,221.04525,223.4748,0,0,0,0,0,0,0,0,0,0,0,0,0,0,0,0,0,0,0,0,0,0,0,0,0,0,0,0,0,0,0,0,0,0,0,0,0,0,0,0,0,0,0,0,0,0,0,0,0,0,0,0,0,0,0,0,0,0,0,0,0,0,0,0,0,0,0,0,0,0,0,0,0,0,0,0,0,0,0,0,0,0,0,0,0,0,0,0,0,0,0,0,0,0,0,0,0,0,0,0,0,0,0,0,0,0,0,0,0,0,0,0,0,0,0,0,0,0,0,0,0,0,0,0,0,0,0,0,0,0,0,0,0,0,0,0,0,0,0,0,0,0,0,0,0,0,0,0,0,0,0,0,0,0,0,0,0,0,0,0,0,0,0,0,0,0,0,0,0,0,0,0,0,0,0,0,0,0,0,0,0,0,0,0,0,0,0,0,0,0,0,0,0,0,0,0,0,0,0,0,0,0,0,0,0,0,0,0,0,0,0,0,0,0,0,0,0,0,0,0,0,0,0,0,0,0,0,0,0,0,0,0,0,0,0,0,0,0,0,0,0,0,0,0,0,0,0,0,0,0,0,0,0,0,0,0,0,0,0,0,0,0,0,0,0,0,0,0,0,0,0,0,0,0,0,0,0,0,0,0,0,0,0,0,0,0,0,0,0,0,0,0,0,0,0,0,0,0,0,0,0,0,0,0,0,0,0,0,0,0,0,0,0,0,0,0,0,0,0,0,0,0,0,0,0,0,0,0,0,0,0,0,0,0,0,0,0,0,0,0,0,0,0,0,0,0,0,0,0,0,0,0,0,0,0,0,0,0,0,0,0,0,0,0,0,0,0,0,0,0,0,0,0,0,0,0,0,0,0,0,0,0,0,0,0,0,0,0
"72",209.91545,210.940425,210.971125,211.22935,213.47785,223.237525,223.66505,0,0,0,0,0,0,0,0,0,0,0,0,0,0,0,0,0,0,0,0,0,0,0,0,0,0,0,0,0,0,0,0,0,0,0,0,0,0,0,0,0,0,0,0,0,0,0,0,0,0,0,0,0,0,0,0,0,0,0,0,0,0,0,0,0,0,0,0,0,0,0,0,0,0,0,0,0,0,0,0,0,0,0,0,0,0,0,0,0,0,0,0,0,0,0,0,0,0,0,0,0,0,0,0,0,0,0,0,0,0,0,0,0,0,0,0,0,0,0,0,0,0,0,0,0,0,0,0,0,0,0,0,0,0,0,0,0,0,0,0,0,0,0,0,0,0,0,0,0,0,0,0,0,0,0,0,0,0,0,0,0,0,0,0,0,0,0,0,0,0,0,0,0,0,0,0,0,0,0,0,0,0,0,0,0,0,0,0,0,0,0,0,0,0,0,0,0,0,0,0,0,0,0,0,0,0,0,0,0,0,0,0,0,0,0,0,0,0,0,0,0,0,0,0,0,0,0,0,0,0,0,0,0,0,0,0,0,0,0,0,0,0,0,0,0,0,0,0,0,0,0,0,0,0,0,0,0,0,0,0,0,0,0,0,0,0,0,0,0,0,0,0,0,0,0,0,0,0,0,0,0,0,0,0,0,0,0,0,0,0,0,0,0,0,0,0,0,0,0,0,0,0,0,0,0,0,0,0,0,0,0,0,0,0,0,0,0,0,0,0,0,0,0,0,0,0,0,0,0,0,0,0,0,0,0,0,0,0,0,0,0,0,0,0,0,0,0,0,0,0,0,0,0,0,0,0,0,0,0,0,0,0,0,0,0,0,0,0,0,0,0,0,0,0,0,0,0,0,0,0,0,0,0,0,0,0,0,0,0,0,0,0
"73",210.126825,210.235525,210.2722,210.3151,210.398625,0,0,0,0,0,0,0,0,0,0,0,0,0,0,0,0,0,0,0,0,0,0,0,0,0,0,0,0,0,0,0,0,0,0,0,0,0,0,0,0,0,0,0,0,0,0,0,0,0,0,0,0,0,0,0,0,0,0,0,0,0,0,0,0,0,0,0,0,0,0,0,0,0,0,0,0,0,0,0,0,0,0,0,0,0,0,0,0,0,0,0,0,0,0,0,0,0,0,0,0,0,0,0,0,0,0,0,0,0,0,0,0,0,0,0,0,0,0,0,0,0,0,0,0,0,0,0,0,0,0,0,0,0,0,0,0,0,0,0,0,0,0,0,0,0,0,0,0,0,0,0,0,0,0,0,0,0,0,0,0,0,0,0,0,0,0,0,0,0,0,0,0,0,0,0,0,0,0,0,0,0,0,0,0,0,0,0,0,0,0,0,0,0,0,0,0,0,0,0,0,0,0,0,0,0,0,0,0,0,0,0,0,0,0,0,0,0,0,0,0,0,0,0,0,0,0,0,0,0,0,0,0,0,0,0,0,0,0,0,0,0,0,0,0,0,0,0,0,0,0,0,0,0,0,0,0,0,0,0,0,0,0,0,0,0,0,0,0,0,0,0,0,0,0,0,0,0,0,0,0,0,0,0,0,0,0,0,0,0,0,0,0,0,0,0,0,0,0,0,0,0,0,0,0,0,0,0,0,0,0,0,0,0,0,0,0,0,0,0,0,0,0,0,0,0,0,0,0,0,0,0,0,0,0,0,0,0,0,0,0,0,0,0,0,0,0,0,0,0,0,0,0,0,0,0,0,0,0,0,0,0,0,0,0,0,0,0,0,0,0,0,0,0,0,0,0,0,0,0,0,0,0,0,0,0,0,0,0,0,0,0,0,0,0
"74",210.241,210.3452,210.469575,210.50925,211.989075,212.089075,212.114725,212.14895,212.276775,212.4062,212.83345,212.871825,213.39755,213.4795,213.56845,214.312975,214.8905,215.060125,215.694175,215.9604,216.50455,216.535225,216.698175,218.337025,218.4237,218.4698,218.493,218.587075,219.46875,222.33005,222.50575,0,0,0,0,0,0,0,0,0,0,0,0,0,0,0,0,0,0,0,0,0,0,0,0,0,0,0,0,0,0,0,0,0,0,0,0,0,0,0,0,0,0,0,0,0,0,0,0,0,0,0,0,0,0,0,0,0,0,0,0,0,0,0,0,0,0,0,0,0,0,0,0,0,0,0,0,0,0,0,0,0,0,0,0,0,0,0,0,0,0,0,0,0,0,0,0,0,0,0,0,0,0,0,0,0,0,0,0,0,0,0,0,0,0,0,0,0,0,0,0,0,0,0,0,0,0,0,0,0,0,0,0,0,0,0,0,0,0,0,0,0,0,0,0,0,0,0,0,0,0,0,0,0,0,0,0,0,0,0,0,0,0,0,0,0,0,0,0,0,0,0,0,0,0,0,0,0,0,0,0,0,0,0,0,0,0,0,0,0,0,0,0,0,0,0,0,0,0,0,0,0,0,0,0,0,0,0,0,0,0,0,0,0,0,0,0,0,0,0,0,0,0,0,0,0,0,0,0,0,0,0,0,0,0,0,0,0,0,0,0,0,0,0,0,0,0,0,0,0,0,0,0,0,0,0,0,0,0,0,0,0,0,0,0,0,0,0,0,0,0,0,0,0,0,0,0,0,0,0,0,0,0,0,0,0,0,0,0,0,0,0,0,0,0,0,0,0,0,0,0,0,0,0,0,0,0,0,0,0,0,0,0,0,0,0,0,0,0,0,0,0,0,0,0,0,0,0,0,0,0,0,0,0,0,0,0,0,0,0,0,0,0,0,0,0,0,0,0,0,0,0,0,0,0,0,0,0,0,0,0,0,0,0,0,0,0,0,0
"75",200.381375,202.4668,208.522475,209.72515,210.018825,210.0868,210.123875,210.162075,210.1687,210.19885,210.21445,210.222375,210.248125,210.262225,210.28045,210.289,210.329175,210.3514,210.361325,210.438925,210.451325,210.464925,210.4864,210.507725,210.515075,210.517725,210.52645,210.54325,210.5798,210.583,210.593575,210.60005,210.61975,210.6511,210.65265,210.70885,210.776,210.8307,210.9498,210.95385,210.998175,211.025675,211.1356,211.15645,211.241825,211.247175,211.419975,211.451925,211.478975,211.48275,211.5333,211.541025,211.558,211.563325,211.57715,211.64035,211.6832,211.76515,211.84345,211.858225,211.921825,211.9817,212.04075,212.126125,212.283325,212.457125,212.541,212.638225,212.667,212.703475,212.73375,212.764025,212.782475,212.7957,212.818525,212.86295,212.8755,212.89115,212.8955,212.9235,212.959175,212.978625,212.995875,213.125875,213.277,213.3228,213.3457,213.3489,213.367225,213.371325,213.410875,213.43195,213.446275,213.462,213.5005,213.601325,213.651925,213.66365,213.671375,213.6895,213.6941,213.7718,213.83555,213.8513,213.871625,213.88705,213.909025,213.923125,213.957575,213.96315,213.98825,214.039475,214.055775,214.069125,214.087375,214.12085,214.1442,214.167475,214.176975,214.191025,214.197725,214.2021,214.20395,214.219275,214.25995,214.2682,214.296375,214.346575,214.389675,214.4145,214.425575,214.437425,214.457675,214.548925,214.702625,214.785925,214.821875,214.863675,214.87735,214.930475,214.97395,215.010675,215.040275,215.047925,215.051075,215.065325,215.108825,215.147625,215.1988,215.234275,215.3005,215.317875,215.51095,215.519075,215.545275,215.55795,215.571875,215.6194,215.644775,215.6912,215.713425,215.739625,215.749725,215.78195,215.809725,215.8241,215.857325,215.876425,215.928975,215.96545,215.970625,215.99145,216.0495,216.094525,216.11895,216.250275,216.279175,216.35535,216.3881,216.463225,216.46495,216.615625,216.619225,216.622125,216.63245,216.666175,216.697325,216.73275,216.755175,216.763525,216.773425,216.84725,216.919375,216.940975,216.951075,216.953175,216.981625,217.0078,217.02705,217.0326,217.0754,217.097,217.1207,217.149375,217.17525,217.20375,217.22395,217.249125,217.28335,217.3257,217.342575,217.344225,217.36355,217.377325,217.4111,217.43205,217.45175,217.4717,217.548925,217.552975,217.5885,217.593675,217.6091,217.6593,217.6667,217.690025,217.7063,217.713675,217.767975,217.846275,217.8615,218.1132,218.11905,218.213825,218.24055,218.283875,218.3179,218.321225,218.34355,218.400475,218.44365,218.45355,218.64425,218.661625,218.70945,218.7587,218.842575,218.911625,218.956,219.000325,219.058275,219.105475,219.166975,219.182975,219.21785,219.293525,219.327775,219.38775,219.389475,219.397325,219.4102,219.412325,219.418475,219.434225,219.44615,219.479325,219.50885,219.534375,219.571325,219.605125,219.6174,219.633125,219.678825,219.803625,219.953025,220.178725,220.4953,220.82535,220.91525,220.9428,220.9608,221.230325,221.239575,222.38285,222.47315,222.563775,235.60635,0,0,0,0,0,0,0,0,0,0,0,0,0,0,0,0,0,0,0,0,0,0,0,0,0,0,0,0,0,0,0,0,0,0,0,0,0,0,0,0,0,0,0,0,0,0,0,0,0,0,0,0,0,0,0,0,0,0,0,0,0,0,0,0,0,0,0,0,0,0,0,0,0,0,0,0,0,0,0,0,0,0,0,0,0,0,0,0,0,0,0,0,0,0,0,0,0,0,0,0,0,0,0,0,0,0,0,0,0,0,0,0
"76",202.413,209.59205,209.637175,209.6722,209.7163,209.740425,209.802675,209.837925,209.863425,209.887625,209.9322,209.944725,209.97205,209.9915,210.017025,210.033275,210.049225,210.068025,210.094525,210.09665,210.150475,210.17975,210.205,210.2088,210.230025,210.240625,210.274775,210.306975,210.333225,210.3502,210.494475,210.6315,210.6458,210.674025,210.68685,210.715975,210.757425,210.76125,210.78545,210.8104,210.8264,210.8438,210.888775,210.9279,210.938625,210.9401,210.954825,211.06655,211.086625,211.16875,211.19265,211.2002,211.250275,211.28165,211.30145,211.3399,211.387175,211.3996,211.44525,211.459925,211.4958,211.5235,211.6131,211.67005,211.727525,211.74315,211.788125,211.791775,211.94495,212.17345,212.1839,212.292475,212.477225,212.613275,212.866275,212.91265,212.932275,213.05075,213.0519,213.103325,213.155425,213.2911,213.312875,213.416525,213.4514,213.4736,213.4777,213.614625,213.6447,213.6658,213.779,213.860025,213.885175,214.025,214.035375,214.20575,214.29275,214.51575,214.566,214.8864,214.902725,215.174125,215.2313,215.254125,215.2975,215.330025,215.33255,215.33915,215.567425,215.669075,215.7963,215.92525,215.947225,215.998425,216.015825,216.1751,216.634375,216.72075,216.767975,216.898525,217.00275,217.564125,218.233825,218.504425,219.37815,219.585475,220.07985,220.2453,220.6124,220.84745,221.038875,221.2656,223.212525,0,0,0,0,0,0,0,0,0,0,0,0,0,0,0,0,0,0,0,0,0,0,0,0,0,0,0,0,0,0,0,0,0,0,0,0,0,0,0,0,0,0,0,0,0,0,0,0,0,0,0,0,0,0,0,0,0,0,0,0,0,0,0,0,0,0,0,0,0,0,0,0,0,0,0,0,0,0,0,0,0,0,0,0,0,0,0,0,0,0,0,0,0,0,0,0,0,0,0,0,0,0,0,0,0,0,0,0,0,0,0,0,0,0,0,0,0,0,0,0,0,0,0,0,0,0,0,0,0,0,0,0,0,0,0,0,0,0,0,0,0,0,0,0,0,0,0,0,0,0,0,0,0,0,0,0,0,0,0,0,0,0,0,0,0,0,0,0,0,0,0,0,0,0,0,0,0,0,0,0,0,0,0,0,0,0,0,0,0,0,0,0,0,0,0,0,0,0,0,0,0,0,0,0,0,0,0,0,0,0,0,0,0,0,0,0,0,0,0,0,0,0,0,0,0,0,0,0,0,0,0,0,0,0,0,0,0,0,0,0,0,0,0,0,0,0,0,0,0,0,0,0,0,0,0,0,0,0,0,0,0,0,0,0,0,0
"77",209.618875,209.95155,210.34655,210.487825,211.009625,211.052725,211.0957,211.09905,211.129125,211.26045,211.332425,211.36795,211.601425,211.996,212.09365,212.2156,212.38955,212.529575,212.8718,212.95605,213.28415,213.438825,213.54955,213.61295,213.7124,213.7657,213.824275,213.86895,214.100175,214.2628,214.45245,214.619175,215.33985,215.39925,215.463,215.4917,215.5051,215.586675,216.7558,217.380025,217.4497,217.857,218.008325,218.10255,218.21255,218.3238,218.626275,219.334125,221.914375,222.0402,222.15015,222.29945,222.398525,222.428225,222.645925,222.742625,0,0,0,0,0,0,0,0,0,0,0,0,0,0,0,0,0,0,0,0,0,0,0,0,0,0,0,0,0,0,0,0,0,0,0,0,0,0,0,0,0,0,0,0,0,0,0,0,0,0,0,0,0,0,0,0,0,0,0,0,0,0,0,0,0,0,0,0,0,0,0,0,0,0,0,0,0,0,0,0,0,0,0,0,0,0,0,0,0,0,0,0,0,0,0,0,0,0,0,0,0,0,0,0,0,0,0,0,0,0,0,0,0,0,0,0,0,0,0,0,0,0,0,0,0,0,0,0,0,0,0,0,0,0,0,0,0,0,0,0,0,0,0,0,0,0,0,0,0,0,0,0,0,0,0,0,0,0,0,0,0,0,0,0,0,0,0,0,0,0,0,0,0,0,0,0,0,0,0,0,0,0,0,0,0,0,0,0,0,0,0,0,0,0,0,0,0,0,0,0,0,0,0,0,0,0,0,0,0,0,0,0,0,0,0,0,0,0,0,0,0,0,0,0,0,0,0,0,0,0,0,0,0,0,0,0,0,0,0,0,0,0,0,0,0,0,0,0,0,0,0,0,0,0,0,0,0,0,0,0,0,0,0,0,0,0,0,0,0,0,0,0,0,0,0,0,0,0,0,0,0,0,0,0,0,0,0,0,0,0,0,0,0,0,0,0,0,0,0,0,0,0,0,0,0,0,0,0,0,0,0,0,0,0,0,0,0,0,0,0,0,0,0,0,0,0,0,0,0,0,0,0,0,0,0,0,0,0,0,0,0,0,0
"78",210.161375,210.20315,210.21405,210.424725,210.4584,210.567375,210.6448,210.73385,210.8019,210.832225,210.867025,210.905475,210.925175,210.944625,210.97315,210.98995,210.998875,211.014475,211.04235,211.046625,211.115275,211.18865,211.19045,211.2308,211.24025,211.321725,211.344575,211.34765,211.372125,211.384025,211.433975,211.4865,211.6518,211.680675,211.763625,211.783875,211.810775,211.98075,212.0219,212.0477,212.1311,212.157025,212.1713,212.1807,212.202975,212.220475,212.24815,212.266375,212.314825,212.33525,212.374675,212.429975,212.448475,212.4555,212.5286,212.5468,212.595575,212.6227,212.630875,212.668925,212.716625,212.8751,212.897325,213.00465,213.005725,213.035725,213.101175,213.130475,213.16085,213.191975,213.20415,213.2613,213.336825,213.3615,213.39195,213.4151,213.486075,213.50445,213.7111,213.812925,213.814425,213.846575,213.972825,214.018475,214.1807,214.250725,214.39075,214.454075,214.490325,214.529325,214.562975,214.671075,214.6778,214.6913,214.70995,214.73415,214.82865,214.916775,214.93665,215.135475,215.260175,215.298675,215.391225,215.420125,215.432575,215.443475,215.46055,215.486225,215.5851,215.69415,215.76775,215.789925,215.80565,215.890075,215.8994,215.960725,215.9807,216.03905,216.0814,216.1267,216.191225,216.21425,216.231975,216.3112,216.403025,216.477175,216.497775,216.512425,216.552025,216.568125,216.602475,216.6453,216.766225,216.879525,216.96615,216.9714,217.0181,217.12505,217.147075,217.342025,217.422925,217.496125,217.49805,217.51575,217.567725,217.580825,217.651425,217.699,217.75925,217.80755,217.812925,217.8793,217.92045,217.97735,218.00735,218.017925,218.045,218.150525,218.182,218.23275,218.30985,218.329375,218.364675,218.836625,218.919825,219.181,219.296325,219.318175,219.393725,219.416,219.485025,219.5591,219.839675,220.16275,220.17125,220.19735,220.413975,220.414925,220.714925,220.797475,220.86795,221.100075,221.154075,221.156925,221.42045,221.4565,221.5343,221.8824,222.0072,222.07105,222.377725,222.441,222.622675,222.658425,222.7309,222.768725,222.83535,222.90195,225.41735,225.71675,225.84375,226.101225,226.368375,226.445375,226.78105,226.947625,227.245575,227.765625,0,0,0,0,0,0,0,0,0,0,0,0,0,0,0,0,0,0,0,0,0,0,0,0,0,0,0,0,0,0,0,0,0,0,0,0,0,0,0,0,0,0,0,0,0,0,0,0,0,0,0,0,0,0,0,0,0,0,0,0,0,0,0,0,0,0,0,0,0,0,0,0,0,0,0,0,0,0,0,0,0,0,0,0,0,0,0,0,0,0,0,0,0,0,0,0,0,0,0,0,0,0,0,0,0,0,0,0,0,0,0,0,0,0,0,0,0,0,0,0,0,0,0,0,0,0,0,0,0,0,0,0,0,0,0,0,0,0,0,0,0,0,0,0,0,0,0,0,0,0,0,0,0,0,0,0,0,0,0,0,0,0,0,0,0,0,0,0,0,0,0,0,0,0,0,0,0,0,0,0,0,0,0,0,0,0,0,0,0,0,0
"79",210.37065,211.1331,211.180875,211.420475,211.4699,211.48835,211.511525,211.55905,211.56015,211.57285,211.57355,211.62845,212.337225,212.798375,212.834175,212.8819,213.437825,213.602325,215.89715,216.695275,217.24,217.44325,217.58,217.612425,218.416475,219.49,219.503275,220.54945,0,0,0,0,0,0,0,0,0,0,0,0,0,0,0,0,0,0,0,0,0,0,0,0,0,0,0,0,0,0,0,0,0,0,0,0,0,0,0,0,0,0,0,0,0,0,0,0,0,0,0,0,0,0,0,0,0,0,0,0,0,0,0,0,0,0,0,0,0,0,0,0,0,0,0,0,0,0,0,0,0,0,0,0,0,0,0,0,0,0,0,0,0,0,0,0,0,0,0,0,0,0,0,0,0,0,0,0,0,0,0,0,0,0,0,0,0,0,0,0,0,0,0,0,0,0,0,0,0,0,0,0,0,0,0,0,0,0,0,0,0,0,0,0,0,0,0,0,0,0,0,0,0,0,0,0,0,0,0,0,0,0,0,0,0,0,0,0,0,0,0,0,0,0,0,0,0,0,0,0,0,0,0,0,0,0,0,0,0,0,0,0,0,0,0,0,0,0,0,0,0,0,0,0,0,0,0,0,0,0,0,0,0,0,0,0,0,0,0,0,0,0,0,0,0,0,0,0,0,0,0,0,0,0,0,0,0,0,0,0,0,0,0,0,0,0,0,0,0,0,0,0,0,0,0,0,0,0,0,0,0,0,0,0,0,0,0,0,0,0,0,0,0,0,0,0,0,0,0,0,0,0,0,0,0,0,0,0,0,0,0,0,0,0,0,0,0,0,0,0,0,0,0,0,0,0,0,0,0,0,0,0,0,0,0,0,0,0,0,0,0,0,0,0,0,0,0,0,0,0,0,0,0,0,0,0,0,0,0,0,0,0,0,0,0,0,0,0,0,0,0,0,0,0,0,0,0,0,0,0,0,0,0,0,0,0,0,0,0,0,0
"80",210.61055,210.726,211.147975,211.14985,211.22605,211.238725,211.538575,211.6243,211.633425,211.8246,211.870675,211.906075,211.907875,211.92895,211.951975,212.0165,212.058275,212.060275,212.09285,212.10955,212.12355,212.16795,212.185325,212.2066,212.222,212.2969,212.326325,212.69895,212.797675,212.8942,212.93965,213.05865,213.2963,213.3052,213.328425,213.3777,213.382575,213.60445,213.687575,214.18845,214.2427,214.248525,214.343475,214.38895,214.562175,214.6736,214.86205,214.880575,214.974825,214.99535,215.055125,215.075475,215.14605,215.21885,215.278725,215.624925,215.722725,215.77495,216.06345,216.18275,216.303025,216.432825,216.46235,216.493675,216.518275,216.60905,216.623975,216.7151,216.80405,216.936375,216.941275,217.875125,218.17885,218.25975,218.366575,218.5116,218.67005,218.773825,218.8344,218.9939,219.97315,219.97725,220.077125,220.217375,220.317225,221.70545,221.989725,221.99605,222.1891,0,0,0,0,0,0,0,0,0,0,0,0,0,0,0,0,0,0,0,0,0,0,0,0,0,0,0,0,0,0,0,0,0,0,0,0,0,0,0,0,0,0,0,0,0,0,0,0,0,0,0,0,0,0,0,0,0,0,0,0,0,0,0,0,0,0,0,0,0,0,0,0,0,0,0,0,0,0,0,0,0,0,0,0,0,0,0,0,0,0,0,0,0,0,0,0,0,0,0,0,0,0,0,0,0,0,0,0,0,0,0,0,0,0,0,0,0,0,0,0,0,0,0,0,0,0,0,0,0,0,0,0,0,0,0,0,0,0,0,0,0,0,0,0,0,0,0,0,0,0,0,0,0,0,0,0,0,0,0,0,0,0,0,0,0,0,0,0,0,0,0,0,0,0,0,0,0,0,0,0,0,0,0,0,0,0,0,0,0,0,0,0,0,0,0,0,0,0,0,0,0,0,0,0,0,0,0,0,0,0,0,0,0,0,0,0,0,0,0,0,0,0,0,0,0,0,0,0,0,0,0,0,0,0,0,0,0,0,0,0,0,0,0,0,0,0,0,0,0,0,0,0,0,0,0,0,0,0,0,0,0,0,0,0,0,0,0,0,0,0,0,0,0,0,0,0,0,0,0,0,0,0,0,0,0,0,0,0,0,0,0,0,0,0,0,0,0,0,0,0,0,0,0,0,0,0,0,0,0,0
"81",210.004925,210.18425,210.26965,210.308925,210.335525,210.382975,210.465625,210.514675,210.545325,211.049675,211.06145,211.211425,211.335425,211.461675,211.5641,211.8228,211.8488,211.957975,212.098375,212.14905,212.26235,212.493975,212.567825,212.600475,212.644625,212.682975,212.737275,212.76775,212.828625,212.904375,212.9446,212.97495,212.990325,213.03975,213.0456,213.15725,213.2973,213.3333,213.693175,213.738525,213.78185,213.79775,213.8267,213.9061,213.98485,214.005375,214.167125,214.19755,214.243775,214.25175,214.261525,214.3179,214.3686,214.422425,214.44845,214.479225,214.56765,214.61155,214.6477,214.751075,214.827575,214.905175,214.9804,215.002825,215.078675,215.1963,215.2693,215.37665,215.4396,215.525,215.528325,215.5617,215.60585,215.74955,215.7936,215.863925,215.952875,216.417725,216.561425,216.57155,216.663525,216.6881,216.814925,217.07345,217.1227,217.159225,217.17785,217.279175,217.47205,217.630875,217.677925,217.742875,217.832075,218.139775,218.144475,218.176275,218.5003,218.614925,219.597875,221.60895,226.14365,226.688775,227.162575,0,0,0,0,0,0,0,0,0,0,0,0,0,0,0,0,0,0,0,0,0,0,0,0,0,0,0,0,0,0,0,0,0,0,0,0,0,0,0,0,0,0,0,0,0,0,0,0,0,0,0,0,0,0,0,0,0,0,0,0,0,0,0,0,0,0,0,0,0,0,0,0,0,0,0,0,0,0,0,0,0,0,0,0,0,0,0,0,0,0,0,0,0,0,0,0,0,0,0,0,0,0,0,0,0,0,0,0,0,0,0,0,0,0,0,0,0,0,0,0,0,0,0,0,0,0,0,0,0,0,0,0,0,0,0,0,0,0,0,0,0,0,0,0,0,0,0,0,0,0,0,0,0,0,0,0,0,0,0,0,0,0,0,0,0,0,0,0,0,0,0,0,0,0,0,0,0,0,0,0,0,0,0,0,0,0,0,0,0,0,0,0,0,0,0,0,0,0,0,0,0,0,0,0,0,0,0,0,0,0,0,0,0,0,0,0,0,0,0,0,0,0,0,0,0,0,0,0,0,0,0,0,0,0,0,0,0,0,0,0,0,0,0,0,0,0,0,0,0,0,0,0,0,0,0,0,0,0,0,0,0,0,0,0,0,0,0,0,0,0,0,0,0,0,0,0,0,0,0,0,0,0,0,0,0,0,0,0,0,0,0,0,0,0,0,0
"82",209.731,209.87915,210.223825,210.371625,211.40435,211.50555,212.806175,212.8163,212.849425,212.90855,213.014825,214.320675,215.720525,215.75155,215.770525,215.830575,215.85125,216.40915,216.8053,216.88305,217.4275,217.440225,217.525175,217.559275,217.611025,217.646075,217.683225,217.7314,219.125725,219.2813,219.294725,219.531025,219.542325,219.585025,0,0,0,0,0,0,0,0,0,0,0,0,0,0,0,0,0,0,0,0,0,0,0,0,0,0,0,0,0,0,0,0,0,0,0,0,0,0,0,0,0,0,0,0,0,0,0,0,0,0,0,0,0,0,0,0,0,0,0,0,0,0,0,0,0,0,0,0,0,0,0,0,0,0,0,0,0,0,0,0,0,0,0,0,0,0,0,0,0,0,0,0,0,0,0,0,0,0,0,0,0,0,0,0,0,0,0,0,0,0,0,0,0,0,0,0,0,0,0,0,0,0,0,0,0,0,0,0,0,0,0,0,0,0,0,0,0,0,0,0,0,0,0,0,0,0,0,0,0,0,0,0,0,0,0,0,0,0,0,0,0,0,0,0,0,0,0,0,0,0,0,0,0,0,0,0,0,0,0,0,0,0,0,0,0,0,0,0,0,0,0,0,0,0,0,0,0,0,0,0,0,0,0,0,0,0,0,0,0,0,0,0,0,0,0,0,0,0,0,0,0,0,0,0,0,0,0,0,0,0,0,0,0,0,0,0,0,0,0,0,0,0,0,0,0,0,0,0,0,0,0,0,0,0,0,0,0,0,0,0,0,0,0,0,0,0,0,0,0,0,0,0,0,0,0,0,0,0,0,0,0,0,0,0,0,0,0,0,0,0,0,0,0,0,0,0,0,0,0,0,0,0,0,0,0,0,0,0,0,0,0,0,0,0,0,0,0,0,0,0,0,0,0,0,0,0,0,0,0,0,0,0,0,0,0,0,0,0,0,0,0,0,0,0,0,0,0,0,0,0,0,0,0,0,0,0,0,0,0,0,0,0,0,0,0
"83",212.762,213.880775,213.970075,214.078975,215.555775,217.251375,217.3378,0,0,0,0,0,0,0,0,0,0,0,0,0,0,0,0,0,0,0,0,0,0,0,0,0,0,0,0,0,0,0,0,0,0,0,0,0,0,0,0,0,0,0,0,0,0,0,0,0,0,0,0,0,0,0,0,0,0,0,0,0,0,0,0,0,0,0,0,0,0,0,0,0,0,0,0,0,0,0,0,0,0,0,0,0,0,0,0,0,0,0,0,0,0,0,0,0,0,0,0,0,0,0,0,0,0,0,0,0,0,0,0,0,0,0,0,0,0,0,0,0,0,0,0,0,0,0,0,0,0,0,0,0,0,0,0,0,0,0,0,0,0,0,0,0,0,0,0,0,0,0,0,0,0,0,0,0,0,0,0,0,0,0,0,0,0,0,0,0,0,0,0,0,0,0,0,0,0,0,0,0,0,0,0,0,0,0,0,0,0,0,0,0,0,0,0,0,0,0,0,0,0,0,0,0,0,0,0,0,0,0,0,0,0,0,0,0,0,0,0,0,0,0,0,0,0,0,0,0,0,0,0,0,0,0,0,0,0,0,0,0,0,0,0,0,0,0,0,0,0,0,0,0,0,0,0,0,0,0,0,0,0,0,0,0,0,0,0,0,0,0,0,0,0,0,0,0,0,0,0,0,0,0,0,0,0,0,0,0,0,0,0,0,0,0,0,0,0,0,0,0,0,0,0,0,0,0,0,0,0,0,0,0,0,0,0,0,0,0,0,0,0,0,0,0,0,0,0,0,0,0,0,0,0,0,0,0,0,0,0,0,0,0,0,0,0,0,0,0,0,0,0,0,0,0,0,0,0,0,0,0,0,0,0,0,0,0,0,0,0,0,0,0,0,0,0,0,0,0,0,0,0,0,0,0,0,0,0,0,0,0,0
"84",209.87645,209.993,210.042775,210.077725,210.2574,210.319225,210.404125,210.48365,210.51395,210.558575,211.136975,211.33845,211.45465,211.5259,211.6859,212.160575,212.6615,212.711,212.76,212.8322,212.8613,212.899075,213.0029,213.5419,215.665525,215.7336,215.769275,215.817775,216.0095,216.6295,217.02405,217.06195,217.139275,217.19875,217.28735,217.35765,217.385675,217.4586,217.4933,217.5317,217.5561,217.6905,217.7287,217.806025,217.86805,218.8037,218.846775,218.884525,218.952725,218.99135,219.024675,219.05045,219.0858,219.10215,219.152625,219.16395,219.1975,219.224625,219.243175,219.262375,219.2845,219.308325,219.336425,219.370825,219.399775,219.444025,219.536925,219.5832,219.65745,220.38155,220.43215,220.462225,220.515525,220.603975,220.639525,220.67265,220.704675,220.7383,220.754075,220.7751,220.856375,220.880975,220.89615,220.916275,220.9363,220.9654,220.984375,221.00405,221.023025,221.06115,221.0777,221.183975,221.205025,221.244325,221.2646,221.29355,221.34105,221.37685,221.4191,223.101275,223.224875,223.321525,223.34805,223.42405,223.4813,223.52125,223.58105,223.634475,223.6652,223.6886,223.7229,223.77095,223.801225,223.847875,223.9182,223.97855,224.063625,224.11175,224.22315,224.26615,224.3427,224.41195,224.4914,224.564425,224.76615,0,0,0,0,0,0,0,0,0,0,0,0,0,0,0,0,0,0,0,0,0,0,0,0,0,0,0,0,0,0,0,0,0,0,0,0,0,0,0,0,0,0,0,0,0,0,0,0,0,0,0,0,0,0,0,0,0,0,0,0,0,0,0,0,0,0,0,0,0,0,0,0,0,0,0,0,0,0,0,0,0,0,0,0,0,0,0,0,0,0,0,0,0,0,0,0,0,0,0,0,0,0,0,0,0,0,0,0,0,0,0,0,0,0,0,0,0,0,0,0,0,0,0,0,0,0,0,0,0,0,0,0,0,0,0,0,0,0,0,0,0,0,0,0,0,0,0,0,0,0,0,0,0,0,0,0,0,0,0,0,0,0,0,0,0,0,0,0,0,0,0,0,0,0,0,0,0,0,0,0,0,0,0,0,0,0,0,0,0,0,0,0,0,0,0,0,0,0,0,0,0,0,0,0,0,0,0,0,0,0,0,0,0,0,0,0,0,0,0,0,0,0,0,0,0,0,0,0,0,0,0,0,0,0,0,0,0,0,0,0,0,0,0,0,0,0,0,0,0,0,0,0,0,0,0,0,0,0,0,0,0,0,0,0,0,0,0,0,0,0,0,0,0,0
"85",210.9793,211.024225,211.8173,211.864175,211.903275,211.96635,212.034475,212.0696,212.174425,212.178025,212.53235,213.397575,213.4294,214.553425,214.819925,214.8295,216.072275,216.255375,216.42575,218.216375,0,0,0,0,0,0,0,0,0,0,0,0,0,0,0,0,0,0,0,0,0,0,0,0,0,0,0,0,0,0,0,0,0,0,0,0,0,0,0,0,0,0,0,0,0,0,0,0,0,0,0,0,0,0,0,0,0,0,0,0,0,0,0,0,0,0,0,0,0,0,0,0,0,0,0,0,0,0,0,0,0,0,0,0,0,0,0,0,0,0,0,0,0,0,0,0,0,0,0,0,0,0,0,0,0,0,0,0,0,0,0,0,0,0,0,0,0,0,0,0,0,0,0,0,0,0,0,0,0,0,0,0,0,0,0,0,0,0,0,0,0,0,0,0,0,0,0,0,0,0,0,0,0,0,0,0,0,0,0,0,0,0,0,0,0,0,0,0,0,0,0,0,0,0,0,0,0,0,0,0,0,0,0,0,0,0,0,0,0,0,0,0,0,0,0,0,0,0,0,0,0,0,0,0,0,0,0,0,0,0,0,0,0,0,0,0,0,0,0,0,0,0,0,0,0,0,0,0,0,0,0,0,0,0,0,0,0,0,0,0,0,0,0,0,0,0,0,0,0,0,0,0,0,0,0,0,0,0,0,0,0,0,0,0,0,0,0,0,0,0,0,0,0,0,0,0,0,0,0,0,0,0,0,0,0,0,0,0,0,0,0,0,0,0,0,0,0,0,0,0,0,0,0,0,0,0,0,0,0,0,0,0,0,0,0,0,0,0,0,0,0,0,0,0,0,0,0,0,0,0,0,0,0,0,0,0,0,0,0,0,0,0,0,0,0,0,0,0,0,0,0,0,0,0,0,0,0,0,0,0,0,0,0,0,0,0,0,0,0,0,0,0,0,0,0,0,0,0,0
"86",210.166925,210.27185,210.315425,210.399425,210.42725,212.3022,212.774125,212.77805,213.143225,213.826025,215.4465,215.714275,215.80375,217.428875,217.53035,220.766175,220.883,223.845075,0,0,0,0,0,0,0,0,0,0,0,0,0,0,0,0,0,0,0,0,0,0,0,0,0,0,0,0,0,0,0,0,0,0,0,0,0,0,0,0,0,0,0,0,0,0,0,0,0,0,0,0,0,0,0,0,0,0,0,0,0,0,0,0,0,0,0,0,0,0,0,0,0,0,0,0,0,0,0,0,0,0,0,0,0,0,0,0,0,0,0,0,0,0,0,0,0,0,0,0,0,0,0,0,0,0,0,0,0,0,0,0,0,0,0,0,0,0,0,0,0,0,0,0,0,0,0,0,0,0,0,0,0,0,0,0,0,0,0,0,0,0,0,0,0,0,0,0,0,0,0,0,0,0,0,0,0,0,0,0,0,0,0,0,0,0,0,0,0,0,0,0,0,0,0,0,0,0,0,0,0,0,0,0,0,0,0,0,0,0,0,0,0,0,0,0,0,0,0,0,0,0,0,0,0,0,0,0,0,0,0,0,0,0,0,0,0,0,0,0,0,0,0,0,0,0,0,0,0,0,0,0,0,0,0,0,0,0,0,0,0,0,0,0,0,0,0,0,0,0,0,0,0,0,0,0,0,0,0,0,0,0,0,0,0,0,0,0,0,0,0,0,0,0,0,0,0,0,0,0,0,0,0,0,0,0,0,0,0,0,0,0,0,0,0,0,0,0,0,0,0,0,0,0,0,0,0,0,0,0,0,0,0,0,0,0,0,0,0,0,0,0,0,0,0,0,0,0,0,0,0,0,0,0,0,0,0,0,0,0,0,0,0,0,0,0,0,0,0,0,0,0,0,0,0,0,0,0,0,0,0,0,0,0,0,0,0,0,0,0,0,0,0,0,0,0,0,0,0,0,0
"87",210.154875,210.59635,211.565775,212.90205,212.97645,215.754125,215.84855,215.92365,217.30005,217.51385,217.558475,217.633575,217.68645,217.78165,219.249675,219.30315,219.5399,0,0,0,0,0,0,0,0,0,0,0,0,0,0,0,0,0,0,0,0,0,0,0,0,0,0,0,0,0,0,0,0,0,0,0,0,0,0,0,0,0,0,0,0,0,0,0,0,0,0,0,0,0,0,0,0,0,0,0,0,0,0,0,0,0,0,0,0,0,0,0,0,0,0,0,0,0,0,0,0,0,0,0,0,0,0,0,0,0,0,0,0,0,0,0,0,0,0,0,0,0,0,0,0,0,0,0,0,0,0,0,0,0,0,0,0,0,0,0,0,0,0,0,0,0,0,0,0,0,0,0,0,0,0,0,0,0,0,0,0,0,0,0,0,0,0,0,0,0,0,0,0,0,0,0,0,0,0,0,0,0,0,0,0,0,0,0,0,0,0,0,0,0,0,0,0,0,0,0,0,0,0,0,0,0,0,0,0,0,0,0,0,0,0,0,0,0,0,0,0,0,0,0,0,0,0,0,0,0,0,0,0,0,0,0,0,0,0,0,0,0,0,0,0,0,0,0,0,0,0,0,0,0,0,0,0,0,0,0,0,0,0,0,0,0,0,0,0,0,0,0,0,0,0,0,0,0,0,0,0,0,0,0,0,0,0,0,0,0,0,0,0,0,0,0,0,0,0,0,0,0,0,0,0,0,0,0,0,0,0,0,0,0,0,0,0,0,0,0,0,0,0,0,0,0,0,0,0,0,0,0,0,0,0,0,0,0,0,0,0,0,0,0,0,0,0,0,0,0,0,0,0,0,0,0,0,0,0,0,0,0,0,0,0,0,0,0,0,0,0,0,0,0,0,0,0,0,0,0,0,0,0,0,0,0,0,0,0,0,0,0,0,0,0,0,0,0,0,0,0,0,0
"88",210.20165,210.25545,210.2753,210.5424,211.4061,211.510725,211.781125,211.94575,211.9777,212.270425,212.7969,212.8484,212.8936,213.380125,213.448525,213.454275,213.5544,213.593075,214.185375,216.024075,216.153025,216.280775,216.467675,216.5346,216.939275,217.4562,217.49555,217.76475,218.294825,218.3306,219.107425,219.13475,219.619125,223.039025,223.346775,223.57615,0,0,0,0,0,0,0,0,0,0,0,0,0,0,0,0,0,0,0,0,0,0,0,0,0,0,0,0,0,0,0,0,0,0,0,0,0,0,0,0,0,0,0,0,0,0,0,0,0,0,0,0,0,0,0,0,0,0,0,0,0,0,0,0,0,0,0,0,0,0,0,0,0,0,0,0,0,0,0,0,0,0,0,0,0,0,0,0,0,0,0,0,0,0,0,0,0,0,0,0,0,0,0,0,0,0,0,0,0,0,0,0,0,0,0,0,0,0,0,0,0,0,0,0,0,0,0,0,0,0,0,0,0,0,0,0,0,0,0,0,0,0,0,0,0,0,0,0,0,0,0,0,0,0,0,0,0,0,0,0,0,0,0,0,0,0,0,0,0,0,0,0,0,0,0,0,0,0,0,0,0,0,0,0,0,0,0,0,0,0,0,0,0,0,0,0,0,0,0,0,0,0,0,0,0,0,0,0,0,0,0,0,0,0,0,0,0,0,0,0,0,0,0,0,0,0,0,0,0,0,0,0,0,0,0,0,0,0,0,0,0,0,0,0,0,0,0,0,0,0,0,0,0,0,0,0,0,0,0,0,0,0,0,0,0,0,0,0,0,0,0,0,0,0,0,0,0,0,0,0,0,0,0,0,0,0,0,0,0,0,0,0,0,0,0,0,0,0,0,0,0,0,0,0,0,0,0,0,0,0,0,0,0,0,0,0,0,0,0,0,0,0,0,0,0,0,0,0,0,0,0,0,0,0,0,0,0,0,0,0,0,0,0,0,0,0,0,0,0,0,0,0,0,0,0,0,0,0,0,0,0,0,0
"89",210.015375,210.037725,210.059925,210.1092,210.15695,210.199775,210.264425,210.282025,210.459725,210.62725,210.684,211.349375,213.807575,214.2466,215.85585,215.9313,217.382775,217.4076,217.436575,217.464525,217.5406,217.635,217.736575,219.0819,219.11525,219.144475,219.16075,219.18015,219.2908,219.300925,219.3501,220.510375,220.600425,220.685375,220.796225,220.895125,223.148775,223.326075,223.493825,223.6567,223.783025,223.910675,224.0018,224.107175,224.177925,224.24985,224.366575,224.515425,224.595675,224.888875,225.2227,225.3065,225.758775,226.031275,226.366425,227.37395,227.463875,227.699525,0,0,0,0,0,0,0,0,0,0,0,0,0,0,0,0,0,0,0,0,0,0,0,0,0,0,0,0,0,0,0,0,0,0,0,0,0,0,0,0,0,0,0,0,0,0,0,0,0,0,0,0,0,0,0,0,0,0,0,0,0,0,0,0,0,0,0,0,0,0,0,0,0,0,0,0,0,0,0,0,0,0,0,0,0,0,0,0,0,0,0,0,0,0,0,0,0,0,0,0,0,0,0,0,0,0,0,0,0,0,0,0,0,0,0,0,0,0,0,0,0,0,0,0,0,0,0,0,0,0,0,0,0,0,0,0,0,0,0,0,0,0,0,0,0,0,0,0,0,0,0,0,0,0,0,0,0,0,0,0,0,0,0,0,0,0,0,0,0,0,0,0,0,0,0,0,0,0,0,0,0,0,0,0,0,0,0,0,0,0,0,0,0,0,0,0,0,0,0,0,0,0,0,0,0,0,0,0,0,0,0,0,0,0,0,0,0,0,0,0,0,0,0,0,0,0,0,0,0,0,0,0,0,0,0,0,0,0,0,0,0,0,0,0,0,0,0,0,0,0,0,0,0,0,0,0,0,0,0,0,0,0,0,0,0,0,0,0,0,0,0,0,0,0,0,0,0,0,0,0,0,0,0,0,0,0,0,0,0,0,0,0,0,0,0,0,0,0,0,0,0,0,0,0,0,0,0,0,0,0,0,0,0,0,0,0,0,0,0,0,0,0,0,0,0,0,0,0,0,0,0,0,0,0,0,0,0,0,0,0,0
"90",210.552625,211.283175,211.375225,211.490725,211.54685,211.8259,211.8674,211.91695,212.0242,212.226025,212.323625,212.436325,212.52655,212.56125,212.709425,212.813725,212.852675,212.916875,213.053625,213.4356,214.4708,215.84505,215.874675,215.99,216.041575,216.273125,216.337975,216.557925,217.6924,217.763975,218.28905,219.376825,219.476275,219.523075,219.59095,219.609125,219.651575,219.698925,220.361275,221.512775,221.5964,221.658075,221.729575,221.82,221.9348,222.08755,222.2437,222.3353,222.350425,0,0,0,0,0,0,0,0,0,0,0,0,0,0,0,0,0,0,0,0,0,0,0,0,0,0,0,0,0,0,0,0,0,0,0,0,0,0,0,0,0,0,0,0,0,0,0,0,0,0,0,0,0,0,0,0,0,0,0,0,0,0,0,0,0,0,0,0,0,0,0,0,0,0,0,0,0,0,0,0,0,0,0,0,0,0,0,0,0,0,0,0,0,0,0,0,0,0,0,0,0,0,0,0,0,0,0,0,0,0,0,0,0,0,0,0,0,0,0,0,0,0,0,0,0,0,0,0,0,0,0,0,0,0,0,0,0,0,0,0,0,0,0,0,0,0,0,0,0,0,0,0,0,0,0,0,0,0,0,0,0,0,0,0,0,0,0,0,0,0,0,0,0,0,0,0,0,0,0,0,0,0,0,0,0,0,0,0,0,0,0,0,0,0,0,0,0,0,0,0,0,0,0,0,0,0,0,0,0,0,0,0,0,0,0,0,0,0,0,0,0,0,0,0,0,0,0,0,0,0,0,0,0,0,0,0,0,0,0,0,0,0,0,0,0,0,0,0,0,0,0,0,0,0,0,0,0,0,0,0,0,0,0,0,0,0,0,0,0,0,0,0,0,0,0,0,0,0,0,0,0,0,0,0,0,0,0,0,0,0,0,0,0,0,0,0,0,0,0,0,0,0,0,0,0,0,0,0,0,0,0,0,0,0,0,0,0,0,0,0,0,0,0,0,0,0,0,0,0,0,0,0,0,0,0,0,0,0,0,0,0,0,0,0,0,0,0,0,0,0
"91",211.2684,211.44395,211.619625,212.2897,212.413925,212.5723,212.660125,212.7073,212.8011,212.84465,213.04735,213.214525,213.709975,213.946875,214.01565,214.171875,214.2212,214.346075,214.43395,214.988075,215.26875,215.372125,215.541375,215.62395,215.827925,216.054025,216.58985,216.762125,216.910825,217.273225,217.401875,217.828725,218.09105,218.5531,218.667775,218.761675,218.902875,218.9931,219.19905,219.429775,219.513075,219.68525,219.7279,219.813925,219.915875,220.015375,220.082225,220.1882,220.271675,220.3291,220.44485,220.8436,221.0741,221.36275,222.024225,222.575125,222.734725,222.891225,222.9735,223.054075,223.23305,223.432025,223.544475,223.63845,224.023225,224.328875,224.798975,226.00955,0,0,0,0,0,0,0,0,0,0,0,0,0,0,0,0,0,0,0,0,0,0,0,0,0,0,0,0,0,0,0,0,0,0,0,0,0,0,0,0,0,0,0,0,0,0,0,0,0,0,0,0,0,0,0,0,0,0,0,0,0,0,0,0,0,0,0,0,0,0,0,0,0,0,0,0,0,0,0,0,0,0,0,0,0,0,0,0,0,0,0,0,0,0,0,0,0,0,0,0,0,0,0,0,0,0,0,0,0,0,0,0,0,0,0,0,0,0,0,0,0,0,0,0,0,0,0,0,0,0,0,0,0,0,0,0,0,0,0,0,0,0,0,0,0,0,0,0,0,0,0,0,0,0,0,0,0,0,0,0,0,0,0,0,0,0,0,0,0,0,0,0,0,0,0,0,0,0,0,0,0,0,0,0,0,0,0,0,0,0,0,0,0,0,0,0,0,0,0,0,0,0,0,0,0,0,0,0,0,0,0,0,0,0,0,0,0,0,0,0,0,0,0,0,0,0,0,0,0,0,0,0,0,0,0,0,0,0,0,0,0,0,0,0,0,0,0,0,0,0,0,0,0,0,0,0,0,0,0,0,0,0,0,0,0,0,0,0,0,0,0,0,0,0,0,0,0,0,0,0,0,0,0,0,0,0,0,0,0,0,0,0,0,0,0,0,0,0,0,0,0,0,0,0,0,0,0,0,0,0,0,0,0,0,0,0,0,0,0,0,0,0,0,0,0,0,0,0,0,0,0
"92",211.88145,211.98785,212.076575,212.0774,213.38085,213.518375,214.5401,216.1848,216.3045,216.45525,216.572775,218.12565,218.1943,0,0,0,0,0,0,0,0,0,0,0,0,0,0,0,0,0,0,0,0,0,0,0,0,0,0,0,0,0,0,0,0,0,0,0,0,0,0,0,0,0,0,0,0,0,0,0,0,0,0,0,0,0,0,0,0,0,0,0,0,0,0,0,0,0,0,0,0,0,0,0,0,0,0,0,0,0,0,0,0,0,0,0,0,0,0,0,0,0,0,0,0,0,0,0,0,0,0,0,0,0,0,0,0,0,0,0,0,0,0,0,0,0,0,0,0,0,0,0,0,0,0,0,0,0,0,0,0,0,0,0,0,0,0,0,0,0,0,0,0,0,0,0,0,0,0,0,0,0,0,0,0,0,0,0,0,0,0,0,0,0,0,0,0,0,0,0,0,0,0,0,0,0,0,0,0,0,0,0,0,0,0,0,0,0,0,0,0,0,0,0,0,0,0,0,0,0,0,0,0,0,0,0,0,0,0,0,0,0,0,0,0,0,0,0,0,0,0,0,0,0,0,0,0,0,0,0,0,0,0,0,0,0,0,0,0,0,0,0,0,0,0,0,0,0,0,0,0,0,0,0,0,0,0,0,0,0,0,0,0,0,0,0,0,0,0,0,0,0,0,0,0,0,0,0,0,0,0,0,0,0,0,0,0,0,0,0,0,0,0,0,0,0,0,0,0,0,0,0,0,0,0,0,0,0,0,0,0,0,0,0,0,0,0,0,0,0,0,0,0,0,0,0,0,0,0,0,0,0,0,0,0,0,0,0,0,0,0,0,0,0,0,0,0,0,0,0,0,0,0,0,0,0,0,0,0,0,0,0,0,0,0,0,0,0,0,0,0,0,0,0,0,0,0,0,0,0,0,0,0,0,0,0,0,0,0
"93",210.06185,210.068925,210.1149,210.264375,210.574575,210.638325,210.694825,210.86245,210.932175,210.942675,210.9563,211.001325,211.012675,211.0626,211.3194,211.36015,211.550825,211.5717,211.581475,211.603825,211.654275,211.7843,211.9681,212.008025,212.0217,212.0498,212.07735,212.11905,212.152325,212.15965,212.17345,212.295225,212.325775,212.336,212.38,212.391775,212.5199,212.544975,212.564225,212.5942,212.7861,212.80245,212.9396,212.9458,212.9645,212.99,213.03065,213.042925,213.05055,213.081675,213.107525,213.143025,213.207525,213.235225,213.272025,213.283425,213.334625,213.343675,213.393625,213.408325,213.4192,213.4387,213.456,213.463275,213.466525,213.47405,213.47975,213.48765,213.523625,213.55965,213.5656,213.5895,213.660575,213.8098,213.941475,214.18445,214.227325,214.241625,214.29285,214.32285,214.33,214.33765,214.358,214.3714,214.395025,214.410925,214.427225,214.4407,214.483375,214.495325,214.506575,214.519075,214.550025,214.559175,214.5659,214.576875,214.58965,214.618425,214.63755,214.6634,214.670375,214.68155,214.69705,214.72855,214.768975,214.7977,214.835875,214.868,214.93975,214.94625,214.9695,215.011675,215.0639,215.145625,215.20765,215.26095,215.301875,215.309475,215.3181,215.343325,215.359425,215.37705,215.42915,215.463275,215.502375,215.52615,215.7596,215.789,215.89305,215.8966,215.910875,215.948025,215.9915,216.015825,216.045925,216.086375,216.107275,216.1148,216.158825,216.1778,216.1851,216.227725,216.2492,216.272675,216.297275,216.308275,216.332425,216.342625,216.358175,216.380575,216.39795,216.41405,216.4381,216.4463,216.466425,216.50885,216.533425,216.54705,216.556525,216.60945,216.6328,216.733825,217.561725,217.643425,217.738575,217.79,217.935825,217.978975,218.007125,218.03485,218.0524,218.066075,218.086275,218.1052,218.1363,218.1472,218.170775,218.195925,218.205175,218.2354,218.269175,218.288075,219.192775,219.224625,219.958,220.021325,220.085775,220.11435,220.1376,220.16025,220.1916,220.270375,220.754025,220.79635,220.9408,221.533625,221.65135,221.661425,221.672875,221.717125,221.749025,221.76455,221.776225,221.787475,221.81125,221.821475,221.8341,221.86555,221.901225,221.9119,221.93545,221.943375,221.95515,221.9651,221.996475,222.010075,222.020475,222.062425,222.07885,222.088125,222.09685,222.1451,222.19815,222.20715,222.2321,222.254875,222.294275,222.317075,222.3344,222.354025,222.36455,222.430225,222.5238,222.5354,222.583525,222.653975,222.666725,225.320175,225.3359,225.40245,225.552725,225.572025,225.58335,225.5974,225.60615,225.622025,225.634525,225.66915,225.7189,225.734325,225.74815,225.756325,225.7728,225.8063,225.81715,225.829525,225.897975,225.9381,225.94955,225.968225,225.987575,226.036425,226.062975,226.216225,226.22645,226.236325,226.27905,226.290575,226.316025,226.3714,226.40585,226.42895,226.48775,0,0,0,0,0,0,0,0,0,0,0,0,0,0,0,0,0,0,0,0,0,0,0,0,0,0,0,0,0,0,0,0,0,0,0,0,0,0,0,0,0,0,0,0,0,0,0,0,0,0,0,0,0,0,0,0,0,0,0,0,0,0,0,0,0,0,0,0,0,0,0,0,0,0,0,0,0,0,0,0,0,0,0,0,0,0,0,0,0,0,0,0,0,0,0,0,0,0,0,0,0,0,0,0,0,0,0,0,0,0,0,0,0,0,0,0,0,0,0,0,0,0,0,0,0,0
"94",209.548125,209.6019,209.672325,209.8243,209.9619,210.0313,210.101325,210.124925,210.519,210.530975,210.929975,211.014825,211.0804,211.11475,211.15735,211.198175,211.26855,211.44585,211.530425,211.704625,211.745325,211.793525,211.8624,211.899275,211.932625,211.9714,212.01105,212.080525,212.1047,212.134225,212.17445,212.189675,212.227075,212.25885,212.29145,212.323525,212.37545,212.40705,212.423325,212.44685,212.46645,212.485625,212.49845,212.517775,212.543975,212.5763,212.5922,212.6097,212.619525,212.6318,212.64635,212.660825,212.677775,212.6849,212.70375,212.720775,212.730625,212.739825,212.75555,212.77435,212.783975,212.81275,212.82595,212.8488,212.864,212.890225,212.938325,212.967225,213.021275,213.08795,213.157025,213.187625,213.21695,213.2449,213.27895,213.35395,213.407475,213.4784,213.534825,213.579825,213.635825,213.6806,213.700825,213.727175,213.74915,213.814775,213.840025,213.861725,213.8839,213.90155,213.915525,213.9322,213.9514,213.976725,213.98915,214.04725,214.071475,214.08725,214.1013,214.112575,214.1276,214.142925,214.165775,214.177675,214.202775,214.217875,214.237875,214.343375,214.407225,214.454725,214.53245,214.591075,214.6753,214.70685,214.723825,214.760775,214.782825,214.8208,214.853625,214.8973,214.914125,214.938775,214.969875,214.994,215.00885,215.0335,215.0624,215.0869,215.107025,215.126225,215.150025,215.16965,215.18745,215.2096,215.252075,215.263575,215.297075,215.3219,215.373875,215.405225,215.443175,215.4885,215.509,215.54455,215.55735,215.5805,215.599975,215.6181,215.63505,215.65,215.6746,215.687725,215.712675,215.7323,215.749125,215.77355,215.799125,215.837225,215.992275,216.0576,216.142325,216.211975,216.2543,216.305725,216.328975,216.3747,216.475,216.503575,216.528075,216.568025,216.599675,216.6633,216.680125,216.7036,216.716675,216.7322,216.74675,216.760475,216.776075,216.7939,216.80455,216.817575,216.829975,216.844375,216.8632,216.8747,216.88605,216.907025,216.9178,216.928375,216.9474,216.9636,216.9803,216.995775,217.0247,217.039125,217.0541,217.0728,217.08555,217.100475,217.11285,217.126275,217.141925,217.153825,217.1858,217.2041,217.218975,217.2294,217.247075,217.26635,217.2858,217.3042,217.3359,217.347875,217.361325,217.387625,217.40945,217.4471,217.46815,217.5154,217.556175,217.592375,217.71595,217.962675,218.08575,218.1169,218.220325,218.3133,218.332625,218.403975,218.448425,218.490225,218.515925,218.53655,218.55905,218.569325,218.598125,218.6167,218.625525,218.639225,218.6615,218.6767,218.684925,218.704975,218.717325,218.73165,218.7715,218.796675,218.811975,218.8286,218.84745,218.870075,218.887,218.893925,218.913725,218.924575,218.941125,218.96045,218.9722,218.987325,218.995325,219.01195,219.033475,219.054125,219.070225,219.09885,219.117925,219.14125,219.15935,219.17875,219.222475,219.2503,219.306925,219.364875,219.459125,219.61805,219.7533,219.85865,219.933,220.0133,220.053375,220.117875,220.14075,220.194125,220.213175,220.25705,220.29755,220.3208,220.3748,220.40995,220.4468,220.48965,220.551075,220.5965,220.63275,220.68245,220.7314,220.764,220.82135,220.9135,220.996125,221.0644,221.112075,221.172825,221.269025,221.393725,221.4703,221.90515,222.044875,222.172775,222.4598,222.52705,222.57185,222.604225,222.637025,222.6762,222.738575,222.7703,222.806925,222.8251,222.87455,222.9078,222.931,222.965775,222.990675,223.033775,223.0653,223.098475,223.140525,223.163475,223.2182,223.2666,223.30785,223.36235,223.5214,223.59025,223.683125,223.770325,223.826425,224.095375,224.22945,224.5746,226.0679,226.21545,226.397325,226.992575,232.843,233.45985,233.796875,235.48915,0,0,0,0,0,0,0,0,0,0,0,0,0,0,0,0,0,0,0,0,0,0,0,0,0,0,0,0,0,0,0,0,0,0,0,0,0,0,0,0,0,0,0,0,0,0,0,0,0
"95",210.536525,211.357625,216.066425,0,0,0,0,0,0,0,0,0,0,0,0,0,0,0,0,0,0,0,0,0,0,0,0,0,0,0,0,0,0,0,0,0,0,0,0,0,0,0,0,0,0,0,0,0,0,0,0,0,0,0,0,0,0,0,0,0,0,0,0,0,0,0,0,0,0,0,0,0,0,0,0,0,0,0,0,0,0,0,0,0,0,0,0,0,0,0,0,0,0,0,0,0,0,0,0,0,0,0,0,0,0,0,0,0,0,0,0,0,0,0,0,0,0,0,0,0,0,0,0,0,0,0,0,0,0,0,0,0,0,0,0,0,0,0,0,0,0,0,0,0,0,0,0,0,0,0,0,0,0,0,0,0,0,0,0,0,0,0,0,0,0,0,0,0,0,0,0,0,0,0,0,0,0,0,0,0,0,0,0,0,0,0,0,0,0,0,0,0,0,0,0,0,0,0,0,0,0,0,0,0,0,0,0,0,0,0,0,0,0,0,0,0,0,0,0,0,0,0,0,0,0,0,0,0,0,0,0,0,0,0,0,0,0,0,0,0,0,0,0,0,0,0,0,0,0,0,0,0,0,0,0,0,0,0,0,0,0,0,0,0,0,0,0,0,0,0,0,0,0,0,0,0,0,0,0,0,0,0,0,0,0,0,0,0,0,0,0,0,0,0,0,0,0,0,0,0,0,0,0,0,0,0,0,0,0,0,0,0,0,0,0,0,0,0,0,0,0,0,0,0,0,0,0,0,0,0,0,0,0,0,0,0,0,0,0,0,0,0,0,0,0,0,0,0,0,0,0,0,0,0,0,0,0,0,0,0,0,0,0,0,0,0,0,0,0,0,0,0,0,0,0,0,0,0,0,0,0,0,0,0,0,0,0,0,0,0,0,0,0,0,0,0,0,0,0
"96",200.9755,203.20475,203.465425,203.791925,204.471675,205.958275,206.513925,207.14735,209.739425,209.8976,210.0436,210.257575,210.31265,210.91725,211.747975,212.89705,214.1743,214.68295,217.63775,220.46755,221.209525,221.546525,221.701325,221.9994,222.6708,222.7627,223.13195,223.650175,224.504775,225.414525,228.29245,229.8018,234.3257,235.4828,236.062875,237.844675,0,0,0,0,0,0,0,0,0,0,0,0,0,0,0,0,0,0,0,0,0,0,0,0,0,0,0,0,0,0,0,0,0,0,0,0,0,0,0,0,0,0,0,0,0,0,0,0,0,0,0,0,0,0,0,0,0,0,0,0,0,0,0,0,0,0,0,0,0,0,0,0,0,0,0,0,0,0,0,0,0,0,0,0,0,0,0,0,0,0,0,0,0,0,0,0,0,0,0,0,0,0,0,0,0,0,0,0,0,0,0,0,0,0,0,0,0,0,0,0,0,0,0,0,0,0,0,0,0,0,0,0,0,0,0,0,0,0,0,0,0,0,0,0,0,0,0,0,0,0,0,0,0,0,0,0,0,0,0,0,0,0,0,0,0,0,0,0,0,0,0,0,0,0,0,0,0,0,0,0,0,0,0,0,0,0,0,0,0,0,0,0,0,0,0,0,0,0,0,0,0,0,0,0,0,0,0,0,0,0,0,0,0,0,0,0,0,0,0,0,0,0,0,0,0,0,0,0,0,0,0,0,0,0,0,0,0,0,0,0,0,0,0,0,0,0,0,0,0,0,0,0,0,0,0,0,0,0,0,0,0,0,0,0,0,0,0,0,0,0,0,0,0,0,0,0,0,0,0,0,0,0,0,0,0,0,0,0,0,0,0,0,0,0,0,0,0,0,0,0,0,0,0,0,0,0,0,0,0,0,0,0,0,0,0,0,0,0,0,0,0,0,0,0,0,0,0,0,0,0,0,0,0,0,0,0,0,0,0,0,0,0,0,0,0,0,0,0,0,0,0,0,0,0,0,0,0,0,0,0,0,0,0
"97",211.974125,212.14995,213.25765,214.998975,216.67185,218.61965,0,0,0,0,0,0,0,0,0,0,0,0,0,0,0,0,0,0,0,0,0,0,0,0,0,0,0,0,0,0,0,0,0,0,0,0,0,0,0,0,0,0,0,0,0,0,0,0,0,0,0,0,0,0,0,0,0,0,0,0,0,0,0,0,0,0,0,0,0,0,0,0,0,0,0,0,0,0,0,0,0,0,0,0,0,0,0,0,0,0,0,0,0,0,0,0,0,0,0,0,0,0,0,0,0,0,0,0,0,0,0,0,0,0,0,0,0,0,0,0,0,0,0,0,0,0,0,0,0,0,0,0,0,0,0,0,0,0,0,0,0,0,0,0,0,0,0,0,0,0,0,0,0,0,0,0,0,0,0,0,0,0,0,0,0,0,0,0,0,0,0,0,0,0,0,0,0,0,0,0,0,0,0,0,0,0,0,0,0,0,0,0,0,0,0,0,0,0,0,0,0,0,0,0,0,0,0,0,0,0,0,0,0,0,0,0,0,0,0,0,0,0,0,0,0,0,0,0,0,0,0,0,0,0,0,0,0,0,0,0,0,0,0,0,0,0,0,0,0,0,0,0,0,0,0,0,0,0,0,0,0,0,0,0,0,0,0,0,0,0,0,0,0,0,0,0,0,0,0,0,0,0,0,0,0,0,0,0,0,0,0,0,0,0,0,0,0,0,0,0,0,0,0,0,0,0,0,0,0,0,0,0,0,0,0,0,0,0,0,0,0,0,0,0,0,0,0,0,0,0,0,0,0,0,0,0,0,0,0,0,0,0,0,0,0,0,0,0,0,0,0,0,0,0,0,0,0,0,0,0,0,0,0,0,0,0,0,0,0,0,0,0,0,0,0,0,0,0,0,0,0,0,0,0,0,0,0,0,0,0,0,0,0
"98",211.2905,211.488875,217.231175,217.6837,219.20025,220.92645,221.105325,223.428275,223.9776,0,0,0,0,0,0,0,0,0,0,0,0,0,0,0,0,0,0,0,0,0,0,0,0,0,0,0,0,0,0,0,0,0,0,0,0,0,0,0,0,0,0,0,0,0,0,0,0,0,0,0,0,0,0,0,0,0,0,0,0,0,0,0,0,0,0,0,0,0,0,0,0,0,0,0,0,0,0,0,0,0,0,0,0,0,0,0,0,0,0,0,0,0,0,0,0,0,0,0,0,0,0,0,0,0,0,0,0,0,0,0,0,0,0,0,0,0,0,0,0,0,0,0,0,0,0,0,0,0,0,0,0,0,0,0,0,0,0,0,0,0,0,0,0,0,0,0,0,0,0,0,0,0,0,0,0,0,0,0,0,0,0,0,0,0,0,0,0,0,0,0,0,0,0,0,0,0,0,0,0,0,0,0,0,0,0,0,0,0,0,0,0,0,0,0,0,0,0,0,0,0,0,0,0,0,0,0,0,0,0,0,0,0,0,0,0,0,0,0,0,0,0,0,0,0,0,0,0,0,0,0,0,0,0,0,0,0,0,0,0,0,0,0,0,0,0,0,0,0,0,0,0,0,0,0,0,0,0,0,0,0,0,0,0,0,0,0,0,0,0,0,0,0,0,0,0,0,0,0,0,0,0,0,0,0,0,0,0,0,0,0,0,0,0,0,0,0,0,0,0,0,0,0,0,0,0,0,0,0,0,0,0,0,0,0,0,0,0,0,0,0,0,0,0,0,0,0,0,0,0,0,0,0,0,0,0,0,0,0,0,0,0,0,0,0,0,0,0,0,0,0,0,0,0,0,0,0,0,0,0,0,0,0,0,0,0,0,0,0,0,0,0,0,0,0,0,0,0,0,0,0,0,0,0,0,0,0,0,0,0
"99",210.24415,210.366525,211.915625,212.017075,212.164075,215.138,0,0,0,0,0,0,0,0,0,0,0,0,0,0,0,0,0,0,0,0,0,0,0,0,0,0,0,0,0,0,0,0,0,0,0,0,0,0,0,0,0,0,0,0,0,0,0,0,0,0,0,0,0,0,0,0,0,0,0,0,0,0,0,0,0,0,0,0,0,0,0,0,0,0,0,0,0,0,0,0,0,0,0,0,0,0,0,0,0,0,0,0,0,0,0,0,0,0,0,0,0,0,0,0,0,0,0,0,0,0,0,0,0,0,0,0,0,0,0,0,0,0,0,0,0,0,0,0,0,0,0,0,0,0,0,0,0,0,0,0,0,0,0,0,0,0,0,0,0,0,0,0,0,0,0,0,0,0,0,0,0,0,0,0,0,0,0,0,0,0,0,0,0,0,0,0,0,0,0,0,0,0,0,0,0,0,0,0,0,0,0,0,0,0,0,0,0,0,0,0,0,0,0,0,0,0,0,0,0,0,0,0,0,0,0,0,0,0,0,0,0,0,0,0,0,0,0,0,0,0,0,0,0,0,0,0,0,0,0,0,0,0,0,0,0,0,0,0,0,0,0,0,0,0,0,0,0,0,0,0,0,0,0,0,0,0,0,0,0,0,0,0,0,0,0,0,0,0,0,0,0,0,0,0,0,0,0,0,0,0,0,0,0,0,0,0,0,0,0,0,0,0,0,0,0,0,0,0,0,0,0,0,0,0,0,0,0,0,0,0,0,0,0,0,0,0,0,0,0,0,0,0,0,0,0,0,0,0,0,0,0,0,0,0,0,0,0,0,0,0,0,0,0,0,0,0,0,0,0,0,0,0,0,0,0,0,0,0,0,0,0,0,0,0,0,0,0,0,0,0,0,0,0,0,0,0,0,0,0,0,0,0,0
"100",210.080775,211.3705,211.408925,211.50965,211.621675,212.102275,212.419,212.60325,212.716475,212.80095,212.924075,212.97645,213.517675,213.644675,214.8884,215.6481,215.7256,215.88505,216.368825,216.47665,216.607525,217.001375,217.14355,217.193925,217.24085,217.280775,217.324475,217.380325,217.45365,217.4971,217.560175,217.6143,218.912025,218.955875,219.0135,219.0489,219.0887,219.135,219.167175,219.2111,219.267675,219.31395,219.3483,219.424725,219.513,219.64765,219.822775,219.96715,220.0424,220.144475,220.26015,220.379675,220.45755,220.610275,220.7113,220.75875,220.7952,220.8224,220.90845,220.9709,221.024575,221.068475,221.134425,221.197825,221.232575,221.29605,221.37115,221.448325,223.2503,223.380725,223.458975,223.5379,223.6073,223.685325,223.763925,223.85235,223.93485,224.119,224.3702,224.550775,224.657775,227.2355,0,0,0,0,0,0,0,0,0,0,0,0,0,0,0,0,0,0,0,0,0,0,0,0,0,0,0,0,0,0,0,0,0,0,0,0,0,0,0,0,0,0,0,0,0,0,0,0,0,0,0,0,0,0,0,0,0,0,0,0,0,0,0,0,0,0,0,0,0,0,0,0,0,0,0,0,0,0,0,0,0,0,0,0,0,0,0,0,0,0,0,0,0,0,0,0,0,0,0,0,0,0,0,0,0,0,0,0,0,0,0,0,0,0,0,0,0,0,0,0,0,0,0,0,0,0,0,0,0,0,0,0,0,0,0,0,0,0,0,0,0,0,0,0,0,0,0,0,0,0,0,0,0,0,0,0,0,0,0,0,0,0,0,0,0,0,0,0,0,0,0,0,0,0,0,0,0,0,0,0,0,0,0,0,0,0,0,0,0,0,0,0,0,0,0,0,0,0,0,0,0,0,0,0,0,0,0,0,0,0,0,0,0,0,0,0,0,0,0,0,0,0,0,0,0,0,0,0,0,0,0,0,0,0,0,0,0,0,0,0,0,0,0,0,0,0,0,0,0,0,0,0,0,0,0,0,0,0,0,0,0,0,0,0,0,0,0,0,0,0,0,0,0,0,0,0,0,0,0,0,0,0,0,0,0,0,0,0,0,0,0,0,0,0,0,0,0,0,0,0,0,0,0,0,0,0,0,0,0,0,0,0,0,0,0,0,0
"101",209.6091,209.829475,209.879225,209.9653,210.012025,210.08215,210.131425,210.1507,210.1953,210.232125,210.250125,210.324825,210.34305,210.402225,210.433575,210.44735,210.46105,210.506475,210.63515,210.673975,210.6928,210.713975,210.783575,211.2926,211.3415,211.4943,211.5147,211.663375,212.8456,212.963375,212.98025,214.471,216.0222,216.099825,219.4365,220.5417,0,0,0,0,0,0,0,0,0,0,0,0,0,0,0,0,0,0,0,0,0,0,0,0,0,0,0,0,0,0,0,0,0,0,0,0,0,0,0,0,0,0,0,0,0,0,0,0,0,0,0,0,0,0,0,0,0,0,0,0,0,0,0,0,0,0,0,0,0,0,0,0,0,0,0,0,0,0,0,0,0,0,0,0,0,0,0,0,0,0,0,0,0,0,0,0,0,0,0,0,0,0,0,0,0,0,0,0,0,0,0,0,0,0,0,0,0,0,0,0,0,0,0,0,0,0,0,0,0,0,0,0,0,0,0,0,0,0,0,0,0,0,0,0,0,0,0,0,0,0,0,0,0,0,0,0,0,0,0,0,0,0,0,0,0,0,0,0,0,0,0,0,0,0,0,0,0,0,0,0,0,0,0,0,0,0,0,0,0,0,0,0,0,0,0,0,0,0,0,0,0,0,0,0,0,0,0,0,0,0,0,0,0,0,0,0,0,0,0,0,0,0,0,0,0,0,0,0,0,0,0,0,0,0,0,0,0,0,0,0,0,0,0,0,0,0,0,0,0,0,0,0,0,0,0,0,0,0,0,0,0,0,0,0,0,0,0,0,0,0,0,0,0,0,0,0,0,0,0,0,0,0,0,0,0,0,0,0,0,0,0,0,0,0,0,0,0,0,0,0,0,0,0,0,0,0,0,0,0,0,0,0,0,0,0,0,0,0,0,0,0,0,0,0,0,0,0,0,0,0,0,0,0,0,0,0,0,0,0,0,0,0,0,0,0,0,0,0,0,0,0,0,0,0,0,0,0,0,0,0,0,0,0
"102",210.133975,210.1749,210.23705,210.283225,210.408525,210.496325,210.527925,210.554725,210.5685,211.5071,211.526175,211.548825,212.833425,212.86795,212.894975,212.921475,219.372325,0,0,0,0,0,0,0,0,0,0,0,0,0,0,0,0,0,0,0,0,0,0,0,0,0,0,0,0,0,0,0,0,0,0,0,0,0,0,0,0,0,0,0,0,0,0,0,0,0,0,0,0,0,0,0,0,0,0,0,0,0,0,0,0,0,0,0,0,0,0,0,0,0,0,0,0,0,0,0,0,0,0,0,0,0,0,0,0,0,0,0,0,0,0,0,0,0,0,0,0,0,0,0,0,0,0,0,0,0,0,0,0,0,0,0,0,0,0,0,0,0,0,0,0,0,0,0,0,0,0,0,0,0,0,0,0,0,0,0,0,0,0,0,0,0,0,0,0,0,0,0,0,0,0,0,0,0,0,0,0,0,0,0,0,0,0,0,0,0,0,0,0,0,0,0,0,0,0,0,0,0,0,0,0,0,0,0,0,0,0,0,0,0,0,0,0,0,0,0,0,0,0,0,0,0,0,0,0,0,0,0,0,0,0,0,0,0,0,0,0,0,0,0,0,0,0,0,0,0,0,0,0,0,0,0,0,0,0,0,0,0,0,0,0,0,0,0,0,0,0,0,0,0,0,0,0,0,0,0,0,0,0,0,0,0,0,0,0,0,0,0,0,0,0,0,0,0,0,0,0,0,0,0,0,0,0,0,0,0,0,0,0,0,0,0,0,0,0,0,0,0,0,0,0,0,0,0,0,0,0,0,0,0,0,0,0,0,0,0,0,0,0,0,0,0,0,0,0,0,0,0,0,0,0,0,0,0,0,0,0,0,0,0,0,0,0,0,0,0,0,0,0,0,0,0,0,0,0,0,0,0,0,0,0,0,0,0,0,0,0,0,0,0,0,0,0,0,0,0,0,0,0
"103",204.28845,210.60485,211.5287,212.004275,212.559425,213.15555,213.25865,213.3864,213.416925,213.51175,214.778525,214.933825,215.1046,216.32075,216.43415,216.636275,216.6445,217.0353,217.292975,218.015,218.059425,218.108825,218.197875,218.228825,218.24155,219.083225,220.763325,0,0,0,0,0,0,0,0,0,0,0,0,0,0,0,0,0,0,0,0,0,0,0,0,0,0,0,0,0,0,0,0,0,0,0,0,0,0,0,0,0,0,0,0,0,0,0,0,0,0,0,0,0,0,0,0,0,0,0,0,0,0,0,0,0,0,0,0,0,0,0,0,0,0,0,0,0,0,0,0,0,0,0,0,0,0,0,0,0,0,0,0,0,0,0,0,0,0,0,0,0,0,0,0,0,0,0,0,0,0,0,0,0,0,0,0,0,0,0,0,0,0,0,0,0,0,0,0,0,0,0,0,0,0,0,0,0,0,0,0,0,0,0,0,0,0,0,0,0,0,0,0,0,0,0,0,0,0,0,0,0,0,0,0,0,0,0,0,0,0,0,0,0,0,0,0,0,0,0,0,0,0,0,0,0,0,0,0,0,0,0,0,0,0,0,0,0,0,0,0,0,0,0,0,0,0,0,0,0,0,0,0,0,0,0,0,0,0,0,0,0,0,0,0,0,0,0,0,0,0,0,0,0,0,0,0,0,0,0,0,0,0,0,0,0,0,0,0,0,0,0,0,0,0,0,0,0,0,0,0,0,0,0,0,0,0,0,0,0,0,0,0,0,0,0,0,0,0,0,0,0,0,0,0,0,0,0,0,0,0,0,0,0,0,0,0,0,0,0,0,0,0,0,0,0,0,0,0,0,0,0,0,0,0,0,0,0,0,0,0,0,0,0,0,0,0,0,0,0,0,0,0,0,0,0,0,0,0,0,0,0,0,0,0,0,0,0,0,0,0,0,0,0,0,0,0,0,0,0,0,0,0,0,0,0,0,0,0,0,0,0,0
"104",200.896975,201.65925,201.903,203.528725,204.4486,205.3166,207.68015,208.0276,209.77625,210.64455,210.74525,210.7944,210.8511,210.8909,210.9758,211.115875,211.1633,211.251225,211.317525,211.53345,211.542875,211.560325,211.652125,211.7431,211.84805,211.909725,212.078675,212.4484,212.79765,213.223775,213.32085,213.4335,213.519775,213.57535,213.895175,213.924425,214.0377,214.481175,214.51095,214.878775,214.92525,214.996075,215.22615,215.405825,215.912025,216.0172,216.039075,216.0881,216.2707,216.2986,216.53525,216.683075,216.788525,217.502375,217.769125,217.811975,218.2152,218.4333,218.6676,218.68455,218.88515,219.045775,219.188425,219.23725,219.534525,219.564025,220.37295,220.856975,221.4389,221.82665,222.325625,224.68675,227.43755,227.980875,228.52325,238.108,0,0,0,0,0,0,0,0,0,0,0,0,0,0,0,0,0,0,0,0,0,0,0,0,0,0,0,0,0,0,0,0,0,0,0,0,0,0,0,0,0,0,0,0,0,0,0,0,0,0,0,0,0,0,0,0,0,0,0,0,0,0,0,0,0,0,0,0,0,0,0,0,0,0,0,0,0,0,0,0,0,0,0,0,0,0,0,0,0,0,0,0,0,0,0,0,0,0,0,0,0,0,0,0,0,0,0,0,0,0,0,0,0,0,0,0,0,0,0,0,0,0,0,0,0,0,0,0,0,0,0,0,0,0,0,0,0,0,0,0,0,0,0,0,0,0,0,0,0,0,0,0,0,0,0,0,0,0,0,0,0,0,0,0,0,0,0,0,0,0,0,0,0,0,0,0,0,0,0,0,0,0,0,0,0,0,0,0,0,0,0,0,0,0,0,0,0,0,0,0,0,0,0,0,0,0,0,0,0,0,0,0,0,0,0,0,0,0,0,0,0,0,0,0,0,0,0,0,0,0,0,0,0,0,0,0,0,0,0,0,0,0,0,0,0,0,0,0,0,0,0,0,0,0,0,0,0,0,0,0,0,0,0,0,0,0,0,0,0,0,0,0,0,0,0,0,0,0,0,0,0,0,0,0,0,0,0,0,0,0,0,0,0,0,0,0,0,0,0,0,0,0,0,0,0,0,0,0,0,0,0,0,0,0,0,0,0,0,0,0,0,0,0
"105",214.3527,216.166525,0,0,0,0,0,0,0,0,0,0,0,0,0,0,0,0,0,0,0,0,0,0,0,0,0,0,0,0,0,0,0,0,0,0,0,0,0,0,0,0,0,0,0,0,0,0,0,0,0,0,0,0,0,0,0,0,0,0,0,0,0,0,0,0,0,0,0,0,0,0,0,0,0,0,0,0,0,0,0,0,0,0,0,0,0,0,0,0,0,0,0,0,0,0,0,0,0,0,0,0,0,0,0,0,0,0,0,0,0,0,0,0,0,0,0,0,0,0,0,0,0,0,0,0,0,0,0,0,0,0,0,0,0,0,0,0,0,0,0,0,0,0,0,0,0,0,0,0,0,0,0,0,0,0,0,0,0,0,0,0,0,0,0,0,0,0,0,0,0,0,0,0,0,0,0,0,0,0,0,0,0,0,0,0,0,0,0,0,0,0,0,0,0,0,0,0,0,0,0,0,0,0,0,0,0,0,0,0,0,0,0,0,0,0,0,0,0,0,0,0,0,0,0,0,0,0,0,0,0,0,0,0,0,0,0,0,0,0,0,0,0,0,0,0,0,0,0,0,0,0,0,0,0,0,0,0,0,0,0,0,0,0,0,0,0,0,0,0,0,0,0,0,0,0,0,0,0,0,0,0,0,0,0,0,0,0,0,0,0,0,0,0,0,0,0,0,0,0,0,0,0,0,0,0,0,0,0,0,0,0,0,0,0,0,0,0,0,0,0,0,0,0,0,0,0,0,0,0,0,0,0,0,0,0,0,0,0,0,0,0,0,0,0,0,0,0,0,0,0,0,0,0,0,0,0,0,0,0,0,0,0,0,0,0,0,0,0,0,0,0,0,0,0,0,0,0,0,0,0,0,0,0,0,0,0,0,0,0,0,0,0,0,0,0,0,0,0
"106",210.01445,211.1591,211.259825,211.305825,211.976225,212.211475,212.517375,212.767675,213.18825,213.321425,213.767625,214.811575,215.092775,215.13415,215.269375,215.59755,215.6833,216.263975,216.310125,217.210225,217.38475,218.242225,218.29815,218.398425,218.88065,219.006925,219.0492,219.32185,220.375975,220.918675,220.99735,223.175225,223.327925,0,0,0,0,0,0,0,0,0,0,0,0,0,0,0,0,0,0,0,0,0,0,0,0,0,0,0,0,0,0,0,0,0,0,0,0,0,0,0,0,0,0,0,0,0,0,0,0,0,0,0,0,0,0,0,0,0,0,0,0,0,0,0,0,0,0,0,0,0,0,0,0,0,0,0,0,0,0,0,0,0,0,0,0,0,0,0,0,0,0,0,0,0,0,0,0,0,0,0,0,0,0,0,0,0,0,0,0,0,0,0,0,0,0,0,0,0,0,0,0,0,0,0,0,0,0,0,0,0,0,0,0,0,0,0,0,0,0,0,0,0,0,0,0,0,0,0,0,0,0,0,0,0,0,0,0,0,0,0,0,0,0,0,0,0,0,0,0,0,0,0,0,0,0,0,0,0,0,0,0,0,0,0,0,0,0,0,0,0,0,0,0,0,0,0,0,0,0,0,0,0,0,0,0,0,0,0,0,0,0,0,0,0,0,0,0,0,0,0,0,0,0,0,0,0,0,0,0,0,0,0,0,0,0,0,0,0,0,0,0,0,0,0,0,0,0,0,0,0,0,0,0,0,0,0,0,0,0,0,0,0,0,0,0,0,0,0,0,0,0,0,0,0,0,0,0,0,0,0,0,0,0,0,0,0,0,0,0,0,0,0,0,0,0,0,0,0,0,0,0,0,0,0,0,0,0,0,0,0,0,0,0,0,0,0,0,0,0,0,0,0,0,0,0,0,0,0,0,0,0,0,0,0,0,0,0,0,0,0,0,0,0,0,0,0,0,0,0,0,0,0,0,0,0,0,0,0,0,0,0,0,0,0,0,0,0
"107",209.7706,209.85915,210.08105,210.10335,210.228375,210.245725,210.427075,210.5036,210.67405,210.681325,211.112925,211.178425,211.32095,211.416525,211.497825,211.5818,211.58715,212.12105,212.18925,212.276275,212.3231,212.365025,212.474875,212.55455,212.620775,212.7435,212.801475,212.957975,213.24615,213.553225,213.57625,213.762425,213.926425,213.937325,213.9782,214.0337,214.04965,214.14425,214.1987,214.287475,214.46265,214.570675,214.600325,214.6088,214.77905,214.786175,214.8461,214.8929,214.982,215.176225,215.30675,215.400325,215.402,215.4365,215.569925,215.73775,215.753875,215.7738,215.82225,215.880125,215.911175,215.9374,215.977225,216.018925,216.039275,216.211875,216.327575,216.381,216.43315,216.50035,216.619,216.78875,216.83695,217.10375,217.264675,217.27705,217.35425,217.44345,217.44475,217.596925,218.0228,218.04365,218.23715,218.278,218.43515,218.455175,218.4949,218.65745,218.86645,219.06935,219.116875,219.35015,219.36195,219.4827,219.7083,220.23275,220.568675,220.634025,220.717825,220.7656,220.83315,220.882575,221.087275,221.242875,221.418425,221.502725,222.34735,223.21575,223.292075,223.942575,224.485,231.0435,0,0,0,0,0,0,0,0,0,0,0,0,0,0,0,0,0,0,0,0,0,0,0,0,0,0,0,0,0,0,0,0,0,0,0,0,0,0,0,0,0,0,0,0,0,0,0,0,0,0,0,0,0,0,0,0,0,0,0,0,0,0,0,0,0,0,0,0,0,0,0,0,0,0,0,0,0,0,0,0,0,0,0,0,0,0,0,0,0,0,0,0,0,0,0,0,0,0,0,0,0,0,0,0,0,0,0,0,0,0,0,0,0,0,0,0,0,0,0,0,0,0,0,0,0,0,0,0,0,0,0,0,0,0,0,0,0,0,0,0,0,0,0,0,0,0,0,0,0,0,0,0,0,0,0,0,0,0,0,0,0,0,0,0,0,0,0,0,0,0,0,0,0,0,0,0,0,0,0,0,0,0,0,0,0,0,0,0,0,0,0,0,0,0,0,0,0,0,0,0,0,0,0,0,0,0,0,0,0,0,0,0,0,0,0,0,0,0,0,0,0,0,0,0,0,0,0,0,0,0,0,0,0,0,0,0,0,0,0,0,0,0,0,0,0,0,0,0,0,0,0,0,0,0,0,0,0,0,0,0,0,0,0,0,0,0,0,0,0,0,0,0,0,0,0,0,0,0,0,0,0,0,0,0,0,0,0
"108",210.221625,210.29565,210.5014,211.64055,212.1768,212.807375,212.96985,0,0,0,0,0,0,0,0,0,0,0,0,0,0,0,0,0,0,0,0,0,0,0,0,0,0,0,0,0,0,0,0,0,0,0,0,0,0,0,0,0,0,0,0,0,0,0,0,0,0,0,0,0,0,0,0,0,0,0,0,0,0,0,0,0,0,0,0,0,0,0,0,0,0,0,0,0,0,0,0,0,0,0,0,0,0,0,0,0,0,0,0,0,0,0,0,0,0,0,0,0,0,0,0,0,0,0,0,0,0,0,0,0,0,0,0,0,0,0,0,0,0,0,0,0,0,0,0,0,0,0,0,0,0,0,0,0,0,0,0,0,0,0,0,0,0,0,0,0,0,0,0,0,0,0,0,0,0,0,0,0,0,0,0,0,0,0,0,0,0,0,0,0,0,0,0,0,0,0,0,0,0,0,0,0,0,0,0,0,0,0,0,0,0,0,0,0,0,0,0,0,0,0,0,0,0,0,0,0,0,0,0,0,0,0,0,0,0,0,0,0,0,0,0,0,0,0,0,0,0,0,0,0,0,0,0,0,0,0,0,0,0,0,0,0,0,0,0,0,0,0,0,0,0,0,0,0,0,0,0,0,0,0,0,0,0,0,0,0,0,0,0,0,0,0,0,0,0,0,0,0,0,0,0,0,0,0,0,0,0,0,0,0,0,0,0,0,0,0,0,0,0,0,0,0,0,0,0,0,0,0,0,0,0,0,0,0,0,0,0,0,0,0,0,0,0,0,0,0,0,0,0,0,0,0,0,0,0,0,0,0,0,0,0,0,0,0,0,0,0,0,0,0,0,0,0,0,0,0,0,0,0,0,0,0,0,0,0,0,0,0,0,0,0,0,0,0,0,0,0,0,0,0,0,0,0,0,0,0,0,0,0
"109",210.07255,210.2718,210.99075,211.877275,212.258875,212.3281,213.25755,213.41985,213.86375,213.877625,214.106225,214.45785,215.143975,215.7853,217.275475,217.541575,219.0971,0,0,0,0,0,0,0,0,0,0,0,0,0,0,0,0,0,0,0,0,0,0,0,0,0,0,0,0,0,0,0,0,0,0,0,0,0,0,0,0,0,0,0,0,0,0,0,0,0,0,0,0,0,0,0,0,0,0,0,0,0,0,0,0,0,0,0,0,0,0,0,0,0,0,0,0,0,0,0,0,0,0,0,0,0,0,0,0,0,0,0,0,0,0,0,0,0,0,0,0,0,0,0,0,0,0,0,0,0,0,0,0,0,0,0,0,0,0,0,0,0,0,0,0,0,0,0,0,0,0,0,0,0,0,0,0,0,0,0,0,0,0,0,0,0,0,0,0,0,0,0,0,0,0,0,0,0,0,0,0,0,0,0,0,0,0,0,0,0,0,0,0,0,0,0,0,0,0,0,0,0,0,0,0,0,0,0,0,0,0,0,0,0,0,0,0,0,0,0,0,0,0,0,0,0,0,0,0,0,0,0,0,0,0,0,0,0,0,0,0,0,0,0,0,0,0,0,0,0,0,0,0,0,0,0,0,0,0,0,0,0,0,0,0,0,0,0,0,0,0,0,0,0,0,0,0,0,0,0,0,0,0,0,0,0,0,0,0,0,0,0,0,0,0,0,0,0,0,0,0,0,0,0,0,0,0,0,0,0,0,0,0,0,0,0,0,0,0,0,0,0,0,0,0,0,0,0,0,0,0,0,0,0,0,0,0,0,0,0,0,0,0,0,0,0,0,0,0,0,0,0,0,0,0,0,0,0,0,0,0,0,0,0,0,0,0,0,0,0,0,0,0,0,0,0,0,0,0,0,0,0,0,0,0,0,0,0,0,0,0,0,0,0,0,0,0,0,0,0,0,0,0
"110",212.2352,213.8239,220.35915,220.512125,221.895225,222.1463,222.3061,222.550625,222.9474,223.3069,226.0199,227.043525,237.21395,238.1021,0,0,0,0,0,0,0,0,0,0,0,0,0,0,0,0,0,0,0,0,0,0,0,0,0,0,0,0,0,0,0,0,0,0,0,0,0,0,0,0,0,0,0,0,0,0,0,0,0,0,0,0,0,0,0,0,0,0,0,0,0,0,0,0,0,0,0,0,0,0,0,0,0,0,0,0,0,0,0,0,0,0,0,0,0,0,0,0,0,0,0,0,0,0,0,0,0,0,0,0,0,0,0,0,0,0,0,0,0,0,0,0,0,0,0,0,0,0,0,0,0,0,0,0,0,0,0,0,0,0,0,0,0,0,0,0,0,0,0,0,0,0,0,0,0,0,0,0,0,0,0,0,0,0,0,0,0,0,0,0,0,0,0,0,0,0,0,0,0,0,0,0,0,0,0,0,0,0,0,0,0,0,0,0,0,0,0,0,0,0,0,0,0,0,0,0,0,0,0,0,0,0,0,0,0,0,0,0,0,0,0,0,0,0,0,0,0,0,0,0,0,0,0,0,0,0,0,0,0,0,0,0,0,0,0,0,0,0,0,0,0,0,0,0,0,0,0,0,0,0,0,0,0,0,0,0,0,0,0,0,0,0,0,0,0,0,0,0,0,0,0,0,0,0,0,0,0,0,0,0,0,0,0,0,0,0,0,0,0,0,0,0,0,0,0,0,0,0,0,0,0,0,0,0,0,0,0,0,0,0,0,0,0,0,0,0,0,0,0,0,0,0,0,0,0,0,0,0,0,0,0,0,0,0,0,0,0,0,0,0,0,0,0,0,0,0,0,0,0,0,0,0,0,0,0,0,0,0,0,0,0,0,0,0,0,0,0,0,0,0,0,0,0,0,0,0,0,0,0,0,0,0,0,0,0
"111",209.646875,209.95715,210.00355,210.0823,210.12875,210.2438,210.348825,210.3993,210.5269,210.5845,210.78405,211.025825,211.4645,211.5244,211.548,211.70455,211.794975,211.907225,212.03255,212.267875,212.32295,212.516225,212.56675,212.822225,212.899325,213.1019,213.305875,213.366925,213.46435,213.496,213.767975,213.988925,214.0325,214.208,214.2572,214.5093,214.9919,215.456625,215.4859,215.6018,215.6736,215.7345,215.880575,216.086725,216.289275,216.362775,216.50475,216.63965,216.9005,216.985475,217.064575,217.234825,217.303375,217.33605,217.6628,217.8423,218.1015,218.550525,218.8276,218.913875,218.958975,219.197125,219.2598,219.35115,219.87225,219.955175,220.238925,220.321575,220.40115,220.512675,220.593875,220.781725,220.8489,220.8905,220.951675,221.093925,221.140225,221.275575,221.486875,221.575275,221.6996,221.898575,222.04635,222.254725,222.4841,222.532425,222.589175,222.853275,223.298325,223.5597,223.861875,223.967725,224.0562,224.312725,224.370125,224.985175,225.5952,225.787125,226.04555,227.887625,0,0,0,0,0,0,0,0,0,0,0,0,0,0,0,0,0,0,0,0,0,0,0,0,0,0,0,0,0,0,0,0,0,0,0,0,0,0,0,0,0,0,0,0,0,0,0,0,0,0,0,0,0,0,0,0,0,0,0,0,0,0,0,0,0,0,0,0,0,0,0,0,0,0,0,0,0,0,0,0,0,0,0,0,0,0,0,0,0,0,0,0,0,0,0,0,0,0,0,0,0,0,0,0,0,0,0,0,0,0,0,0,0,0,0,0,0,0,0,0,0,0,0,0,0,0,0,0,0,0,0,0,0,0,0,0,0,0,0,0,0,0,0,0,0,0,0,0,0,0,0,0,0,0,0,0,0,0,0,0,0,0,0,0,0,0,0,0,0,0,0,0,0,0,0,0,0,0,0,0,0,0,0,0,0,0,0,0,0,0,0,0,0,0,0,0,0,0,0,0,0,0,0,0,0,0,0,0,0,0,0,0,0,0,0,0,0,0,0,0,0,0,0,0,0,0,0,0,0,0,0,0,0,0,0,0,0,0,0,0,0,0,0,0,0,0,0,0,0,0,0,0,0,0,0,0,0,0,0,0,0,0,0,0,0,0,0,0,0,0,0,0,0,0,0,0,0,0,0,0,0,0,0,0,0,0,0,0,0,0,0,0,0,0,0,0,0,0,0
"112",210.571025,211.338375,211.50725,212.258475,212.400725,212.4401,212.466025,212.5778,212.64295,212.7942,213.6273,213.8226,213.8653,213.923125,213.990375,214.157825,214.2386,214.3529,214.442525,215.100825,215.264675,215.42625,215.46585,215.51405,215.563525,215.7284,216.616425,217.03185,217.283725,217.34375,218.53965,0,0,0,0,0,0,0,0,0,0,0,0,0,0,0,0,0,0,0,0,0,0,0,0,0,0,0,0,0,0,0,0,0,0,0,0,0,0,0,0,0,0,0,0,0,0,0,0,0,0,0,0,0,0,0,0,0,0,0,0,0,0,0,0,0,0,0,0,0,0,0,0,0,0,0,0,0,0,0,0,0,0,0,0,0,0,0,0,0,0,0,0,0,0,0,0,0,0,0,0,0,0,0,0,0,0,0,0,0,0,0,0,0,0,0,0,0,0,0,0,0,0,0,0,0,0,0,0,0,0,0,0,0,0,0,0,0,0,0,0,0,0,0,0,0,0,0,0,0,0,0,0,0,0,0,0,0,0,0,0,0,0,0,0,0,0,0,0,0,0,0,0,0,0,0,0,0,0,0,0,0,0,0,0,0,0,0,0,0,0,0,0,0,0,0,0,0,0,0,0,0,0,0,0,0,0,0,0,0,0,0,0,0,0,0,0,0,0,0,0,0,0,0,0,0,0,0,0,0,0,0,0,0,0,0,0,0,0,0,0,0,0,0,0,0,0,0,0,0,0,0,0,0,0,0,0,0,0,0,0,0,0,0,0,0,0,0,0,0,0,0,0,0,0,0,0,0,0,0,0,0,0,0,0,0,0,0,0,0,0,0,0,0,0,0,0,0,0,0,0,0,0,0,0,0,0,0,0,0,0,0,0,0,0,0,0,0,0,0,0,0,0,0,0,0,0,0,0,0,0,0,0,0,0,0,0,0,0,0,0,0,0,0,0,0,0,0,0,0,0,0,0,0,0,0,0,0,0,0,0,0,0,0,0,0,0,0,0
"113",200.03845,200.25375,200.680425,201.04795,201.51,201.774275,202.375175,202.49485,202.764275,202.82535,203.379625,203.5813,203.650525,203.933375,204.09085,204.33675,204.4838,204.589375,204.705025,204.8491,204.9878,205.1231,205.237525,205.42065,205.60955,205.916,206.09705,206.203075,206.41475,206.5284,206.75855,206.868775,206.981125,207.087725,207.258525,207.37015,207.7537,207.954875,208.011475,208.11235,208.390475,208.493925,208.627975,208.734125,208.87685,208.985175,209.117275,209.2185,209.376625,209.483575,211.02645,211.07745,211.180975,211.309,211.85455,211.904275,212.024975,212.0855,212.22245,212.319075,212.55055,213.073825,213.2899,213.50495,214.098625,214.486875,214.58045,214.670675,214.8128,214.819225,214.835125,215.159425,215.44585,216.181575,216.20555,216.29435,216.45195,216.480425,217.75535,217.9986,218.10715,218.156575,218.195375,218.465225,218.506275,218.791675,219.08755,219.693,219.7488,219.78155,219.846225,219.887825,220.054725,220.091225,220.108475,220.172425,220.255775,220.288275,220.31115,220.342675,220.439625,220.51185,220.67685,220.718025,220.735825,220.80225,220.843325,220.885775,220.930425,220.951075,221.11545,221.17125,221.274125,221.33105,221.3964,221.482225,221.714725,221.812025,221.84425,221.929575,221.9646,222.07615,222.09305,222.11085,222.251875,222.27305,222.317425,222.36765,222.48555,222.538975,222.583825,222.7341,222.774325,222.881425,222.902525,223.025225,223.12075,223.1936,223.22095,223.282575,223.567,223.842925,223.945575,224.050525,224.25635,224.300675,224.4057,224.469575,224.60095,224.7262,224.911875,225.117825,225.165625,225.504125,225.53225,225.628425,226.221325,226.26595,226.68045,226.9234,227.139875,227.210675,227.3213,227.390675,227.43705,227.526,227.6214,227.72015,227.92385,228.099775,228.131525,228.218175,228.460375,228.9813,229.7663,230.226725,230.358875,230.634625,232.7965,233.374075,233.663625,234.1922,234.38865,234.7148,235.21695,235.36495,235.700475,236.392575,236.67735,237.3195,237.79555,237.995475,0,0,0,0,0,0,0,0,0,0,0,0,0,0,0,0,0,0,0,0,0,0,0,0,0,0,0,0,0,0,0,0,0,0,0,0,0,0,0,0,0,0,0,0,0,0,0,0,0,0,0,0,0,0,0,0,0,0,0,0,0,0,0,0,0,0,0,0,0,0,0,0,0,0,0,0,0,0,0,0,0,0,0,0,0,0,0,0,0,0,0,0,0,0,0,0,0,0,0,0,0,0,0,0,0,0,0,0,0,0,0,0,0,0,0,0,0,0,0,0,0,0,0,0,0,0,0,0,0,0,0,0,0,0,0,0,0,0,0,0,0,0,0,0,0,0,0,0,0,0,0,0,0,0,0,0,0,0,0,0,0,0,0,0,0,0,0,0,0,0,0,0,0,0,0,0,0,0,0,0,0,0,0,0,0,0,0,0,0,0,0,0,0,0,0,0,0,0,0,0,0,0,0,0,0,0,0
"114",211.0003,211.06705,211.117625,211.164875,211.183325,211.8498,211.885875,212.092075,212.161825,213.161575,213.227675,213.2499,213.339425,213.75675,214.55775,214.65565,214.7152,214.7479,214.817075,214.91555,214.959925,215.1565,215.3332,215.4009,215.48825,215.5414,216.155025,216.196525,216.2164,216.244725,216.51425,216.698425,217.065125,217.189275,217.951,218.0012,218.0218,218.0768,218.11475,218.160175,218.220325,218.3009,218.521225,218.7131,218.97145,219.9355,220.030775,220.086725,220.183975,220.26225,220.30775,220.37605,220.53695,222.379875,222.564425,222.760925,0,0,0,0,0,0,0,0,0,0,0,0,0,0,0,0,0,0,0,0,0,0,0,0,0,0,0,0,0,0,0,0,0,0,0,0,0,0,0,0,0,0,0,0,0,0,0,0,0,0,0,0,0,0,0,0,0,0,0,0,0,0,0,0,0,0,0,0,0,0,0,0,0,0,0,0,0,0,0,0,0,0,0,0,0,0,0,0,0,0,0,0,0,0,0,0,0,0,0,0,0,0,0,0,0,0,0,0,0,0,0,0,0,0,0,0,0,0,0,0,0,0,0,0,0,0,0,0,0,0,0,0,0,0,0,0,0,0,0,0,0,0,0,0,0,0,0,0,0,0,0,0,0,0,0,0,0,0,0,0,0,0,0,0,0,0,0,0,0,0,0,0,0,0,0,0,0,0,0,0,0,0,0,0,0,0,0,0,0,0,0,0,0,0,0,0,0,0,0,0,0,0,0,0,0,0,0,0,0,0,0,0,0,0,0,0,0,0,0,0,0,0,0,0,0,0,0,0,0,0,0,0,0,0,0,0,0,0,0,0,0,0,0,0,0,0,0,0,0,0,0,0,0,0,0,0,0,0,0,0,0,0,0,0,0,0,0,0,0,0,0,0,0,0,0,0,0,0,0,0,0,0,0,0,0,0,0,0,0,0,0,0,0,0,0,0,0,0,0,0,0,0,0,0,0,0,0,0,0,0,0,0,0,0,0,0,0,0,0,0,0,0,0,0,0,0,0,0,0,0,0,0,0,0,0,0,0,0,0,0,0,0,0
"115",209.4947,209.51425,209.5333,209.54735,209.622275,209.686275,209.752375,209.774075,209.828725,209.856425,209.8934,209.899425,210.09955,210.112625,210.239375,210.30125,210.34025,210.40785,210.508725,210.537825,210.5392,210.60925,210.61205,210.7555,210.82185,211.219025,211.2892,211.3474,211.4556,211.519275,211.529925,211.538275,211.608775,211.6158,211.69905,211.808125,211.9204,212.599175,212.793525,212.844575,212.929525,213.10195,213.190925,214.34575,214.425575,215.706825,215.8363,215.94745,216.405475,217.503075,217.566325,217.7369,219.457725,219.496375,219.5713,222.0206,222.192375,222.2537,222.3649,222.402875,222.4794,222.577125,222.635125,223.462025,223.567625,223.705525,223.81765,223.968475,224.108325,224.249375,224.483425,224.6866,226.61625,226.822325,227.2466,0,0,0,0,0,0,0,0,0,0,0,0,0,0,0,0,0,0,0,0,0,0,0,0,0,0,0,0,0,0,0,0,0,0,0,0,0,0,0,0,0,0,0,0,0,0,0,0,0,0,0,0,0,0,0,0,0,0,0,0,0,0,0,0,0,0,0,0,0,0,0,0,0,0,0,0,0,0,0,0,0,0,0,0,0,0,0,0,0,0,0,0,0,0,0,0,0,0,0,0,0,0,0,0,0,0,0,0,0,0,0,0,0,0,0,0,0,0,0,0,0,0,0,0,0,0,0,0,0,0,0,0,0,0,0,0,0,0,0,0,0,0,0,0,0,0,0,0,0,0,0,0,0,0,0,0,0,0,0,0,0,0,0,0,0,0,0,0,0,0,0,0,0,0,0,0,0,0,0,0,0,0,0,0,0,0,0,0,0,0,0,0,0,0,0,0,0,0,0,0,0,0,0,0,0,0,0,0,0,0,0,0,0,0,0,0,0,0,0,0,0,0,0,0,0,0,0,0,0,0,0,0,0,0,0,0,0,0,0,0,0,0,0,0,0,0,0,0,0,0,0,0,0,0,0,0,0,0,0,0,0,0,0,0,0,0,0,0,0,0,0,0,0,0,0,0,0,0,0,0,0,0,0,0,0,0,0,0,0,0,0,0,0,0,0,0,0,0,0,0,0,0,0,0,0,0,0,0,0,0,0,0,0,0,0,0,0,0,0,0,0,0,0,0
"116",200.0958,200.270375,200.40115,200.607725,200.8622,201.047025,201.216325,201.354025,201.620875,201.789675,202.119625,202.24115,202.427025,202.522825,202.66875,202.868775,203.061925,203.2153,203.44725,203.59375,203.8864,203.9857,204.14655,204.2937,204.430375,204.616875,204.848675,204.973175,205.04775,205.142025,205.466275,205.6632,205.773925,205.9445,206.1104,206.185975,206.40835,206.791525,206.904625,207.132825,207.255225,207.466275,207.59135,207.703375,207.8294,208.005775,208.19075,208.364975,208.513875,208.690575,208.93615,209.1863,209.378575,211.570075,225.884675,227.4933,227.878975,228.12015,228.435175,228.8713,229.067925,229.196675,229.403625,229.63195,229.72565,229.806575,229.998275,230.351425,230.550925,230.696775,230.861925,231.0502,231.146225,231.269725,231.467,231.575525,231.94905,232.1407,232.341725,232.48555,232.7402,232.923175,233.0351,233.17635,233.71295,233.852675,234.149425,234.2656,234.4827,234.607475,234.769325,234.990275,235.184775,235.321725,235.719225,235.997975,236.121925,236.485575,236.61115,236.908525,237.1631,237.534075,237.72,237.8413,237.935875,238.1072,0,0,0,0,0,0,0,0,0,0,0,0,0,0,0,0,0,0,0,0,0,0,0,0,0,0,0,0,0,0,0,0,0,0,0,0,0,0,0,0,0,0,0,0,0,0,0,0,0,0,0,0,0,0,0,0,0,0,0,0,0,0,0,0,0,0,0,0,0,0,0,0,0,0,0,0,0,0,0,0,0,0,0,0,0,0,0,0,0,0,0,0,0,0,0,0,0,0,0,0,0,0,0,0,0,0,0,0,0,0,0,0,0,0,0,0,0,0,0,0,0,0,0,0,0,0,0,0,0,0,0,0,0,0,0,0,0,0,0,0,0,0,0,0,0,0,0,0,0,0,0,0,0,0,0,0,0,0,0,0,0,0,0,0,0,0,0,0,0,0,0,0,0,0,0,0,0,0,0,0,0,0,0,0,0,0,0,0,0,0,0,0,0,0,0,0,0,0,0,0,0,0,0,0,0,0,0,0,0,0,0,0,0,0,0,0,0,0,0,0,0,0,0,0,0,0,0,0,0,0,0,0,0,0,0,0,0,0,0,0,0,0,0,0,0,0,0,0,0,0,0,0,0,0,0,0,0,0,0,0,0,0,0,0,0,0,0,0,0,0,0,0,0,0,0,0,0,0,0,0,0,0,0,0,0,0,0,0,0,0,0,0,0
"117",212.445225,213.411925,213.651275,214.4384,214.454075,216.24815,216.5383,218.0752,218.086725,218.12795,218.2142,220.1435,220.374475,220.47995,220.7706,221.528675,222.46755,222.5228,0,0,0,0,0,0,0,0,0,0,0,0,0,0,0,0,0,0,0,0,0,0,0,0,0,0,0,0,0,0,0,0,0,0,0,0,0,0,0,0,0,0,0,0,0,0,0,0,0,0,0,0,0,0,0,0,0,0,0,0,0,0,0,0,0,0,0,0,0,0,0,0,0,0,0,0,0,0,0,0,0,0,0,0,0,0,0,0,0,0,0,0,0,0,0,0,0,0,0,0,0,0,0,0,0,0,0,0,0,0,0,0,0,0,0,0,0,0,0,0,0,0,0,0,0,0,0,0,0,0,0,0,0,0,0,0,0,0,0,0,0,0,0,0,0,0,0,0,0,0,0,0,0,0,0,0,0,0,0,0,0,0,0,0,0,0,0,0,0,0,0,0,0,0,0,0,0,0,0,0,0,0,0,0,0,0,0,0,0,0,0,0,0,0,0,0,0,0,0,0,0,0,0,0,0,0,0,0,0,0,0,0,0,0,0,0,0,0,0,0,0,0,0,0,0,0,0,0,0,0,0,0,0,0,0,0,0,0,0,0,0,0,0,0,0,0,0,0,0,0,0,0,0,0,0,0,0,0,0,0,0,0,0,0,0,0,0,0,0,0,0,0,0,0,0,0,0,0,0,0,0,0,0,0,0,0,0,0,0,0,0,0,0,0,0,0,0,0,0,0,0,0,0,0,0,0,0,0,0,0,0,0,0,0,0,0,0,0,0,0,0,0,0,0,0,0,0,0,0,0,0,0,0,0,0,0,0,0,0,0,0,0,0,0,0,0,0,0,0,0,0,0,0,0,0,0,0,0,0,0,0,0,0,0,0,0,0,0,0,0,0,0,0,0,0,0,0,0,0,0,0
"118",211.1017,211.17985,211.267425,212.50445,214.03575,219.942675,220.009275,220.089875,220.175325,220.2858,220.418325,220.60675,221.93805,222.193025,222.274225,222.362625,222.40175,222.435425,222.568625,222.660975,222.798725,0,0,0,0,0,0,0,0,0,0,0,0,0,0,0,0,0,0,0,0,0,0,0,0,0,0,0,0,0,0,0,0,0,0,0,0,0,0,0,0,0,0,0,0,0,0,0,0,0,0,0,0,0,0,0,0,0,0,0,0,0,0,0,0,0,0,0,0,0,0,0,0,0,0,0,0,0,0,0,0,0,0,0,0,0,0,0,0,0,0,0,0,0,0,0,0,0,0,0,0,0,0,0,0,0,0,0,0,0,0,0,0,0,0,0,0,0,0,0,0,0,0,0,0,0,0,0,0,0,0,0,0,0,0,0,0,0,0,0,0,0,0,0,0,0,0,0,0,0,0,0,0,0,0,0,0,0,0,0,0,0,0,0,0,0,0,0,0,0,0,0,0,0,0,0,0,0,0,0,0,0,0,0,0,0,0,0,0,0,0,0,0,0,0,0,0,0,0,0,0,0,0,0,0,0,0,0,0,0,0,0,0,0,0,0,0,0,0,0,0,0,0,0,0,0,0,0,0,0,0,0,0,0,0,0,0,0,0,0,0,0,0,0,0,0,0,0,0,0,0,0,0,0,0,0,0,0,0,0,0,0,0,0,0,0,0,0,0,0,0,0,0,0,0,0,0,0,0,0,0,0,0,0,0,0,0,0,0,0,0,0,0,0,0,0,0,0,0,0,0,0,0,0,0,0,0,0,0,0,0,0,0,0,0,0,0,0,0,0,0,0,0,0,0,0,0,0,0,0,0,0,0,0,0,0,0,0,0,0,0,0,0,0,0,0,0,0,0,0,0,0,0,0,0,0,0,0,0,0,0,0,0,0,0,0,0,0,0,0,0,0,0,0,0,0,0,0,0
"119",212.45775,212.4948,213.593975,213.641975,213.702525,213.7268,213.75115,213.80545,213.837925,213.881775,0,0,0,0,0,0,0,0,0,0,0,0,0,0,0,0,0,0,0,0,0,0,0,0,0,0,0,0,0,0,0,0,0,0,0,0,0,0,0,0,0,0,0,0,0,0,0,0,0,0,0,0,0,0,0,0,0,0,0,0,0,0,0,0,0,0,0,0,0,0,0,0,0,0,0,0,0,0,0,0,0,0,0,0,0,0,0,0,0,0,0,0,0,0,0,0,0,0,0,0,0,0,0,0,0,0,0,0,0,0,0,0,0,0,0,0,0,0,0,0,0,0,0,0,0,0,0,0,0,0,0,0,0,0,0,0,0,0,0,0,0,0,0,0,0,0,0,0,0,0,0,0,0,0,0,0,0,0,0,0,0,0,0,0,0,0,0,0,0,0,0,0,0,0,0,0,0,0,0,0,0,0,0,0,0,0,0,0,0,0,0,0,0,0,0,0,0,0,0,0,0,0,0,0,0,0,0,0,0,0,0,0,0,0,0,0,0,0,0,0,0,0,0,0,0,0,0,0,0,0,0,0,0,0,0,0,0,0,0,0,0,0,0,0,0,0,0,0,0,0,0,0,0,0,0,0,0,0,0,0,0,0,0,0,0,0,0,0,0,0,0,0,0,0,0,0,0,0,0,0,0,0,0,0,0,0,0,0,0,0,0,0,0,0,0,0,0,0,0,0,0,0,0,0,0,0,0,0,0,0,0,0,0,0,0,0,0,0,0,0,0,0,0,0,0,0,0,0,0,0,0,0,0,0,0,0,0,0,0,0,0,0,0,0,0,0,0,0,0,0,0,0,0,0,0,0,0,0,0,0,0,0,0,0,0,0,0,0,0,0,0,0,0,0,0,0,0,0,0,0,0,0,0,0,0,0,0,0,0
"120",211.216225,211.273975,212.304975,212.3874,212.411,212.46665,212.5945,212.60855,212.6741,213.621775,213.6745,213.736725,213.747725,213.762025,213.8003,213.822225,213.852925,213.86435,213.8795,213.9276,213.951725,213.975625,213.989425,214.08485,214.203625,214.858425,214.89755,214.980575,215.057875,215.113625,215.172525,215.223925,215.235575,215.32845,215.382025,215.45045,215.488475,215.523775,215.559225,215.5712,215.63095,216.411375,216.630825,216.667,216.687825,216.739275,216.774575,216.808975,216.832025,216.859375,216.881925,216.911475,216.926325,216.957675,216.991825,217.022175,217.065425,217.103575,217.121675,217.220875,217.26975,218.085225,218.271775,218.381975,218.44855,218.473475,218.533625,218.563225,218.611075,218.629025,218.643575,218.6775,218.709725,218.7307,218.766575,218.839875,218.92455,218.95655,219.924275,220.09725,220.1214,220.215575,220.309375,222.444075,222.530725,222.658975,0,0,0,0,0,0,0,0,0,0,0,0,0,0,0,0,0,0,0,0,0,0,0,0,0,0,0,0,0,0,0,0,0,0,0,0,0,0,0,0,0,0,0,0,0,0,0,0,0,0,0,0,0,0,0,0,0,0,0,0,0,0,0,0,0,0,0,0,0,0,0,0,0,0,0,0,0,0,0,0,0,0,0,0,0,0,0,0,0,0,0,0,0,0,0,0,0,0,0,0,0,0,0,0,0,0,0,0,0,0,0,0,0,0,0,0,0,0,0,0,0,0,0,0,0,0,0,0,0,0,0,0,0,0,0,0,0,0,0,0,0,0,0,0,0,0,0,0,0,0,0,0,0,0,0,0,0,0,0,0,0,0,0,0,0,0,0,0,0,0,0,0,0,0,0,0,0,0,0,0,0,0,0,0,0,0,0,0,0,0,0,0,0,0,0,0,0,0,0,0,0,0,0,0,0,0,0,0,0,0,0,0,0,0,0,0,0,0,0,0,0,0,0,0,0,0,0,0,0,0,0,0,0,0,0,0,0,0,0,0,0,0,0,0,0,0,0,0,0,0,0,0,0,0,0,0,0,0,0,0,0,0,0,0,0,0,0,0,0,0,0,0,0,0,0,0,0,0,0,0,0,0,0,0,0,0,0,0,0,0,0,0,0,0,0,0,0,0,0,0,0,0,0,0,0,0,0,0,0,0,0,0,0
"121",202.028975,207.407425,209.619525,210.0742,210.1523,210.2505,210.332575,210.415125,210.450425,210.600775,210.642475,210.748975,211.0312,211.1026,211.169825,211.1909,211.254525,211.3011,211.33385,211.340125,211.391275,211.45405,211.52335,211.555775,211.626725,212.7756,212.81345,212.863725,212.979,213.714775,213.984625,215.1932,215.385725,215.42535,215.81765,216.246525,216.556125,216.752125,216.82065,216.854325,217.059175,217.4592,217.48445,217.5024,217.548125,218.00665,218.64625,218.70165,219.1257,219.180175,219.21895,219.2666,219.30735,219.381275,219.44365,219.522025,220.23675,220.4213,220.6034,220.6769,220.83915,220.893925,220.97365,221.0295,221.089275,221.1448,221.22845,221.8792,222.009075,222.119375,222.201225,222.571425,222.67385,222.69,222.78295,223.61965,223.9466,224.4294,0,0,0,0,0,0,0,0,0,0,0,0,0,0,0,0,0,0,0,0,0,0,0,0,0,0,0,0,0,0,0,0,0,0,0,0,0,0,0,0,0,0,0,0,0,0,0,0,0,0,0,0,0,0,0,0,0,0,0,0,0,0,0,0,0,0,0,0,0,0,0,0,0,0,0,0,0,0,0,0,0,0,0,0,0,0,0,0,0,0,0,0,0,0,0,0,0,0,0,0,0,0,0,0,0,0,0,0,0,0,0,0,0,0,0,0,0,0,0,0,0,0,0,0,0,0,0,0,0,0,0,0,0,0,0,0,0,0,0,0,0,0,0,0,0,0,0,0,0,0,0,0,0,0,0,0,0,0,0,0,0,0,0,0,0,0,0,0,0,0,0,0,0,0,0,0,0,0,0,0,0,0,0,0,0,0,0,0,0,0,0,0,0,0,0,0,0,0,0,0,0,0,0,0,0,0,0,0,0,0,0,0,0,0,0,0,0,0,0,0,0,0,0,0,0,0,0,0,0,0,0,0,0,0,0,0,0,0,0,0,0,0,0,0,0,0,0,0,0,0,0,0,0,0,0,0,0,0,0,0,0,0,0,0,0,0,0,0,0,0,0,0,0,0,0,0,0,0,0,0,0,0,0,0,0,0,0,0,0,0,0,0,0,0,0,0,0,0,0,0,0,0,0,0,0,0,0,0,0,0,0,0,0,0,0,0,0,0,0,0,0
"122",212.1824,212.246875,212.255725,212.551725,213.522825,213.709525,213.812675,214.031,214.76605,215.0897,216.5211,216.58925,216.74925,222.7423,0,0,0,0,0,0,0,0,0,0,0,0,0,0,0,0,0,0,0,0,0,0,0,0,0,0,0,0,0,0,0,0,0,0,0,0,0,0,0,0,0,0,0,0,0,0,0,0,0,0,0,0,0,0,0,0,0,0,0,0,0,0,0,0,0,0,0,0,0,0,0,0,0,0,0,0,0,0,0,0,0,0,0,0,0,0,0,0,0,0,0,0,0,0,0,0,0,0,0,0,0,0,0,0,0,0,0,0,0,0,0,0,0,0,0,0,0,0,0,0,0,0,0,0,0,0,0,0,0,0,0,0,0,0,0,0,0,0,0,0,0,0,0,0,0,0,0,0,0,0,0,0,0,0,0,0,0,0,0,0,0,0,0,0,0,0,0,0,0,0,0,0,0,0,0,0,0,0,0,0,0,0,0,0,0,0,0,0,0,0,0,0,0,0,0,0,0,0,0,0,0,0,0,0,0,0,0,0,0,0,0,0,0,0,0,0,0,0,0,0,0,0,0,0,0,0,0,0,0,0,0,0,0,0,0,0,0,0,0,0,0,0,0,0,0,0,0,0,0,0,0,0,0,0,0,0,0,0,0,0,0,0,0,0,0,0,0,0,0,0,0,0,0,0,0,0,0,0,0,0,0,0,0,0,0,0,0,0,0,0,0,0,0,0,0,0,0,0,0,0,0,0,0,0,0,0,0,0,0,0,0,0,0,0,0,0,0,0,0,0,0,0,0,0,0,0,0,0,0,0,0,0,0,0,0,0,0,0,0,0,0,0,0,0,0,0,0,0,0,0,0,0,0,0,0,0,0,0,0,0,0,0,0,0,0,0,0,0,0,0,0,0,0,0,0,0,0,0,0,0,0,0,0,0,0
"123",212.099225,212.14625,212.209525,212.245025,212.272925,212.302125,212.3317,212.35895,212.391375,212.427525,212.464875,212.510825,213.50225,213.542275,213.59745,213.626275,213.668125,213.70505,213.759275,213.858475,216.519675,218.320375,218.369425,218.402575,218.439725,218.477275,0,0,0,0,0,0,0,0,0,0,0,0,0,0,0,0,0,0,0,0,0,0,0,0,0,0,0,0,0,0,0,0,0,0,0,0,0,0,0,0,0,0,0,0,0,0,0,0,0,0,0,0,0,0,0,0,0,0,0,0,0,0,0,0,0,0,0,0,0,0,0,0,0,0,0,0,0,0,0,0,0,0,0,0,0,0,0,0,0,0,0,0,0,0,0,0,0,0,0,0,0,0,0,0,0,0,0,0,0,0,0,0,0,0,0,0,0,0,0,0,0,0,0,0,0,0,0,0,0,0,0,0,0,0,0,0,0,0,0,0,0,0,0,0,0,0,0,0,0,0,0,0,0,0,0,0,0,0,0,0,0,0,0,0,0,0,0,0,0,0,0,0,0,0,0,0,0,0,0,0,0,0,0,0,0,0,0,0,0,0,0,0,0,0,0,0,0,0,0,0,0,0,0,0,0,0,0,0,0,0,0,0,0,0,0,0,0,0,0,0,0,0,0,0,0,0,0,0,0,0,0,0,0,0,0,0,0,0,0,0,0,0,0,0,0,0,0,0,0,0,0,0,0,0,0,0,0,0,0,0,0,0,0,0,0,0,0,0,0,0,0,0,0,0,0,0,0,0,0,0,0,0,0,0,0,0,0,0,0,0,0,0,0,0,0,0,0,0,0,0,0,0,0,0,0,0,0,0,0,0,0,0,0,0,0,0,0,0,0,0,0,0,0,0,0,0,0,0,0,0,0,0,0,0,0,0,0,0,0,0,0,0,0,0,0,0,0,0,0,0,0,0,0,0,0,0,0,0,0,0,0,0,0,0,0,0,0,0,0,0,0,0,0
"124",213.876175,0,0,0,0,0,0,0,0,0,0,0,0,0,0,0,0,0,0,0,0,0,0,0,0,0,0,0,0,0,0,0,0,0,0,0,0,0,0,0,0,0,0,0,0,0,0,0,0,0,0,0,0,0,0,0,0,0,0,0,0,0,0,0,0,0,0,0,0,0,0,0,0,0,0,0,0,0,0,0,0,0,0,0,0,0,0,0,0,0,0,0,0,0,0,0,0,0,0,0,0,0,0,0,0,0,0,0,0,0,0,0,0,0,0,0,0,0,0,0,0,0,0,0,0,0,0,0,0,0,0,0,0,0,0,0,0,0,0,0,0,0,0,0,0,0,0,0,0,0,0,0,0,0,0,0,0,0,0,0,0,0,0,0,0,0,0,0,0,0,0,0,0,0,0,0,0,0,0,0,0,0,0,0,0,0,0,0,0,0,0,0,0,0,0,0,0,0,0,0,0,0,0,0,0,0,0,0,0,0,0,0,0,0,0,0,0,0,0,0,0,0,0,0,0,0,0,0,0,0,0,0,0,0,0,0,0,0,0,0,0,0,0,0,0,0,0,0,0,0,0,0,0,0,0,0,0,0,0,0,0,0,0,0,0,0,0,0,0,0,0,0,0,0,0,0,0,0,0,0,0,0,0,0,0,0,0,0,0,0,0,0,0,0,0,0,0,0,0,0,0,0,0,0,0,0,0,0,0,0,0,0,0,0,0,0,0,0,0,0,0,0,0,0,0,0,0,0,0,0,0,0,0,0,0,0,0,0,0,0,0,0,0,0,0,0,0,0,0,0,0,0,0,0,0,0,0,0,0,0,0,0,0,0,0,0,0,0,0,0,0,0,0,0,0,0,0,0,0,0,0,0,0,0,0,0,0,0,0,0,0,0,0,0,0,0,0,0,0
"125",211.197475,211.24875,212.701925,213.210975,213.82715,213.9064,213.94095,215.280025,215.398875,215.465325,217.041775,218.1095,219.877275,220.01925,222.15875,222.282725,0,0,0,0,0,0,0,0,0,0,0,0,0,0,0,0,0,0,0,0,0,0,0,0,0,0,0,0,0,0,0,0,0,0,0,0,0,0,0,0,0,0,0,0,0,0,0,0,0,0,0,0,0,0,0,0,0,0,0,0,0,0,0,0,0,0,0,0,0,0,0,0,0,0,0,0,0,0,0,0,0,0,0,0,0,0,0,0,0,0,0,0,0,0,0,0,0,0,0,0,0,0,0,0,0,0,0,0,0,0,0,0,0,0,0,0,0,0,0,0,0,0,0,0,0,0,0,0,0,0,0,0,0,0,0,0,0,0,0,0,0,0,0,0,0,0,0,0,0,0,0,0,0,0,0,0,0,0,0,0,0,0,0,0,0,0,0,0,0,0,0,0,0,0,0,0,0,0,0,0,0,0,0,0,0,0,0,0,0,0,0,0,0,0,0,0,0,0,0,0,0,0,0,0,0,0,0,0,0,0,0,0,0,0,0,0,0,0,0,0,0,0,0,0,0,0,0,0,0,0,0,0,0,0,0,0,0,0,0,0,0,0,0,0,0,0,0,0,0,0,0,0,0,0,0,0,0,0,0,0,0,0,0,0,0,0,0,0,0,0,0,0,0,0,0,0,0,0,0,0,0,0,0,0,0,0,0,0,0,0,0,0,0,0,0,0,0,0,0,0,0,0,0,0,0,0,0,0,0,0,0,0,0,0,0,0,0,0,0,0,0,0,0,0,0,0,0,0,0,0,0,0,0,0,0,0,0,0,0,0,0,0,0,0,0,0,0,0,0,0,0,0,0,0,0,0,0,0,0,0,0,0,0,0,0,0,0,0,0,0,0,0,0,0,0,0,0,0,0,0,0,0,0
"126",209.471075,209.886275,210.109225,210.900725,211.53795,213.1616,213.283225,214.8695,218.0268,218.80195,219.498225,219.77435,219.8112,219.861525,219.89555,219.943725,220.02705,220.043025,220.239025,220.314625,220.33755,220.4343,220.532825,220.575075,221.562725,221.6404,221.7259,221.777175,221.8838,221.918975,222.01865,222.0523,222.32705,222.422775,222.460675,222.605875,222.72735,222.8213,222.8714,223.062925,223.172575,223.330625,223.553625,0,0,0,0,0,0,0,0,0,0,0,0,0,0,0,0,0,0,0,0,0,0,0,0,0,0,0,0,0,0,0,0,0,0,0,0,0,0,0,0,0,0,0,0,0,0,0,0,0,0,0,0,0,0,0,0,0,0,0,0,0,0,0,0,0,0,0,0,0,0,0,0,0,0,0,0,0,0,0,0,0,0,0,0,0,0,0,0,0,0,0,0,0,0,0,0,0,0,0,0,0,0,0,0,0,0,0,0,0,0,0,0,0,0,0,0,0,0,0,0,0,0,0,0,0,0,0,0,0,0,0,0,0,0,0,0,0,0,0,0,0,0,0,0,0,0,0,0,0,0,0,0,0,0,0,0,0,0,0,0,0,0,0,0,0,0,0,0,0,0,0,0,0,0,0,0,0,0,0,0,0,0,0,0,0,0,0,0,0,0,0,0,0,0,0,0,0,0,0,0,0,0,0,0,0,0,0,0,0,0,0,0,0,0,0,0,0,0,0,0,0,0,0,0,0,0,0,0,0,0,0,0,0,0,0,0,0,0,0,0,0,0,0,0,0,0,0,0,0,0,0,0,0,0,0,0,0,0,0,0,0,0,0,0,0,0,0,0,0,0,0,0,0,0,0,0,0,0,0,0,0,0,0,0,0,0,0,0,0,0,0,0,0,0,0,0,0,0,0,0,0,0,0,0,0,0,0,0,0,0,0,0,0,0,0,0,0,0,0,0,0,0,0,0,0,0,0,0,0,0,0,0,0,0,0,0,0,0,0,0,0,0,0,0,0,0,0,0,0,0,0,0,0,0,0,0
"127",209.47405,210.884675,210.938025,210.99405,211.047575,211.09805,211.147475,211.2047,211.24565,211.28105,211.336025,211.734225,211.780025,211.81955,211.9243,212.010975,212.061375,212.1132,212.139725,212.1851,212.229725,212.234175,212.3299,212.467875,212.5275,212.57695,213.1465,213.18535,213.2945,213.3143,213.402125,213.42505,213.495375,213.537725,213.572375,213.608575,214.4182,214.4534,214.51485,214.55695,214.5872,214.62675,214.66275,214.682,214.721925,214.740975,214.771525,214.809325,214.940325,214.953275,215.36395,216.0678,216.1479,216.185625,216.20995,216.271375,216.3315,216.4372,216.517175,216.54825,216.5501,217.933325,217.97225,218.0099,218.09645,218.115775,218.13965,218.158925,218.226325,218.253175,218.269125,218.31665,218.367225,218.3927,218.48475,218.614825,219.81755,219.8719,219.9231,220.015125,220.073175,220.13465,220.193,220.258425,220.346325,220.400775,220.44895,221.584125,221.70815,221.813975,221.900575,221.92795,222.0145,222.09175,222.1642,222.206725,222.25885,222.35255,222.411575,222.45005,222.5081,222.648475,222.712,222.78295,222.830725,222.9455,225.311375,225.535525,225.6367,226.0117,226.2298,226.457525,226.625,227.41645,0,0,0,0,0,0,0,0,0,0,0,0,0,0,0,0,0,0,0,0,0,0,0,0,0,0,0,0,0,0,0,0,0,0,0,0,0,0,0,0,0,0,0,0,0,0,0,0,0,0,0,0,0,0,0,0,0,0,0,0,0,0,0,0,0,0,0,0,0,0,0,0,0,0,0,0,0,0,0,0,0,0,0,0,0,0,0,0,0,0,0,0,0,0,0,0,0,0,0,0,0,0,0,0,0,0,0,0,0,0,0,0,0,0,0,0,0,0,0,0,0,0,0,0,0,0,0,0,0,0,0,0,0,0,0,0,0,0,0,0,0,0,0,0,0,0,0,0,0,0,0,0,0,0,0,0,0,0,0,0,0,0,0,0,0,0,0,0,0,0,0,0,0,0,0,0,0,0,0,0,0,0,0,0,0,0,0,0,0,0,0,0,0,0,0,0,0,0,0,0,0,0,0,0,0,0,0,0,0,0,0,0,0,0,0,0,0,0,0,0,0,0,0,0,0,0,0,0,0,0,0,0,0,0,0,0,0,0,0,0,0,0,0,0,0,0,0,0,0,0,0,0,0,0,0,0,0,0,0,0,0,0,0,0,0,0,0,0,0,0,0,0,0,0,0,0,0,0,0,0,0,0,0,0,0
"128",212.11175,212.39055,213.452175,213.679425,214.974625,215.32265,0,0,0,0,0,0,0,0,0,0,0,0,0,0,0,0,0,0,0,0,0,0,0,0,0,0,0,0,0,0,0,0,0,0,0,0,0,0,0,0,0,0,0,0,0,0,0,0,0,0,0,0,0,0,0,0,0,0,0,0,0,0,0,0,0,0,0,0,0,0,0,0,0,0,0,0,0,0,0,0,0,0,0,0,0,0,0,0,0,0,0,0,0,0,0,0,0,0,0,0,0,0,0,0,0,0,0,0,0,0,0,0,0,0,0,0,0,0,0,0,0,0,0,0,0,0,0,0,0,0,0,0,0,0,0,0,0,0,0,0,0,0,0,0,0,0,0,0,0,0,0,0,0,0,0,0,0,0,0,0,0,0,0,0,0,0,0,0,0,0,0,0,0,0,0,0,0,0,0,0,0,0,0,0,0,0,0,0,0,0,0,0,0,0,0,0,0,0,0,0,0,0,0,0,0,0,0,0,0,0,0,0,0,0,0,0,0,0,0,0,0,0,0,0,0,0,0,0,0,0,0,0,0,0,0,0,0,0,0,0,0,0,0,0,0,0,0,0,0,0,0,0,0,0,0,0,0,0,0,0,0,0,0,0,0,0,0,0,0,0,0,0,0,0,0,0,0,0,0,0,0,0,0,0,0,0,0,0,0,0,0,0,0,0,0,0,0,0,0,0,0,0,0,0,0,0,0,0,0,0,0,0,0,0,0,0,0,0,0,0,0,0,0,0,0,0,0,0,0,0,0,0,0,0,0,0,0,0,0,0,0,0,0,0,0,0,0,0,0,0,0,0,0,0,0,0,0,0,0,0,0,0,0,0,0,0,0,0,0,0,0,0,0,0,0,0,0,0,0,0,0,0,0,0,0,0,0,0,0,0,0,0,0
"129",209.692425,209.96055,210.024475,210.2313,210.2847,210.8955,210.952425,211.01,211.213425,211.24805,211.330275,211.3742,211.4395,211.495,211.594225,211.704,211.745875,211.942625,212.00865,212.069475,212.075775,212.306325,212.425675,212.440175,212.578225,212.599175,212.79685,212.931725,212.997575,213.06785,213.08705,213.20015,213.453975,213.4659,213.5216,213.70965,213.732225,213.75615,213.853725,213.955475,214.0053,214.037275,214.0763,214.3431,214.476725,214.53715,214.5719,214.6551,214.76075,214.8524,214.897,214.969625,214.99745,215.028675,215.062575,215.10125,215.122275,215.492375,215.7942,215.826575,215.964425,216.151375,216.2158,216.290225,216.31525,216.50215,216.5146,216.62585,216.6974,216.7734,216.84645,216.9504,217.329775,217.65765,217.67895,217.720125,217.7529,217.8997,218.33865,218.345,218.451125,218.526175,219.326525,219.394225,219.496075,219.6252,221.462725,221.62145,222.22515,0,0,0,0,0,0,0,0,0,0,0,0,0,0,0,0,0,0,0,0,0,0,0,0,0,0,0,0,0,0,0,0,0,0,0,0,0,0,0,0,0,0,0,0,0,0,0,0,0,0,0,0,0,0,0,0,0,0,0,0,0,0,0,0,0,0,0,0,0,0,0,0,0,0,0,0,0,0,0,0,0,0,0,0,0,0,0,0,0,0,0,0,0,0,0,0,0,0,0,0,0,0,0,0,0,0,0,0,0,0,0,0,0,0,0,0,0,0,0,0,0,0,0,0,0,0,0,0,0,0,0,0,0,0,0,0,0,0,0,0,0,0,0,0,0,0,0,0,0,0,0,0,0,0,0,0,0,0,0,0,0,0,0,0,0,0,0,0,0,0,0,0,0,0,0,0,0,0,0,0,0,0,0,0,0,0,0,0,0,0,0,0,0,0,0,0,0,0,0,0,0,0,0,0,0,0,0,0,0,0,0,0,0,0,0,0,0,0,0,0,0,0,0,0,0,0,0,0,0,0,0,0,0,0,0,0,0,0,0,0,0,0,0,0,0,0,0,0,0,0,0,0,0,0,0,0,0,0,0,0,0,0,0,0,0,0,0,0,0,0,0,0,0,0,0,0,0,0,0,0,0,0,0,0,0,0,0,0,0,0,0,0,0,0,0,0,0,0,0,0,0,0,0,0,0,0,0,0,0,0
"130",200.049025,200.335225,200.6396,200.9134,201.303275,201.830225,202.070125,202.327725,202.755875,202.97595,203.3196,203.619425,204.324075,205.27475,205.9422,206.2693,206.956925,209.82455,209.929875,210.05765,210.1023,210.1485,210.1747,210.241925,210.275075,210.303,210.326,210.356575,210.37515,210.404975,210.42595,210.493525,211.475775,212.81905,217.49945,219.1419,219.233975,219.26855,219.320125,219.388025,219.431875,219.5571,220.774575,220.834175,220.905325,221.00075,221.05365,221.198925,223.4831,223.635075,223.74935,223.98695,224.085175,224.213325,228.8287,229.216225,229.46725,229.8059,230.3165,230.697275,231.061125,231.96105,232.69995,0,0,0,0,0,0,0,0,0,0,0,0,0,0,0,0,0,0,0,0,0,0,0,0,0,0,0,0,0,0,0,0,0,0,0,0,0,0,0,0,0,0,0,0,0,0,0,0,0,0,0,0,0,0,0,0,0,0,0,0,0,0,0,0,0,0,0,0,0,0,0,0,0,0,0,0,0,0,0,0,0,0,0,0,0,0,0,0,0,0,0,0,0,0,0,0,0,0,0,0,0,0,0,0,0,0,0,0,0,0,0,0,0,0,0,0,0,0,0,0,0,0,0,0,0,0,0,0,0,0,0,0,0,0,0,0,0,0,0,0,0,0,0,0,0,0,0,0,0,0,0,0,0,0,0,0,0,0,0,0,0,0,0,0,0,0,0,0,0,0,0,0,0,0,0,0,0,0,0,0,0,0,0,0,0,0,0,0,0,0,0,0,0,0,0,0,0,0,0,0,0,0,0,0,0,0,0,0,0,0,0,0,0,0,0,0,0,0,0,0,0,0,0,0,0,0,0,0,0,0,0,0,0,0,0,0,0,0,0,0,0,0,0,0,0,0,0,0,0,0,0,0,0,0,0,0,0,0,0,0,0,0,0,0,0,0,0,0,0,0,0,0,0,0,0,0,0,0,0,0,0,0,0,0,0,0,0,0,0,0,0,0,0,0,0,0,0,0,0,0,0,0,0,0,0,0,0,0,0,0,0,0,0,0,0,0,0,0,0,0,0,0,0,0,0,0,0,0,0,0,0,0,0,0,0,0
"131",200.5892,202.33955,202.93905,203.33415,203.849875,204.476225,205.2208,206.538175,208.824,209.21735,209.618975,209.79225,210.162675,210.80655,211.0845,211.324725,211.3652,211.986425,212.27945,212.7411,213.38135,213.85875,214.212225,214.348825,214.4419,214.72845,215.57635,215.6402,216.2927,216.566625,216.592575,216.9129,217.0227,217.0804,217.135075,217.9174,218.25475,218.331775,218.49885,218.92065,219.20825,220.05625,220.37055,220.7328,220.8556,221.216625,221.2708,221.69505,221.77385,222.555225,223.219175,224.655425,225.12955,225.670875,226.07325,226.246425,226.47285,226.9193,227.04055,227.2615,231.6009,235.073575,0,0,0,0,0,0,0,0,0,0,0,0,0,0,0,0,0,0,0,0,0,0,0,0,0,0,0,0,0,0,0,0,0,0,0,0,0,0,0,0,0,0,0,0,0,0,0,0,0,0,0,0,0,0,0,0,0,0,0,0,0,0,0,0,0,0,0,0,0,0,0,0,0,0,0,0,0,0,0,0,0,0,0,0,0,0,0,0,0,0,0,0,0,0,0,0,0,0,0,0,0,0,0,0,0,0,0,0,0,0,0,0,0,0,0,0,0,0,0,0,0,0,0,0,0,0,0,0,0,0,0,0,0,0,0,0,0,0,0,0,0,0,0,0,0,0,0,0,0,0,0,0,0,0,0,0,0,0,0,0,0,0,0,0,0,0,0,0,0,0,0,0,0,0,0,0,0,0,0,0,0,0,0,0,0,0,0,0,0,0,0,0,0,0,0,0,0,0,0,0,0,0,0,0,0,0,0,0,0,0,0,0,0,0,0,0,0,0,0,0,0,0,0,0,0,0,0,0,0,0,0,0,0,0,0,0,0,0,0,0,0,0,0,0,0,0,0,0,0,0,0,0,0,0,0,0,0,0,0,0,0,0,0,0,0,0,0,0,0,0,0,0,0,0,0,0,0,0,0,0,0,0,0,0,0,0,0,0,0,0,0,0,0,0,0,0,0,0,0,0,0,0,0,0,0,0,0,0,0,0,0,0,0,0,0,0,0,0,0,0,0,0,0,0,0,0,0,0,0,0,0,0,0,0,0,0,0
"132",211.90095,211.9362,212.0708,212.10865,212.220575,212.2286,212.361125,212.45195,212.507325,212.540375,213.373275,213.39255,213.546,213.581475,213.629775,213.736375,213.80455,213.84045,213.882025,214.653275,214.73695,218.127975,218.23305,218.4185,218.44345,0,0,0,0,0,0,0,0,0,0,0,0,0,0,0,0,0,0,0,0,0,0,0,0,0,0,0,0,0,0,0,0,0,0,0,0,0,0,0,0,0,0,0,0,0,0,0,0,0,0,0,0,0,0,0,0,0,0,0,0,0,0,0,0,0,0,0,0,0,0,0,0,0,0,0,0,0,0,0,0,0,0,0,0,0,0,0,0,0,0,0,0,0,0,0,0,0,0,0,0,0,0,0,0,0,0,0,0,0,0,0,0,0,0,0,0,0,0,0,0,0,0,0,0,0,0,0,0,0,0,0,0,0,0,0,0,0,0,0,0,0,0,0,0,0,0,0,0,0,0,0,0,0,0,0,0,0,0,0,0,0,0,0,0,0,0,0,0,0,0,0,0,0,0,0,0,0,0,0,0,0,0,0,0,0,0,0,0,0,0,0,0,0,0,0,0,0,0,0,0,0,0,0,0,0,0,0,0,0,0,0,0,0,0,0,0,0,0,0,0,0,0,0,0,0,0,0,0,0,0,0,0,0,0,0,0,0,0,0,0,0,0,0,0,0,0,0,0,0,0,0,0,0,0,0,0,0,0,0,0,0,0,0,0,0,0,0,0,0,0,0,0,0,0,0,0,0,0,0,0,0,0,0,0,0,0,0,0,0,0,0,0,0,0,0,0,0,0,0,0,0,0,0,0,0,0,0,0,0,0,0,0,0,0,0,0,0,0,0,0,0,0,0,0,0,0,0,0,0,0,0,0,0,0,0,0,0,0,0,0,0,0,0,0,0,0,0,0,0,0,0,0,0,0,0,0,0,0,0,0,0,0,0,0,0,0,0,0,0,0,0,0,0,0
"133",200.296675,201.2376,202.9934,203.04865,203.618625,204.456225,204.584425,205.7128,205.869375,205.923725,206.19015,206.9837,207.45365,208.081825,208.315125,208.363,208.6177,208.85695,209.312425,210.561925,210.595625,210.967925,211.15335,211.565775,211.63035,211.754875,212.0733,212.118175,212.241125,212.25235,212.346,212.6685,213.050375,213.347325,213.5235,213.822225,214.30865,214.40465,214.564175,214.573125,214.8457,215.9071,215.97165,215.997225,216.102575,216.4033,217.692675,217.7683,217.8051,217.82785,217.86855,217.921225,217.9879,218.066075,218.24485,218.2715,218.30485,218.836875,220.13225,220.93625,222.3055,222.458225,224.813825,225.18975,235.484625,235.610525,236.221625,237.104475,237.229475,237.2642,237.362125,0,0,0,0,0,0,0,0,0,0,0,0,0,0,0,0,0,0,0,0,0,0,0,0,0,0,0,0,0,0,0,0,0,0,0,0,0,0,0,0,0,0,0,0,0,0,0,0,0,0,0,0,0,0,0,0,0,0,0,0,0,0,0,0,0,0,0,0,0,0,0,0,0,0,0,0,0,0,0,0,0,0,0,0,0,0,0,0,0,0,0,0,0,0,0,0,0,0,0,0,0,0,0,0,0,0,0,0,0,0,0,0,0,0,0,0,0,0,0,0,0,0,0,0,0,0,0,0,0,0,0,0,0,0,0,0,0,0,0,0,0,0,0,0,0,0,0,0,0,0,0,0,0,0,0,0,0,0,0,0,0,0,0,0,0,0,0,0,0,0,0,0,0,0,0,0,0,0,0,0,0,0,0,0,0,0,0,0,0,0,0,0,0,0,0,0,0,0,0,0,0,0,0,0,0,0,0,0,0,0,0,0,0,0,0,0,0,0,0,0,0,0,0,0,0,0,0,0,0,0,0,0,0,0,0,0,0,0,0,0,0,0,0,0,0,0,0,0,0,0,0,0,0,0,0,0,0,0,0,0,0,0,0,0,0,0,0,0,0,0,0,0,0,0,0,0,0,0,0,0,0,0,0,0,0,0,0,0,0,0,0,0,0,0,0,0,0,0,0,0,0,0,0,0,0,0,0,0,0,0,0,0,0,0,0,0,0,0,0,0,0,0,0,0,0,0,0,0
"134",212.204425,213.63525,213.749525,214.249575,214.638175,216.0144,216.898775,218.53895,218.691475,0,0,0,0,0,0,0,0,0,0,0,0,0,0,0,0,0,0,0,0,0,0,0,0,0,0,0,0,0,0,0,0,0,0,0,0,0,0,0,0,0,0,0,0,0,0,0,0,0,0,0,0,0,0,0,0,0,0,0,0,0,0,0,0,0,0,0,0,0,0,0,0,0,0,0,0,0,0,0,0,0,0,0,0,0,0,0,0,0,0,0,0,0,0,0,0,0,0,0,0,0,0,0,0,0,0,0,0,0,0,0,0,0,0,0,0,0,0,0,0,0,0,0,0,0,0,0,0,0,0,0,0,0,0,0,0,0,0,0,0,0,0,0,0,0,0,0,0,0,0,0,0,0,0,0,0,0,0,0,0,0,0,0,0,0,0,0,0,0,0,0,0,0,0,0,0,0,0,0,0,0,0,0,0,0,0,0,0,0,0,0,0,0,0,0,0,0,0,0,0,0,0,0,0,0,0,0,0,0,0,0,0,0,0,0,0,0,0,0,0,0,0,0,0,0,0,0,0,0,0,0,0,0,0,0,0,0,0,0,0,0,0,0,0,0,0,0,0,0,0,0,0,0,0,0,0,0,0,0,0,0,0,0,0,0,0,0,0,0,0,0,0,0,0,0,0,0,0,0,0,0,0,0,0,0,0,0,0,0,0,0,0,0,0,0,0,0,0,0,0,0,0,0,0,0,0,0,0,0,0,0,0,0,0,0,0,0,0,0,0,0,0,0,0,0,0,0,0,0,0,0,0,0,0,0,0,0,0,0,0,0,0,0,0,0,0,0,0,0,0,0,0,0,0,0,0,0,0,0,0,0,0,0,0,0,0,0,0,0,0,0,0,0,0,0,0,0,0,0,0,0,0,0,0,0,0,0,0,0,0
"135",210.9874,211.067875,212.0034,212.1335,212.194625,212.2136,213.31545,213.341425,213.471625,213.5072,213.755425,213.7748,213.81285,213.8458,213.8672,214.099725,214.73305,214.83735,214.8799,214.90545,216.243475,216.460175,218.34115,218.4611,218.5528,0,0,0,0,0,0,0,0,0,0,0,0,0,0,0,0,0,0,0,0,0,0,0,0,0,0,0,0,0,0,0,0,0,0,0,0,0,0,0,0,0,0,0,0,0,0,0,0,0,0,0,0,0,0,0,0,0,0,0,0,0,0,0,0,0,0,0,0,0,0,0,0,0,0,0,0,0,0,0,0,0,0,0,0,0,0,0,0,0,0,0,0,0,0,0,0,0,0,0,0,0,0,0,0,0,0,0,0,0,0,0,0,0,0,0,0,0,0,0,0,0,0,0,0,0,0,0,0,0,0,0,0,0,0,0,0,0,0,0,0,0,0,0,0,0,0,0,0,0,0,0,0,0,0,0,0,0,0,0,0,0,0,0,0,0,0,0,0,0,0,0,0,0,0,0,0,0,0,0,0,0,0,0,0,0,0,0,0,0,0,0,0,0,0,0,0,0,0,0,0,0,0,0,0,0,0,0,0,0,0,0,0,0,0,0,0,0,0,0,0,0,0,0,0,0,0,0,0,0,0,0,0,0,0,0,0,0,0,0,0,0,0,0,0,0,0,0,0,0,0,0,0,0,0,0,0,0,0,0,0,0,0,0,0,0,0,0,0,0,0,0,0,0,0,0,0,0,0,0,0,0,0,0,0,0,0,0,0,0,0,0,0,0,0,0,0,0,0,0,0,0,0,0,0,0,0,0,0,0,0,0,0,0,0,0,0,0,0,0,0,0,0,0,0,0,0,0,0,0,0,0,0,0,0,0,0,0,0,0,0,0,0,0,0,0,0,0,0,0,0,0,0,0,0,0,0,0,0,0,0,0,0,0,0,0,0,0,0,0,0,0,0,0,0
"136",211.93895,212.10645,213.733775,213.7573,213.779075,213.802575,213.83185,213.9422,213.962675,214.026875,218.4871,218.516925,218.5328,218.555,218.651675,0,0,0,0,0,0,0,0,0,0,0,0,0,0,0,0,0,0,0,0,0,0,0,0,0,0,0,0,0,0,0,0,0,0,0,0,0,0,0,0,0,0,0,0,0,0,0,0,0,0,0,0,0,0,0,0,0,0,0,0,0,0,0,0,0,0,0,0,0,0,0,0,0,0,0,0,0,0,0,0,0,0,0,0,0,0,0,0,0,0,0,0,0,0,0,0,0,0,0,0,0,0,0,0,0,0,0,0,0,0,0,0,0,0,0,0,0,0,0,0,0,0,0,0,0,0,0,0,0,0,0,0,0,0,0,0,0,0,0,0,0,0,0,0,0,0,0,0,0,0,0,0,0,0,0,0,0,0,0,0,0,0,0,0,0,0,0,0,0,0,0,0,0,0,0,0,0,0,0,0,0,0,0,0,0,0,0,0,0,0,0,0,0,0,0,0,0,0,0,0,0,0,0,0,0,0,0,0,0,0,0,0,0,0,0,0,0,0,0,0,0,0,0,0,0,0,0,0,0,0,0,0,0,0,0,0,0,0,0,0,0,0,0,0,0,0,0,0,0,0,0,0,0,0,0,0,0,0,0,0,0,0,0,0,0,0,0,0,0,0,0,0,0,0,0,0,0,0,0,0,0,0,0,0,0,0,0,0,0,0,0,0,0,0,0,0,0,0,0,0,0,0,0,0,0,0,0,0,0,0,0,0,0,0,0,0,0,0,0,0,0,0,0,0,0,0,0,0,0,0,0,0,0,0,0,0,0,0,0,0,0,0,0,0,0,0,0,0,0,0,0,0,0,0,0,0,0,0,0,0,0,0,0,0,0,0,0,0,0,0,0,0,0,0,0,0,0,0,0,0,0,0,0,0
"137",211.02685,211.120675,211.858,211.900275,211.955025,211.9557,212.03375,212.0781,212.278325,212.642325,213.834425,216.654675,218.115,222.5615,0,0,0,0,0,0,0,0,0,0,0,0,0,0,0,0,0,0,0,0,0,0,0,0,0,0,0,0,0,0,0,0,0,0,0,0,0,0,0,0,0,0,0,0,0,0,0,0,0,0,0,0,0,0,0,0,0,0,0,0,0,0,0,0,0,0,0,0,0,0,0,0,0,0,0,0,0,0,0,0,0,0,0,0,0,0,0,0,0,0,0,0,0,0,0,0,0,0,0,0,0,0,0,0,0,0,0,0,0,0,0,0,0,0,0,0,0,0,0,0,0,0,0,0,0,0,0,0,0,0,0,0,0,0,0,0,0,0,0,0,0,0,0,0,0,0,0,0,0,0,0,0,0,0,0,0,0,0,0,0,0,0,0,0,0,0,0,0,0,0,0,0,0,0,0,0,0,0,0,0,0,0,0,0,0,0,0,0,0,0,0,0,0,0,0,0,0,0,0,0,0,0,0,0,0,0,0,0,0,0,0,0,0,0,0,0,0,0,0,0,0,0,0,0,0,0,0,0,0,0,0,0,0,0,0,0,0,0,0,0,0,0,0,0,0,0,0,0,0,0,0,0,0,0,0,0,0,0,0,0,0,0,0,0,0,0,0,0,0,0,0,0,0,0,0,0,0,0,0,0,0,0,0,0,0,0,0,0,0,0,0,0,0,0,0,0,0,0,0,0,0,0,0,0,0,0,0,0,0,0,0,0,0,0,0,0,0,0,0,0,0,0,0,0,0,0,0,0,0,0,0,0,0,0,0,0,0,0,0,0,0,0,0,0,0,0,0,0,0,0,0,0,0,0,0,0,0,0,0,0,0,0,0,0,0,0,0,0,0,0,0,0,0,0,0,0,0,0,0,0,0,0,0,0,0
"138",200.13345,201.513825,201.931075,202.262325,202.9178,203.42675,203.855425,205.7108,206.226825,207.6593,208.368925,224.44475,224.564025,225.23725,225.756825,225.9567,226.7879,227.410325,227.651725,227.8981,228.561425,228.865275,229.893875,231.895225,232.796825,235.57025,235.981625,236.635225,237.278775,238.089775,238.25765,0,0,0,0,0,0,0,0,0,0,0,0,0,0,0,0,0,0,0,0,0,0,0,0,0,0,0,0,0,0,0,0,0,0,0,0,0,0,0,0,0,0,0,0,0,0,0,0,0,0,0,0,0,0,0,0,0,0,0,0,0,0,0,0,0,0,0,0,0,0,0,0,0,0,0,0,0,0,0,0,0,0,0,0,0,0,0,0,0,0,0,0,0,0,0,0,0,0,0,0,0,0,0,0,0,0,0,0,0,0,0,0,0,0,0,0,0,0,0,0,0,0,0,0,0,0,0,0,0,0,0,0,0,0,0,0,0,0,0,0,0,0,0,0,0,0,0,0,0,0,0,0,0,0,0,0,0,0,0,0,0,0,0,0,0,0,0,0,0,0,0,0,0,0,0,0,0,0,0,0,0,0,0,0,0,0,0,0,0,0,0,0,0,0,0,0,0,0,0,0,0,0,0,0,0,0,0,0,0,0,0,0,0,0,0,0,0,0,0,0,0,0,0,0,0,0,0,0,0,0,0,0,0,0,0,0,0,0,0,0,0,0,0,0,0,0,0,0,0,0,0,0,0,0,0,0,0,0,0,0,0,0,0,0,0,0,0,0,0,0,0,0,0,0,0,0,0,0,0,0,0,0,0,0,0,0,0,0,0,0,0,0,0,0,0,0,0,0,0,0,0,0,0,0,0,0,0,0,0,0,0,0,0,0,0,0,0,0,0,0,0,0,0,0,0,0,0,0,0,0,0,0,0,0,0,0,0,0,0,0,0,0,0,0,0,0,0,0,0,0,0,0,0,0,0,0,0,0,0,0,0,0,0,0,0,0,0,0
"139",211.881225,212.1158,214.83905,214.884075,215.289325,217.654125,218.219075,220.373875,0,0,0,0,0,0,0,0,0,0,0,0,0,0,0,0,0,0,0,0,0,0,0,0,0,0,0,0,0,0,0,0,0,0,0,0,0,0,0,0,0,0,0,0,0,0,0,0,0,0,0,0,0,0,0,0,0,0,0,0,0,0,0,0,0,0,0,0,0,0,0,0,0,0,0,0,0,0,0,0,0,0,0,0,0,0,0,0,0,0,0,0,0,0,0,0,0,0,0,0,0,0,0,0,0,0,0,0,0,0,0,0,0,0,0,0,0,0,0,0,0,0,0,0,0,0,0,0,0,0,0,0,0,0,0,0,0,0,0,0,0,0,0,0,0,0,0,0,0,0,0,0,0,0,0,0,0,0,0,0,0,0,0,0,0,0,0,0,0,0,0,0,0,0,0,0,0,0,0,0,0,0,0,0,0,0,0,0,0,0,0,0,0,0,0,0,0,0,0,0,0,0,0,0,0,0,0,0,0,0,0,0,0,0,0,0,0,0,0,0,0,0,0,0,0,0,0,0,0,0,0,0,0,0,0,0,0,0,0,0,0,0,0,0,0,0,0,0,0,0,0,0,0,0,0,0,0,0,0,0,0,0,0,0,0,0,0,0,0,0,0,0,0,0,0,0,0,0,0,0,0,0,0,0,0,0,0,0,0,0,0,0,0,0,0,0,0,0,0,0,0,0,0,0,0,0,0,0,0,0,0,0,0,0,0,0,0,0,0,0,0,0,0,0,0,0,0,0,0,0,0,0,0,0,0,0,0,0,0,0,0,0,0,0,0,0,0,0,0,0,0,0,0,0,0,0,0,0,0,0,0,0,0,0,0,0,0,0,0,0,0,0,0,0,0,0,0,0,0,0,0,0,0,0,0,0,0,0,0,0,0
"140",211.952425,212.039975,212.1571,212.180925,212.19005,212.2494,212.291125,212.335275,212.403325,212.551725,213.5057,213.680225,213.92625,216.384875,216.5004,216.635575,216.6652,218.187575,218.248475,218.295725,218.3242,218.39825,218.501025,218.5613,0,0,0,0,0,0,0,0,0,0,0,0,0,0,0,0,0,0,0,0,0,0,0,0,0,0,0,0,0,0,0,0,0,0,0,0,0,0,0,0,0,0,0,0,0,0,0,0,0,0,0,0,0,0,0,0,0,0,0,0,0,0,0,0,0,0,0,0,0,0,0,0,0,0,0,0,0,0,0,0,0,0,0,0,0,0,0,0,0,0,0,0,0,0,0,0,0,0,0,0,0,0,0,0,0,0,0,0,0,0,0,0,0,0,0,0,0,0,0,0,0,0,0,0,0,0,0,0,0,0,0,0,0,0,0,0,0,0,0,0,0,0,0,0,0,0,0,0,0,0,0,0,0,0,0,0,0,0,0,0,0,0,0,0,0,0,0,0,0,0,0,0,0,0,0,0,0,0,0,0,0,0,0,0,0,0,0,0,0,0,0,0,0,0,0,0,0,0,0,0,0,0,0,0,0,0,0,0,0,0,0,0,0,0,0,0,0,0,0,0,0,0,0,0,0,0,0,0,0,0,0,0,0,0,0,0,0,0,0,0,0,0,0,0,0,0,0,0,0,0,0,0,0,0,0,0,0,0,0,0,0,0,0,0,0,0,0,0,0,0,0,0,0,0,0,0,0,0,0,0,0,0,0,0,0,0,0,0,0,0,0,0,0,0,0,0,0,0,0,0,0,0,0,0,0,0,0,0,0,0,0,0,0,0,0,0,0,0,0,0,0,0,0,0,0,0,0,0,0,0,0,0,0,0,0,0,0,0,0,0,0,0,0,0,0,0,0,0,0,0,0,0,0,0,0,0,0,0,0,0,0,0,0,0,0,0,0,0,0,0,0,0,0,0,0
"141",210.968725,210.987425,212.421775,212.6093,213.785525,213.80165,213.832875,213.8521,213.9022,213.92485,213.980725,214.109775,214.19495,215.0815,215.17395,215.21845,215.3044,215.47435,215.495675,215.526475,215.603825,215.667575,216.6228,216.6902,216.77095,216.8178,216.907175,216.99045,217.041525,217.07805,217.1292,217.15525,217.21845,217.2602,218.678975,0,0,0,0,0,0,0,0,0,0,0,0,0,0,0,0,0,0,0,0,0,0,0,0,0,0,0,0,0,0,0,0,0,0,0,0,0,0,0,0,0,0,0,0,0,0,0,0,0,0,0,0,0,0,0,0,0,0,0,0,0,0,0,0,0,0,0,0,0,0,0,0,0,0,0,0,0,0,0,0,0,0,0,0,0,0,0,0,0,0,0,0,0,0,0,0,0,0,0,0,0,0,0,0,0,0,0,0,0,0,0,0,0,0,0,0,0,0,0,0,0,0,0,0,0,0,0,0,0,0,0,0,0,0,0,0,0,0,0,0,0,0,0,0,0,0,0,0,0,0,0,0,0,0,0,0,0,0,0,0,0,0,0,0,0,0,0,0,0,0,0,0,0,0,0,0,0,0,0,0,0,0,0,0,0,0,0,0,0,0,0,0,0,0,0,0,0,0,0,0,0,0,0,0,0,0,0,0,0,0,0,0,0,0,0,0,0,0,0,0,0,0,0,0,0,0,0,0,0,0,0,0,0,0,0,0,0,0,0,0,0,0,0,0,0,0,0,0,0,0,0,0,0,0,0,0,0,0,0,0,0,0,0,0,0,0,0,0,0,0,0,0,0,0,0,0,0,0,0,0,0,0,0,0,0,0,0,0,0,0,0,0,0,0,0,0,0,0,0,0,0,0,0,0,0,0,0,0,0,0,0,0,0,0,0,0,0,0,0,0,0,0,0,0,0,0,0,0,0,0,0,0,0,0,0,0,0,0,0,0,0,0,0,0,0,0,0,0,0,0,0,0,0,0,0,0,0,0,0,0,0,0,0,0
"142",211.0187,211.795125,211.894825,211.9628,211.98415,212.0103,212.03115,212.09635,212.116375,212.13715,212.196875,212.23525,212.33435,213.132975,213.1765,213.2254,213.2507,213.296975,213.309325,213.332825,213.35975,213.3746,213.3875,213.42245,213.45085,213.46125,213.488425,213.508125,213.5988,213.620425,213.637575,213.8732,214.4046,214.496075,214.535125,214.5766,214.60855,214.70175,214.73545,214.76285,214.795325,214.842125,214.889825,214.911,214.924525,214.95525,214.975975,215.006675,215.0488,215.070375,215.134675,215.17315,215.225475,216.10305,216.1412,216.15635,216.223725,216.24035,216.329625,216.340625,216.36185,216.387525,216.4146,216.444325,216.471925,216.516675,216.56645,216.585975,216.595825,216.64285,216.65635,216.697425,216.7363,216.754125,216.794175,216.864075,216.875825,216.8923,216.965425,217.95025,218.00005,218.037725,218.072725,218.097225,218.16175,218.1959,218.2765,218.30615,218.38275,218.4,218.4178,218.4447,218.499025,218.52035,218.561125,218.636025,218.71615,218.789875,0,0,0,0,0,0,0,0,0,0,0,0,0,0,0,0,0,0,0,0,0,0,0,0,0,0,0,0,0,0,0,0,0,0,0,0,0,0,0,0,0,0,0,0,0,0,0,0,0,0,0,0,0,0,0,0,0,0,0,0,0,0,0,0,0,0,0,0,0,0,0,0,0,0,0,0,0,0,0,0,0,0,0,0,0,0,0,0,0,0,0,0,0,0,0,0,0,0,0,0,0,0,0,0,0,0,0,0,0,0,0,0,0,0,0,0,0,0,0,0,0,0,0,0,0,0,0,0,0,0,0,0,0,0,0,0,0,0,0,0,0,0,0,0,0,0,0,0,0,0,0,0,0,0,0,0,0,0,0,0,0,0,0,0,0,0,0,0,0,0,0,0,0,0,0,0,0,0,0,0,0,0,0,0,0,0,0,0,0,0,0,0,0,0,0,0,0,0,0,0,0,0,0,0,0,0,0,0,0,0,0,0,0,0,0,0,0,0,0,0,0,0,0,0,0,0,0,0,0,0,0,0,0,0,0,0,0,0,0,0,0,0,0,0,0,0,0,0,0,0,0,0,0,0,0,0,0,0,0,0,0,0,0,0,0,0,0,0,0,0,0,0,0,0,0,0,0,0,0,0,0,0,0,0,0,0,0,0,0,0,0,0,0,0,0,0,0,0,0,0,0
"143",210.2566,210.928375,211.0177,211.04715,211.098725,211.19585,211.274925,211.366975,211.8614,211.89295,211.955,211.9712,211.99425,212.01865,212.051825,212.138825,212.1683,212.237675,212.260275,212.286025,212.30245,212.31315,212.320325,212.332175,212.3849,212.418625,212.49245,212.52275,212.551525,212.582475,212.6398,212.651525,213.0777,213.130475,213.154275,213.220975,213.322075,213.34325,213.3605,213.376325,213.4132,213.4657,213.493825,213.5086,213.5308,213.623225,213.642825,213.678325,213.73015,213.7337,213.750325,213.805325,213.825175,213.8473,213.8929,214.0131,214.073925,214.204725,214.2676,214.392625,214.440475,214.461525,214.49955,214.52505,214.569475,214.584525,214.61915,214.671625,214.6859,214.711125,214.727625,214.810425,214.828975,214.9492,214.9901,215.056575,215.1041,215.232925,215.284025,215.3227,215.32955,215.3509,215.3789,215.484525,215.50625,216.00055,216.074425,216.13505,216.151725,216.242725,216.371725,216.386625,216.427,216.4567,216.486275,216.5317,216.633225,216.6548,216.67675,216.81835,216.9335,217.006325,217.04105,217.149975,217.875325,218.05875,218.11685,218.209975,218.2364,218.2606,218.278,218.2947,218.328175,218.3657,218.3858,218.4048,218.413875,218.43965,218.452725,218.473175,218.4872,218.489,218.533775,218.555875,218.601675,218.6757,218.7097,218.884875,219.538725,219.647275,219.781475,220.00925,220.08975,220.17025,220.54945,221.265175,221.4188,221.532775,221.766275,221.9235,222.01595,222.0897,222.364225,222.3993,222.4642,222.52435,222.5769,222.70355,222.7642,222.812175,225.3483,225.815025,225.9657,226.03325,226.247825,226.49085,226.640725,227.3031,0,0,0,0,0,0,0,0,0,0,0,0,0,0,0,0,0,0,0,0,0,0,0,0,0,0,0,0,0,0,0,0,0,0,0,0,0,0,0,0,0,0,0,0,0,0,0,0,0,0,0,0,0,0,0,0,0,0,0,0,0,0,0,0,0,0,0,0,0,0,0,0,0,0,0,0,0,0,0,0,0,0,0,0,0,0,0,0,0,0,0,0,0,0,0,0,0,0,0,0,0,0,0,0,0,0,0,0,0,0,0,0,0,0,0,0,0,0,0,0,0,0,0,0,0,0,0,0,0,0,0,0,0,0,0,0,0,0,0,0,0,0,0,0,0,0,0,0,0,0,0,0,0,0,0,0,0,0,0,0,0,0,0,0,0,0,0,0,0,0,0,0,0,0,0,0,0,0,0,0,0,0,0,0,0,0,0,0,0,0,0,0,0,0,0,0,0,0,0,0,0,0,0,0,0,0,0,0,0,0,0,0,0,0,0,0,0,0,0,0,0,0,0,0,0,0,0,0,0,0,0,0,0,0,0,0,0,0,0,0,0
"144",201.652225,203.292325,204.609375,204.8671,205.26705,205.4764,205.857275,206.00125,207.4467,208.03865,208.424425,209.07515,214.882525,221.512425,223.49165,225.809,227.0276,227.6129,228.019575,228.473175,229.4534,229.7111,231.4685,232.944,233.2885,233.4962,234.0436,234.806775,235.781325,236.15,236.8691,237.523625,237.90365,238.2865,0,0,0,0,0,0,0,0,0,0,0,0,0,0,0,0,0,0,0,0,0,0,0,0,0,0,0,0,0,0,0,0,0,0,0,0,0,0,0,0,0,0,0,0,0,0,0,0,0,0,0,0,0,0,0,0,0,0,0,0,0,0,0,0,0,0,0,0,0,0,0,0,0,0,0,0,0,0,0,0,0,0,0,0,0,0,0,0,0,0,0,0,0,0,0,0,0,0,0,0,0,0,0,0,0,0,0,0,0,0,0,0,0,0,0,0,0,0,0,0,0,0,0,0,0,0,0,0,0,0,0,0,0,0,0,0,0,0,0,0,0,0,0,0,0,0,0,0,0,0,0,0,0,0,0,0,0,0,0,0,0,0,0,0,0,0,0,0,0,0,0,0,0,0,0,0,0,0,0,0,0,0,0,0,0,0,0,0,0,0,0,0,0,0,0,0,0,0,0,0,0,0,0,0,0,0,0,0,0,0,0,0,0,0,0,0,0,0,0,0,0,0,0,0,0,0,0,0,0,0,0,0,0,0,0,0,0,0,0,0,0,0,0,0,0,0,0,0,0,0,0,0,0,0,0,0,0,0,0,0,0,0,0,0,0,0,0,0,0,0,0,0,0,0,0,0,0,0,0,0,0,0,0,0,0,0,0,0,0,0,0,0,0,0,0,0,0,0,0,0,0,0,0,0,0,0,0,0,0,0,0,0,0,0,0,0,0,0,0,0,0,0,0,0,0,0,0,0,0,0,0,0,0,0,0,0,0,0,0,0,0,0,0,0,0,0,0,0,0,0,0,0,0,0,0,0,0,0,0,0,0,0,0,0,0
"145",209.54665,210.83225,211.69935,212.094575,214.378675,214.48135,214.856075,218.094875,219.838375,0,0,0,0,0,0,0,0,0,0,0,0,0,0,0,0,0,0,0,0,0,0,0,0,0,0,0,0,0,0,0,0,0,0,0,0,0,0,0,0,0,0,0,0,0,0,0,0,0,0,0,0,0,0,0,0,0,0,0,0,0,0,0,0,0,0,0,0,0,0,0,0,0,0,0,0,0,0,0,0,0,0,0,0,0,0,0,0,0,0,0,0,0,0,0,0,0,0,0,0,0,0,0,0,0,0,0,0,0,0,0,0,0,0,0,0,0,0,0,0,0,0,0,0,0,0,0,0,0,0,0,0,0,0,0,0,0,0,0,0,0,0,0,0,0,0,0,0,0,0,0,0,0,0,0,0,0,0,0,0,0,0,0,0,0,0,0,0,0,0,0,0,0,0,0,0,0,0,0,0,0,0,0,0,0,0,0,0,0,0,0,0,0,0,0,0,0,0,0,0,0,0,0,0,0,0,0,0,0,0,0,0,0,0,0,0,0,0,0,0,0,0,0,0,0,0,0,0,0,0,0,0,0,0,0,0,0,0,0,0,0,0,0,0,0,0,0,0,0,0,0,0,0,0,0,0,0,0,0,0,0,0,0,0,0,0,0,0,0,0,0,0,0,0,0,0,0,0,0,0,0,0,0,0,0,0,0,0,0,0,0,0,0,0,0,0,0,0,0,0,0,0,0,0,0,0,0,0,0,0,0,0,0,0,0,0,0,0,0,0,0,0,0,0,0,0,0,0,0,0,0,0,0,0,0,0,0,0,0,0,0,0,0,0,0,0,0,0,0,0,0,0,0,0,0,0,0,0,0,0,0,0,0,0,0,0,0,0,0,0,0,0,0,0,0,0,0,0,0,0,0,0,0,0,0,0,0,0,0,0
"146",210.893675,211.9079,212.075675,212.45045,213.00875,213.29975,213.42915,213.9726,215.497925,216.4011,216.50265,216.701075,220.3925,222.2352,0,0,0,0,0,0,0,0,0,0,0,0,0,0,0,0,0,0,0,0,0,0,0,0,0,0,0,0,0,0,0,0,0,0,0,0,0,0,0,0,0,0,0,0,0,0,0,0,0,0,0,0,0,0,0,0,0,0,0,0,0,0,0,0,0,0,0,0,0,0,0,0,0,0,0,0,0,0,0,0,0,0,0,0,0,0,0,0,0,0,0,0,0,0,0,0,0,0,0,0,0,0,0,0,0,0,0,0,0,0,0,0,0,0,0,0,0,0,0,0,0,0,0,0,0,0,0,0,0,0,0,0,0,0,0,0,0,0,0,0,0,0,0,0,0,0,0,0,0,0,0,0,0,0,0,0,0,0,0,0,0,0,0,0,0,0,0,0,0,0,0,0,0,0,0,0,0,0,0,0,0,0,0,0,0,0,0,0,0,0,0,0,0,0,0,0,0,0,0,0,0,0,0,0,0,0,0,0,0,0,0,0,0,0,0,0,0,0,0,0,0,0,0,0,0,0,0,0,0,0,0,0,0,0,0,0,0,0,0,0,0,0,0,0,0,0,0,0,0,0,0,0,0,0,0,0,0,0,0,0,0,0,0,0,0,0,0,0,0,0,0,0,0,0,0,0,0,0,0,0,0,0,0,0,0,0,0,0,0,0,0,0,0,0,0,0,0,0,0,0,0,0,0,0,0,0,0,0,0,0,0,0,0,0,0,0,0,0,0,0,0,0,0,0,0,0,0,0,0,0,0,0,0,0,0,0,0,0,0,0,0,0,0,0,0,0,0,0,0,0,0,0,0,0,0,0,0,0,0,0,0,0,0,0,0,0,0,0,0,0,0,0,0,0,0,0,0,0,0,0,0,0,0,0,0
"147",212.161,213.52685,0,0,0,0,0,0,0,0,0,0,0,0,0,0,0,0,0,0,0,0,0,0,0,0,0,0,0,0,0,0,0,0,0,0,0,0,0,0,0,0,0,0,0,0,0,0,0,0,0,0,0,0,0,0,0,0,0,0,0,0,0,0,0,0,0,0,0,0,0,0,0,0,0,0,0,0,0,0,0,0,0,0,0,0,0,0,0,0,0,0,0,0,0,0,0,0,0,0,0,0,0,0,0,0,0,0,0,0,0,0,0,0,0,0,0,0,0,0,0,0,0,0,0,0,0,0,0,0,0,0,0,0,0,0,0,0,0,0,0,0,0,0,0,0,0,0,0,0,0,0,0,0,0,0,0,0,0,0,0,0,0,0,0,0,0,0,0,0,0,0,0,0,0,0,0,0,0,0,0,0,0,0,0,0,0,0,0,0,0,0,0,0,0,0,0,0,0,0,0,0,0,0,0,0,0,0,0,0,0,0,0,0,0,0,0,0,0,0,0,0,0,0,0,0,0,0,0,0,0,0,0,0,0,0,0,0,0,0,0,0,0,0,0,0,0,0,0,0,0,0,0,0,0,0,0,0,0,0,0,0,0,0,0,0,0,0,0,0,0,0,0,0,0,0,0,0,0,0,0,0,0,0,0,0,0,0,0,0,0,0,0,0,0,0,0,0,0,0,0,0,0,0,0,0,0,0,0,0,0,0,0,0,0,0,0,0,0,0,0,0,0,0,0,0,0,0,0,0,0,0,0,0,0,0,0,0,0,0,0,0,0,0,0,0,0,0,0,0,0,0,0,0,0,0,0,0,0,0,0,0,0,0,0,0,0,0,0,0,0,0,0,0,0,0,0,0,0,0,0,0,0,0,0,0,0,0,0,0,0,0,0,0,0,0,0,0,0
"148",209.491825,210.0616,210.560175,210.627475,210.740375,210.87505,210.921175,211.22535,211.388075,211.524125,211.5663,211.700525,211.784075,211.819825,212.1563,212.726325,212.786775,212.8569,212.97925,213.196,213.3914,213.51285,214.188575,214.250525,214.301375,214.338425,214.362425,214.526525,214.543425,214.6268,215.0048,215.09805,215.1668,215.35185,215.7765,215.8414,216.080225,216.46825,216.99195,217.364525,217.478575,217.5709,217.62365,217.792225,218.039625,218.191575,218.202025,218.434775,218.528575,218.670775,218.86835,219.617025,219.7124,219.877275,220.0679,220.1334,220.229075,221.651625,221.809475,221.86955,221.96745,222.08295,222.19175,222.392625,222.6429,225.083925,225.185925,0,0,0,0,0,0,0,0,0,0,0,0,0,0,0,0,0,0,0,0,0,0,0,0,0,0,0,0,0,0,0,0,0,0,0,0,0,0,0,0,0,0,0,0,0,0,0,0,0,0,0,0,0,0,0,0,0,0,0,0,0,0,0,0,0,0,0,0,0,0,0,0,0,0,0,0,0,0,0,0,0,0,0,0,0,0,0,0,0,0,0,0,0,0,0,0,0,0,0,0,0,0,0,0,0,0,0,0,0,0,0,0,0,0,0,0,0,0,0,0,0,0,0,0,0,0,0,0,0,0,0,0,0,0,0,0,0,0,0,0,0,0,0,0,0,0,0,0,0,0,0,0,0,0,0,0,0,0,0,0,0,0,0,0,0,0,0,0,0,0,0,0,0,0,0,0,0,0,0,0,0,0,0,0,0,0,0,0,0,0,0,0,0,0,0,0,0,0,0,0,0,0,0,0,0,0,0,0,0,0,0,0,0,0,0,0,0,0,0,0,0,0,0,0,0,0,0,0,0,0,0,0,0,0,0,0,0,0,0,0,0,0,0,0,0,0,0,0,0,0,0,0,0,0,0,0,0,0,0,0,0,0,0,0,0,0,0,0,0,0,0,0,0,0,0,0,0,0,0,0,0,0,0,0,0,0,0,0,0,0,0,0,0,0,0,0,0,0,0,0,0,0,0,0,0,0,0,0,0,0,0,0,0,0,0,0,0,0,0,0,0,0,0,0,0,0,0,0,0,0,0,0
"149",211.254725,211.2909,211.84305,211.905775,211.99985,212.0882,212.108625,212.1894,212.224275,212.261325,212.356375,212.35815,212.5717,212.59805,213.32595,213.411375,213.443175,213.594725,213.6524,213.6576,213.6906,213.7141,213.7159,213.738825,213.741725,213.802425,213.85935,213.982375,214.053775,214.71525,214.7395,214.8383,214.86995,214.91745,215.000875,215.1702,215.29515,215.38195,215.511525,215.535675,216.289875,216.3331,216.361025,216.532825,216.5546,216.638425,216.67885,216.69885,216.760475,216.811225,216.8722,216.917625,216.9678,217.01735,217.15265,218.0837,218.113225,218.28015,218.300725,218.378375,218.442625,218.532975,218.55875,218.629975,218.681425,218.857475,218.898625,219.002725,0,0,0,0,0,0,0,0,0,0,0,0,0,0,0,0,0,0,0,0,0,0,0,0,0,0,0,0,0,0,0,0,0,0,0,0,0,0,0,0,0,0,0,0,0,0,0,0,0,0,0,0,0,0,0,0,0,0,0,0,0,0,0,0,0,0,0,0,0,0,0,0,0,0,0,0,0,0,0,0,0,0,0,0,0,0,0,0,0,0,0,0,0,0,0,0,0,0,0,0,0,0,0,0,0,0,0,0,0,0,0,0,0,0,0,0,0,0,0,0,0,0,0,0,0,0,0,0,0,0,0,0,0,0,0,0,0,0,0,0,0,0,0,0,0,0,0,0,0,0,0,0,0,0,0,0,0,0,0,0,0,0,0,0,0,0,0,0,0,0,0,0,0,0,0,0,0,0,0,0,0,0,0,0,0,0,0,0,0,0,0,0,0,0,0,0,0,0,0,0,0,0,0,0,0,0,0,0,0,0,0,0,0,0,0,0,0,0,0,0,0,0,0,0,0,0,0,0,0,0,0,0,0,0,0,0,0,0,0,0,0,0,0,0,0,0,0,0,0,0,0,0,0,0,0,0,0,0,0,0,0,0,0,0,0,0,0,0,0,0,0,0,0,0,0,0,0,0,0,0,0,0,0,0,0,0,0,0,0,0,0,0,0,0,0,0,0,0,0,0,0,0,0,0,0,0,0,0,0,0,0,0,0,0,0,0,0,0,0,0,0,0,0,0,0,0,0,0,0,0,0
"150",210.992475,211.021575,211.15185,211.20385,211.267775,211.85095,212.028075,212.060225,212.386875,213.115375,213.219275,213.46735,214.497725,214.5665,214.6776,214.961425,215.395925,215.52175,216.309475,216.55615,217.044225,217.959225,218.01045,218.041925,218.3698,218.405775,219.956225,220.0397,220.1879,220.35095,222.103625,222.436975,0,0,0,0,0,0,0,0,0,0,0,0,0,0,0,0,0,0,0,0,0,0,0,0,0,0,0,0,0,0,0,0,0,0,0,0,0,0,0,0,0,0,0,0,0,0,0,0,0,0,0,0,0,0,0,0,0,0,0,0,0,0,0,0,0,0,0,0,0,0,0,0,0,0,0,0,0,0,0,0,0,0,0,0,0,0,0,0,0,0,0,0,0,0,0,0,0,0,0,0,0,0,0,0,0,0,0,0,0,0,0,0,0,0,0,0,0,0,0,0,0,0,0,0,0,0,0,0,0,0,0,0,0,0,0,0,0,0,0,0,0,0,0,0,0,0,0,0,0,0,0,0,0,0,0,0,0,0,0,0,0,0,0,0,0,0,0,0,0,0,0,0,0,0,0,0,0,0,0,0,0,0,0,0,0,0,0,0,0,0,0,0,0,0,0,0,0,0,0,0,0,0,0,0,0,0,0,0,0,0,0,0,0,0,0,0,0,0,0,0,0,0,0,0,0,0,0,0,0,0,0,0,0,0,0,0,0,0,0,0,0,0,0,0,0,0,0,0,0,0,0,0,0,0,0,0,0,0,0,0,0,0,0,0,0,0,0,0,0,0,0,0,0,0,0,0,0,0,0,0,0,0,0,0,0,0,0,0,0,0,0,0,0,0,0,0,0,0,0,0,0,0,0,0,0,0,0,0,0,0,0,0,0,0,0,0,0,0,0,0,0,0,0,0,0,0,0,0,0,0,0,0,0,0,0,0,0,0,0,0,0,0,0,0,0,0,0,0,0,0,0,0,0,0,0,0,0,0,0,0,0,0,0,0,0,0,0
"151",200.74235,209.4442,209.452875,209.456725,209.461525,209.46675,209.475325,209.484075,209.506425,209.582125,209.967075,210.69745,210.725275,210.74255,210.756225,210.7608,210.79155,210.8057,210.890725,211.007175,211.09065,211.71655,211.74015,211.750675,211.758475,211.924275,212.011925,212.052325,212.522175,213.0303,213.05165,213.062625,213.071025,213.082975,213.12875,213.192375,213.2813,213.30755,213.354575,214.403725,214.416625,214.44475,214.4557,214.687225,214.73365,214.886175,215.157125,215.96335,215.994975,216.04905,216.075275,216.08865,216.2081,216.2265,216.2377,216.459925,216.4758,217.767375,217.809375,217.81985,217.853575,217.8653,217.878825,217.901475,217.934875,217.98495,218.1346,218.147,219.703275,219.71805,219.7955,219.925825,221.546275,221.60805,221.670975,221.790225,221.844025,222.011775,222.3253,222.382475,222.478625,225.119625,225.17045,225.758375,226.25545,226.28175,227.573975,0,0,0,0,0,0,0,0,0,0,0,0,0,0,0,0,0,0,0,0,0,0,0,0,0,0,0,0,0,0,0,0,0,0,0,0,0,0,0,0,0,0,0,0,0,0,0,0,0,0,0,0,0,0,0,0,0,0,0,0,0,0,0,0,0,0,0,0,0,0,0,0,0,0,0,0,0,0,0,0,0,0,0,0,0,0,0,0,0,0,0,0,0,0,0,0,0,0,0,0,0,0,0,0,0,0,0,0,0,0,0,0,0,0,0,0,0,0,0,0,0,0,0,0,0,0,0,0,0,0,0,0,0,0,0,0,0,0,0,0,0,0,0,0,0,0,0,0,0,0,0,0,0,0,0,0,0,0,0,0,0,0,0,0,0,0,0,0,0,0,0,0,0,0,0,0,0,0,0,0,0,0,0,0,0,0,0,0,0,0,0,0,0,0,0,0,0,0,0,0,0,0,0,0,0,0,0,0,0,0,0,0,0,0,0,0,0,0,0,0,0,0,0,0,0,0,0,0,0,0,0,0,0,0,0,0,0,0,0,0,0,0,0,0,0,0,0,0,0,0,0,0,0,0,0,0,0,0,0,0,0,0,0,0,0,0,0,0,0,0,0,0,0,0,0,0,0,0,0,0,0,0,0,0,0,0,0,0,0,0,0,0,0,0,0,0,0,0,0,0,0,0,0,0,0,0,0,0,0,0,0,0
"152",210.797125,210.844475,211.336825,211.57205,211.738175,212.989975,213.126725,214.144675,214.342,214.667425,215.44475,215.711475,215.8658,216.565125,217.368325,217.5221,219.8119,221.048,221.67605,0,0,0,0,0,0,0,0,0,0,0,0,0,0,0,0,0,0,0,0,0,0,0,0,0,0,0,0,0,0,0,0,0,0,0,0,0,0,0,0,0,0,0,0,0,0,0,0,0,0,0,0,0,0,0,0,0,0,0,0,0,0,0,0,0,0,0,0,0,0,0,0,0,0,0,0,0,0,0,0,0,0,0,0,0,0,0,0,0,0,0,0,0,0,0,0,0,0,0,0,0,0,0,0,0,0,0,0,0,0,0,0,0,0,0,0,0,0,0,0,0,0,0,0,0,0,0,0,0,0,0,0,0,0,0,0,0,0,0,0,0,0,0,0,0,0,0,0,0,0,0,0,0,0,0,0,0,0,0,0,0,0,0,0,0,0,0,0,0,0,0,0,0,0,0,0,0,0,0,0,0,0,0,0,0,0,0,0,0,0,0,0,0,0,0,0,0,0,0,0,0,0,0,0,0,0,0,0,0,0,0,0,0,0,0,0,0,0,0,0,0,0,0,0,0,0,0,0,0,0,0,0,0,0,0,0,0,0,0,0,0,0,0,0,0,0,0,0,0,0,0,0,0,0,0,0,0,0,0,0,0,0,0,0,0,0,0,0,0,0,0,0,0,0,0,0,0,0,0,0,0,0,0,0,0,0,0,0,0,0,0,0,0,0,0,0,0,0,0,0,0,0,0,0,0,0,0,0,0,0,0,0,0,0,0,0,0,0,0,0,0,0,0,0,0,0,0,0,0,0,0,0,0,0,0,0,0,0,0,0,0,0,0,0,0,0,0,0,0,0,0,0,0,0,0,0,0,0,0,0,0,0,0,0,0,0,0,0,0,0,0,0,0,0,0,0,0,0,0,0
"153",218.8725,219.9531,220.125375,220.362925,221.791075,222.456325,222.656425,0,0,0,0,0,0,0,0,0,0,0,0,0,0,0,0,0,0,0,0,0,0,0,0,0,0,0,0,0,0,0,0,0,0,0,0,0,0,0,0,0,0,0,0,0,0,0,0,0,0,0,0,0,0,0,0,0,0,0,0,0,0,0,0,0,0,0,0,0,0,0,0,0,0,0,0,0,0,0,0,0,0,0,0,0,0,0,0,0,0,0,0,0,0,0,0,0,0,0,0,0,0,0,0,0,0,0,0,0,0,0,0,0,0,0,0,0,0,0,0,0,0,0,0,0,0,0,0,0,0,0,0,0,0,0,0,0,0,0,0,0,0,0,0,0,0,0,0,0,0,0,0,0,0,0,0,0,0,0,0,0,0,0,0,0,0,0,0,0,0,0,0,0,0,0,0,0,0,0,0,0,0,0,0,0,0,0,0,0,0,0,0,0,0,0,0,0,0,0,0,0,0,0,0,0,0,0,0,0,0,0,0,0,0,0,0,0,0,0,0,0,0,0,0,0,0,0,0,0,0,0,0,0,0,0,0,0,0,0,0,0,0,0,0,0,0,0,0,0,0,0,0,0,0,0,0,0,0,0,0,0,0,0,0,0,0,0,0,0,0,0,0,0,0,0,0,0,0,0,0,0,0,0,0,0,0,0,0,0,0,0,0,0,0,0,0,0,0,0,0,0,0,0,0,0,0,0,0,0,0,0,0,0,0,0,0,0,0,0,0,0,0,0,0,0,0,0,0,0,0,0,0,0,0,0,0,0,0,0,0,0,0,0,0,0,0,0,0,0,0,0,0,0,0,0,0,0,0,0,0,0,0,0,0,0,0,0,0,0,0,0,0,0,0,0,0,0,0,0,0,0,0,0,0,0,0,0,0,0,0,0,0
"154",209.902325,211.14625,211.1979,211.223475,211.8888,211.92945,211.973475,212.067525,212.127475,212.247975,212.380325,212.529375,212.6772,213.2167,213.234925,213.2671,213.303925,213.34905,213.492525,213.566675,213.772325,213.8994,214.638225,214.77905,215.0327,215.119475,215.25665,215.33395,215.45285,217.0602,217.3157,218.045725,218.151675,218.4827,218.7481,218.8052,220.0461,220.27385,220.554075,222.33215,222.41685,222.493825,222.565825,222.624725,222.70895,222.758525,222.8363,0,0,0,0,0,0,0,0,0,0,0,0,0,0,0,0,0,0,0,0,0,0,0,0,0,0,0,0,0,0,0,0,0,0,0,0,0,0,0,0,0,0,0,0,0,0,0,0,0,0,0,0,0,0,0,0,0,0,0,0,0,0,0,0,0,0,0,0,0,0,0,0,0,0,0,0,0,0,0,0,0,0,0,0,0,0,0,0,0,0,0,0,0,0,0,0,0,0,0,0,0,0,0,0,0,0,0,0,0,0,0,0,0,0,0,0,0,0,0,0,0,0,0,0,0,0,0,0,0,0,0,0,0,0,0,0,0,0,0,0,0,0,0,0,0,0,0,0,0,0,0,0,0,0,0,0,0,0,0,0,0,0,0,0,0,0,0,0,0,0,0,0,0,0,0,0,0,0,0,0,0,0,0,0,0,0,0,0,0,0,0,0,0,0,0,0,0,0,0,0,0,0,0,0,0,0,0,0,0,0,0,0,0,0,0,0,0,0,0,0,0,0,0,0,0,0,0,0,0,0,0,0,0,0,0,0,0,0,0,0,0,0,0,0,0,0,0,0,0,0,0,0,0,0,0,0,0,0,0,0,0,0,0,0,0,0,0,0,0,0,0,0,0,0,0,0,0,0,0,0,0,0,0,0,0,0,0,0,0,0,0,0,0,0,0,0,0,0,0,0,0,0,0,0,0,0,0,0,0,0,0,0,0,0,0,0,0,0,0,0,0,0,0,0,0,0,0,0,0,0,0,0,0,0,0,0,0,0,0,0,0,0,0,0,0,0,0,0,0,0,0,0
"155",210.109325,210.618775,210.8088,210.95745,210.990625,211.038775,211.12785,211.274075,211.445975,211.49715,211.5173,211.697025,211.714975,211.77665,211.810475,211.879775,211.916325,211.9251,211.947525,212.051375,212.074925,212.0872,212.23935,212.27935,212.600275,213.0892,213.10865,213.12985,213.163375,213.168675,213.194475,213.218225,213.29055,213.301125,213.32015,213.32935,213.40295,213.4142,213.48765,213.491575,213.650075,213.7141,214.453025,214.4715,214.5633,214.607375,214.679375,214.715425,214.72635,214.72765,214.7644,214.818825,214.91155,214.931875,214.973025,215.060225,215.12835,215.216675,215.273375,215.49085,216.12875,216.15525,216.2262,216.255175,216.3067,216.4408,216.4824,216.531475,216.580675,216.6037,216.64445,216.792275,216.989,217.69255,217.92515,218.008425,218.057325,218.0742,218.096225,218.10175,218.1102,218.136125,218.155975,218.1578,218.172225,218.2064,218.30835,218.35195,218.4081,218.55375,218.609225,218.666725,218.7123,218.8633,220.0915,220.171,220.200975,220.22335,220.28405,220.443225,220.49965,221.764175,221.79895,221.8373,221.872125,221.92835,221.944225,222.2238,222.25185,222.271975,222.3133,222.387925,222.43365,222.55765,222.82545,225.819,0,0,0,0,0,0,0,0,0,0,0,0,0,0,0,0,0,0,0,0,0,0,0,0,0,0,0,0,0,0,0,0,0,0,0,0,0,0,0,0,0,0,0,0,0,0,0,0,0,0,0,0,0,0,0,0,0,0,0,0,0,0,0,0,0,0,0,0,0,0,0,0,0,0,0,0,0,0,0,0,0,0,0,0,0,0,0,0,0,0,0,0,0,0,0,0,0,0,0,0,0,0,0,0,0,0,0,0,0,0,0,0,0,0,0,0,0,0,0,0,0,0,0,0,0,0,0,0,0,0,0,0,0,0,0,0,0,0,0,0,0,0,0,0,0,0,0,0,0,0,0,0,0,0,0,0,0,0,0,0,0,0,0,0,0,0,0,0,0,0,0,0,0,0,0,0,0,0,0,0,0,0,0,0,0,0,0,0,0,0,0,0,0,0,0,0,0,0,0,0,0,0,0,0,0,0,0,0,0,0,0,0,0,0,0,0,0,0,0,0,0,0,0,0,0,0,0,0,0,0,0,0,0,0,0,0,0,0,0,0,0,0,0,0,0,0,0,0,0,0,0,0,0,0,0,0,0,0,0,0,0,0,0,0,0,0,0,0,0,0,0,0,0,0,0,0,0,0,0,0,0,0,0
"156",210.958975,211.825775,212.314675,213.45025,213.7519,214.07295,214.347375,214.41985,214.437425,214.543375,214.56765,214.644875,214.691925,214.8421,215.351475,215.419975,216.038075,216.076475,216.1449,216.16105,216.24265,216.37775,216.40705,217.048775,217.1212,222.430225,222.5978,0,0,0,0,0,0,0,0,0,0,0,0,0,0,0,0,0,0,0,0,0,0,0,0,0,0,0,0,0,0,0,0,0,0,0,0,0,0,0,0,0,0,0,0,0,0,0,0,0,0,0,0,0,0,0,0,0,0,0,0,0,0,0,0,0,0,0,0,0,0,0,0,0,0,0,0,0,0,0,0,0,0,0,0,0,0,0,0,0,0,0,0,0,0,0,0,0,0,0,0,0,0,0,0,0,0,0,0,0,0,0,0,0,0,0,0,0,0,0,0,0,0,0,0,0,0,0,0,0,0,0,0,0,0,0,0,0,0,0,0,0,0,0,0,0,0,0,0,0,0,0,0,0,0,0,0,0,0,0,0,0,0,0,0,0,0,0,0,0,0,0,0,0,0,0,0,0,0,0,0,0,0,0,0,0,0,0,0,0,0,0,0,0,0,0,0,0,0,0,0,0,0,0,0,0,0,0,0,0,0,0,0,0,0,0,0,0,0,0,0,0,0,0,0,0,0,0,0,0,0,0,0,0,0,0,0,0,0,0,0,0,0,0,0,0,0,0,0,0,0,0,0,0,0,0,0,0,0,0,0,0,0,0,0,0,0,0,0,0,0,0,0,0,0,0,0,0,0,0,0,0,0,0,0,0,0,0,0,0,0,0,0,0,0,0,0,0,0,0,0,0,0,0,0,0,0,0,0,0,0,0,0,0,0,0,0,0,0,0,0,0,0,0,0,0,0,0,0,0,0,0,0,0,0,0,0,0,0,0,0,0,0,0,0,0,0,0,0,0,0,0,0,0,0,0,0,0,0,0,0,0,0,0,0,0,0,0,0,0,0,0,0
"157",210.57765,210.8331,210.9122,210.985225,211.01175,211.0746,211.1207,211.199225,211.208175,211.225775,211.27385,211.341,211.36285,211.502325,211.524175,211.571675,211.61095,211.672525,211.81705,211.909925,211.95975,211.967375,211.996175,212.099425,212.108675,212.1115,212.12765,212.173525,212.2588,212.3455,212.434875,212.5638,212.5936,212.6108,212.617475,212.680375,212.714825,212.795875,212.811425,212.866025,212.90595,212.940725,212.97215,213.0093,213.0361,213.09145,213.13825,213.18225,213.2184,213.27625,213.344275,213.376525,213.3864,213.414925,213.508,213.5306,213.556225,213.567975,213.5755,213.591325,213.6,213.66395,213.77325,213.8009,213.901775,213.985875,214.002125,214.030175,214.059175,214.1147,214.1902,214.237825,214.2749,214.290775,214.350275,214.378075,214.393975,214.4466,214.495225,214.50795,214.573825,214.628875,214.6517,214.66725,214.699175,214.77735,214.7916,214.896575,214.93845,214.99855,215.075975,215.1008,215.16765,215.2168,215.27895,215.32525,215.3397,215.348325,215.3981,215.423675,215.446275,215.490775,215.68285,215.74925,215.873275,215.8938,215.910525,216.015,216.02885,216.096025,216.114975,216.24715,216.27725,216.291575,216.316425,216.3399,216.363625,216.463,216.57945,216.653275,216.68065,216.735975,216.76875,216.8571,217.077325,217.1173,217.162,217.3043,217.3526,217.742625,217.92125,217.9847,218.0105,218.058925,218.149125,218.216575,218.2457,218.424425,218.497225,218.641375,218.896125,219.947125,219.958575,220.030575,220.108875,220.20085,221.1899,221.60505,221.64465,221.690575,221.754125,221.827025,221.8844,221.923175,222.00475,222.037975,222.1279,222.137325,222.18005,222.2111,222.232275,222.269475,222.294675,222.311175,222.35305,222.376475,222.417275,222.4971,222.625475,225.52445,225.606275,225.775975,225.900575,226.23045,226.398125,226.54225,226.73375,226.859075,227.06765,227.308975,227.468125,0,0,0,0,0,0,0,0,0,0,0,0,0,0,0,0,0,0,0,0,0,0,0,0,0,0,0,0,0,0,0,0,0,0,0,0,0,0,0,0,0,0,0,0,0,0,0,0,0,0,0,0,0,0,0,0,0,0,0,0,0,0,0,0,0,0,0,0,0,0,0,0,0,0,0,0,0,0,0,0,0,0,0,0,0,0,0,0,0,0,0,0,0,0,0,0,0,0,0,0,0,0,0,0,0,0,0,0,0,0,0,0,0,0,0,0,0,0,0,0,0,0,0,0,0,0,0,0,0,0,0,0,0,0,0,0,0,0,0,0,0,0,0,0,0,0,0,0,0,0,0,0,0,0,0,0,0,0,0,0,0,0,0,0,0,0,0,0,0,0,0,0,0,0,0,0,0,0,0,0,0,0,0,0,0,0,0,0,0,0,0,0,0,0,0,0,0,0,0,0,0,0,0,0,0,0,0,0,0,0,0,0,0,0,0,0,0,0
"158",202.6995,209.42925,209.617975,209.67255,209.7225,209.767325,209.815325,209.845325,209.877825,209.901975,209.915,209.958325,210.00855,210.03325,210.061975,210.079625,210.1075,210.12835,210.152175,210.167825,210.1933,210.2106,210.243925,210.269,210.28745,210.301275,210.317975,210.334,210.346125,210.375375,210.396525,210.42865,210.45075,210.484475,210.5616,211.2965,211.3133,211.334025,211.364525,211.394275,211.451175,211.487075,212.438225,212.501925,212.66375,212.732425,212.759425,212.77055,212.799325,212.81005,212.8345,212.847925,212.860275,212.898125,212.935525,212.9886,213.94025,214.10325,214.19595,215.66685,215.718325,215.7666,215.8148,215.868775,217.19565,217.2388,217.36315,217.395775,217.438725,217.50625,217.5417,217.60515,217.710525,218.91085,218.971575,219.039525,219.121375,219.173825,219.20355,219.252375,219.279825,219.3508,219.41775,219.4918,219.546475,220.485225,220.63275,220.75235,220.837,220.919125,220.956675,221.04785,221.10905,221.187925,221.2841,222.752475,222.89205,222.925075,223.163425,223.1961,223.269275,223.365575,223.42265,223.519075,223.609825,223.698825,223.772875,223.829275,223.911175,223.98735,224.073625,224.202475,224.3261,224.461825,224.59235,224.760875,225.062225,228.64585,229.01085,229.204725,229.453325,229.74465,229.926525,230.128925,230.474975,230.89245,231.408225,231.595225,232.018075,232.28355,232.652625,232.9667,234.648975,235.206875,235.978025,237.9003,0,0,0,0,0,0,0,0,0,0,0,0,0,0,0,0,0,0,0,0,0,0,0,0,0,0,0,0,0,0,0,0,0,0,0,0,0,0,0,0,0,0,0,0,0,0,0,0,0,0,0,0,0,0,0,0,0,0,0,0,0,0,0,0,0,0,0,0,0,0,0,0,0,0,0,0,0,0,0,0,0,0,0,0,0,0,0,0,0,0,0,0,0,0,0,0,0,0,0,0,0,0,0,0,0,0,0,0,0,0,0,0,0,0,0,0,0,0,0,0,0,0,0,0,0,0,0,0,0,0,0,0,0,0,0,0,0,0,0,0,0,0,0,0,0,0,0,0,0,0,0,0,0,0,0,0,0,0,0,0,0,0,0,0,0,0,0,0,0,0,0,0,0,0,0,0,0,0,0,0,0,0,0,0,0,0,0,0,0,0,0,0,0,0,0,0,0,0,0,0,0,0,0,0,0,0,0,0,0,0,0,0,0,0,0,0,0,0,0,0,0,0,0,0,0,0,0,0,0,0,0,0,0,0,0,0,0,0,0,0,0,0,0,0,0,0,0,0,0,0,0,0,0,0,0,0,0,0,0,0,0,0,0
"159",210.890625,210.937275,211.234775,211.9503,212.01175,212.4199,213.3501,213.523675,213.58535,213.62885,213.666725,213.688325,213.7462,213.776775,213.80455,213.822825,213.84475,213.87865,213.936425,214.00785,214.096975,214.45545,214.692975,214.767475,216.3727,216.691275,217.026575,218.3996,218.52615,218.684875,220.092675,220.1957,222.201825,222.4954,0,0,0,0,0,0,0,0,0,0,0,0,0,0,0,0,0,0,0,0,0,0,0,0,0,0,0,0,0,0,0,0,0,0,0,0,0,0,0,0,0,0,0,0,0,0,0,0,0,0,0,0,0,0,0,0,0,0,0,0,0,0,0,0,0,0,0,0,0,0,0,0,0,0,0,0,0,0,0,0,0,0,0,0,0,0,0,0,0,0,0,0,0,0,0,0,0,0,0,0,0,0,0,0,0,0,0,0,0,0,0,0,0,0,0,0,0,0,0,0,0,0,0,0,0,0,0,0,0,0,0,0,0,0,0,0,0,0,0,0,0,0,0,0,0,0,0,0,0,0,0,0,0,0,0,0,0,0,0,0,0,0,0,0,0,0,0,0,0,0,0,0,0,0,0,0,0,0,0,0,0,0,0,0,0,0,0,0,0,0,0,0,0,0,0,0,0,0,0,0,0,0,0,0,0,0,0,0,0,0,0,0,0,0,0,0,0,0,0,0,0,0,0,0,0,0,0,0,0,0,0,0,0,0,0,0,0,0,0,0,0,0,0,0,0,0,0,0,0,0,0,0,0,0,0,0,0,0,0,0,0,0,0,0,0,0,0,0,0,0,0,0,0,0,0,0,0,0,0,0,0,0,0,0,0,0,0,0,0,0,0,0,0,0,0,0,0,0,0,0,0,0,0,0,0,0,0,0,0,0,0,0,0,0,0,0,0,0,0,0,0,0,0,0,0,0,0,0,0,0,0,0,0,0,0,0,0,0,0,0,0,0,0,0,0,0,0,0,0,0,0,0,0,0,0,0,0,0,0,0,0,0,0,0,0
"160",212.232625,212.285,212.30335,212.3052,212.3226,212.35425,212.368825,212.415375,212.465825,212.492275,212.546375,213.51165,213.559275,213.653175,213.70315,213.838475,213.876125,218.551575,0,0,0,0,0,0,0,0,0,0,0,0,0,0,0,0,0,0,0,0,0,0,0,0,0,0,0,0,0,0,0,0,0,0,0,0,0,0,0,0,0,0,0,0,0,0,0,0,0,0,0,0,0,0,0,0,0,0,0,0,0,0,0,0,0,0,0,0,0,0,0,0,0,0,0,0,0,0,0,0,0,0,0,0,0,0,0,0,0,0,0,0,0,0,0,0,0,0,0,0,0,0,0,0,0,0,0,0,0,0,0,0,0,0,0,0,0,0,0,0,0,0,0,0,0,0,0,0,0,0,0,0,0,0,0,0,0,0,0,0,0,0,0,0,0,0,0,0,0,0,0,0,0,0,0,0,0,0,0,0,0,0,0,0,0,0,0,0,0,0,0,0,0,0,0,0,0,0,0,0,0,0,0,0,0,0,0,0,0,0,0,0,0,0,0,0,0,0,0,0,0,0,0,0,0,0,0,0,0,0,0,0,0,0,0,0,0,0,0,0,0,0,0,0,0,0,0,0,0,0,0,0,0,0,0,0,0,0,0,0,0,0,0,0,0,0,0,0,0,0,0,0,0,0,0,0,0,0,0,0,0,0,0,0,0,0,0,0,0,0,0,0,0,0,0,0,0,0,0,0,0,0,0,0,0,0,0,0,0,0,0,0,0,0,0,0,0,0,0,0,0,0,0,0,0,0,0,0,0,0,0,0,0,0,0,0,0,0,0,0,0,0,0,0,0,0,0,0,0,0,0,0,0,0,0,0,0,0,0,0,0,0,0,0,0,0,0,0,0,0,0,0,0,0,0,0,0,0,0,0,0,0,0,0,0,0,0,0,0,0,0,0,0,0,0,0,0,0,0,0,0
"161",211.98995,212.007625,212.03175,212.054525,212.113,212.155375,212.21305,212.279425,212.33835,212.463275,212.520125,213.35015,213.40635,213.4468,215.410575,216.42595,216.476625,216.50465,216.5736,216.6468,217.01635,217.0437,218.324175,218.399625,218.46525,0,0,0,0,0,0,0,0,0,0,0,0,0,0,0,0,0,0,0,0,0,0,0,0,0,0,0,0,0,0,0,0,0,0,0,0,0,0,0,0,0,0,0,0,0,0,0,0,0,0,0,0,0,0,0,0,0,0,0,0,0,0,0,0,0,0,0,0,0,0,0,0,0,0,0,0,0,0,0,0,0,0,0,0,0,0,0,0,0,0,0,0,0,0,0,0,0,0,0,0,0,0,0,0,0,0,0,0,0,0,0,0,0,0,0,0,0,0,0,0,0,0,0,0,0,0,0,0,0,0,0,0,0,0,0,0,0,0,0,0,0,0,0,0,0,0,0,0,0,0,0,0,0,0,0,0,0,0,0,0,0,0,0,0,0,0,0,0,0,0,0,0,0,0,0,0,0,0,0,0,0,0,0,0,0,0,0,0,0,0,0,0,0,0,0,0,0,0,0,0,0,0,0,0,0,0,0,0,0,0,0,0,0,0,0,0,0,0,0,0,0,0,0,0,0,0,0,0,0,0,0,0,0,0,0,0,0,0,0,0,0,0,0,0,0,0,0,0,0,0,0,0,0,0,0,0,0,0,0,0,0,0,0,0,0,0,0,0,0,0,0,0,0,0,0,0,0,0,0,0,0,0,0,0,0,0,0,0,0,0,0,0,0,0,0,0,0,0,0,0,0,0,0,0,0,0,0,0,0,0,0,0,0,0,0,0,0,0,0,0,0,0,0,0,0,0,0,0,0,0,0,0,0,0,0,0,0,0,0,0,0,0,0,0,0,0,0,0,0,0,0,0,0,0,0,0,0,0,0,0,0,0,0,0,0,0,0,0,0,0,0,0,0,0
"162",212.102825,212.215675,212.3101,212.3178,212.373525,212.4224,212.47495,212.50765,212.555825,212.642125,213.515925,213.536375,213.59385,213.624675,213.67895,213.70755,216.4298,216.495225,216.55255,216.602775,216.65655,216.727925,216.8842,217.0504,218.19585,218.299225,218.368125,218.42715,218.494575,0,0,0,0,0,0,0,0,0,0,0,0,0,0,0,0,0,0,0,0,0,0,0,0,0,0,0,0,0,0,0,0,0,0,0,0,0,0,0,0,0,0,0,0,0,0,0,0,0,0,0,0,0,0,0,0,0,0,0,0,0,0,0,0,0,0,0,0,0,0,0,0,0,0,0,0,0,0,0,0,0,0,0,0,0,0,0,0,0,0,0,0,0,0,0,0,0,0,0,0,0,0,0,0,0,0,0,0,0,0,0,0,0,0,0,0,0,0,0,0,0,0,0,0,0,0,0,0,0,0,0,0,0,0,0,0,0,0,0,0,0,0,0,0,0,0,0,0,0,0,0,0,0,0,0,0,0,0,0,0,0,0,0,0,0,0,0,0,0,0,0,0,0,0,0,0,0,0,0,0,0,0,0,0,0,0,0,0,0,0,0,0,0,0,0,0,0,0,0,0,0,0,0,0,0,0,0,0,0,0,0,0,0,0,0,0,0,0,0,0,0,0,0,0,0,0,0,0,0,0,0,0,0,0,0,0,0,0,0,0,0,0,0,0,0,0,0,0,0,0,0,0,0,0,0,0,0,0,0,0,0,0,0,0,0,0,0,0,0,0,0,0,0,0,0,0,0,0,0,0,0,0,0,0,0,0,0,0,0,0,0,0,0,0,0,0,0,0,0,0,0,0,0,0,0,0,0,0,0,0,0,0,0,0,0,0,0,0,0,0,0,0,0,0,0,0,0,0,0,0,0,0,0,0,0,0,0,0,0,0,0,0,0,0,0,0,0,0,0,0,0,0,0,0,0,0,0,0,0,0,0,0,0,0,0,0,0,0,0,0
"163",211.922225,211.9644,211.9989,212.035125,212.190625,212.44395,212.498075,213.274425,214.68075,214.79645,215.31905,216.2343,216.32025,216.436175,218.224475,218.411575,0,0,0,0,0,0,0,0,0,0,0,0,0,0,0,0,0,0,0,0,0,0,0,0,0,0,0,0,0,0,0,0,0,0,0,0,0,0,0,0,0,0,0,0,0,0,0,0,0,0,0,0,0,0,0,0,0,0,0,0,0,0,0,0,0,0,0,0,0,0,0,0,0,0,0,0,0,0,0,0,0,0,0,0,0,0,0,0,0,0,0,0,0,0,0,0,0,0,0,0,0,0,0,0,0,0,0,0,0,0,0,0,0,0,0,0,0,0,0,0,0,0,0,0,0,0,0,0,0,0,0,0,0,0,0,0,0,0,0,0,0,0,0,0,0,0,0,0,0,0,0,0,0,0,0,0,0,0,0,0,0,0,0,0,0,0,0,0,0,0,0,0,0,0,0,0,0,0,0,0,0,0,0,0,0,0,0,0,0,0,0,0,0,0,0,0,0,0,0,0,0,0,0,0,0,0,0,0,0,0,0,0,0,0,0,0,0,0,0,0,0,0,0,0,0,0,0,0,0,0,0,0,0,0,0,0,0,0,0,0,0,0,0,0,0,0,0,0,0,0,0,0,0,0,0,0,0,0,0,0,0,0,0,0,0,0,0,0,0,0,0,0,0,0,0,0,0,0,0,0,0,0,0,0,0,0,0,0,0,0,0,0,0,0,0,0,0,0,0,0,0,0,0,0,0,0,0,0,0,0,0,0,0,0,0,0,0,0,0,0,0,0,0,0,0,0,0,0,0,0,0,0,0,0,0,0,0,0,0,0,0,0,0,0,0,0,0,0,0,0,0,0,0,0,0,0,0,0,0,0,0,0,0,0,0,0,0,0,0,0,0,0,0,0,0,0,0,0,0,0,0,0,0
"164",209.530475,209.6467,211.1425,211.984925,212.162025,212.203275,212.324625,212.362725,212.379,212.4825,212.559425,213.534875,213.544625,213.5568,213.570525,213.5938,213.662225,213.855625,213.919275,213.973175,214.60535,214.661625,215.078525,215.15175,215.2744,215.299975,215.4646,215.53865,216.50885,216.662475,217.7817,218.0887,218.4612,218.865575,219.868075,220.004,221.4171,222.4251,222.5294,0,0,0,0,0,0,0,0,0,0,0,0,0,0,0,0,0,0,0,0,0,0,0,0,0,0,0,0,0,0,0,0,0,0,0,0,0,0,0,0,0,0,0,0,0,0,0,0,0,0,0,0,0,0,0,0,0,0,0,0,0,0,0,0,0,0,0,0,0,0,0,0,0,0,0,0,0,0,0,0,0,0,0,0,0,0,0,0,0,0,0,0,0,0,0,0,0,0,0,0,0,0,0,0,0,0,0,0,0,0,0,0,0,0,0,0,0,0,0,0,0,0,0,0,0,0,0,0,0,0,0,0,0,0,0,0,0,0,0,0,0,0,0,0,0,0,0,0,0,0,0,0,0,0,0,0,0,0,0,0,0,0,0,0,0,0,0,0,0,0,0,0,0,0,0,0,0,0,0,0,0,0,0,0,0,0,0,0,0,0,0,0,0,0,0,0,0,0,0,0,0,0,0,0,0,0,0,0,0,0,0,0,0,0,0,0,0,0,0,0,0,0,0,0,0,0,0,0,0,0,0,0,0,0,0,0,0,0,0,0,0,0,0,0,0,0,0,0,0,0,0,0,0,0,0,0,0,0,0,0,0,0,0,0,0,0,0,0,0,0,0,0,0,0,0,0,0,0,0,0,0,0,0,0,0,0,0,0,0,0,0,0,0,0,0,0,0,0,0,0,0,0,0,0,0,0,0,0,0,0,0,0,0,0,0,0,0,0,0,0,0,0,0,0,0,0,0,0,0,0,0,0,0,0,0,0,0,0,0,0,0,0,0,0,0,0,0,0,0,0,0,0,0,0,0,0,0,0,0,0
"165",201.253375,201.699375,202.168075,202.8997,203.31325,203.489075,203.641175,203.96905,204.517175,204.834275,205.052625,205.30325,205.4703,206.1101,206.35255,206.69265,206.808975,207.1425,207.3052,207.5062,207.57375,207.702975,207.8899,208.04455,208.17455,208.330425,208.538875,208.635525,208.78995,208.9462,209.102775,209.2716,209.404575,209.488425,209.54335,209.563725,209.58455,209.64235,209.790875,210.107825,210.333125,210.4004,210.442225,210.471425,210.49765,210.5172,210.536925,210.558025,210.58405,210.611625,210.645275,210.686925,210.6892,210.785825,210.87545,210.93145,210.95265,210.97695,210.99315,211.02985,211.0429,211.06825,211.08135,211.09905,211.10775,211.12165,211.143325,211.1635,211.21005,211.232725,211.2616,211.2794,211.300375,211.329375,211.374175,211.489675,211.490625,211.512125,211.531575,211.549,211.589625,211.6209,211.730875,211.7675,211.8151,211.847875,211.9013,211.988375,211.999125,212.03015,212.044525,212.04755,212.089575,212.134075,212.17635,212.2425,212.2497,212.3219,212.34815,212.367475,212.444275,212.507625,212.54495,212.5972,212.665475,212.78395,212.83045,212.870925,212.930425,212.95505,212.96475,212.9868,213.00855,213.053975,213.07625,213.081225,213.099675,213.1572,213.181,213.2077,213.3432,213.3702,213.37575,213.43945,213.929925,213.999275,214.067125,214.15945,214.2162,214.255425,214.323725,214.32565,214.415275,214.45235,214.45585,214.480775,214.492875,214.5474,214.625525,214.6621,214.727925,214.838725,214.921975,214.982625,215.39845,215.420475,215.472125,215.5118,215.729075,215.768025,215.77435,215.8126,215.8485,215.924925,215.975975,215.992675,216.017475,216.0262,216.04155,216.043725,216.062725,216.0639,216.134,216.15095,216.152625,216.192575,216.214925,216.240325,216.3124,216.3678,216.428825,216.43715,216.554725,216.6027,216.866,216.98855,217.23195,217.2913,217.466525,217.5366,217.560675,217.667475,217.68455,217.72885,217.752575,217.796825,217.8627,217.9023,217.9179,217.96375,218.001775,218.03605,218.047375,218.092675,218.125625,218.1702,218.21625,218.23515,218.283625,218.284425,218.302825,218.3831,218.53495,218.825525,218.91775,219.084,219.171825,219.201175,219.232125,219.259725,219.284625,219.309725,219.33155,219.37595,219.413625,219.43825,219.527475,219.56885,219.645,219.6737,219.700375,219.734,219.7552,219.7869,219.80295,219.832725,219.85955,219.914525,219.94665,219.9737,220.026175,220.0558,220.084025,220.22585,220.33875,220.400475,220.571025,220.61845,220.622025,220.764175,220.92725,221.10615,221.335975,221.4281,221.516225,221.578225,221.6356,221.679625,221.73145,221.754175,221.80605,221.8584,221.8995,221.970675,221.972125,222.046075,222.08235,222.083275,222.11805,222.194875,222.237775,222.2785,222.2865,222.3207,222.364175,222.4007,222.4925,222.606475,222.650775,222.750625,222.915675,223.17245,223.4292,223.46265,223.97845,224.871825,225.117075,225.22105,225.28115,225.365925,225.500975,225.645025,225.699175,225.753725,225.8515,225.94085,226.002525,226.114275,226.2287,226.311975,226.419525,226.56175,226.6653,226.821825,226.991375,227.1555,227.230275,227.3776,227.453775,227.6358,227.832925,227.918575,228.0628,228.336925,229.09895,0,0,0,0,0,0,0,0,0,0,0,0,0,0,0,0,0,0,0,0,0,0,0,0,0,0,0,0,0,0,0,0,0,0,0,0,0,0,0,0,0,0,0,0,0,0,0,0,0,0,0,0,0,0,0,0,0,0,0,0,0,0,0,0,0,0,0,0,0,0,0,0,0,0,0,0,0,0,0,0,0,0,0,0,0,0,0,0,0,0,0,0,0,0
"166",212.21645,212.289525,212.351975,212.470825,212.6041,212.674025,212.722075,213.13935,213.215925,213.431075,213.579575,213.64045,213.703675,213.7635,213.783325,213.81005,214.055025,214.1965,214.2312,214.739925,214.821075,214.85645,214.931125,214.957625,215.02355,215.418025,215.465475,215.668625,216.5322,216.64935,216.675475,216.689875,216.728625,216.7658,216.804225,216.8264,216.875575,217.089875,217.258825,217.3209,217.38175,218.374525,218.443275,218.5057,218.54535,218.610725,218.6871,218.698925,218.77825,218.903525,219.048875,0,0,0,0,0,0,0,0,0,0,0,0,0,0,0,0,0,0,0,0,0,0,0,0,0,0,0,0,0,0,0,0,0,0,0,0,0,0,0,0,0,0,0,0,0,0,0,0,0,0,0,0,0,0,0,0,0,0,0,0,0,0,0,0,0,0,0,0,0,0,0,0,0,0,0,0,0,0,0,0,0,0,0,0,0,0,0,0,0,0,0,0,0,0,0,0,0,0,0,0,0,0,0,0,0,0,0,0,0,0,0,0,0,0,0,0,0,0,0,0,0,0,0,0,0,0,0,0,0,0,0,0,0,0,0,0,0,0,0,0,0,0,0,0,0,0,0,0,0,0,0,0,0,0,0,0,0,0,0,0,0,0,0,0,0,0,0,0,0,0,0,0,0,0,0,0,0,0,0,0,0,0,0,0,0,0,0,0,0,0,0,0,0,0,0,0,0,0,0,0,0,0,0,0,0,0,0,0,0,0,0,0,0,0,0,0,0,0,0,0,0,0,0,0,0,0,0,0,0,0,0,0,0,0,0,0,0,0,0,0,0,0,0,0,0,0,0,0,0,0,0,0,0,0,0,0,0,0,0,0,0,0,0,0,0,0,0,0,0,0,0,0,0,0,0,0,0,0,0,0,0,0,0,0,0,0,0,0,0,0,0,0,0,0,0,0,0,0,0,0,0,0,0,0,0,0,0,0,0,0,0,0,0,0,0,0,0,0,0,0,0,0,0,0,0,0,0,0,0,0,0,0,0,0,0,0,0,0,0,0,0,0,0,0,0,0,0,0
"167",211.921375,211.997475,212.0353,212.077725,212.19585,212.476675,212.531275,212.57135,212.654125,213.225575,213.2986,213.4671,213.48785,213.50615,213.608425,213.635225,213.684825,213.732725,213.7768,213.937675,214.500625,214.670925,214.70905,214.79755,214.85025,214.929125,214.953725,215.005575,215.037875,215.068025,215.1116,215.1644,215.19405,215.281125,215.302725,215.379325,215.40425,215.431425,215.507475,216.1971,216.275375,216.3238,216.351725,216.369125,216.512275,216.6051,216.6298,216.748475,216.776725,216.819475,216.921675,217.090925,218.100575,218.26615,218.345425,218.370425,218.430675,218.519375,218.79995,222.43105,222.5018,222.5324,222.572725,222.600325,222.67795,222.707275,222.756375,0,0,0,0,0,0,0,0,0,0,0,0,0,0,0,0,0,0,0,0,0,0,0,0,0,0,0,0,0,0,0,0,0,0,0,0,0,0,0,0,0,0,0,0,0,0,0,0,0,0,0,0,0,0,0,0,0,0,0,0,0,0,0,0,0,0,0,0,0,0,0,0,0,0,0,0,0,0,0,0,0,0,0,0,0,0,0,0,0,0,0,0,0,0,0,0,0,0,0,0,0,0,0,0,0,0,0,0,0,0,0,0,0,0,0,0,0,0,0,0,0,0,0,0,0,0,0,0,0,0,0,0,0,0,0,0,0,0,0,0,0,0,0,0,0,0,0,0,0,0,0,0,0,0,0,0,0,0,0,0,0,0,0,0,0,0,0,0,0,0,0,0,0,0,0,0,0,0,0,0,0,0,0,0,0,0,0,0,0,0,0,0,0,0,0,0,0,0,0,0,0,0,0,0,0,0,0,0,0,0,0,0,0,0,0,0,0,0,0,0,0,0,0,0,0,0,0,0,0,0,0,0,0,0,0,0,0,0,0,0,0,0,0,0,0,0,0,0,0,0,0,0,0,0,0,0,0,0,0,0,0,0,0,0,0,0,0,0,0,0,0,0,0,0,0,0,0,0,0,0,0,0,0,0,0,0,0,0,0,0,0,0,0,0,0,0,0,0,0,0,0,0,0,0,0,0,0,0,0,0,0,0,0,0,0,0,0,0,0,0,0,0,0,0,0,0,0,0,0,0,0,0
"168",210.419325,211.06155,211.111625,211.203125,211.205475,211.312825,211.34755,211.782125,211.82675,211.91935,211.94945,211.9596,211.979575,212.01295,212.039325,212.075425,212.08535,212.099475,212.100075,212.1147,212.12425,212.1358,212.1437,212.172225,212.182575,212.19305,212.20585,212.22415,212.231475,212.24805,212.2638,212.276275,212.290125,212.309925,212.322225,212.3409,212.38725,212.615275,212.727425,213.1147,213.16665,213.2443,213.2842,213.322275,213.346575,213.358175,213.374525,213.389525,213.4069,213.427325,213.439975,213.464075,213.469725,213.484225,213.501625,213.513325,213.5251,213.56365,213.592325,213.602925,213.619775,213.634325,213.642175,213.72125,213.7275,213.807175,213.871175,213.9538,213.990675,214.078975,214.4474,214.55385,214.58795,214.640325,214.658575,214.68825,214.73535,214.760325,214.77975,214.7932,214.8069,214.823525,214.8404,214.87125,214.88075,214.908475,214.926125,214.940875,214.957325,214.975775,214.999375,215.0082,215.016975,215.038925,215.046675,215.0697,215.0926,215.104175,215.12175,215.137,215.191075,215.206925,215.231225,215.26455,215.32215,215.470375,215.605525,215.677475,216.166425,216.257625,216.273125,216.30505,216.3487,216.389,216.420975,216.43325,216.4579,216.4808,216.49675,216.5074,216.514475,216.5455,216.5562,216.570475,216.585225,216.597525,216.610775,216.6282,216.63545,216.66805,216.69085,216.7121,216.7193,216.743,216.75405,216.76765,216.77595,216.80055,216.81085,216.835775,216.854675,216.88635,216.906725,216.99445,217.340875,218.03935,218.115125,218.1492,218.175575,218.196025,218.2422,218.277225,218.293575,218.2949,218.315925,218.3289,218.34305,218.383925,218.411225,218.42035,218.435025,218.44445,218.47235,218.505,218.514775,218.53305,218.542725,218.5585,218.569325,218.5926,218.62355,218.63585,218.649975,218.673,218.6839,218.69975,218.74615,218.76415,218.810325,219.888075,219.93665,220.012525,220.109625,220.1436,220.1889,220.263725,220.367,220.407225,220.511675,221.897975,222.055925,222.10695,222.147325,222.191825,222.2913,222.349875,222.38235,222.472525,222.521825,222.5833,222.619775,222.66295,222.739325,222.845725,0,0,0,0,0,0,0,0,0,0,0,0,0,0,0,0,0,0,0,0,0,0,0,0,0,0,0,0,0,0,0,0,0,0,0,0,0,0,0,0,0,0,0,0,0,0,0,0,0,0,0,0,0,0,0,0,0,0,0,0,0,0,0,0,0,0,0,0,0,0,0,0,0,0,0,0,0,0,0,0,0,0,0,0,0,0,0,0,0,0,0,0,0,0,0,0,0,0,0,0,0,0,0,0,0,0,0,0,0,0,0,0,0,0,0,0,0,0,0,0,0,0,0,0,0,0,0,0,0,0,0,0,0,0,0,0,0,0,0,0,0,0,0,0,0,0,0,0,0,0,0,0,0,0,0,0,0,0,0,0,0,0,0,0,0,0,0,0,0,0,0,0,0,0,0,0,0,0,0,0,0,0,0,0,0,0,0,0,0,0,0,0,0,0,0
"169",210.35405,210.506125,210.532025,210.56325,210.663575,211.4901,211.5839,212.785175,212.815775,212.850975,212.941075,214.287875,215.75805,215.8193,215.8984,217.41865,217.45255,217.4973,217.53495,217.58595,217.613725,217.651,217.6895,217.73435,217.802375,219.26275,219.33655,219.395225,219.437325,219.48085,219.533475,219.586475,0,0,0,0,0,0,0,0,0,0,0,0,0,0,0,0,0,0,0,0,0,0,0,0,0,0,0,0,0,0,0,0,0,0,0,0,0,0,0,0,0,0,0,0,0,0,0,0,0,0,0,0,0,0,0,0,0,0,0,0,0,0,0,0,0,0,0,0,0,0,0,0,0,0,0,0,0,0,0,0,0,0,0,0,0,0,0,0,0,0,0,0,0,0,0,0,0,0,0,0,0,0,0,0,0,0,0,0,0,0,0,0,0,0,0,0,0,0,0,0,0,0,0,0,0,0,0,0,0,0,0,0,0,0,0,0,0,0,0,0,0,0,0,0,0,0,0,0,0,0,0,0,0,0,0,0,0,0,0,0,0,0,0,0,0,0,0,0,0,0,0,0,0,0,0,0,0,0,0,0,0,0,0,0,0,0,0,0,0,0,0,0,0,0,0,0,0,0,0,0,0,0,0,0,0,0,0,0,0,0,0,0,0,0,0,0,0,0,0,0,0,0,0,0,0,0,0,0,0,0,0,0,0,0,0,0,0,0,0,0,0,0,0,0,0,0,0,0,0,0,0,0,0,0,0,0,0,0,0,0,0,0,0,0,0,0,0,0,0,0,0,0,0,0,0,0,0,0,0,0,0,0,0,0,0,0,0,0,0,0,0,0,0,0,0,0,0,0,0,0,0,0,0,0,0,0,0,0,0,0,0,0,0,0,0,0,0,0,0,0,0,0,0,0,0,0,0,0,0,0,0,0,0,0,0,0,0,0,0,0,0,0,0,0,0,0,0,0,0,0,0,0,0,0,0,0,0,0,0,0,0,0,0,0,0,0,0
"170",210.986275,211.000925,211.025325,211.078125,211.09625,211.1199,211.148875,211.200175,211.2446,211.81565,211.838125,211.857675,211.87955,211.937575,211.995425,212.05145,212.281125,212.31045,212.389,212.428775,212.4937,212.534425,212.646075,213.17475,213.19145,213.2386,213.29335,213.35015,213.3869,213.47685,213.510975,213.6597,213.871725,214.57145,214.614,214.65435,214.77815,214.927075,215.32715,215.381175,215.533125,216.157325,216.187175,216.2175,216.326575,216.44215,216.504475,216.578625,216.92695,217.000375,217.057175,217.1623,217.226675,217.97035,217.98835,218.0273,218.059525,218.097175,218.179475,218.220625,218.27105,218.317625,218.501025,218.568375,218.8638,219.8409,219.86315,219.92995,219.96355,220.0386,220.065875,220.110025,220.201875,220.2782,220.41335,220.55555,220.7182,221.718275,221.852775,221.966575,222.040775,222.0927,222.17685,222.274525,222.355575,222.598175,222.65695,222.79375,223.027275,223.165,0,0,0,0,0,0,0,0,0,0,0,0,0,0,0,0,0,0,0,0,0,0,0,0,0,0,0,0,0,0,0,0,0,0,0,0,0,0,0,0,0,0,0,0,0,0,0,0,0,0,0,0,0,0,0,0,0,0,0,0,0,0,0,0,0,0,0,0,0,0,0,0,0,0,0,0,0,0,0,0,0,0,0,0,0,0,0,0,0,0,0,0,0,0,0,0,0,0,0,0,0,0,0,0,0,0,0,0,0,0,0,0,0,0,0,0,0,0,0,0,0,0,0,0,0,0,0,0,0,0,0,0,0,0,0,0,0,0,0,0,0,0,0,0,0,0,0,0,0,0,0,0,0,0,0,0,0,0,0,0,0,0,0,0,0,0,0,0,0,0,0,0,0,0,0,0,0,0,0,0,0,0,0,0,0,0,0,0,0,0,0,0,0,0,0,0,0,0,0,0,0,0,0,0,0,0,0,0,0,0,0,0,0,0,0,0,0,0,0,0,0,0,0,0,0,0,0,0,0,0,0,0,0,0,0,0,0,0,0,0,0,0,0,0,0,0,0,0,0,0,0,0,0,0,0,0,0,0,0,0,0,0,0,0,0,0,0,0,0,0,0,0,0,0,0,0,0,0,0,0,0,0,0,0,0,0,0,0,0,0,0,0,0,0,0,0,0,0,0,0,0,0,0,0,0,0,0,0,0
"171",211.155775,211.91315,212.1076,212.208775,212.287925,212.583175,213.3323,213.4432,213.69475,213.716925,214.696775,216.248725,216.4843,216.519175,216.679725,218.108425,218.332925,220.135725,222.422325,222.475425,222.5375,222.638075,0,0,0,0,0,0,0,0,0,0,0,0,0,0,0,0,0,0,0,0,0,0,0,0,0,0,0,0,0,0,0,0,0,0,0,0,0,0,0,0,0,0,0,0,0,0,0,0,0,0,0,0,0,0,0,0,0,0,0,0,0,0,0,0,0,0,0,0,0,0,0,0,0,0,0,0,0,0,0,0,0,0,0,0,0,0,0,0,0,0,0,0,0,0,0,0,0,0,0,0,0,0,0,0,0,0,0,0,0,0,0,0,0,0,0,0,0,0,0,0,0,0,0,0,0,0,0,0,0,0,0,0,0,0,0,0,0,0,0,0,0,0,0,0,0,0,0,0,0,0,0,0,0,0,0,0,0,0,0,0,0,0,0,0,0,0,0,0,0,0,0,0,0,0,0,0,0,0,0,0,0,0,0,0,0,0,0,0,0,0,0,0,0,0,0,0,0,0,0,0,0,0,0,0,0,0,0,0,0,0,0,0,0,0,0,0,0,0,0,0,0,0,0,0,0,0,0,0,0,0,0,0,0,0,0,0,0,0,0,0,0,0,0,0,0,0,0,0,0,0,0,0,0,0,0,0,0,0,0,0,0,0,0,0,0,0,0,0,0,0,0,0,0,0,0,0,0,0,0,0,0,0,0,0,0,0,0,0,0,0,0,0,0,0,0,0,0,0,0,0,0,0,0,0,0,0,0,0,0,0,0,0,0,0,0,0,0,0,0,0,0,0,0,0,0,0,0,0,0,0,0,0,0,0,0,0,0,0,0,0,0,0,0,0,0,0,0,0,0,0,0,0,0,0,0,0,0,0,0,0,0,0,0,0,0,0,0,0,0,0,0,0,0,0,0,0,0
"172",219.19465,219.2979,219.338325,220.7941,220.93405,221.04485,221.1085,0,0,0,0,0,0,0,0,0,0,0,0,0,0,0,0,0,0,0,0,0,0,0,0,0,0,0,0,0,0,0,0,0,0,0,0,0,0,0,0,0,0,0,0,0,0,0,0,0,0,0,0,0,0,0,0,0,0,0,0,0,0,0,0,0,0,0,0,0,0,0,0,0,0,0,0,0,0,0,0,0,0,0,0,0,0,0,0,0,0,0,0,0,0,0,0,0,0,0,0,0,0,0,0,0,0,0,0,0,0,0,0,0,0,0,0,0,0,0,0,0,0,0,0,0,0,0,0,0,0,0,0,0,0,0,0,0,0,0,0,0,0,0,0,0,0,0,0,0,0,0,0,0,0,0,0,0,0,0,0,0,0,0,0,0,0,0,0,0,0,0,0,0,0,0,0,0,0,0,0,0,0,0,0,0,0,0,0,0,0,0,0,0,0,0,0,0,0,0,0,0,0,0,0,0,0,0,0,0,0,0,0,0,0,0,0,0,0,0,0,0,0,0,0,0,0,0,0,0,0,0,0,0,0,0,0,0,0,0,0,0,0,0,0,0,0,0,0,0,0,0,0,0,0,0,0,0,0,0,0,0,0,0,0,0,0,0,0,0,0,0,0,0,0,0,0,0,0,0,0,0,0,0,0,0,0,0,0,0,0,0,0,0,0,0,0,0,0,0,0,0,0,0,0,0,0,0,0,0,0,0,0,0,0,0,0,0,0,0,0,0,0,0,0,0,0,0,0,0,0,0,0,0,0,0,0,0,0,0,0,0,0,0,0,0,0,0,0,0,0,0,0,0,0,0,0,0,0,0,0,0,0,0,0,0,0,0,0,0,0,0,0,0,0,0,0,0,0,0,0,0,0,0,0,0,0,0,0,0,0,0,0
"173",211.005125,211.0372,211.0921,211.114775,211.138625,211.17365,211.225325,211.79735,211.839375,211.890475,211.9755,212.0121,212.130575,212.16855,212.27755,212.303725,212.319925,212.362075,212.3852,212.441975,212.498575,213.136,213.165175,213.25495,213.27915,213.3616,213.39455,213.453975,213.54935,213.853525,213.879425,214.448025,214.529825,214.5738,214.60815,214.649525,214.690275,214.732125,214.776475,214.82965,216.1003,216.154375,216.17625,216.22495,216.493825,216.56035,216.6465,216.6816,217.0264,217.977775,218.013175,218.04545,218.072125,218.1387,218.1684,218.231025,218.6809,219.9504,219.99845,220.04865,220.096825,220.19605,220.254075,221.934675,222.0346,222.096725,222.14425,222.17095,222.2101,222.234775,222.288075,222.340125,222.383375,222.415,222.4695,222.871875,0,0,0,0,0,0,0,0,0,0,0,0,0,0,0,0,0,0,0,0,0,0,0,0,0,0,0,0,0,0,0,0,0,0,0,0,0,0,0,0,0,0,0,0,0,0,0,0,0,0,0,0,0,0,0,0,0,0,0,0,0,0,0,0,0,0,0,0,0,0,0,0,0,0,0,0,0,0,0,0,0,0,0,0,0,0,0,0,0,0,0,0,0,0,0,0,0,0,0,0,0,0,0,0,0,0,0,0,0,0,0,0,0,0,0,0,0,0,0,0,0,0,0,0,0,0,0,0,0,0,0,0,0,0,0,0,0,0,0,0,0,0,0,0,0,0,0,0,0,0,0,0,0,0,0,0,0,0,0,0,0,0,0,0,0,0,0,0,0,0,0,0,0,0,0,0,0,0,0,0,0,0,0,0,0,0,0,0,0,0,0,0,0,0,0,0,0,0,0,0,0,0,0,0,0,0,0,0,0,0,0,0,0,0,0,0,0,0,0,0,0,0,0,0,0,0,0,0,0,0,0,0,0,0,0,0,0,0,0,0,0,0,0,0,0,0,0,0,0,0,0,0,0,0,0,0,0,0,0,0,0,0,0,0,0,0,0,0,0,0,0,0,0,0,0,0,0,0,0,0,0,0,0,0,0,0,0,0,0,0,0,0,0,0,0,0,0,0,0,0,0,0,0,0,0,0,0,0,0,0,0,0,0,0,0,0,0,0,0,0,0,0,0
"174",214.00525,215.00265,215.046575,215.0663,215.080775,215.1169,215.17705,215.2094,216.751375,216.763775,216.814,216.88565,217.3998,219.068975,0,0,0,0,0,0,0,0,0,0,0,0,0,0,0,0,0,0,0,0,0,0,0,0,0,0,0,0,0,0,0,0,0,0,0,0,0,0,0,0,0,0,0,0,0,0,0,0,0,0,0,0,0,0,0,0,0,0,0,0,0,0,0,0,0,0,0,0,0,0,0,0,0,0,0,0,0,0,0,0,0,0,0,0,0,0,0,0,0,0,0,0,0,0,0,0,0,0,0,0,0,0,0,0,0,0,0,0,0,0,0,0,0,0,0,0,0,0,0,0,0,0,0,0,0,0,0,0,0,0,0,0,0,0,0,0,0,0,0,0,0,0,0,0,0,0,0,0,0,0,0,0,0,0,0,0,0,0,0,0,0,0,0,0,0,0,0,0,0,0,0,0,0,0,0,0,0,0,0,0,0,0,0,0,0,0,0,0,0,0,0,0,0,0,0,0,0,0,0,0,0,0,0,0,0,0,0,0,0,0,0,0,0,0,0,0,0,0,0,0,0,0,0,0,0,0,0,0,0,0,0,0,0,0,0,0,0,0,0,0,0,0,0,0,0,0,0,0,0,0,0,0,0,0,0,0,0,0,0,0,0,0,0,0,0,0,0,0,0,0,0,0,0,0,0,0,0,0,0,0,0,0,0,0,0,0,0,0,0,0,0,0,0,0,0,0,0,0,0,0,0,0,0,0,0,0,0,0,0,0,0,0,0,0,0,0,0,0,0,0,0,0,0,0,0,0,0,0,0,0,0,0,0,0,0,0,0,0,0,0,0,0,0,0,0,0,0,0,0,0,0,0,0,0,0,0,0,0,0,0,0,0,0,0,0,0,0,0,0,0,0,0,0,0,0,0,0,0,0,0,0,0,0,0,0
"175",210.064575,210.1135,210.169325,210.18435,210.20705,210.31715,210.3258,210.35005,210.40995,210.459175,211.47075,211.506725,212.79275,212.866825,213.941,214.973225,215.7569,215.82045,216.404075,217.32225,217.39555,217.43485,217.44685,217.603525,219.05665,219.109775,219.139025,219.190325,219.2706,219.27995,219.344,219.34585,219.38565,219.440275,219.559425,220.909825,221.0721,221.15685,221.255575,0,0,0,0,0,0,0,0,0,0,0,0,0,0,0,0,0,0,0,0,0,0,0,0,0,0,0,0,0,0,0,0,0,0,0,0,0,0,0,0,0,0,0,0,0,0,0,0,0,0,0,0,0,0,0,0,0,0,0,0,0,0,0,0,0,0,0,0,0,0,0,0,0,0,0,0,0,0,0,0,0,0,0,0,0,0,0,0,0,0,0,0,0,0,0,0,0,0,0,0,0,0,0,0,0,0,0,0,0,0,0,0,0,0,0,0,0,0,0,0,0,0,0,0,0,0,0,0,0,0,0,0,0,0,0,0,0,0,0,0,0,0,0,0,0,0,0,0,0,0,0,0,0,0,0,0,0,0,0,0,0,0,0,0,0,0,0,0,0,0,0,0,0,0,0,0,0,0,0,0,0,0,0,0,0,0,0,0,0,0,0,0,0,0,0,0,0,0,0,0,0,0,0,0,0,0,0,0,0,0,0,0,0,0,0,0,0,0,0,0,0,0,0,0,0,0,0,0,0,0,0,0,0,0,0,0,0,0,0,0,0,0,0,0,0,0,0,0,0,0,0,0,0,0,0,0,0,0,0,0,0,0,0,0,0,0,0,0,0,0,0,0,0,0,0,0,0,0,0,0,0,0,0,0,0,0,0,0,0,0,0,0,0,0,0,0,0,0,0,0,0,0,0,0,0,0,0,0,0,0,0,0,0,0,0,0,0,0,0,0,0,0,0,0,0,0,0,0,0,0,0,0,0,0,0,0,0,0,0,0,0,0,0,0,0,0,0,0,0,0,0,0,0,0,0,0,0,0,0,0
"176",211.95875,212.095375,213.597725,214.10325,214.704525,214.836875,214.9691,215.0106,216.3579,218.135025,218.36585,218.406225,218.6224,218.721375,218.76305,219.9944,220.153725,220.235425,220.31325,220.475325,222.231025,222.41705,222.548525,222.7224,0,0,0,0,0,0,0,0,0,0,0,0,0,0,0,0,0,0,0,0,0,0,0,0,0,0,0,0,0,0,0,0,0,0,0,0,0,0,0,0,0,0,0,0,0,0,0,0,0,0,0,0,0,0,0,0,0,0,0,0,0,0,0,0,0,0,0,0,0,0,0,0,0,0,0,0,0,0,0,0,0,0,0,0,0,0,0,0,0,0,0,0,0,0,0,0,0,0,0,0,0,0,0,0,0,0,0,0,0,0,0,0,0,0,0,0,0,0,0,0,0,0,0,0,0,0,0,0,0,0,0,0,0,0,0,0,0,0,0,0,0,0,0,0,0,0,0,0,0,0,0,0,0,0,0,0,0,0,0,0,0,0,0,0,0,0,0,0,0,0,0,0,0,0,0,0,0,0,0,0,0,0,0,0,0,0,0,0,0,0,0,0,0,0,0,0,0,0,0,0,0,0,0,0,0,0,0,0,0,0,0,0,0,0,0,0,0,0,0,0,0,0,0,0,0,0,0,0,0,0,0,0,0,0,0,0,0,0,0,0,0,0,0,0,0,0,0,0,0,0,0,0,0,0,0,0,0,0,0,0,0,0,0,0,0,0,0,0,0,0,0,0,0,0,0,0,0,0,0,0,0,0,0,0,0,0,0,0,0,0,0,0,0,0,0,0,0,0,0,0,0,0,0,0,0,0,0,0,0,0,0,0,0,0,0,0,0,0,0,0,0,0,0,0,0,0,0,0,0,0,0,0,0,0,0,0,0,0,0,0,0,0,0,0,0,0,0,0,0,0,0,0,0,0,0,0,0,0,0,0,0,0,0,0,0,0,0,0,0,0,0,0,0,0,0
"177",212.350225,212.390075,212.4022,212.449375,212.464825,213.547875,213.6568,213.68085,213.75925,213.812875,213.85155,213.9053,214.0303,214.07135,214.147025,214.85175,214.887225,214.947375,215.0036,215.09775,215.1206,215.2039,215.307125,215.38995,215.4285,215.5063,215.5414,215.571625,215.5928,216.339325,216.618725,216.71375,216.75985,216.771775,216.80155,216.816025,216.8481,216.964825,217.030725,217.211825,217.28995,218.246775,218.396175,218.495425,218.537675,218.640375,218.739725,218.795675,218.9455,0,0,0,0,0,0,0,0,0,0,0,0,0,0,0,0,0,0,0,0,0,0,0,0,0,0,0,0,0,0,0,0,0,0,0,0,0,0,0,0,0,0,0,0,0,0,0,0,0,0,0,0,0,0,0,0,0,0,0,0,0,0,0,0,0,0,0,0,0,0,0,0,0,0,0,0,0,0,0,0,0,0,0,0,0,0,0,0,0,0,0,0,0,0,0,0,0,0,0,0,0,0,0,0,0,0,0,0,0,0,0,0,0,0,0,0,0,0,0,0,0,0,0,0,0,0,0,0,0,0,0,0,0,0,0,0,0,0,0,0,0,0,0,0,0,0,0,0,0,0,0,0,0,0,0,0,0,0,0,0,0,0,0,0,0,0,0,0,0,0,0,0,0,0,0,0,0,0,0,0,0,0,0,0,0,0,0,0,0,0,0,0,0,0,0,0,0,0,0,0,0,0,0,0,0,0,0,0,0,0,0,0,0,0,0,0,0,0,0,0,0,0,0,0,0,0,0,0,0,0,0,0,0,0,0,0,0,0,0,0,0,0,0,0,0,0,0,0,0,0,0,0,0,0,0,0,0,0,0,0,0,0,0,0,0,0,0,0,0,0,0,0,0,0,0,0,0,0,0,0,0,0,0,0,0,0,0,0,0,0,0,0,0,0,0,0,0,0,0,0,0,0,0,0,0,0,0,0,0,0,0,0,0,0,0,0,0,0,0,0,0,0,0,0,0,0,0,0,0,0,0,0,0,0,0,0,0,0,0,0,0,0,0,0,0,0,0,0,0,0
"178",212.26255,212.368425,212.41835,212.443575,212.47015,212.5373,212.579575,212.6075,212.6462,213.58975,213.631375,213.716375,213.744175,213.7812,213.811175,213.82705,213.842075,213.8909,213.92915,213.955325,213.992275,214.006475,214.029775,214.0621,214.0788,214.144125,214.7866,214.8465,214.89205,214.929975,214.96845,215.015425,215.090825,215.11745,215.1649,215.236025,215.280775,215.310175,215.387575,215.42245,215.4592,215.477575,215.56445,215.5982,216.369225,216.495175,216.532075,216.587225,216.6144,216.651675,216.683675,216.735,216.7494,216.7761,216.79925,216.8178,216.8465,216.8685,216.883475,216.9222,216.951375,216.97805,217.02265,217.0548,217.084325,217.110975,217.1597,217.198675,218.1759,218.316275,218.40275,218.45105,218.50195,218.566775,218.604075,218.6328,218.653,218.686075,218.715625,218.74685,218.770225,218.8162,218.848375,220.2661,0,0,0,0,0,0,0,0,0,0,0,0,0,0,0,0,0,0,0,0,0,0,0,0,0,0,0,0,0,0,0,0,0,0,0,0,0,0,0,0,0,0,0,0,0,0,0,0,0,0,0,0,0,0,0,0,0,0,0,0,0,0,0,0,0,0,0,0,0,0,0,0,0,0,0,0,0,0,0,0,0,0,0,0,0,0,0,0,0,0,0,0,0,0,0,0,0,0,0,0,0,0,0,0,0,0,0,0,0,0,0,0,0,0,0,0,0,0,0,0,0,0,0,0,0,0,0,0,0,0,0,0,0,0,0,0,0,0,0,0,0,0,0,0,0,0,0,0,0,0,0,0,0,0,0,0,0,0,0,0,0,0,0,0,0,0,0,0,0,0,0,0,0,0,0,0,0,0,0,0,0,0,0,0,0,0,0,0,0,0,0,0,0,0,0,0,0,0,0,0,0,0,0,0,0,0,0,0,0,0,0,0,0,0,0,0,0,0,0,0,0,0,0,0,0,0,0,0,0,0,0,0,0,0,0,0,0,0,0,0,0,0,0,0,0,0,0,0,0,0,0,0,0,0,0,0,0,0,0,0,0,0,0,0,0,0,0,0,0,0,0,0,0,0,0,0,0,0,0,0,0,0,0,0,0,0,0,0,0,0,0,0,0,0,0,0,0,0,0,0,0,0,0,0,0,0,0,0,0,0,0,0,0,0,0
"179",211.953575,212.10825,212.19565,212.279875,212.319875,212.388275,212.487125,212.50705,213.34115,213.50395,213.6131,213.792225,214.66865,214.8667,214.99005,215.062125,215.219,215.506375,216.713375,218.537975,218.9156,220.131725,0,0,0,0,0,0,0,0,0,0,0,0,0,0,0,0,0,0,0,0,0,0,0,0,0,0,0,0,0,0,0,0,0,0,0,0,0,0,0,0,0,0,0,0,0,0,0,0,0,0,0,0,0,0,0,0,0,0,0,0,0,0,0,0,0,0,0,0,0,0,0,0,0,0,0,0,0,0,0,0,0,0,0,0,0,0,0,0,0,0,0,0,0,0,0,0,0,0,0,0,0,0,0,0,0,0,0,0,0,0,0,0,0,0,0,0,0,0,0,0,0,0,0,0,0,0,0,0,0,0,0,0,0,0,0,0,0,0,0,0,0,0,0,0,0,0,0,0,0,0,0,0,0,0,0,0,0,0,0,0,0,0,0,0,0,0,0,0,0,0,0,0,0,0,0,0,0,0,0,0,0,0,0,0,0,0,0,0,0,0,0,0,0,0,0,0,0,0,0,0,0,0,0,0,0,0,0,0,0,0,0,0,0,0,0,0,0,0,0,0,0,0,0,0,0,0,0,0,0,0,0,0,0,0,0,0,0,0,0,0,0,0,0,0,0,0,0,0,0,0,0,0,0,0,0,0,0,0,0,0,0,0,0,0,0,0,0,0,0,0,0,0,0,0,0,0,0,0,0,0,0,0,0,0,0,0,0,0,0,0,0,0,0,0,0,0,0,0,0,0,0,0,0,0,0,0,0,0,0,0,0,0,0,0,0,0,0,0,0,0,0,0,0,0,0,0,0,0,0,0,0,0,0,0,0,0,0,0,0,0,0,0,0,0,0,0,0,0,0,0,0,0,0,0,0,0,0,0,0,0,0,0,0,0,0,0,0,0,0,0,0,0,0,0,0,0,0
"180",210.147375,210.371225,210.5578,210.58035,211.3861,211.452625,211.497925,211.587375,212.989875,217.58245,217.64395,219.1708,219.404125,219.407575,219.480025,219.603725,220.670925,220.762275,220.838175,220.861875,220.918825,220.9245,221.004725,221.0514,221.0633,221.079575,221.13735,221.1552,221.226125,221.260975,221.355075,223.4791,223.54265,223.638,223.763375,223.919525,224.023575,224.17445,224.377825,224.641325,224.8886,225.070575,225.279225,225.496175,226.654575,227.1347,227.4388,228.366175,228.53615,228.667475,228.862325,229.299475,229.79335,230.118375,230.508175,230.691125,231.07185,231.170425,231.3377,231.705425,232.073475,232.207275,232.348925,232.627325,232.9679,233.172975,233.5599,233.8542,234.4699,234.70445,234.9451,235.263375,235.840825,236.08705,236.37345,236.649175,237.170975,237.3098,237.479425,237.767675,0,0,0,0,0,0,0,0,0,0,0,0,0,0,0,0,0,0,0,0,0,0,0,0,0,0,0,0,0,0,0,0,0,0,0,0,0,0,0,0,0,0,0,0,0,0,0,0,0,0,0,0,0,0,0,0,0,0,0,0,0,0,0,0,0,0,0,0,0,0,0,0,0,0,0,0,0,0,0,0,0,0,0,0,0,0,0,0,0,0,0,0,0,0,0,0,0,0,0,0,0,0,0,0,0,0,0,0,0,0,0,0,0,0,0,0,0,0,0,0,0,0,0,0,0,0,0,0,0,0,0,0,0,0,0,0,0,0,0,0,0,0,0,0,0,0,0,0,0,0,0,0,0,0,0,0,0,0,0,0,0,0,0,0,0,0,0,0,0,0,0,0,0,0,0,0,0,0,0,0,0,0,0,0,0,0,0,0,0,0,0,0,0,0,0,0,0,0,0,0,0,0,0,0,0,0,0,0,0,0,0,0,0,0,0,0,0,0,0,0,0,0,0,0,0,0,0,0,0,0,0,0,0,0,0,0,0,0,0,0,0,0,0,0,0,0,0,0,0,0,0,0,0,0,0,0,0,0,0,0,0,0,0,0,0,0,0,0,0,0,0,0,0,0,0,0,0,0,0,0,0,0,0,0,0,0,0,0,0,0,0,0,0,0,0,0,0,0,0,0,0,0,0,0,0,0,0,0,0,0,0,0,0,0,0,0,0,0,0
"181",211.242725,212.03225,212.14655,212.227875,212.302525,212.345,212.40725,213.230225,213.46295,213.541725,213.575,213.731975,213.763075,213.85365,213.874925,214.71885,215.33305,216.281025,216.396025,218.0588,218.120075,218.2266,218.3609,218.4685,220.3286,222.235275,222.440625,222.5036,222.582775,222.60785,222.668825,222.729325,222.7968,0,0,0,0,0,0,0,0,0,0,0,0,0,0,0,0,0,0,0,0,0,0,0,0,0,0,0,0,0,0,0,0,0,0,0,0,0,0,0,0,0,0,0,0,0,0,0,0,0,0,0,0,0,0,0,0,0,0,0,0,0,0,0,0,0,0,0,0,0,0,0,0,0,0,0,0,0,0,0,0,0,0,0,0,0,0,0,0,0,0,0,0,0,0,0,0,0,0,0,0,0,0,0,0,0,0,0,0,0,0,0,0,0,0,0,0,0,0,0,0,0,0,0,0,0,0,0,0,0,0,0,0,0,0,0,0,0,0,0,0,0,0,0,0,0,0,0,0,0,0,0,0,0,0,0,0,0,0,0,0,0,0,0,0,0,0,0,0,0,0,0,0,0,0,0,0,0,0,0,0,0,0,0,0,0,0,0,0,0,0,0,0,0,0,0,0,0,0,0,0,0,0,0,0,0,0,0,0,0,0,0,0,0,0,0,0,0,0,0,0,0,0,0,0,0,0,0,0,0,0,0,0,0,0,0,0,0,0,0,0,0,0,0,0,0,0,0,0,0,0,0,0,0,0,0,0,0,0,0,0,0,0,0,0,0,0,0,0,0,0,0,0,0,0,0,0,0,0,0,0,0,0,0,0,0,0,0,0,0,0,0,0,0,0,0,0,0,0,0,0,0,0,0,0,0,0,0,0,0,0,0,0,0,0,0,0,0,0,0,0,0,0,0,0,0,0,0,0,0,0,0,0,0,0,0,0,0,0,0,0,0,0,0,0,0,0,0,0,0,0,0,0,0,0,0,0,0,0,0,0,0,0,0,0,0,0
"182",210.950425,210.9597,211.01405,211.094975,211.7655,211.937725,213.1084,213.1535,213.206825,216.143775,216.27265,217.237875,217.9957,222.239225,222.3733,0,0,0,0,0,0,0,0,0,0,0,0,0,0,0,0,0,0,0,0,0,0,0,0,0,0,0,0,0,0,0,0,0,0,0,0,0,0,0,0,0,0,0,0,0,0,0,0,0,0,0,0,0,0,0,0,0,0,0,0,0,0,0,0,0,0,0,0,0,0,0,0,0,0,0,0,0,0,0,0,0,0,0,0,0,0,0,0,0,0,0,0,0,0,0,0,0,0,0,0,0,0,0,0,0,0,0,0,0,0,0,0,0,0,0,0,0,0,0,0,0,0,0,0,0,0,0,0,0,0,0,0,0,0,0,0,0,0,0,0,0,0,0,0,0,0,0,0,0,0,0,0,0,0,0,0,0,0,0,0,0,0,0,0,0,0,0,0,0,0,0,0,0,0,0,0,0,0,0,0,0,0,0,0,0,0,0,0,0,0,0,0,0,0,0,0,0,0,0,0,0,0,0,0,0,0,0,0,0,0,0,0,0,0,0,0,0,0,0,0,0,0,0,0,0,0,0,0,0,0,0,0,0,0,0,0,0,0,0,0,0,0,0,0,0,0,0,0,0,0,0,0,0,0,0,0,0,0,0,0,0,0,0,0,0,0,0,0,0,0,0,0,0,0,0,0,0,0,0,0,0,0,0,0,0,0,0,0,0,0,0,0,0,0,0,0,0,0,0,0,0,0,0,0,0,0,0,0,0,0,0,0,0,0,0,0,0,0,0,0,0,0,0,0,0,0,0,0,0,0,0,0,0,0,0,0,0,0,0,0,0,0,0,0,0,0,0,0,0,0,0,0,0,0,0,0,0,0,0,0,0,0,0,0,0,0,0,0,0,0,0,0,0,0,0,0,0,0,0,0,0,0,0,0
"183",211.002775,211.214275,211.878625,211.9282,211.963375,211.9953,212.05,212.1656,212.203525,212.2386,212.313225,212.395275,213.268725,213.3323,213.4674,213.892425,214.05055,214.492975,214.768475,215.415125,216.3329,216.371625,216.439875,216.583425,216.66415,218.097025,218.152325,218.229125,218.370175,218.439025,219.857075,0,0,0,0,0,0,0,0,0,0,0,0,0,0,0,0,0,0,0,0,0,0,0,0,0,0,0,0,0,0,0,0,0,0,0,0,0,0,0,0,0,0,0,0,0,0,0,0,0,0,0,0,0,0,0,0,0,0,0,0,0,0,0,0,0,0,0,0,0,0,0,0,0,0,0,0,0,0,0,0,0,0,0,0,0,0,0,0,0,0,0,0,0,0,0,0,0,0,0,0,0,0,0,0,0,0,0,0,0,0,0,0,0,0,0,0,0,0,0,0,0,0,0,0,0,0,0,0,0,0,0,0,0,0,0,0,0,0,0,0,0,0,0,0,0,0,0,0,0,0,0,0,0,0,0,0,0,0,0,0,0,0,0,0,0,0,0,0,0,0,0,0,0,0,0,0,0,0,0,0,0,0,0,0,0,0,0,0,0,0,0,0,0,0,0,0,0,0,0,0,0,0,0,0,0,0,0,0,0,0,0,0,0,0,0,0,0,0,0,0,0,0,0,0,0,0,0,0,0,0,0,0,0,0,0,0,0,0,0,0,0,0,0,0,0,0,0,0,0,0,0,0,0,0,0,0,0,0,0,0,0,0,0,0,0,0,0,0,0,0,0,0,0,0,0,0,0,0,0,0,0,0,0,0,0,0,0,0,0,0,0,0,0,0,0,0,0,0,0,0,0,0,0,0,0,0,0,0,0,0,0,0,0,0,0,0,0,0,0,0,0,0,0,0,0,0,0,0,0,0,0,0,0,0,0,0,0,0,0,0,0,0,0,0,0,0,0,0,0,0,0,0,0,0,0,0,0,0,0,0,0,0,0,0,0,0,0,0
"184",210.91255,210.98125,211.041025,211.082625,211.135575,211.17775,211.26695,211.34995,211.372425,211.81155,211.8856,211.916025,211.9297,211.945975,212.008675,212.038275,212.060725,212.082225,212.118125,212.13485,212.166725,212.183275,212.20705,212.230275,212.25035,212.2928,212.31035,212.45445,212.504525,212.5344,212.565225,212.620025,212.677075,212.72205,213.16965,213.270725,213.28565,213.33345,213.3603,213.378475,213.42155,213.4412,213.470275,213.49085,213.5531,213.597125,213.72215,213.7592,213.78435,213.888475,213.940075,213.985275,214.034,214.553,214.61545,214.6792,214.70375,214.736525,214.756625,214.792125,214.813175,214.835925,214.863125,214.94155,214.9826,215.025475,215.054175,215.13435,215.1553,215.1953,215.236875,215.3392,215.441475,215.48065,215.66105,215.74775,216.259625,216.2912,216.33965,216.3614,216.391125,216.403825,216.458975,216.47295,216.4918,216.5228,216.56635,216.59995,216.621425,216.644425,216.6765,216.706775,216.731675,216.785125,216.825325,216.861075,216.950175,217.02855,217.081375,217.13675,217.1864,217.2547,218.089125,218.1085,218.136825,218.194,218.216275,218.239425,218.265425,218.285625,218.32985,218.34685,218.358,218.378375,218.397275,218.455375,218.513025,218.554575,218.840125,218.889375,218.9783,219.03275,220.0949,220.1659,222.026175,222.154,222.18965,222.304025,222.35385,222.397025,222.447025,222.481225,222.5229,222.5705,222.636875,222.6787,222.773175,0,0,0,0,0,0,0,0,0,0,0,0,0,0,0,0,0,0,0,0,0,0,0,0,0,0,0,0,0,0,0,0,0,0,0,0,0,0,0,0,0,0,0,0,0,0,0,0,0,0,0,0,0,0,0,0,0,0,0,0,0,0,0,0,0,0,0,0,0,0,0,0,0,0,0,0,0,0,0,0,0,0,0,0,0,0,0,0,0,0,0,0,0,0,0,0,0,0,0,0,0,0,0,0,0,0,0,0,0,0,0,0,0,0,0,0,0,0,0,0,0,0,0,0,0,0,0,0,0,0,0,0,0,0,0,0,0,0,0,0,0,0,0,0,0,0,0,0,0,0,0,0,0,0,0,0,0,0,0,0,0,0,0,0,0,0,0,0,0,0,0,0,0,0,0,0,0,0,0,0,0,0,0,0,0,0,0,0,0,0,0,0,0,0,0,0,0,0,0,0,0,0,0,0,0,0,0,0,0,0,0,0,0,0,0,0,0,0,0,0,0,0,0,0,0,0,0,0,0,0,0,0,0,0,0,0,0,0,0,0,0,0,0,0,0,0,0,0,0,0,0,0,0,0,0,0,0,0,0,0,0,0
"185",213.61605,213.63285,213.6581,213.67785,213.696875,213.727175,213.74755,213.767025,213.790575,213.814525,213.8463,213.881675,213.91345,213.94495,213.972175,0,0,0,0,0,0,0,0,0,0,0,0,0,0,0,0,0,0,0,0,0,0,0,0,0,0,0,0,0,0,0,0,0,0,0,0,0,0,0,0,0,0,0,0,0,0,0,0,0,0,0,0,0,0,0,0,0,0,0,0,0,0,0,0,0,0,0,0,0,0,0,0,0,0,0,0,0,0,0,0,0,0,0,0,0,0,0,0,0,0,0,0,0,0,0,0,0,0,0,0,0,0,0,0,0,0,0,0,0,0,0,0,0,0,0,0,0,0,0,0,0,0,0,0,0,0,0,0,0,0,0,0,0,0,0,0,0,0,0,0,0,0,0,0,0,0,0,0,0,0,0,0,0,0,0,0,0,0,0,0,0,0,0,0,0,0,0,0,0,0,0,0,0,0,0,0,0,0,0,0,0,0,0,0,0,0,0,0,0,0,0,0,0,0,0,0,0,0,0,0,0,0,0,0,0,0,0,0,0,0,0,0,0,0,0,0,0,0,0,0,0,0,0,0,0,0,0,0,0,0,0,0,0,0,0,0,0,0,0,0,0,0,0,0,0,0,0,0,0,0,0,0,0,0,0,0,0,0,0,0,0,0,0,0,0,0,0,0,0,0,0,0,0,0,0,0,0,0,0,0,0,0,0,0,0,0,0,0,0,0,0,0,0,0,0,0,0,0,0,0,0,0,0,0,0,0,0,0,0,0,0,0,0,0,0,0,0,0,0,0,0,0,0,0,0,0,0,0,0,0,0,0,0,0,0,0,0,0,0,0,0,0,0,0,0,0,0,0,0,0,0,0,0,0,0,0,0,0,0,0,0,0,0,0,0,0,0,0,0,0,0,0,0,0,0,0,0,0,0,0,0,0,0,0
"186",212.157725,212.237175,212.2966,212.362675,212.480975,212.584775,0,0,0,0,0,0,0,0,0,0,0,0,0,0,0,0,0,0,0,0,0,0,0,0,0,0,0,0,0,0,0,0,0,0,0,0,0,0,0,0,0,0,0,0,0,0,0,0,0,0,0,0,0,0,0,0,0,0,0,0,0,0,0,0,0,0,0,0,0,0,0,0,0,0,0,0,0,0,0,0,0,0,0,0,0,0,0,0,0,0,0,0,0,0,0,0,0,0,0,0,0,0,0,0,0,0,0,0,0,0,0,0,0,0,0,0,0,0,0,0,0,0,0,0,0,0,0,0,0,0,0,0,0,0,0,0,0,0,0,0,0,0,0,0,0,0,0,0,0,0,0,0,0,0,0,0,0,0,0,0,0,0,0,0,0,0,0,0,0,0,0,0,0,0,0,0,0,0,0,0,0,0,0,0,0,0,0,0,0,0,0,0,0,0,0,0,0,0,0,0,0,0,0,0,0,0,0,0,0,0,0,0,0,0,0,0,0,0,0,0,0,0,0,0,0,0,0,0,0,0,0,0,0,0,0,0,0,0,0,0,0,0,0,0,0,0,0,0,0,0,0,0,0,0,0,0,0,0,0,0,0,0,0,0,0,0,0,0,0,0,0,0,0,0,0,0,0,0,0,0,0,0,0,0,0,0,0,0,0,0,0,0,0,0,0,0,0,0,0,0,0,0,0,0,0,0,0,0,0,0,0,0,0,0,0,0,0,0,0,0,0,0,0,0,0,0,0,0,0,0,0,0,0,0,0,0,0,0,0,0,0,0,0,0,0,0,0,0,0,0,0,0,0,0,0,0,0,0,0,0,0,0,0,0,0,0,0,0,0,0,0,0,0,0,0,0,0,0,0,0,0,0,0,0,0,0,0,0,0,0,0,0,0
"187",210.184075,210.874525,210.8883,210.90475,210.923925,210.95195,211.04025,211.053075,211.068225,211.11875,211.1608,211.18435,211.204475,211.3612,211.487725,211.540725,211.7486,211.75925,211.79215,211.818725,211.921475,211.952125,211.977175,211.98345,212.048825,212.0545,212.0663,212.077825,212.0877,212.0961,212.111525,212.122975,212.1302,212.14085,212.1616,212.208525,212.21725,212.231725,212.26045,212.292075,212.29875,212.3145,212.322625,212.3278,212.338525,212.396975,212.462975,212.5019,212.511475,212.51935,212.5317,212.563325,212.583775,212.58735,212.606475,212.632125,212.63415,212.865525,212.998675,213.079925,213.10285,213.12205,213.131625,213.154875,213.181875,213.18785,213.1965,213.22575,213.252075,213.273175,213.2769,213.296425,213.311875,213.3252,213.35355,213.365925,213.39545,213.4042,213.419425,213.444325,213.446925,213.465825,213.4786,213.502275,213.531275,213.587675,213.600925,213.61165,213.623475,213.6285,213.62995,213.70625,213.7188,213.7567,213.884125,213.903075,213.9256,213.949225,213.9523,213.984425,214.014625,214.057725,214.072525,214.085325,214.08815,214.412975,214.4363,214.474275,214.501325,214.532125,214.537175,214.57555,214.5926,214.6013,214.6126,214.6195,214.638325,214.6638,214.683675,214.694775,214.7143,214.724775,214.73805,214.74335,214.7827,214.784775,214.81495,214.822375,214.825275,214.8279,214.8475,214.865525,214.88565,214.898325,214.91285,214.9154,214.93655,214.948375,214.99675,215.001975,215.021925,215.0304,215.114075,215.183775,215.201625,215.227225,215.2292,215.23765,215.248325,215.27625,215.278075,215.301375,215.30755,215.327575,215.3473,215.3511,215.360175,215.427075,215.428875,215.437975,215.486725,215.488825,215.517475,215.533775,215.58385,215.72805,215.93545,216.057725,216.0747,216.09755,216.11785,216.1315,216.155825,216.159625,216.179075,216.191475,216.194775,216.2098,216.2134,216.225675,216.24055,216.2498,216.287,216.2995,216.3248,216.3502,216.353,216.428,216.48075,216.514275,216.53525,216.549325,216.580475,216.603675,216.60575,216.6108,216.62885,216.662425,216.66885,216.729,216.752975,216.780025,216.8265,216.837725,216.8574,216.875625,216.9605,216.964625,216.971875,217.018875,217.082375,217.12915,217.185225,217.191025,217.2668,217.335225,217.379625,217.8779,217.893625,217.93175,217.951575,217.979825,217.991225,217.99955,218.002275,218.02615,218.03315,218.070875,218.075875,218.11335,218.11745,218.1439,218.145925,218.179225,218.19575,218.202725,218.22105,218.245325,218.281975,218.286925,218.307575,218.31195,218.3375,218.352225,218.367875,218.384375,218.3924,218.410225,218.428375,218.445225,218.493875,218.49545,218.518275,218.522475,218.552375,218.582225,218.593325,218.61075,218.61535,218.65165,218.654375,218.7489,218.78745,218.804225,218.886475,218.900625,220.008425,220.13445,220.2816,221.9757,222.15145,222.213575,222.215875,222.295725,222.3371,222.446675,222.45005,222.52145,222.526375,222.5659,222.6517,222.6606,222.700375,222.716075,222.816325,222.821975,0,0,0,0,0,0,0,0,0,0,0,0,0,0,0,0,0,0,0,0,0,0,0,0,0,0,0,0,0,0,0,0,0,0,0,0,0,0,0,0,0,0,0,0,0,0,0,0,0,0,0,0,0,0,0,0,0,0,0,0,0,0,0,0,0,0,0,0,0,0,0,0,0,0,0,0,0,0,0,0,0,0,0,0,0,0,0,0,0,0,0,0,0,0,0,0,0,0,0,0,0,0,0,0,0,0,0,0,0,0,0,0,0
"188",209.5625,209.6146,209.7474,209.839975,209.8741,209.9539,210.007175,210.080825,210.113675,210.149125,210.1745,210.227,210.2557,210.3059,210.333025,210.36935,210.41365,210.435,210.485075,210.554975,210.58235,210.60455,210.620975,210.641075,210.667875,210.6923,210.7357,210.802725,210.93385,211.285475,211.33625,211.3973,211.452425,211.493975,211.53515,211.572625,211.6057,211.6513,211.679075,212.704525,212.730975,212.751525,212.80535,212.8548,212.867925,212.882825,212.9147,212.988125,213.05085,213.13875,214.13975,214.183075,214.243975,214.269975,214.300375,214.3143,214.3753,214.876275,214.9628,215.1543,215.651775,215.7173,215.754925,215.804,215.827325,215.84665,215.9373,215.978875,216.02035,216.0824,217.2373,217.30165,217.330875,217.388475,217.43165,217.456,217.486975,217.50515,217.5316,217.562475,217.605675,217.644875,217.675725,217.790325,217.822225,217.879325,218.833175,218.905775,218.951,219.004275,219.04135,219.08015,219.117,219.1649,219.202975,219.2309,219.244875,219.2793,219.30485,219.325025,219.356925,219.374575,219.436725,219.456975,219.48,219.49805,219.52565,219.5612,219.6343,219.66115,219.748825,220.361625,220.439575,220.506175,220.58905,220.693175,220.7605,220.8078,220.857425,220.887075,220.909275,220.932525,220.9479,220.99735,221.0395,221.092675,221.1354,221.23545,221.287425,221.41925,222.7032,222.79215,222.888075,222.9884,223.04935,223.1336,223.189375,223.272675,223.3307,223.3672,223.453675,223.529275,223.57655,223.63705,223.7326,223.779225,223.839925,223.9821,224.072725,224.1667,224.21265,224.291825,224.37105,224.679825,225.30785,225.53935,225.7885,225.861525,226.045825,226.1519,226.33385,226.54095,226.958075,227.223225,0,0,0,0,0,0,0,0,0,0,0,0,0,0,0,0,0,0,0,0,0,0,0,0,0,0,0,0,0,0,0,0,0,0,0,0,0,0,0,0,0,0,0,0,0,0,0,0,0,0,0,0,0,0,0,0,0,0,0,0,0,0,0,0,0,0,0,0,0,0,0,0,0,0,0,0,0,0,0,0,0,0,0,0,0,0,0,0,0,0,0,0,0,0,0,0,0,0,0,0,0,0,0,0,0,0,0,0,0,0,0,0,0,0,0,0,0,0,0,0,0,0,0,0,0,0,0,0,0,0,0,0,0,0,0,0,0,0,0,0,0,0,0,0,0,0,0,0,0,0,0,0,0,0,0,0,0,0,0,0,0,0,0,0,0,0,0,0,0,0,0,0,0,0,0,0,0,0,0,0,0,0,0,0,0,0,0,0,0,0,0,0,0,0,0,0,0,0,0,0,0,0,0,0,0,0,0,0,0,0,0,0,0,0,0,0,0,0,0,0,0,0,0,0,0,0,0,0,0,0,0,0,0,0,0
"189",211.941075,212.0516,212.1063,212.17285,212.192475,212.2576,212.322825,212.3597,212.4534,213.326875,213.425175,213.4592,213.545025,213.575375,213.632725,213.704875,213.877825,213.907575,214.014475,214.7266,214.748725,214.847225,215.05085,216.390125,216.5364,217.11615,218.2299,218.266675,218.3781,218.441725,218.476425,0,0,0,0,0,0,0,0,0,0,0,0,0,0,0,0,0,0,0,0,0,0,0,0,0,0,0,0,0,0,0,0,0,0,0,0,0,0,0,0,0,0,0,0,0,0,0,0,0,0,0,0,0,0,0,0,0,0,0,0,0,0,0,0,0,0,0,0,0,0,0,0,0,0,0,0,0,0,0,0,0,0,0,0,0,0,0,0,0,0,0,0,0,0,0,0,0,0,0,0,0,0,0,0,0,0,0,0,0,0,0,0,0,0,0,0,0,0,0,0,0,0,0,0,0,0,0,0,0,0,0,0,0,0,0,0,0,0,0,0,0,0,0,0,0,0,0,0,0,0,0,0,0,0,0,0,0,0,0,0,0,0,0,0,0,0,0,0,0,0,0,0,0,0,0,0,0,0,0,0,0,0,0,0,0,0,0,0,0,0,0,0,0,0,0,0,0,0,0,0,0,0,0,0,0,0,0,0,0,0,0,0,0,0,0,0,0,0,0,0,0,0,0,0,0,0,0,0,0,0,0,0,0,0,0,0,0,0,0,0,0,0,0,0,0,0,0,0,0,0,0,0,0,0,0,0,0,0,0,0,0,0,0,0,0,0,0,0,0,0,0,0,0,0,0,0,0,0,0,0,0,0,0,0,0,0,0,0,0,0,0,0,0,0,0,0,0,0,0,0,0,0,0,0,0,0,0,0,0,0,0,0,0,0,0,0,0,0,0,0,0,0,0,0,0,0,0,0,0,0,0,0,0,0,0,0,0,0,0,0,0,0,0,0,0,0,0,0,0,0,0,0,0,0,0,0,0,0,0,0,0,0,0,0,0,0,0,0
"190",215.657075,216.63495,217.479925,217.52265,219.600675,220.752775,220.795,221.09945,221.19505,221.279975,221.430025,223.59685,223.866075,0,0,0,0,0,0,0,0,0,0,0,0,0,0,0,0,0,0,0,0,0,0,0,0,0,0,0,0,0,0,0,0,0,0,0,0,0,0,0,0,0,0,0,0,0,0,0,0,0,0,0,0,0,0,0,0,0,0,0,0,0,0,0,0,0,0,0,0,0,0,0,0,0,0,0,0,0,0,0,0,0,0,0,0,0,0,0,0,0,0,0,0,0,0,0,0,0,0,0,0,0,0,0,0,0,0,0,0,0,0,0,0,0,0,0,0,0,0,0,0,0,0,0,0,0,0,0,0,0,0,0,0,0,0,0,0,0,0,0,0,0,0,0,0,0,0,0,0,0,0,0,0,0,0,0,0,0,0,0,0,0,0,0,0,0,0,0,0,0,0,0,0,0,0,0,0,0,0,0,0,0,0,0,0,0,0,0,0,0,0,0,0,0,0,0,0,0,0,0,0,0,0,0,0,0,0,0,0,0,0,0,0,0,0,0,0,0,0,0,0,0,0,0,0,0,0,0,0,0,0,0,0,0,0,0,0,0,0,0,0,0,0,0,0,0,0,0,0,0,0,0,0,0,0,0,0,0,0,0,0,0,0,0,0,0,0,0,0,0,0,0,0,0,0,0,0,0,0,0,0,0,0,0,0,0,0,0,0,0,0,0,0,0,0,0,0,0,0,0,0,0,0,0,0,0,0,0,0,0,0,0,0,0,0,0,0,0,0,0,0,0,0,0,0,0,0,0,0,0,0,0,0,0,0,0,0,0,0,0,0,0,0,0,0,0,0,0,0,0,0,0,0,0,0,0,0,0,0,0,0,0,0,0,0,0,0,0,0,0,0,0,0,0,0,0,0,0,0,0,0,0,0,0,0,0,0
"191",210.050025,210.103225,210.132625,210.138225,210.189975,210.239025,210.2628,210.28535,210.337475,210.38995,210.42255,210.474175,210.47765,210.515725,210.528925,210.56065,210.590075,210.63055,210.65905,211.432275,211.4384,211.46565,211.58375,211.6196,212.727575,212.7563,212.835875,212.85095,212.894325,213.004825,213.50205,214.1649,215.676275,215.766975,215.777775,215.8243,215.911425,215.959775,217.28925,217.339025,217.35965,217.39525,217.398675,217.44375,217.4592,217.489125,217.514275,217.52915,217.5368,217.58425,217.627375,217.655,217.711975,217.713275,217.7337,217.768675,219.03335,219.08675,219.11225,219.15435,219.156125,219.21365,219.226,219.273625,219.311825,219.33025,219.34375,219.3761,219.39145,219.41045,219.4266,219.446025,219.472975,219.49165,219.5147,219.540825,220.73565,220.90215,220.912075,220.9936,221.1084,221.18215,222.358175,0,0,0,0,0,0,0,0,0,0,0,0,0,0,0,0,0,0,0,0,0,0,0,0,0,0,0,0,0,0,0,0,0,0,0,0,0,0,0,0,0,0,0,0,0,0,0,0,0,0,0,0,0,0,0,0,0,0,0,0,0,0,0,0,0,0,0,0,0,0,0,0,0,0,0,0,0,0,0,0,0,0,0,0,0,0,0,0,0,0,0,0,0,0,0,0,0,0,0,0,0,0,0,0,0,0,0,0,0,0,0,0,0,0,0,0,0,0,0,0,0,0,0,0,0,0,0,0,0,0,0,0,0,0,0,0,0,0,0,0,0,0,0,0,0,0,0,0,0,0,0,0,0,0,0,0,0,0,0,0,0,0,0,0,0,0,0,0,0,0,0,0,0,0,0,0,0,0,0,0,0,0,0,0,0,0,0,0,0,0,0,0,0,0,0,0,0,0,0,0,0,0,0,0,0,0,0,0,0,0,0,0,0,0,0,0,0,0,0,0,0,0,0,0,0,0,0,0,0,0,0,0,0,0,0,0,0,0,0,0,0,0,0,0,0,0,0,0,0,0,0,0,0,0,0,0,0,0,0,0,0,0,0,0,0,0,0,0,0,0,0,0,0,0,0,0,0,0,0,0,0,0,0,0,0,0,0,0,0,0,0,0,0,0,0,0,0,0,0,0,0,0,0,0,0,0,0,0,0,0,0,0,0,0,0,0
"192",212.140925,213.44805,215.0001,215.073325,216.4118,216.466325,216.52145,216.752225,218.357625,218.393725,218.44085,218.5583,0,0,0,0,0,0,0,0,0,0,0,0,0,0,0,0,0,0,0,0,0,0,0,0,0,0,0,0,0,0,0,0,0,0,0,0,0,0,0,0,0,0,0,0,0,0,0,0,0,0,0,0,0,0,0,0,0,0,0,0,0,0,0,0,0,0,0,0,0,0,0,0,0,0,0,0,0,0,0,0,0,0,0,0,0,0,0,0,0,0,0,0,0,0,0,0,0,0,0,0,0,0,0,0,0,0,0,0,0,0,0,0,0,0,0,0,0,0,0,0,0,0,0,0,0,0,0,0,0,0,0,0,0,0,0,0,0,0,0,0,0,0,0,0,0,0,0,0,0,0,0,0,0,0,0,0,0,0,0,0,0,0,0,0,0,0,0,0,0,0,0,0,0,0,0,0,0,0,0,0,0,0,0,0,0,0,0,0,0,0,0,0,0,0,0,0,0,0,0,0,0,0,0,0,0,0,0,0,0,0,0,0,0,0,0,0,0,0,0,0,0,0,0,0,0,0,0,0,0,0,0,0,0,0,0,0,0,0,0,0,0,0,0,0,0,0,0,0,0,0,0,0,0,0,0,0,0,0,0,0,0,0,0,0,0,0,0,0,0,0,0,0,0,0,0,0,0,0,0,0,0,0,0,0,0,0,0,0,0,0,0,0,0,0,0,0,0,0,0,0,0,0,0,0,0,0,0,0,0,0,0,0,0,0,0,0,0,0,0,0,0,0,0,0,0,0,0,0,0,0,0,0,0,0,0,0,0,0,0,0,0,0,0,0,0,0,0,0,0,0,0,0,0,0,0,0,0,0,0,0,0,0,0,0,0,0,0,0,0,0,0,0,0,0,0,0,0,0,0,0,0,0,0,0,0,0,0
"193",210.349225,210.5055,210.56865,211.47285,211.59855,212.77155,212.84155,212.909425,212.9388,212.965425,215.751625,215.809925,215.85055,215.92055,217.4756,217.510275,217.54495,217.58695,217.62315,217.64865,217.671175,217.7227,217.76385,219.12155,219.201075,219.23915,219.276275,219.332625,219.36515,219.4019,219.4394,219.4642,219.50285,219.5293,219.568325,219.6281,0,0,0,0,0,0,0,0,0,0,0,0,0,0,0,0,0,0,0,0,0,0,0,0,0,0,0,0,0,0,0,0,0,0,0,0,0,0,0,0,0,0,0,0,0,0,0,0,0,0,0,0,0,0,0,0,0,0,0,0,0,0,0,0,0,0,0,0,0,0,0,0,0,0,0,0,0,0,0,0,0,0,0,0,0,0,0,0,0,0,0,0,0,0,0,0,0,0,0,0,0,0,0,0,0,0,0,0,0,0,0,0,0,0,0,0,0,0,0,0,0,0,0,0,0,0,0,0,0,0,0,0,0,0,0,0,0,0,0,0,0,0,0,0,0,0,0,0,0,0,0,0,0,0,0,0,0,0,0,0,0,0,0,0,0,0,0,0,0,0,0,0,0,0,0,0,0,0,0,0,0,0,0,0,0,0,0,0,0,0,0,0,0,0,0,0,0,0,0,0,0,0,0,0,0,0,0,0,0,0,0,0,0,0,0,0,0,0,0,0,0,0,0,0,0,0,0,0,0,0,0,0,0,0,0,0,0,0,0,0,0,0,0,0,0,0,0,0,0,0,0,0,0,0,0,0,0,0,0,0,0,0,0,0,0,0,0,0,0,0,0,0,0,0,0,0,0,0,0,0,0,0,0,0,0,0,0,0,0,0,0,0,0,0,0,0,0,0,0,0,0,0,0,0,0,0,0,0,0,0,0,0,0,0,0,0,0,0,0,0,0,0,0,0,0,0,0,0,0,0,0,0,0,0,0,0,0,0,0,0,0,0,0,0,0,0,0,0,0,0,0,0,0,0,0,0,0,0,0,0,0,0,0
"194",210.94885,210.951,210.97875,211.002875,211.814125,211.854575,213.162125,213.212625,216.100375,216.143775,216.187875,220.133975,222.028175,222.087125,222.15015,222.1949,0,0,0,0,0,0,0,0,0,0,0,0,0,0,0,0,0,0,0,0,0,0,0,0,0,0,0,0,0,0,0,0,0,0,0,0,0,0,0,0,0,0,0,0,0,0,0,0,0,0,0,0,0,0,0,0,0,0,0,0,0,0,0,0,0,0,0,0,0,0,0,0,0,0,0,0,0,0,0,0,0,0,0,0,0,0,0,0,0,0,0,0,0,0,0,0,0,0,0,0,0,0,0,0,0,0,0,0,0,0,0,0,0,0,0,0,0,0,0,0,0,0,0,0,0,0,0,0,0,0,0,0,0,0,0,0,0,0,0,0,0,0,0,0,0,0,0,0,0,0,0,0,0,0,0,0,0,0,0,0,0,0,0,0,0,0,0,0,0,0,0,0,0,0,0,0,0,0,0,0,0,0,0,0,0,0,0,0,0,0,0,0,0,0,0,0,0,0,0,0,0,0,0,0,0,0,0,0,0,0,0,0,0,0,0,0,0,0,0,0,0,0,0,0,0,0,0,0,0,0,0,0,0,0,0,0,0,0,0,0,0,0,0,0,0,0,0,0,0,0,0,0,0,0,0,0,0,0,0,0,0,0,0,0,0,0,0,0,0,0,0,0,0,0,0,0,0,0,0,0,0,0,0,0,0,0,0,0,0,0,0,0,0,0,0,0,0,0,0,0,0,0,0,0,0,0,0,0,0,0,0,0,0,0,0,0,0,0,0,0,0,0,0,0,0,0,0,0,0,0,0,0,0,0,0,0,0,0,0,0,0,0,0,0,0,0,0,0,0,0,0,0,0,0,0,0,0,0,0,0,0,0,0,0,0,0,0,0,0,0,0,0,0,0,0,0,0,0,0,0,0,0,0
"195",210.512275,211.343725,211.48055,212.6833,212.872625,213.7863,214.16405,215.6273,215.7452,215.8848,216.707275,217.063125,217.277425,217.41395,217.57605,217.76425,217.8913,218.63095,218.827775,218.939275,219.0768,219.2093,219.470925,219.67175,0,0,0,0,0,0,0,0,0,0,0,0,0,0,0,0,0,0,0,0,0,0,0,0,0,0,0,0,0,0,0,0,0,0,0,0,0,0,0,0,0,0,0,0,0,0,0,0,0,0,0,0,0,0,0,0,0,0,0,0,0,0,0,0,0,0,0,0,0,0,0,0,0,0,0,0,0,0,0,0,0,0,0,0,0,0,0,0,0,0,0,0,0,0,0,0,0,0,0,0,0,0,0,0,0,0,0,0,0,0,0,0,0,0,0,0,0,0,0,0,0,0,0,0,0,0,0,0,0,0,0,0,0,0,0,0,0,0,0,0,0,0,0,0,0,0,0,0,0,0,0,0,0,0,0,0,0,0,0,0,0,0,0,0,0,0,0,0,0,0,0,0,0,0,0,0,0,0,0,0,0,0,0,0,0,0,0,0,0,0,0,0,0,0,0,0,0,0,0,0,0,0,0,0,0,0,0,0,0,0,0,0,0,0,0,0,0,0,0,0,0,0,0,0,0,0,0,0,0,0,0,0,0,0,0,0,0,0,0,0,0,0,0,0,0,0,0,0,0,0,0,0,0,0,0,0,0,0,0,0,0,0,0,0,0,0,0,0,0,0,0,0,0,0,0,0,0,0,0,0,0,0,0,0,0,0,0,0,0,0,0,0,0,0,0,0,0,0,0,0,0,0,0,0,0,0,0,0,0,0,0,0,0,0,0,0,0,0,0,0,0,0,0,0,0,0,0,0,0,0,0,0,0,0,0,0,0,0,0,0,0,0,0,0,0,0,0,0,0,0,0,0,0,0,0,0,0,0,0,0,0,0,0,0,0,0,0,0,0,0,0,0,0,0,0
"196",212.507475,213.60545,213.63475,213.6686,213.696775,213.725525,213.757675,213.77095,213.80885,213.8427,213.856975,213.8832,213.910725,213.959725,213.99915,216.6465,216.705725,216.7515,216.842225,216.91615,217.045325,218.428125,218.4671,218.51095,218.543725,218.594,218.7121,0,0,0,0,0,0,0,0,0,0,0,0,0,0,0,0,0,0,0,0,0,0,0,0,0,0,0,0,0,0,0,0,0,0,0,0,0,0,0,0,0,0,0,0,0,0,0,0,0,0,0,0,0,0,0,0,0,0,0,0,0,0,0,0,0,0,0,0,0,0,0,0,0,0,0,0,0,0,0,0,0,0,0,0,0,0,0,0,0,0,0,0,0,0,0,0,0,0,0,0,0,0,0,0,0,0,0,0,0,0,0,0,0,0,0,0,0,0,0,0,0,0,0,0,0,0,0,0,0,0,0,0,0,0,0,0,0,0,0,0,0,0,0,0,0,0,0,0,0,0,0,0,0,0,0,0,0,0,0,0,0,0,0,0,0,0,0,0,0,0,0,0,0,0,0,0,0,0,0,0,0,0,0,0,0,0,0,0,0,0,0,0,0,0,0,0,0,0,0,0,0,0,0,0,0,0,0,0,0,0,0,0,0,0,0,0,0,0,0,0,0,0,0,0,0,0,0,0,0,0,0,0,0,0,0,0,0,0,0,0,0,0,0,0,0,0,0,0,0,0,0,0,0,0,0,0,0,0,0,0,0,0,0,0,0,0,0,0,0,0,0,0,0,0,0,0,0,0,0,0,0,0,0,0,0,0,0,0,0,0,0,0,0,0,0,0,0,0,0,0,0,0,0,0,0,0,0,0,0,0,0,0,0,0,0,0,0,0,0,0,0,0,0,0,0,0,0,0,0,0,0,0,0,0,0,0,0,0,0,0,0,0,0,0,0,0,0,0,0,0,0,0,0,0,0,0,0,0,0,0,0,0,0,0,0,0,0,0,0,0,0,0
"197",210.898525,211.2675,211.8601,212.1092,212.253925,212.5789,212.995225,213.08705,213.392625,213.4213,213.578325,213.838325,213.99165,214.115725,214.46195,214.48695,215.999775,216.507075,218.41865,0,0,0,0,0,0,0,0,0,0,0,0,0,0,0,0,0,0,0,0,0,0,0,0,0,0,0,0,0,0,0,0,0,0,0,0,0,0,0,0,0,0,0,0,0,0,0,0,0,0,0,0,0,0,0,0,0,0,0,0,0,0,0,0,0,0,0,0,0,0,0,0,0,0,0,0,0,0,0,0,0,0,0,0,0,0,0,0,0,0,0,0,0,0,0,0,0,0,0,0,0,0,0,0,0,0,0,0,0,0,0,0,0,0,0,0,0,0,0,0,0,0,0,0,0,0,0,0,0,0,0,0,0,0,0,0,0,0,0,0,0,0,0,0,0,0,0,0,0,0,0,0,0,0,0,0,0,0,0,0,0,0,0,0,0,0,0,0,0,0,0,0,0,0,0,0,0,0,0,0,0,0,0,0,0,0,0,0,0,0,0,0,0,0,0,0,0,0,0,0,0,0,0,0,0,0,0,0,0,0,0,0,0,0,0,0,0,0,0,0,0,0,0,0,0,0,0,0,0,0,0,0,0,0,0,0,0,0,0,0,0,0,0,0,0,0,0,0,0,0,0,0,0,0,0,0,0,0,0,0,0,0,0,0,0,0,0,0,0,0,0,0,0,0,0,0,0,0,0,0,0,0,0,0,0,0,0,0,0,0,0,0,0,0,0,0,0,0,0,0,0,0,0,0,0,0,0,0,0,0,0,0,0,0,0,0,0,0,0,0,0,0,0,0,0,0,0,0,0,0,0,0,0,0,0,0,0,0,0,0,0,0,0,0,0,0,0,0,0,0,0,0,0,0,0,0,0,0,0,0,0,0,0,0,0,0,0,0,0,0,0,0,0,0,0,0,0,0,0,0
"198",210.918025,211.022625,211.042175,211.7498,211.768675,211.80175,211.82805,211.887175,211.96725,212.093625,213.12215,213.181375,213.295775,213.3064,213.354775,213.464275,213.504275,213.9508,214.4984,214.5321,214.559375,214.6256,214.660025,214.73885,214.82445,214.8594,214.99865,215.1209,215.5123,216.095775,216.120475,216.145975,216.211975,216.2621,216.4845,216.80555,218.0339,218.2541,218.356175,218.62035,218.70235,0,0,0,0,0,0,0,0,0,0,0,0,0,0,0,0,0,0,0,0,0,0,0,0,0,0,0,0,0,0,0,0,0,0,0,0,0,0,0,0,0,0,0,0,0,0,0,0,0,0,0,0,0,0,0,0,0,0,0,0,0,0,0,0,0,0,0,0,0,0,0,0,0,0,0,0,0,0,0,0,0,0,0,0,0,0,0,0,0,0,0,0,0,0,0,0,0,0,0,0,0,0,0,0,0,0,0,0,0,0,0,0,0,0,0,0,0,0,0,0,0,0,0,0,0,0,0,0,0,0,0,0,0,0,0,0,0,0,0,0,0,0,0,0,0,0,0,0,0,0,0,0,0,0,0,0,0,0,0,0,0,0,0,0,0,0,0,0,0,0,0,0,0,0,0,0,0,0,0,0,0,0,0,0,0,0,0,0,0,0,0,0,0,0,0,0,0,0,0,0,0,0,0,0,0,0,0,0,0,0,0,0,0,0,0,0,0,0,0,0,0,0,0,0,0,0,0,0,0,0,0,0,0,0,0,0,0,0,0,0,0,0,0,0,0,0,0,0,0,0,0,0,0,0,0,0,0,0,0,0,0,0,0,0,0,0,0,0,0,0,0,0,0,0,0,0,0,0,0,0,0,0,0,0,0,0,0,0,0,0,0,0,0,0,0,0,0,0,0,0,0,0,0,0,0,0,0,0,0,0,0,0,0,0,0,0,0,0,0,0,0,0,0,0,0,0,0,0,0,0,0,0,0,0,0,0,0,0,0,0,0,0,0,0,0,0,0,0,0,0,0,0,0,0,0,0,0,0
"199",210.00385,210.1674,210.333675,210.410575,210.441875,210.487775,210.50715,210.5306,210.5765,210.595575,210.613875,210.63565,210.713175,211.268375,211.409875,211.61765,212.7421,212.77045,212.8198,212.886125,212.93415,212.96815,214.14405,214.241925,214.28325,214.31905,214.34995,215.688575,215.727775,215.74335,215.7896,215.80435,215.83225,215.860275,215.885325,215.900025,215.928075,217.2413,217.35165,217.468325,217.55495,217.612725,217.676825,217.7112,217.745025,218.4448,219.170725,219.339175,219.508825,219.62015,220.034325,222.23515,224.82865,0,0,0,0,0,0,0,0,0,0,0,0,0,0,0,0,0,0,0,0,0,0,0,0,0,0,0,0,0,0,0,0,0,0,0,0,0,0,0,0,0,0,0,0,0,0,0,0,0,0,0,0,0,0,0,0,0,0,0,0,0,0,0,0,0,0,0,0,0,0,0,0,0,0,0,0,0,0,0,0,0,0,0,0,0,0,0,0,0,0,0,0,0,0,0,0,0,0,0,0,0,0,0,0,0,0,0,0,0,0,0,0,0,0,0,0,0,0,0,0,0,0,0,0,0,0,0,0,0,0,0,0,0,0,0,0,0,0,0,0,0,0,0,0,0,0,0,0,0,0,0,0,0,0,0,0,0,0,0,0,0,0,0,0,0,0,0,0,0,0,0,0,0,0,0,0,0,0,0,0,0,0,0,0,0,0,0,0,0,0,0,0,0,0,0,0,0,0,0,0,0,0,0,0,0,0,0,0,0,0,0,0,0,0,0,0,0,0,0,0,0,0,0,0,0,0,0,0,0,0,0,0,0,0,0,0,0,0,0,0,0,0,0,0,0,0,0,0,0,0,0,0,0,0,0,0,0,0,0,0,0,0,0,0,0,0,0,0,0,0,0,0,0,0,0,0,0,0,0,0,0,0,0,0,0,0,0,0,0,0,0,0,0,0,0,0,0,0,0,0,0,0,0,0,0,0,0,0,0,0,0,0,0,0,0,0,0,0,0,0,0,0,0,0,0,0,0,0,0,0,0,0,0,0,0,0,0,0,0,0,0,0,0,0,0,0
"200",210.94225,210.9869,211.133825,211.3173,211.42245,211.5671,211.643475,211.737175,211.8208,212.1518,212.216025,212.265175,212.41425,212.479825,212.489925,212.52105,212.56375,212.6324,212.6708,212.679175,212.68815,212.876,213.094175,213.128525,213.15445,213.22125,213.298875,213.330075,213.338775,213.3843,213.41185,213.452275,213.4605,213.5069,213.544225,213.558225,213.56195,213.59545,213.6677,213.7038,213.708225,213.769625,213.81395,213.89615,213.9789,213.994825,214.026625,214.081125,214.11475,214.158475,214.168575,214.21105,214.235825,214.41055,214.446775,214.489075,214.4966,214.5258,214.5286,214.559975,214.646875,214.67905,214.698925,214.9308,214.991925,215.024425,215.146475,215.3389,215.352875,215.405325,215.436325,215.455825,215.4736,215.492675,215.5342,215.584725,215.634425,215.6357,215.800075,215.8929,215.945025,216.06845,216.111575,216.1328,216.171625,216.204,216.22205,216.246725,216.264625,216.42095,216.4899,216.5156,216.5982,216.733875,216.788475,216.8592,217.02365,217.058025,217.06485,217.086,217.154275,217.1889,217.20905,217.261275,217.331475,217.3823,217.392225,217.5173,217.888925,217.89895,217.957675,217.995475,218.026,218.1038,218.177175,218.27705,218.315375,218.368025,218.4724,218.656775,218.777725,218.820775,218.86185,218.916175,218.99055,219.041875,219.1816,219.25995,219.37355,219.6036,219.636675,219.73075,219.8737,219.91645,219.95575,220.013475,220.05625,220.104275,220.1432,220.1994,220.22725,220.29635,220.430525,220.46405,220.491325,220.555175,220.5886,220.656675,220.66975,220.7227,220.804125,220.82465,220.957575,221.05415,221.063175,221.2393,221.49185,221.595575,221.796125,221.829575,221.8933,221.91875,221.96525,222.034525,222.0758,222.111875,222.14315,222.208325,222.25305,222.28935,222.322625,222.459975,222.482775,222.555625,222.67035,222.742475,222.780125,222.833275,222.97575,223.05825,223.117675,223.21665,223.37945,223.680725,225.9318,226.055775,226.206125,226.5052,226.89425,227.285225,0,0,0,0,0,0,0,0,0,0,0,0,0,0,0,0,0,0,0,0,0,0,0,0,0,0,0,0,0,0,0,0,0,0,0,0,0,0,0,0,0,0,0,0,0,0,0,0,0,0,0,0,0,0,0,0,0,0,0,0,0,0,0,0,0,0,0,0,0,0,0,0,0,0,0,0,0,0,0,0,0,0,0,0,0,0,0,0,0,0,0,0,0,0,0,0,0,0,0,0,0,0,0,0,0,0,0,0,0,0,0,0,0,0,0,0,0,0,0,0,0,0,0,0,0,0,0,0,0,0,0,0,0,0,0,0,0,0,0,0,0,0,0,0,0,0,0,0,0,0,0,0,0,0,0,0,0,0,0,0,0,0,0,0,0,0,0,0,0,0,0,0,0,0,0,0,0,0,0,0,0,0,0,0,0,0,0,0,0,0,0,0,0,0,0,0,0,0,0,0,0,0,0,0,0,0,0,0,0
"201",210.1627,210.2599,210.303525,210.35185,210.401675,210.50075,211.50175,211.532075,212.176925,212.7577,212.7856,212.78855,212.81725,212.865325,212.9078,212.946825,212.967075,213.78855,214.265875,214.323875,215.7103,215.73335,215.788,215.807475,215.840875,215.879325,217.548575,217.6037,217.67885,219.119625,219.18915,219.24695,219.29795,219.3457,219.575575,220.6357,0,0,0,0,0,0,0,0,0,0,0,0,0,0,0,0,0,0,0,0,0,0,0,0,0,0,0,0,0,0,0,0,0,0,0,0,0,0,0,0,0,0,0,0,0,0,0,0,0,0,0,0,0,0,0,0,0,0,0,0,0,0,0,0,0,0,0,0,0,0,0,0,0,0,0,0,0,0,0,0,0,0,0,0,0,0,0,0,0,0,0,0,0,0,0,0,0,0,0,0,0,0,0,0,0,0,0,0,0,0,0,0,0,0,0,0,0,0,0,0,0,0,0,0,0,0,0,0,0,0,0,0,0,0,0,0,0,0,0,0,0,0,0,0,0,0,0,0,0,0,0,0,0,0,0,0,0,0,0,0,0,0,0,0,0,0,0,0,0,0,0,0,0,0,0,0,0,0,0,0,0,0,0,0,0,0,0,0,0,0,0,0,0,0,0,0,0,0,0,0,0,0,0,0,0,0,0,0,0,0,0,0,0,0,0,0,0,0,0,0,0,0,0,0,0,0,0,0,0,0,0,0,0,0,0,0,0,0,0,0,0,0,0,0,0,0,0,0,0,0,0,0,0,0,0,0,0,0,0,0,0,0,0,0,0,0,0,0,0,0,0,0,0,0,0,0,0,0,0,0,0,0,0,0,0,0,0,0,0,0,0,0,0,0,0,0,0,0,0,0,0,0,0,0,0,0,0,0,0,0,0,0,0,0,0,0,0,0,0,0,0,0,0,0,0,0,0,0,0,0,0,0,0,0,0,0,0,0,0,0,0,0,0,0,0,0,0,0,0,0,0,0,0,0,0,0,0,0,0,0,0,0,0
"202",210.994925,211.019925,211.0443,213.1688,220.065775,222.020475,222.066175,222.1829,0,0,0,0,0,0,0,0,0,0,0,0,0,0,0,0,0,0,0,0,0,0,0,0,0,0,0,0,0,0,0,0,0,0,0,0,0,0,0,0,0,0,0,0,0,0,0,0,0,0,0,0,0,0,0,0,0,0,0,0,0,0,0,0,0,0,0,0,0,0,0,0,0,0,0,0,0,0,0,0,0,0,0,0,0,0,0,0,0,0,0,0,0,0,0,0,0,0,0,0,0,0,0,0,0,0,0,0,0,0,0,0,0,0,0,0,0,0,0,0,0,0,0,0,0,0,0,0,0,0,0,0,0,0,0,0,0,0,0,0,0,0,0,0,0,0,0,0,0,0,0,0,0,0,0,0,0,0,0,0,0,0,0,0,0,0,0,0,0,0,0,0,0,0,0,0,0,0,0,0,0,0,0,0,0,0,0,0,0,0,0,0,0,0,0,0,0,0,0,0,0,0,0,0,0,0,0,0,0,0,0,0,0,0,0,0,0,0,0,0,0,0,0,0,0,0,0,0,0,0,0,0,0,0,0,0,0,0,0,0,0,0,0,0,0,0,0,0,0,0,0,0,0,0,0,0,0,0,0,0,0,0,0,0,0,0,0,0,0,0,0,0,0,0,0,0,0,0,0,0,0,0,0,0,0,0,0,0,0,0,0,0,0,0,0,0,0,0,0,0,0,0,0,0,0,0,0,0,0,0,0,0,0,0,0,0,0,0,0,0,0,0,0,0,0,0,0,0,0,0,0,0,0,0,0,0,0,0,0,0,0,0,0,0,0,0,0,0,0,0,0,0,0,0,0,0,0,0,0,0,0,0,0,0,0,0,0,0,0,0,0,0,0,0,0,0,0,0,0,0,0,0,0,0,0,0,0,0,0,0,0
"203",211.993325,212.0358,212.0529,212.1401,212.206825,212.363575,212.41095,212.51435,213.234225,213.25405,213.269275,213.40035,213.4786,213.581325,213.6192,214.58095,214.889775,214.903725,215.1317,216.28685,216.459725,216.577125,216.6845,216.7846,216.885725,217.997875,218.30115,218.379675,218.5285,218.601425,0,0,0,0,0,0,0,0,0,0,0,0,0,0,0,0,0,0,0,0,0,0,0,0,0,0,0,0,0,0,0,0,0,0,0,0,0,0,0,0,0,0,0,0,0,0,0,0,0,0,0,0,0,0,0,0,0,0,0,0,0,0,0,0,0,0,0,0,0,0,0,0,0,0,0,0,0,0,0,0,0,0,0,0,0,0,0,0,0,0,0,0,0,0,0,0,0,0,0,0,0,0,0,0,0,0,0,0,0,0,0,0,0,0,0,0,0,0,0,0,0,0,0,0,0,0,0,0,0,0,0,0,0,0,0,0,0,0,0,0,0,0,0,0,0,0,0,0,0,0,0,0,0,0,0,0,0,0,0,0,0,0,0,0,0,0,0,0,0,0,0,0,0,0,0,0,0,0,0,0,0,0,0,0,0,0,0,0,0,0,0,0,0,0,0,0,0,0,0,0,0,0,0,0,0,0,0,0,0,0,0,0,0,0,0,0,0,0,0,0,0,0,0,0,0,0,0,0,0,0,0,0,0,0,0,0,0,0,0,0,0,0,0,0,0,0,0,0,0,0,0,0,0,0,0,0,0,0,0,0,0,0,0,0,0,0,0,0,0,0,0,0,0,0,0,0,0,0,0,0,0,0,0,0,0,0,0,0,0,0,0,0,0,0,0,0,0,0,0,0,0,0,0,0,0,0,0,0,0,0,0,0,0,0,0,0,0,0,0,0,0,0,0,0,0,0,0,0,0,0,0,0,0,0,0,0,0,0,0,0,0,0,0,0,0,0,0,0,0,0,0,0,0,0,0,0,0,0,0,0,0,0,0,0,0,0,0,0,0
"204",211.899275,212.18515,212.544375,213.149925,213.197225,213.37095,213.38515,213.422925,213.44095,213.56425,213.89315,214.0941,214.5436,214.640175,214.8729,215.04135,215.0557,216.17035,216.25045,216.36355,216.438625,216.618825,216.9217,218.1045,218.1485,218.192675,218.2236,218.439975,218.4739,218.56095,0,0,0,0,0,0,0,0,0,0,0,0,0,0,0,0,0,0,0,0,0,0,0,0,0,0,0,0,0,0,0,0,0,0,0,0,0,0,0,0,0,0,0,0,0,0,0,0,0,0,0,0,0,0,0,0,0,0,0,0,0,0,0,0,0,0,0,0,0,0,0,0,0,0,0,0,0,0,0,0,0,0,0,0,0,0,0,0,0,0,0,0,0,0,0,0,0,0,0,0,0,0,0,0,0,0,0,0,0,0,0,0,0,0,0,0,0,0,0,0,0,0,0,0,0,0,0,0,0,0,0,0,0,0,0,0,0,0,0,0,0,0,0,0,0,0,0,0,0,0,0,0,0,0,0,0,0,0,0,0,0,0,0,0,0,0,0,0,0,0,0,0,0,0,0,0,0,0,0,0,0,0,0,0,0,0,0,0,0,0,0,0,0,0,0,0,0,0,0,0,0,0,0,0,0,0,0,0,0,0,0,0,0,0,0,0,0,0,0,0,0,0,0,0,0,0,0,0,0,0,0,0,0,0,0,0,0,0,0,0,0,0,0,0,0,0,0,0,0,0,0,0,0,0,0,0,0,0,0,0,0,0,0,0,0,0,0,0,0,0,0,0,0,0,0,0,0,0,0,0,0,0,0,0,0,0,0,0,0,0,0,0,0,0,0,0,0,0,0,0,0,0,0,0,0,0,0,0,0,0,0,0,0,0,0,0,0,0,0,0,0,0,0,0,0,0,0,0,0,0,0,0,0,0,0,0,0,0,0,0,0,0,0,0,0,0,0,0,0,0,0,0,0,0,0,0,0,0,0,0,0,0,0,0,0,0,0,0,0
"205",209.830475,210.1504,210.367675,210.5095,210.5299,210.54695,210.6118,210.859675,211.0311,211.149,211.2184,211.3079,211.351175,211.814075,211.9615,211.9663,212.03595,212.11705,212.13155,212.136975,212.185825,212.213,212.245225,212.287125,212.331475,212.3513,212.409625,212.424625,212.455225,212.496425,212.53695,212.55895,212.5698,212.624275,212.655025,212.6751,212.725525,212.8153,212.864675,212.9813,213.138375,213.20535,213.25155,213.280825,213.285625,213.31895,213.3666,213.3761,213.397275,213.4255,213.453875,213.4679,213.517475,213.5353,213.544975,213.5901,213.61885,213.692075,213.705125,213.714,213.745525,213.780875,213.80625,213.818375,213.8409,213.871125,213.883975,213.9099,213.93285,213.95685,213.96245,213.98655,214.0157,214.072175,214.11075,214.1398,214.140225,214.177925,214.219775,214.287175,214.325525,214.50935,214.5532,214.59305,214.617725,214.648875,214.6973,214.7254,214.749875,214.776325,214.80065,214.824975,214.843975,214.85645,214.898325,214.923175,214.937,214.960925,214.98935,215.028875,215.03625,215.050825,215.061025,215.072175,215.09645,215.10175,215.129825,215.1401,215.158825,215.172225,215.20715,215.238575,215.2999,215.3447,215.367325,215.412325,215.42015,215.436875,215.46865,215.480425,215.53995,215.5533,215.582975,215.59955,215.646325,215.661625,215.822025,215.847475,216.127175,216.181125,216.2554,216.27285,216.285425,216.350875,216.37335,216.421925,216.468225,216.487725,216.496725,216.551675,216.5663,216.582125,216.6359,216.656575,216.685825,216.700275,216.7195,216.73455,216.763225,216.77725,216.8055,216.8148,216.8353,216.853175,216.87075,216.891625,216.9172,216.96235,217.028275,217.045775,217.081725,217.11525,217.139325,217.169325,217.17565,217.210325,217.241275,217.275675,218.0317,218.181575,218.203475,218.29595,218.363725,218.40925,218.49315,218.547775,218.585125,218.6209,218.6578,218.668275,218.72265,218.741925,218.811425,218.87035,218.9264,219.71585,219.7972,219.9121,219.984225,219.99205,220.055875,220.11915,220.15425,220.247275,220.3041,220.320775,220.382775,220.5447,222.127375,222.688425,222.85365,223.188975,223.2935,0,0,0,0,0,0,0,0,0,0,0,0,0,0,0,0,0,0,0,0,0,0,0,0,0,0,0,0,0,0,0,0,0,0,0,0,0,0,0,0,0,0,0,0,0,0,0,0,0,0,0,0,0,0,0,0,0,0,0,0,0,0,0,0,0,0,0,0,0,0,0,0,0,0,0,0,0,0,0,0,0,0,0,0,0,0,0,0,0,0,0,0,0,0,0,0,0,0,0,0,0,0,0,0,0,0,0,0,0,0,0,0,0,0,0,0,0,0,0,0,0,0,0,0,0,0,0,0,0,0,0,0,0,0,0,0,0,0,0,0,0,0,0,0,0,0,0,0,0,0,0,0,0,0,0,0,0,0,0,0,0,0,0,0,0,0,0,0,0,0,0,0,0,0,0,0,0,0,0,0,0,0,0,0,0,0,0,0,0,0,0,0,0,0,0,0
"206",209.55585,209.589025,209.620025,209.634525,209.6791,209.715525,209.767075,209.797825,209.82645,209.86505,209.894875,209.905225,209.934725,209.96315,209.977575,209.9929,210.02435,210.05665,210.072225,210.0905,210.6438,210.763975,210.7967,210.8172,210.8423,210.885925,210.900375,210.917425,210.9362,210.9612,210.971975,210.99535,211.007875,211.01465,211.021325,211.0523,211.05915,211.0801,211.0907,211.10185,211.13085,211.1374,211.14835,211.182425,211.194875,211.21735,211.2398,211.2516,211.270925,211.280175,211.28615,211.3022,211.313625,211.328525,211.340375,211.36115,211.385525,211.475875,211.506925,211.7205,211.752325,211.780375,211.80005,211.8209,211.830725,211.858425,211.88365,211.90915,211.950525,211.983725,212.0569,212.0776,212.1917,212.227625,212.263575,212.32055,212.3939,212.4157,212.573975,212.610375,213.28335,213.396075,213.42355,213.491975,213.508125,213.5335,213.613475,214.52265,214.639575,214.759425,214.816025,214.899675,215.03345,215.32735,215.54865,216.17445,216.28095,216.32745,216.418925,217.96935,218.285825,218.328225,218.364525,222.24615,222.457025,222.541725,222.6275,0,0,0,0,0,0,0,0,0,0,0,0,0,0,0,0,0,0,0,0,0,0,0,0,0,0,0,0,0,0,0,0,0,0,0,0,0,0,0,0,0,0,0,0,0,0,0,0,0,0,0,0,0,0,0,0,0,0,0,0,0,0,0,0,0,0,0,0,0,0,0,0,0,0,0,0,0,0,0,0,0,0,0,0,0,0,0,0,0,0,0,0,0,0,0,0,0,0,0,0,0,0,0,0,0,0,0,0,0,0,0,0,0,0,0,0,0,0,0,0,0,0,0,0,0,0,0,0,0,0,0,0,0,0,0,0,0,0,0,0,0,0,0,0,0,0,0,0,0,0,0,0,0,0,0,0,0,0,0,0,0,0,0,0,0,0,0,0,0,0,0,0,0,0,0,0,0,0,0,0,0,0,0,0,0,0,0,0,0,0,0,0,0,0,0,0,0,0,0,0,0,0,0,0,0,0,0,0,0,0,0,0,0,0,0,0,0,0,0,0,0,0,0,0,0,0,0,0,0,0,0,0,0,0,0,0,0,0,0,0,0,0,0,0,0,0,0,0,0,0,0,0,0,0,0,0,0,0,0,0,0,0,0,0,0,0,0,0,0,0,0,0,0,0,0,0,0,0,0,0,0,0,0,0,0,0,0,0,0,0,0,0
"207",209.616675,209.64895,209.7963,209.8836,209.9864,210.093025,210.2578,210.445125,210.560375,210.582375,210.61515,210.6421,210.6983,210.729625,210.84465,210.87115,210.886425,210.90865,210.9267,210.953825,210.970575,210.990325,211.00555,211.01635,211.0241,211.034525,211.05425,211.061825,211.072125,211.09505,211.113975,211.129725,211.17475,211.2158,211.22795,211.24805,211.26505,211.29255,211.3155,211.325375,211.357525,211.377375,211.406675,211.589325,211.6513,211.6645,211.704625,211.760475,211.7945,211.800025,211.8164,211.835425,211.855375,211.872375,211.88825,211.91085,211.923925,211.944475,211.949,211.9729,211.985625,211.99625,212.051075,212.078325,212.0992,212.15725,212.20615,212.227975,212.2747,212.301225,212.3486,212.372725,212.38405,212.421975,212.432475,212.476075,212.494025,212.5076,212.530975,212.54285,212.569225,212.588975,212.61635,212.6313,212.64035,212.659075,212.6891,212.734975,212.78315,212.80695,212.8213,212.846175,212.917175,212.97245,213.03805,213.080675,213.102,213.11395,213.197375,213.2283,213.23805,213.262,213.28515,213.3147,213.3253,213.335575,213.34605,213.3813,213.399475,213.41005,213.41855,213.44195,213.45435,213.483075,213.544025,213.592575,213.670525,213.687675,213.72745,213.763625,213.793575,213.83815,213.86565,213.8868,213.921775,213.95685,213.99405,214.01265,214.0222,214.059525,214.079625,214.09715,214.1238,214.167775,214.2353,214.32135,214.365725,214.3911,214.409225,214.44515,214.459625,214.500075,214.5164,214.535775,214.5483,214.573425,214.58495,214.60305,214.60955,214.629625,214.64155,214.655175,214.667425,214.68725,214.6952,214.72395,214.744475,214.77395,214.784725,214.82405,214.859275,214.881225,214.892625,214.926475,214.941575,214.973575,214.99155,215.035825,215.049075,215.0575,215.0931,215.11765,215.137525,215.1514,215.17735,215.199975,215.2164,215.232775,215.2433,215.28235,215.321275,215.352275,215.366925,215.419175,215.4545,215.4779,215.5007,215.52215,215.54575,215.592125,215.639675,215.6807,215.9655,216.006275,216.071875,216.094025,216.1383,216.190225,216.2158,216.240575,216.2877,216.31975,216.331725,216.348325,216.37305,216.42165,216.45535,216.4626,216.486,216.5087,216.52765,216.543625,216.574225,216.5906,216.64215,216.681125,216.747825,216.796975,216.846075,216.908575,216.980825,217.01245,217.11115,217.1317,217.1902,217.232725,217.8307,217.880425,217.930175,217.953175,218.000825,218.043225,218.060725,218.08225,218.103425,218.15285,218.162475,218.1728,218.26925,218.308175,218.3093,218.326425,218.364875,218.3831,218.41315,218.4196,218.48295,218.53145,218.575,218.6027,218.60485,218.623,218.665825,218.705475,218.75315,219.0077,219.8325,219.925375,220.22435,220.2385,0,0,0,0,0,0,0,0,0,0,0,0,0,0,0,0,0,0,0,0,0,0,0,0,0,0,0,0,0,0,0,0,0,0,0,0,0,0,0,0,0,0,0,0,0,0,0,0,0,0,0,0,0,0,0,0,0,0,0,0,0,0,0,0,0,0,0,0,0,0,0,0,0,0,0,0,0,0,0,0,0,0,0,0,0,0,0,0,0,0,0,0,0,0,0,0,0,0,0,0,0,0,0,0,0,0,0,0,0,0,0,0,0,0,0,0,0,0,0,0,0,0,0,0,0,0,0,0,0,0,0,0,0,0,0,0,0,0,0
"208",210.010675,210.082625,210.15945,210.21375,210.234975,210.300525,210.3282,210.376025,210.443375,210.491725,210.5018,210.5105,210.534025,210.5585,210.632,210.689675,210.730925,211.29195,211.3581,211.48545,211.517925,211.5262,211.56015,211.600475,212.7499,212.866,212.88255,212.91825,212.9522,213.02945,214.135075,214.23005,215.667125,215.7315,215.75705,215.8016,215.872825,215.906075,217.20115,217.306125,217.331025,217.35975,217.3997,217.434825,217.509325,217.5785,217.60575,217.624725,217.652525,217.682775,217.735325,217.77335,219.123825,219.199625,219.29305,219.3136,219.343725,221.366525,0,0,0,0,0,0,0,0,0,0,0,0,0,0,0,0,0,0,0,0,0,0,0,0,0,0,0,0,0,0,0,0,0,0,0,0,0,0,0,0,0,0,0,0,0,0,0,0,0,0,0,0,0,0,0,0,0,0,0,0,0,0,0,0,0,0,0,0,0,0,0,0,0,0,0,0,0,0,0,0,0,0,0,0,0,0,0,0,0,0,0,0,0,0,0,0,0,0,0,0,0,0,0,0,0,0,0,0,0,0,0,0,0,0,0,0,0,0,0,0,0,0,0,0,0,0,0,0,0,0,0,0,0,0,0,0,0,0,0,0,0,0,0,0,0,0,0,0,0,0,0,0,0,0,0,0,0,0,0,0,0,0,0,0,0,0,0,0,0,0,0,0,0,0,0,0,0,0,0,0,0,0,0,0,0,0,0,0,0,0,0,0,0,0,0,0,0,0,0,0,0,0,0,0,0,0,0,0,0,0,0,0,0,0,0,0,0,0,0,0,0,0,0,0,0,0,0,0,0,0,0,0,0,0,0,0,0,0,0,0,0,0,0,0,0,0,0,0,0,0,0,0,0,0,0,0,0,0,0,0,0,0,0,0,0,0,0,0,0,0,0,0,0,0,0,0,0,0,0,0,0,0,0,0,0,0,0,0,0,0,0,0,0,0,0,0,0,0,0,0,0,0,0,0,0,0,0,0,0,0,0,0,0,0,0,0,0,0,0,0,0,0,0,0,0,0,0,0,0,0,0,0,0,0,0,0,0,0,0,0,0
"209",212.29655,212.3417,212.385575,212.408025,212.4711,212.499525,212.549,212.574975,212.6291,213.55645,213.609275,213.625275,213.652975,213.66665,213.68105,213.697675,213.7416,213.78235,213.804675,213.820075,213.8449,213.866425,213.89465,213.9553,216.52515,216.602525,216.647575,216.66845,216.707925,216.75225,216.839175,216.9903,218.420375,218.47335,218.5125,218.5467,0,0,0,0,0,0,0,0,0,0,0,0,0,0,0,0,0,0,0,0,0,0,0,0,0,0,0,0,0,0,0,0,0,0,0,0,0,0,0,0,0,0,0,0,0,0,0,0,0,0,0,0,0,0,0,0,0,0,0,0,0,0,0,0,0,0,0,0,0,0,0,0,0,0,0,0,0,0,0,0,0,0,0,0,0,0,0,0,0,0,0,0,0,0,0,0,0,0,0,0,0,0,0,0,0,0,0,0,0,0,0,0,0,0,0,0,0,0,0,0,0,0,0,0,0,0,0,0,0,0,0,0,0,0,0,0,0,0,0,0,0,0,0,0,0,0,0,0,0,0,0,0,0,0,0,0,0,0,0,0,0,0,0,0,0,0,0,0,0,0,0,0,0,0,0,0,0,0,0,0,0,0,0,0,0,0,0,0,0,0,0,0,0,0,0,0,0,0,0,0,0,0,0,0,0,0,0,0,0,0,0,0,0,0,0,0,0,0,0,0,0,0,0,0,0,0,0,0,0,0,0,0,0,0,0,0,0,0,0,0,0,0,0,0,0,0,0,0,0,0,0,0,0,0,0,0,0,0,0,0,0,0,0,0,0,0,0,0,0,0,0,0,0,0,0,0,0,0,0,0,0,0,0,0,0,0,0,0,0,0,0,0,0,0,0,0,0,0,0,0,0,0,0,0,0,0,0,0,0,0,0,0,0,0,0,0,0,0,0,0,0,0,0,0,0,0,0,0,0,0,0,0,0,0,0,0,0,0,0,0,0,0,0,0,0,0,0,0,0,0,0,0,0,0,0,0,0,0,0,0,0,0,0
"210",211.044125,211.531425,211.578975,211.944225,212.10895,213.31445,214.8864,216.462375,216.69935,218.16225,218.30795,218.412975,218.525025,218.602475,220.224125,0,0,0,0,0,0,0,0,0,0,0,0,0,0,0,0,0,0,0,0,0,0,0,0,0,0,0,0,0,0,0,0,0,0,0,0,0,0,0,0,0,0,0,0,0,0,0,0,0,0,0,0,0,0,0,0,0,0,0,0,0,0,0,0,0,0,0,0,0,0,0,0,0,0,0,0,0,0,0,0,0,0,0,0,0,0,0,0,0,0,0,0,0,0,0,0,0,0,0,0,0,0,0,0,0,0,0,0,0,0,0,0,0,0,0,0,0,0,0,0,0,0,0,0,0,0,0,0,0,0,0,0,0,0,0,0,0,0,0,0,0,0,0,0,0,0,0,0,0,0,0,0,0,0,0,0,0,0,0,0,0,0,0,0,0,0,0,0,0,0,0,0,0,0,0,0,0,0,0,0,0,0,0,0,0,0,0,0,0,0,0,0,0,0,0,0,0,0,0,0,0,0,0,0,0,0,0,0,0,0,0,0,0,0,0,0,0,0,0,0,0,0,0,0,0,0,0,0,0,0,0,0,0,0,0,0,0,0,0,0,0,0,0,0,0,0,0,0,0,0,0,0,0,0,0,0,0,0,0,0,0,0,0,0,0,0,0,0,0,0,0,0,0,0,0,0,0,0,0,0,0,0,0,0,0,0,0,0,0,0,0,0,0,0,0,0,0,0,0,0,0,0,0,0,0,0,0,0,0,0,0,0,0,0,0,0,0,0,0,0,0,0,0,0,0,0,0,0,0,0,0,0,0,0,0,0,0,0,0,0,0,0,0,0,0,0,0,0,0,0,0,0,0,0,0,0,0,0,0,0,0,0,0,0,0,0,0,0,0,0,0,0,0,0,0,0,0,0,0,0,0,0,0,0
"211",203.29485,203.308025,209.585,209.70435,209.8423,209.95635,210.0094,210.02845,210.0813,210.0883,210.199175,210.304925,210.331175,210.39445,210.432325,210.535,210.583925,210.59265,210.7358,210.836325,210.869225,211.123625,211.162075,211.170075,211.199625,211.2031,211.262525,211.33675,211.371025,211.396325,211.404125,211.491275,211.52445,211.606575,211.620725,211.6222,211.669,211.740575,212.023425,212.346525,212.360675,212.419525,212.440725,212.603775,212.628275,212.717,212.801475,212.83125,212.872425,212.89455,212.9272,212.948975,213.065275,213.36145,214.13165,214.15,214.2265,214.281325,214.3049,214.361675,214.386,214.42655,214.487575,214.572075,214.87755,215.648625,215.690675,215.726125,215.733975,215.798875,215.885025,215.963425,215.9871,216.02985,216.070925,216.100325,216.143775,216.3694,216.60805,217.144075,217.261125,217.45415,217.455925,217.54085,217.601525,217.614825,217.630425,217.6737,217.700575,217.765,217.8466,218.215075,218.956325,219.014025,219.0892,219.1355,219.1677,219.268175,219.3145,219.32265,219.35745,219.396525,219.5538,219.638875,219.648275,219.823425,219.967775,220.042975,220.145025,220.260775,220.380275,220.398675,220.458075,220.531925,220.610825,220.6634,220.7958,220.869675,220.909,220.971475,221.025125,221.069,221.135075,221.198425,221.233075,221.29665,221.371775,221.44895,222.241625,222.4783,223.250975,223.381325,223.53845,223.60785,223.68585,223.76445,223.852975,223.9354,224.3709,224.551475,224.6584,227.236125,0,0,0,0,0,0,0,0,0,0,0,0,0,0,0,0,0,0,0,0,0,0,0,0,0,0,0,0,0,0,0,0,0,0,0,0,0,0,0,0,0,0,0,0,0,0,0,0,0,0,0,0,0,0,0,0,0,0,0,0,0,0,0,0,0,0,0,0,0,0,0,0,0,0,0,0,0,0,0,0,0,0,0,0,0,0,0,0,0,0,0,0,0,0,0,0,0,0,0,0,0,0,0,0,0,0,0,0,0,0,0,0,0,0,0,0,0,0,0,0,0,0,0,0,0,0,0,0,0,0,0,0,0,0,0,0,0,0,0,0,0,0,0,0,0,0,0,0,0,0,0,0,0,0,0,0,0,0,0,0,0,0,0,0,0,0,0,0,0,0,0,0,0,0,0,0,0,0,0,0,0,0,0,0,0,0,0,0,0,0,0,0,0,0,0,0,0,0,0,0,0,0,0,0,0,0,0,0,0,0,0,0,0,0,0,0,0,0,0,0,0,0,0,0,0,0,0,0,0,0,0,0,0,0,0,0,0,0,0,0,0,0,0,0,0,0,0,0,0,0,0,0,0,0,0,0,0
"212",210.06125,210.1866,210.212525,210.278225,210.34875,210.350325,210.438025,210.5164,211.422725,211.44975,211.50825,211.565775,212.763025,212.7884,212.8052,212.84465,212.936375,213.5474,214.259325,215.7105,215.740075,215.7562,215.7939,215.8275,215.843325,215.86565,217.358325,217.37135,217.37975,217.4251,217.448875,219.1179,219.18685,219.2272,219.235375,219.37475,219.41285,219.441325,219.486925,219.582925,0,0,0,0,0,0,0,0,0,0,0,0,0,0,0,0,0,0,0,0,0,0,0,0,0,0,0,0,0,0,0,0,0,0,0,0,0,0,0,0,0,0,0,0,0,0,0,0,0,0,0,0,0,0,0,0,0,0,0,0,0,0,0,0,0,0,0,0,0,0,0,0,0,0,0,0,0,0,0,0,0,0,0,0,0,0,0,0,0,0,0,0,0,0,0,0,0,0,0,0,0,0,0,0,0,0,0,0,0,0,0,0,0,0,0,0,0,0,0,0,0,0,0,0,0,0,0,0,0,0,0,0,0,0,0,0,0,0,0,0,0,0,0,0,0,0,0,0,0,0,0,0,0,0,0,0,0,0,0,0,0,0,0,0,0,0,0,0,0,0,0,0,0,0,0,0,0,0,0,0,0,0,0,0,0,0,0,0,0,0,0,0,0,0,0,0,0,0,0,0,0,0,0,0,0,0,0,0,0,0,0,0,0,0,0,0,0,0,0,0,0,0,0,0,0,0,0,0,0,0,0,0,0,0,0,0,0,0,0,0,0,0,0,0,0,0,0,0,0,0,0,0,0,0,0,0,0,0,0,0,0,0,0,0,0,0,0,0,0,0,0,0,0,0,0,0,0,0,0,0,0,0,0,0,0,0,0,0,0,0,0,0,0,0,0,0,0,0,0,0,0,0,0,0,0,0,0,0,0,0,0,0,0,0,0,0,0,0,0,0,0,0,0,0,0,0,0,0,0,0,0,0,0,0,0,0,0,0,0,0,0,0,0,0,0,0,0,0,0,0,0,0,0,0,0,0,0,0,0
"213",208.649925,209.3627,210.10135,210.279275,210.3544,210.463825,210.5059,210.5188,210.573625,210.585175,211.227675,211.381725,211.4224,211.4594,211.46525,211.502725,211.54825,211.566775,211.860575,212.646875,212.800375,212.835075,212.875675,212.971225,213.229,213.559575,213.61555,214.435325,215.15775,215.65435,215.6885,215.700375,215.71315,215.84565,215.9957,216.164875,216.30715,217.067375,217.432825,217.4821,217.547925,217.7684,217.90455,219.240775,219.2455,219.286475,219.39285,219.43405,219.44375,219.445275,219.622875,219.63665,219.94715,220.984125,221.55665,221.813375,222.741975,226.050275,226.483175,226.726,227.09365,227.4416,228.310225,229.971325,0,0,0,0,0,0,0,0,0,0,0,0,0,0,0,0,0,0,0,0,0,0,0,0,0,0,0,0,0,0,0,0,0,0,0,0,0,0,0,0,0,0,0,0,0,0,0,0,0,0,0,0,0,0,0,0,0,0,0,0,0,0,0,0,0,0,0,0,0,0,0,0,0,0,0,0,0,0,0,0,0,0,0,0,0,0,0,0,0,0,0,0,0,0,0,0,0,0,0,0,0,0,0,0,0,0,0,0,0,0,0,0,0,0,0,0,0,0,0,0,0,0,0,0,0,0,0,0,0,0,0,0,0,0,0,0,0,0,0,0,0,0,0,0,0,0,0,0,0,0,0,0,0,0,0,0,0,0,0,0,0,0,0,0,0,0,0,0,0,0,0,0,0,0,0,0,0,0,0,0,0,0,0,0,0,0,0,0,0,0,0,0,0,0,0,0,0,0,0,0,0,0,0,0,0,0,0,0,0,0,0,0,0,0,0,0,0,0,0,0,0,0,0,0,0,0,0,0,0,0,0,0,0,0,0,0,0,0,0,0,0,0,0,0,0,0,0,0,0,0,0,0,0,0,0,0,0,0,0,0,0,0,0,0,0,0,0,0,0,0,0,0,0,0,0,0,0,0,0,0,0,0,0,0,0,0,0,0,0,0,0,0,0,0,0,0,0,0,0,0,0,0,0,0,0,0,0,0,0,0,0,0,0,0,0,0,0,0,0,0,0,0,0,0,0,0,0,0,0,0,0,0,0,0,0
"214",215.003825,215.062225,215.100025,215.128975,215.14765,215.188075,215.225225,216.780525,216.8289,216.8599,216.882225,216.93065,0,0,0,0,0,0,0,0,0,0,0,0,0,0,0,0,0,0,0,0,0,0,0,0,0,0,0,0,0,0,0,0,0,0,0,0,0,0,0,0,0,0,0,0,0,0,0,0,0,0,0,0,0,0,0,0,0,0,0,0,0,0,0,0,0,0,0,0,0,0,0,0,0,0,0,0,0,0,0,0,0,0,0,0,0,0,0,0,0,0,0,0,0,0,0,0,0,0,0,0,0,0,0,0,0,0,0,0,0,0,0,0,0,0,0,0,0,0,0,0,0,0,0,0,0,0,0,0,0,0,0,0,0,0,0,0,0,0,0,0,0,0,0,0,0,0,0,0,0,0,0,0,0,0,0,0,0,0,0,0,0,0,0,0,0,0,0,0,0,0,0,0,0,0,0,0,0,0,0,0,0,0,0,0,0,0,0,0,0,0,0,0,0,0,0,0,0,0,0,0,0,0,0,0,0,0,0,0,0,0,0,0,0,0,0,0,0,0,0,0,0,0,0,0,0,0,0,0,0,0,0,0,0,0,0,0,0,0,0,0,0,0,0,0,0,0,0,0,0,0,0,0,0,0,0,0,0,0,0,0,0,0,0,0,0,0,0,0,0,0,0,0,0,0,0,0,0,0,0,0,0,0,0,0,0,0,0,0,0,0,0,0,0,0,0,0,0,0,0,0,0,0,0,0,0,0,0,0,0,0,0,0,0,0,0,0,0,0,0,0,0,0,0,0,0,0,0,0,0,0,0,0,0,0,0,0,0,0,0,0,0,0,0,0,0,0,0,0,0,0,0,0,0,0,0,0,0,0,0,0,0,0,0,0,0,0,0,0,0,0,0,0,0,0,0,0,0,0,0,0,0,0,0,0,0,0,0
"215",211.0012,211.0568,211.10325,211.15415,211.1851,211.23705,211.2773,211.849375,211.892875,211.93535,211.974175,212.005125,212.031375,212.059025,212.081425,212.1217,212.147775,212.163025,212.20665,212.24065,212.267,212.297775,212.324925,212.36125,212.392225,212.4339,212.503075,212.65005,213.23925,213.301125,213.3498,213.430025,213.46675,213.495625,213.5269,213.599725,213.631925,213.7146,213.83545,214.563925,214.6247,214.681625,214.74295,214.83695,214.890175,214.9614,215.0321,215.142275,215.329625,215.4031,215.4373,215.537425,216.19875,216.30815,216.380225,216.437775,216.49855,216.616525,216.740125,216.87445,217.05205,218.0152,218.0939,218.139875,218.193075,218.237175,218.2903,218.4277,218.47985,218.5819,218.71595,218.8857,0,0,0,0,0,0,0,0,0,0,0,0,0,0,0,0,0,0,0,0,0,0,0,0,0,0,0,0,0,0,0,0,0,0,0,0,0,0,0,0,0,0,0,0,0,0,0,0,0,0,0,0,0,0,0,0,0,0,0,0,0,0,0,0,0,0,0,0,0,0,0,0,0,0,0,0,0,0,0,0,0,0,0,0,0,0,0,0,0,0,0,0,0,0,0,0,0,0,0,0,0,0,0,0,0,0,0,0,0,0,0,0,0,0,0,0,0,0,0,0,0,0,0,0,0,0,0,0,0,0,0,0,0,0,0,0,0,0,0,0,0,0,0,0,0,0,0,0,0,0,0,0,0,0,0,0,0,0,0,0,0,0,0,0,0,0,0,0,0,0,0,0,0,0,0,0,0,0,0,0,0,0,0,0,0,0,0,0,0,0,0,0,0,0,0,0,0,0,0,0,0,0,0,0,0,0,0,0,0,0,0,0,0,0,0,0,0,0,0,0,0,0,0,0,0,0,0,0,0,0,0,0,0,0,0,0,0,0,0,0,0,0,0,0,0,0,0,0,0,0,0,0,0,0,0,0,0,0,0,0,0,0,0,0,0,0,0,0,0,0,0,0,0,0,0,0,0,0,0,0,0,0,0,0,0,0,0,0,0,0,0,0,0,0,0,0,0,0,0,0,0,0,0,0,0,0,0,0,0,0,0,0,0,0,0,0,0,0,0,0,0,0,0,0,0,0,0
"216",209.649625,209.736225,209.7858,209.877975,209.981575,209.986025,210.032675,210.10805,210.132375,210.3069,210.408975,210.449125,210.554175,210.5917,210.6269,210.654125,210.733875,210.757975,210.7692,210.781425,210.79635,210.8235,210.841125,210.84975,210.870525,210.88385,210.8862,210.90425,210.94395,211.008325,211.0153,211.05925,211.07295,211.087425,211.093925,211.140575,211.18125,211.204225,211.21465,211.251625,211.279475,211.30885,211.38175,211.41255,211.43635,211.471525,211.473175,211.6069,211.630725,211.656425,211.6643,211.676625,211.693825,211.7127,211.723725,211.739275,211.749025,211.783675,211.80275,211.821525,211.8953,211.910575,211.9214,211.969875,212.00855,212.023825,212.0464,212.050825,212.055125,212.067175,212.0754,212.09245,212.11425,212.131575,212.141125,212.179625,212.201575,212.2366,212.244,212.2645,212.272775,212.289275,212.29865,212.3176,212.351525,212.380775,212.402275,212.412425,212.42985,212.489325,212.509275,212.518875,212.547925,212.559925,212.568975,212.577125,212.60075,212.63155,212.673725,212.70405,212.8032,212.82075,212.8636,213.0145,213.03385,213.037775,213.05935,213.075675,213.090975,213.125725,213.143175,213.18105,213.20315,213.222775,213.236375,213.24845,213.2582,213.270175,213.2841,213.301875,213.322525,213.3321,213.35595,213.366125,213.418325,213.4227,213.437475,213.462675,213.4825,213.498475,213.534825,213.5414,213.55515,213.56785,213.5825,213.61565,213.620675,213.636975,213.663,213.676975,213.71885,213.730625,213.764975,213.7877,213.800675,213.881975,214.00825,214.03475,214.110775,214.139925,214.213125,214.239925,214.33475,214.34055,214.3992,214.415,214.445675,214.478475,214.500675,214.533225,214.567875,214.5847,214.602325,214.64035,214.64855,214.664875,214.667175,214.68715,214.70345,214.75035,214.7626,214.7759,214.7921,214.803825,214.8357,214.842625,214.8493,214.875425,214.887225,214.8956,214.904125,214.92495,214.938175,214.948475,214.959525,215.02915,215.0473,215.082975,215.0967,215.110625,215.16075,215.18525,215.2283,215.25195,215.290725,215.3043,215.32095,215.36515,215.386975,215.414525,215.445125,215.483525,215.540725,215.578775,215.608725,215.6658,215.72035,215.738225,215.74975,215.82225,215.8284,215.9188,215.962825,216.041525,216.073425,216.129,216.1606,216.212075,216.23005,216.255825,216.28025,216.28745,216.31165,216.3258,216.341375,216.34805,216.35735,216.379025,216.4205,216.48025,216.500275,216.5136,216.53905,216.547725,216.6044,216.624925,216.6458,216.6524,216.6586,216.666775,216.676225,216.72755,216.7538,216.761575,216.790525,216.829475,216.8576,216.95715,217.001225,217.02785,217.070775,217.098525,217.1108,217.140525,217.232425,217.262625,217.3025,217.3696,217.653075,217.71565,217.84365,217.900425,217.94585,217.965975,218.00905,218.03295,218.07455,218.104525,218.128425,218.1515,218.17255,218.179125,218.216075,218.2861,218.2978,218.34405,218.370925,218.40195,218.46635,218.5093,218.5273,218.5797,218.5979,218.665525,218.68035,218.79265,218.808325,218.901425,218.9479,218.9831,219.076025,219.457375,219.5567,219.63755,219.73945,219.8322,219.847125,219.904575,219.937575,220.032325,220.0558,220.098475,220.146125,220.2368,220.275775,220.30705,220.38175,220.436925,220.53485,220.7257,220.94675,221.2617,221.381625,221.4811,221.6078,221.671275,221.751875,221.80375,221.861575,221.8943,221.939725,221.9808,222.000475,222.035125,222.064525,222.1366,222.160325,222.1765,222.238125,222.265,222.2937,222.3265,222.344775,222.37835,222.4188,222.452275,222.4962,222.5372,222.583925,222.61215,222.6373,222.6894,222.7457,222.79805,223.688125,224.424375,224.5377,225.01675,225.285425,225.36125,225.48845,225.607475,225.73925,225.846825,225.94395,226.0708,226.124075,226.213625,226.611825,226.79205,226.9462,227.262925,227.392375,0,0,0,0,0,0,0,0,0,0,0,0,0,0,0,0,0,0,0,0,0,0,0,0,0,0,0,0,0,0,0,0,0,0,0,0
"217",203.876125,209.5162,209.57245,210.323175,210.382775,210.693025,210.8022,211.037525,211.47635,211.51055,212.079575,212.41655,212.720925,212.8983,213.00385,213.040375,213.0639,214.106925,214.239775,214.346225,214.45035,215.6012,215.69115,215.83885,215.8909,215.922525,215.9599,217.445825,217.484275,217.7877,219.193925,219.317475,219.47755,219.550725,219.696075,0,0,0,0,0,0,0,0,0,0,0,0,0,0,0,0,0,0,0,0,0,0,0,0,0,0,0,0,0,0,0,0,0,0,0,0,0,0,0,0,0,0,0,0,0,0,0,0,0,0,0,0,0,0,0,0,0,0,0,0,0,0,0,0,0,0,0,0,0,0,0,0,0,0,0,0,0,0,0,0,0,0,0,0,0,0,0,0,0,0,0,0,0,0,0,0,0,0,0,0,0,0,0,0,0,0,0,0,0,0,0,0,0,0,0,0,0,0,0,0,0,0,0,0,0,0,0,0,0,0,0,0,0,0,0,0,0,0,0,0,0,0,0,0,0,0,0,0,0,0,0,0,0,0,0,0,0,0,0,0,0,0,0,0,0,0,0,0,0,0,0,0,0,0,0,0,0,0,0,0,0,0,0,0,0,0,0,0,0,0,0,0,0,0,0,0,0,0,0,0,0,0,0,0,0,0,0,0,0,0,0,0,0,0,0,0,0,0,0,0,0,0,0,0,0,0,0,0,0,0,0,0,0,0,0,0,0,0,0,0,0,0,0,0,0,0,0,0,0,0,0,0,0,0,0,0,0,0,0,0,0,0,0,0,0,0,0,0,0,0,0,0,0,0,0,0,0,0,0,0,0,0,0,0,0,0,0,0,0,0,0,0,0,0,0,0,0,0,0,0,0,0,0,0,0,0,0,0,0,0,0,0,0,0,0,0,0,0,0,0,0,0,0,0,0,0,0,0,0,0,0,0,0,0,0,0,0,0,0,0,0,0,0,0,0,0,0,0,0,0,0,0,0,0,0,0,0,0,0,0,0,0,0,0
"218",211.76285,211.859475,211.9738,212.0137,212.059175,212.079275,212.127775,212.236075,212.23905,212.26535,212.31215,212.328725,212.36175,212.378925,212.448775,212.478575,212.4957,212.536725,212.546975,212.627725,212.659875,212.671,212.6927,212.70695,212.746925,213.154475,213.22705,213.253975,213.273475,213.275275,213.3099,213.3507,213.3692,213.38475,213.400925,213.420675,213.506075,213.522325,213.563325,213.61335,213.62735,213.711775,213.721975,213.775475,213.812225,213.8257,213.850625,213.894825,213.93895,213.995325,214.010125,214.090275,214.110175,214.162425,214.206575,214.24045,214.2843,214.360475,214.4826,214.54055,214.5969,214.668275,214.690625,214.723325,214.811625,214.828125,214.883375,214.913875,214.975325,215.028275,215.06215,215.08145,215.1062,215.166025,215.19265,215.3009,215.3223,215.370125,215.4421,215.496175,215.522575,215.585175,215.629675,215.6677,215.71625,215.772025,216.194575,216.20475,216.35055,216.40145,216.430675,216.44735,216.486825,216.500475,216.526675,216.552,216.648525,216.690125,216.8606,216.900425,216.93675,216.969075,217.021875,217.0397,217.096625,217.168775,217.21165,217.257075,217.310625,217.471775,217.9772,218.060075,218.19755,218.228,218.386,218.399025,218.455975,218.498825,218.561025,218.6193,218.716025,218.78285,218.8762,218.95825,220.134725,220.180175,220.21985,220.290125,220.462925,220.4956,222.277125,222.52265,222.750625,222.848575,222.88285,0,0,0,0,0,0,0,0,0,0,0,0,0,0,0,0,0,0,0,0,0,0,0,0,0,0,0,0,0,0,0,0,0,0,0,0,0,0,0,0,0,0,0,0,0,0,0,0,0,0,0,0,0,0,0,0,0,0,0,0,0,0,0,0,0,0,0,0,0,0,0,0,0,0,0,0,0,0,0,0,0,0,0,0,0,0,0,0,0,0,0,0,0,0,0,0,0,0,0,0,0,0,0,0,0,0,0,0,0,0,0,0,0,0,0,0,0,0,0,0,0,0,0,0,0,0,0,0,0,0,0,0,0,0,0,0,0,0,0,0,0,0,0,0,0,0,0,0,0,0,0,0,0,0,0,0,0,0,0,0,0,0,0,0,0,0,0,0,0,0,0,0,0,0,0,0,0,0,0,0,0,0,0,0,0,0,0,0,0,0,0,0,0,0,0,0,0,0,0,0,0,0,0,0,0,0,0,0,0,0,0,0,0,0,0,0,0,0,0,0,0,0,0,0,0,0,0,0,0,0,0,0,0,0,0,0,0,0,0,0,0,0,0,0,0,0,0,0,0,0,0,0,0,0,0,0,0,0,0,0,0,0,0,0
"219",209.955675,210.048275,210.95265,210.9904,211.116075,211.15125,211.203,211.242425,211.8303,211.8627,211.91995,212.072725,212.170675,212.205825,212.358225,212.58895,212.672775,212.752125,213.11855,213.177925,213.2424,213.293225,213.3834,213.519375,213.588975,213.7009,213.84295,213.89705,214.01655,214.058675,214.489725,214.544375,214.629975,214.69905,214.77865,214.892625,214.962975,215.091675,215.243575,215.327625,215.46325,216.1507,216.19505,216.2394,216.356175,216.482275,216.52265,216.629,216.8783,216.938625,217.056875,217.194975,217.9094,217.961375,218.043625,218.07365,218.19425,218.4241,218.623975,218.697425,218.75435,218.897075,218.964775,219.09475,219.88535,219.93705,220.045925,220.17315,220.305825,220.440875,220.58155,221.58295,221.773175,221.8821,222.030875,222.132425,222.207825,222.272875,222.463475,222.595375,222.68175,222.96845,223.068225,223.27915,0,0,0,0,0,0,0,0,0,0,0,0,0,0,0,0,0,0,0,0,0,0,0,0,0,0,0,0,0,0,0,0,0,0,0,0,0,0,0,0,0,0,0,0,0,0,0,0,0,0,0,0,0,0,0,0,0,0,0,0,0,0,0,0,0,0,0,0,0,0,0,0,0,0,0,0,0,0,0,0,0,0,0,0,0,0,0,0,0,0,0,0,0,0,0,0,0,0,0,0,0,0,0,0,0,0,0,0,0,0,0,0,0,0,0,0,0,0,0,0,0,0,0,0,0,0,0,0,0,0,0,0,0,0,0,0,0,0,0,0,0,0,0,0,0,0,0,0,0,0,0,0,0,0,0,0,0,0,0,0,0,0,0,0,0,0,0,0,0,0,0,0,0,0,0,0,0,0,0,0,0,0,0,0,0,0,0,0,0,0,0,0,0,0,0,0,0,0,0,0,0,0,0,0,0,0,0,0,0,0,0,0,0,0,0,0,0,0,0,0,0,0,0,0,0,0,0,0,0,0,0,0,0,0,0,0,0,0,0,0,0,0,0,0,0,0,0,0,0,0,0,0,0,0,0,0,0,0,0,0,0,0,0,0,0,0,0,0,0,0,0,0,0,0,0,0,0,0,0,0,0,0,0,0,0,0,0,0,0,0,0,0,0,0,0,0,0,0,0,0,0,0,0,0,0,0,0,0,0,0,0,0,0,0,0
"220",210.996825,211.00625,211.04415,211.07915,211.095825,211.108,211.173675,211.217675,211.7982,211.825575,211.8461,211.8762,211.896175,211.937825,211.9601,212.02865,212.076925,212.107475,212.1571,212.198475,212.3634,213.194775,213.35,213.5476,214.495675,214.634675,215.803075,216.15985,216.208775,216.234125,216.742525,217.99325,218.031325,218.0652,218.44995,220.0872,220.154475,220.259725,220.33005,221.9246,221.99015,222.07725,222.116825,222.18245,222.2104,222.2609,0,0,0,0,0,0,0,0,0,0,0,0,0,0,0,0,0,0,0,0,0,0,0,0,0,0,0,0,0,0,0,0,0,0,0,0,0,0,0,0,0,0,0,0,0,0,0,0,0,0,0,0,0,0,0,0,0,0,0,0,0,0,0,0,0,0,0,0,0,0,0,0,0,0,0,0,0,0,0,0,0,0,0,0,0,0,0,0,0,0,0,0,0,0,0,0,0,0,0,0,0,0,0,0,0,0,0,0,0,0,0,0,0,0,0,0,0,0,0,0,0,0,0,0,0,0,0,0,0,0,0,0,0,0,0,0,0,0,0,0,0,0,0,0,0,0,0,0,0,0,0,0,0,0,0,0,0,0,0,0,0,0,0,0,0,0,0,0,0,0,0,0,0,0,0,0,0,0,0,0,0,0,0,0,0,0,0,0,0,0,0,0,0,0,0,0,0,0,0,0,0,0,0,0,0,0,0,0,0,0,0,0,0,0,0,0,0,0,0,0,0,0,0,0,0,0,0,0,0,0,0,0,0,0,0,0,0,0,0,0,0,0,0,0,0,0,0,0,0,0,0,0,0,0,0,0,0,0,0,0,0,0,0,0,0,0,0,0,0,0,0,0,0,0,0,0,0,0,0,0,0,0,0,0,0,0,0,0,0,0,0,0,0,0,0,0,0,0,0,0,0,0,0,0,0,0,0,0,0,0,0,0,0,0,0,0,0,0,0,0,0,0,0,0,0,0,0,0,0,0,0,0,0,0,0,0,0,0,0,0,0,0,0,0,0,0,0,0,0,0,0,0,0
"221",210.582275,211.85515,211.92375,212.31315,212.50745,212.807675,212.8347,212.8418,213.15585,213.37555,213.657825,213.69765,213.9749,213.993825,214.021975,214.731425,215.057275,215.84325,216.21485,216.437725,216.61885,216.740675,221.996625,0,0,0,0,0,0,0,0,0,0,0,0,0,0,0,0,0,0,0,0,0,0,0,0,0,0,0,0,0,0,0,0,0,0,0,0,0,0,0,0,0,0,0,0,0,0,0,0,0,0,0,0,0,0,0,0,0,0,0,0,0,0,0,0,0,0,0,0,0,0,0,0,0,0,0,0,0,0,0,0,0,0,0,0,0,0,0,0,0,0,0,0,0,0,0,0,0,0,0,0,0,0,0,0,0,0,0,0,0,0,0,0,0,0,0,0,0,0,0,0,0,0,0,0,0,0,0,0,0,0,0,0,0,0,0,0,0,0,0,0,0,0,0,0,0,0,0,0,0,0,0,0,0,0,0,0,0,0,0,0,0,0,0,0,0,0,0,0,0,0,0,0,0,0,0,0,0,0,0,0,0,0,0,0,0,0,0,0,0,0,0,0,0,0,0,0,0,0,0,0,0,0,0,0,0,0,0,0,0,0,0,0,0,0,0,0,0,0,0,0,0,0,0,0,0,0,0,0,0,0,0,0,0,0,0,0,0,0,0,0,0,0,0,0,0,0,0,0,0,0,0,0,0,0,0,0,0,0,0,0,0,0,0,0,0,0,0,0,0,0,0,0,0,0,0,0,0,0,0,0,0,0,0,0,0,0,0,0,0,0,0,0,0,0,0,0,0,0,0,0,0,0,0,0,0,0,0,0,0,0,0,0,0,0,0,0,0,0,0,0,0,0,0,0,0,0,0,0,0,0,0,0,0,0,0,0,0,0,0,0,0,0,0,0,0,0,0,0,0,0,0,0,0,0,0,0,0,0,0,0,0,0,0,0,0,0,0,0,0,0,0,0,0,0,0,0
"222",200.761175,201.017825,201.416175,202.05865,202.801525,203.217425,203.992025,204.10385,204.586,204.813125,205.051375,205.560475,205.999325,206.3144,206.4479,206.763675,207.061925,207.132375,207.362075,207.487875,207.55075,207.697625,207.75125,207.878,208.1244,208.3126,208.5553,208.692525,208.795025,209.075925,209.486625,209.6177,209.877175,210.029475,210.98215,211.075225,211.1522,211.2912,211.33965,211.832,211.887425,211.917375,211.977725,212.0055,212.0228,212.061175,212.09815,212.1842,212.223475,212.251475,212.30375,212.3182,212.355,212.3841,212.443425,212.49165,212.54455,212.585625,213.140325,213.205075,213.254625,213.298775,213.386825,213.452475,213.5203,213.578575,213.597325,213.620975,213.675175,213.812925,213.9151,213.97395,214.6626,214.744025,214.7767,214.90395,215.237375,215.331125,215.4762,215.546425,216.143825,216.185225,216.21955,216.26055,216.32615,216.3733,216.4363,216.476325,216.5359,216.77545,217.936225,217.9639,218.02155,218.07645,218.097325,218.117725,218.1686,218.207625,218.2398,218.26995,218.296125,218.319425,218.360625,218.39155,218.42365,218.51855,218.841375,218.9093,219.745025,219.8121,219.868625,219.89675,219.957625,219.991375,220.01485,220.040025,220.08025,220.1242,220.16675,220.1941,220.2941,220.35315,220.4321,220.472475,220.5376,220.640125,221.479925,221.57445,221.640125,221.67185,221.7131,221.776475,221.81445,221.85185,221.9008,221.9453,221.992625,222.022725,222.05115,222.094125,222.159725,222.2426,222.28875,222.355675,222.4161,222.454125,222.52825,222.5573,222.582725,222.65785,222.6954,222.7856,222.909975,222.975475,224.6916,224.92025,225.090225,225.33435,225.384075,225.472275,225.51455,225.554275,225.650975,225.685,225.7988,225.849,225.926825,225.986725,226.0576,226.1244,226.186775,226.232475,226.356975,226.4515,226.5555,226.6116,226.710575,226.8119,226.872575,226.920625,226.973925,227.025925,227.098625,227.18155,227.2426,227.3573,227.5188,227.8282,228.3977,232.2246,0,0,0,0,0,0,0,0,0,0,0,0,0,0,0,0,0,0,0,0,0,0,0,0,0,0,0,0,0,0,0,0,0,0,0,0,0,0,0,0,0,0,0,0,0,0,0,0,0,0,0,0,0,0,0,0,0,0,0,0,0,0,0,0,0,0,0,0,0,0,0,0,0,0,0,0,0,0,0,0,0,0,0,0,0,0,0,0,0,0,0,0,0,0,0,0,0,0,0,0,0,0,0,0,0,0,0,0,0,0,0,0,0,0,0,0,0,0,0,0,0,0,0,0,0,0,0,0,0,0,0,0,0,0,0,0,0,0,0,0,0,0,0,0,0,0,0,0,0,0,0,0,0,0,0,0,0,0,0,0,0,0,0,0,0,0,0,0,0,0,0,0,0,0,0,0,0,0,0,0,0,0,0,0,0,0,0,0,0,0,0,0,0,0,0,0,0,0,0,0,0,0,0,0,0,0,0,0,0
"223",211.040625,211.06265,211.149325,211.1879,211.22295,211.255575,211.8404,211.8622,211.9133,211.954025,212.195075,212.21175,212.332625,212.45335,212.502225,212.612075,212.6236,213.144775,213.2205,213.25125,213.273275,213.305075,213.506675,213.6271,213.687125,213.693225,213.76065,213.774775,213.80535,213.875975,213.914675,213.9628,214.0329,214.635925,214.639575,214.8614,214.900575,215.10395,215.18965,215.408075,215.460225,215.480825,215.5833,215.600125,216.091075,216.172875,216.315375,216.470675,216.547225,216.646275,216.706075,216.751575,216.775925,216.86155,216.894475,216.919925,216.98565,217.01585,217.1109,217.14135,217.18815,217.219125,217.321975,218.0508,218.4576,218.659775,218.71635,218.739325,218.79865,218.843375,218.9005,218.93955,218.9803,220.0212,222.05775,222.229325,222.2801,222.343525,222.401925,222.45395,222.704925,0,0,0,0,0,0,0,0,0,0,0,0,0,0,0,0,0,0,0,0,0,0,0,0,0,0,0,0,0,0,0,0,0,0,0,0,0,0,0,0,0,0,0,0,0,0,0,0,0,0,0,0,0,0,0,0,0,0,0,0,0,0,0,0,0,0,0,0,0,0,0,0,0,0,0,0,0,0,0,0,0,0,0,0,0,0,0,0,0,0,0,0,0,0,0,0,0,0,0,0,0,0,0,0,0,0,0,0,0,0,0,0,0,0,0,0,0,0,0,0,0,0,0,0,0,0,0,0,0,0,0,0,0,0,0,0,0,0,0,0,0,0,0,0,0,0,0,0,0,0,0,0,0,0,0,0,0,0,0,0,0,0,0,0,0,0,0,0,0,0,0,0,0,0,0,0,0,0,0,0,0,0,0,0,0,0,0,0,0,0,0,0,0,0,0,0,0,0,0,0,0,0,0,0,0,0,0,0,0,0,0,0,0,0,0,0,0,0,0,0,0,0,0,0,0,0,0,0,0,0,0,0,0,0,0,0,0,0,0,0,0,0,0,0,0,0,0,0,0,0,0,0,0,0,0,0,0,0,0,0,0,0,0,0,0,0,0,0,0,0,0,0,0,0,0,0,0,0,0,0,0,0,0,0,0,0,0,0,0,0,0,0,0,0,0,0,0,0,0,0,0,0,0,0,0,0,0,0,0,0,0,0,0,0,0,0,0,0
"224",210.986925,211.011425,211.1033,211.1344,211.791325,211.819625,211.975975,212.052875,212.09875,212.122775,212.172125,212.3104,212.4299,212.593425,213.184525,213.350025,213.368,213.45835,213.473725,213.48975,213.640075,213.728425,213.899375,214.474475,214.6529,214.66815,214.8191,214.877975,215.04825,215.24745,215.381175,216.136725,216.198425,216.339675,216.393075,216.451925,216.653775,216.94985,217.097925,218.00655,218.065475,218.095675,218.153525,218.1793,218.229125,218.3797,218.40075,220.117175,221.9442,222.005075,222.0898,222.1487,222.19615,222.4811,222.609725,222.7678,0,0,0,0,0,0,0,0,0,0,0,0,0,0,0,0,0,0,0,0,0,0,0,0,0,0,0,0,0,0,0,0,0,0,0,0,0,0,0,0,0,0,0,0,0,0,0,0,0,0,0,0,0,0,0,0,0,0,0,0,0,0,0,0,0,0,0,0,0,0,0,0,0,0,0,0,0,0,0,0,0,0,0,0,0,0,0,0,0,0,0,0,0,0,0,0,0,0,0,0,0,0,0,0,0,0,0,0,0,0,0,0,0,0,0,0,0,0,0,0,0,0,0,0,0,0,0,0,0,0,0,0,0,0,0,0,0,0,0,0,0,0,0,0,0,0,0,0,0,0,0,0,0,0,0,0,0,0,0,0,0,0,0,0,0,0,0,0,0,0,0,0,0,0,0,0,0,0,0,0,0,0,0,0,0,0,0,0,0,0,0,0,0,0,0,0,0,0,0,0,0,0,0,0,0,0,0,0,0,0,0,0,0,0,0,0,0,0,0,0,0,0,0,0,0,0,0,0,0,0,0,0,0,0,0,0,0,0,0,0,0,0,0,0,0,0,0,0,0,0,0,0,0,0,0,0,0,0,0,0,0,0,0,0,0,0,0,0,0,0,0,0,0,0,0,0,0,0,0,0,0,0,0,0,0,0,0,0,0,0,0,0,0,0,0,0,0,0,0,0,0,0,0,0,0,0,0,0,0,0,0,0,0,0,0,0,0,0,0,0,0,0,0,0,0,0,0,0,0,0,0,0,0,0,0,0,0,0,0,0,0,0,0
"225",209.812925,209.89935,210.0333,210.0639,210.129975,210.14955,210.170425,210.1976,210.213275,210.22805,210.2631,210.28055,210.306825,210.3231,210.343975,210.3616,210.3739,210.395775,210.40915,210.4926,210.564575,211.513775,212.8399,212.90325,212.969725,215.049925,217.4472,217.5223,217.590875,217.888825,218.97855,219.0814,219.1717,219.2207,219.323975,220.704175,220.7657,220.874575,220.910825,220.97015,221.09385,221.168725,221.309825,223.046475,223.181025,223.27705,223.324525,223.3578,223.39125,223.428,223.47095,223.504125,223.54145,223.625725,223.68515,223.75235,223.7954,223.842925,223.9521,224.03335,224.087325,0,0,0,0,0,0,0,0,0,0,0,0,0,0,0,0,0,0,0,0,0,0,0,0,0,0,0,0,0,0,0,0,0,0,0,0,0,0,0,0,0,0,0,0,0,0,0,0,0,0,0,0,0,0,0,0,0,0,0,0,0,0,0,0,0,0,0,0,0,0,0,0,0,0,0,0,0,0,0,0,0,0,0,0,0,0,0,0,0,0,0,0,0,0,0,0,0,0,0,0,0,0,0,0,0,0,0,0,0,0,0,0,0,0,0,0,0,0,0,0,0,0,0,0,0,0,0,0,0,0,0,0,0,0,0,0,0,0,0,0,0,0,0,0,0,0,0,0,0,0,0,0,0,0,0,0,0,0,0,0,0,0,0,0,0,0,0,0,0,0,0,0,0,0,0,0,0,0,0,0,0,0,0,0,0,0,0,0,0,0,0,0,0,0,0,0,0,0,0,0,0,0,0,0,0,0,0,0,0,0,0,0,0,0,0,0,0,0,0,0,0,0,0,0,0,0,0,0,0,0,0,0,0,0,0,0,0,0,0,0,0,0,0,0,0,0,0,0,0,0,0,0,0,0,0,0,0,0,0,0,0,0,0,0,0,0,0,0,0,0,0,0,0,0,0,0,0,0,0,0,0,0,0,0,0,0,0,0,0,0,0,0,0,0,0,0,0,0,0,0,0,0,0,0,0,0,0,0,0,0,0,0,0,0,0,0,0,0,0,0,0,0,0,0,0,0,0,0,0,0,0,0,0,0,0,0,0,0
"226",209.6101,210.258925,211.26305,211.30315,215.517875,220.891075,0,0,0,0,0,0,0,0,0,0,0,0,0,0,0,0,0,0,0,0,0,0,0,0,0,0,0,0,0,0,0,0,0,0,0,0,0,0,0,0,0,0,0,0,0,0,0,0,0,0,0,0,0,0,0,0,0,0,0,0,0,0,0,0,0,0,0,0,0,0,0,0,0,0,0,0,0,0,0,0,0,0,0,0,0,0,0,0,0,0,0,0,0,0,0,0,0,0,0,0,0,0,0,0,0,0,0,0,0,0,0,0,0,0,0,0,0,0,0,0,0,0,0,0,0,0,0,0,0,0,0,0,0,0,0,0,0,0,0,0,0,0,0,0,0,0,0,0,0,0,0,0,0,0,0,0,0,0,0,0,0,0,0,0,0,0,0,0,0,0,0,0,0,0,0,0,0,0,0,0,0,0,0,0,0,0,0,0,0,0,0,0,0,0,0,0,0,0,0,0,0,0,0,0,0,0,0,0,0,0,0,0,0,0,0,0,0,0,0,0,0,0,0,0,0,0,0,0,0,0,0,0,0,0,0,0,0,0,0,0,0,0,0,0,0,0,0,0,0,0,0,0,0,0,0,0,0,0,0,0,0,0,0,0,0,0,0,0,0,0,0,0,0,0,0,0,0,0,0,0,0,0,0,0,0,0,0,0,0,0,0,0,0,0,0,0,0,0,0,0,0,0,0,0,0,0,0,0,0,0,0,0,0,0,0,0,0,0,0,0,0,0,0,0,0,0,0,0,0,0,0,0,0,0,0,0,0,0,0,0,0,0,0,0,0,0,0,0,0,0,0,0,0,0,0,0,0,0,0,0,0,0,0,0,0,0,0,0,0,0,0,0,0,0,0,0,0,0,0,0,0,0,0,0,0,0,0,0,0,0,0,0,0
"227",212.0832,212.10835,212.140475,212.260125,212.3185,213.3905,213.507175,213.5662,214.929925,215.004525,215.05255,215.163725,216.452975,216.5072,216.665425,216.717675,218.286425,218.35495,218.4029,218.463025,218.734725,222.526575,0,0,0,0,0,0,0,0,0,0,0,0,0,0,0,0,0,0,0,0,0,0,0,0,0,0,0,0,0,0,0,0,0,0,0,0,0,0,0,0,0,0,0,0,0,0,0,0,0,0,0,0,0,0,0,0,0,0,0,0,0,0,0,0,0,0,0,0,0,0,0,0,0,0,0,0,0,0,0,0,0,0,0,0,0,0,0,0,0,0,0,0,0,0,0,0,0,0,0,0,0,0,0,0,0,0,0,0,0,0,0,0,0,0,0,0,0,0,0,0,0,0,0,0,0,0,0,0,0,0,0,0,0,0,0,0,0,0,0,0,0,0,0,0,0,0,0,0,0,0,0,0,0,0,0,0,0,0,0,0,0,0,0,0,0,0,0,0,0,0,0,0,0,0,0,0,0,0,0,0,0,0,0,0,0,0,0,0,0,0,0,0,0,0,0,0,0,0,0,0,0,0,0,0,0,0,0,0,0,0,0,0,0,0,0,0,0,0,0,0,0,0,0,0,0,0,0,0,0,0,0,0,0,0,0,0,0,0,0,0,0,0,0,0,0,0,0,0,0,0,0,0,0,0,0,0,0,0,0,0,0,0,0,0,0,0,0,0,0,0,0,0,0,0,0,0,0,0,0,0,0,0,0,0,0,0,0,0,0,0,0,0,0,0,0,0,0,0,0,0,0,0,0,0,0,0,0,0,0,0,0,0,0,0,0,0,0,0,0,0,0,0,0,0,0,0,0,0,0,0,0,0,0,0,0,0,0,0,0,0,0,0,0,0,0,0,0,0,0,0,0,0,0,0,0,0,0,0,0,0,0,0,0,0,0,0,0,0,0,0,0,0,0,0,0,0,0
"228",212.168275,212.266625,212.296475,212.4735,212.58945,212.706575,213.150075,213.4095,213.4654,213.5536,213.60945,213.844125,214.064525,214.128175,214.44945,214.719575,214.81385,214.855125,214.983825,215.0594,215.143175,215.170225,215.206575,215.26935,215.384975,215.5427,216.30565,216.3508,216.5945,216.687625,216.796075,216.83185,217.062375,217.2717,217.361775,218.287075,218.392775,218.56045,218.632575,218.76785,219.08285,0,0,0,0,0,0,0,0,0,0,0,0,0,0,0,0,0,0,0,0,0,0,0,0,0,0,0,0,0,0,0,0,0,0,0,0,0,0,0,0,0,0,0,0,0,0,0,0,0,0,0,0,0,0,0,0,0,0,0,0,0,0,0,0,0,0,0,0,0,0,0,0,0,0,0,0,0,0,0,0,0,0,0,0,0,0,0,0,0,0,0,0,0,0,0,0,0,0,0,0,0,0,0,0,0,0,0,0,0,0,0,0,0,0,0,0,0,0,0,0,0,0,0,0,0,0,0,0,0,0,0,0,0,0,0,0,0,0,0,0,0,0,0,0,0,0,0,0,0,0,0,0,0,0,0,0,0,0,0,0,0,0,0,0,0,0,0,0,0,0,0,0,0,0,0,0,0,0,0,0,0,0,0,0,0,0,0,0,0,0,0,0,0,0,0,0,0,0,0,0,0,0,0,0,0,0,0,0,0,0,0,0,0,0,0,0,0,0,0,0,0,0,0,0,0,0,0,0,0,0,0,0,0,0,0,0,0,0,0,0,0,0,0,0,0,0,0,0,0,0,0,0,0,0,0,0,0,0,0,0,0,0,0,0,0,0,0,0,0,0,0,0,0,0,0,0,0,0,0,0,0,0,0,0,0,0,0,0,0,0,0,0,0,0,0,0,0,0,0,0,0,0,0,0,0,0,0,0,0,0,0,0,0,0,0,0,0,0,0,0,0,0,0,0,0,0,0,0,0,0,0,0,0,0,0,0,0,0,0,0,0,0,0,0,0,0,0,0,0,0,0,0,0,0,0,0,0,0
"229",213.603575,213.652675,213.681225,213.7004,213.7776,213.7953,216.70925,218.521025,0,0,0,0,0,0,0,0,0,0,0,0,0,0,0,0,0,0,0,0,0,0,0,0,0,0,0,0,0,0,0,0,0,0,0,0,0,0,0,0,0,0,0,0,0,0,0,0,0,0,0,0,0,0,0,0,0,0,0,0,0,0,0,0,0,0,0,0,0,0,0,0,0,0,0,0,0,0,0,0,0,0,0,0,0,0,0,0,0,0,0,0,0,0,0,0,0,0,0,0,0,0,0,0,0,0,0,0,0,0,0,0,0,0,0,0,0,0,0,0,0,0,0,0,0,0,0,0,0,0,0,0,0,0,0,0,0,0,0,0,0,0,0,0,0,0,0,0,0,0,0,0,0,0,0,0,0,0,0,0,0,0,0,0,0,0,0,0,0,0,0,0,0,0,0,0,0,0,0,0,0,0,0,0,0,0,0,0,0,0,0,0,0,0,0,0,0,0,0,0,0,0,0,0,0,0,0,0,0,0,0,0,0,0,0,0,0,0,0,0,0,0,0,0,0,0,0,0,0,0,0,0,0,0,0,0,0,0,0,0,0,0,0,0,0,0,0,0,0,0,0,0,0,0,0,0,0,0,0,0,0,0,0,0,0,0,0,0,0,0,0,0,0,0,0,0,0,0,0,0,0,0,0,0,0,0,0,0,0,0,0,0,0,0,0,0,0,0,0,0,0,0,0,0,0,0,0,0,0,0,0,0,0,0,0,0,0,0,0,0,0,0,0,0,0,0,0,0,0,0,0,0,0,0,0,0,0,0,0,0,0,0,0,0,0,0,0,0,0,0,0,0,0,0,0,0,0,0,0,0,0,0,0,0,0,0,0,0,0,0,0,0,0,0,0,0,0,0,0,0,0,0,0,0,0,0,0,0,0,0,0
"230",211.236275,212.000575,212.067725,212.115575,212.180525,212.234275,212.30625,212.363875,212.4577,213.451775,213.5088,213.572325,213.659325,214.93295,216.5628,218.377625,218.443175,218.50115,0,0,0,0,0,0,0,0,0,0,0,0,0,0,0,0,0,0,0,0,0,0,0,0,0,0,0,0,0,0,0,0,0,0,0,0,0,0,0,0,0,0,0,0,0,0,0,0,0,0,0,0,0,0,0,0,0,0,0,0,0,0,0,0,0,0,0,0,0,0,0,0,0,0,0,0,0,0,0,0,0,0,0,0,0,0,0,0,0,0,0,0,0,0,0,0,0,0,0,0,0,0,0,0,0,0,0,0,0,0,0,0,0,0,0,0,0,0,0,0,0,0,0,0,0,0,0,0,0,0,0,0,0,0,0,0,0,0,0,0,0,0,0,0,0,0,0,0,0,0,0,0,0,0,0,0,0,0,0,0,0,0,0,0,0,0,0,0,0,0,0,0,0,0,0,0,0,0,0,0,0,0,0,0,0,0,0,0,0,0,0,0,0,0,0,0,0,0,0,0,0,0,0,0,0,0,0,0,0,0,0,0,0,0,0,0,0,0,0,0,0,0,0,0,0,0,0,0,0,0,0,0,0,0,0,0,0,0,0,0,0,0,0,0,0,0,0,0,0,0,0,0,0,0,0,0,0,0,0,0,0,0,0,0,0,0,0,0,0,0,0,0,0,0,0,0,0,0,0,0,0,0,0,0,0,0,0,0,0,0,0,0,0,0,0,0,0,0,0,0,0,0,0,0,0,0,0,0,0,0,0,0,0,0,0,0,0,0,0,0,0,0,0,0,0,0,0,0,0,0,0,0,0,0,0,0,0,0,0,0,0,0,0,0,0,0,0,0,0,0,0,0,0,0,0,0,0,0,0,0,0,0,0,0,0,0,0,0,0,0,0,0,0,0,0,0,0,0,0,0,0
"231",208.4286,210.94865,211.00875,211.040475,211.146825,211.22285,211.2587,211.30655,211.5221,211.613125,211.749525,211.80345,211.84025,211.953925,211.99425,212.010575,212.06305,212.0664,212.0879,212.112925,212.12995,212.132675,212.164825,212.186875,212.199525,212.214075,212.221225,212.23915,212.25015,212.2676,212.2749,212.3201,212.323375,212.333325,212.3458,212.369075,212.382175,212.404575,212.40655,212.46175,212.468875,212.487575,212.500125,212.506575,212.525325,212.5289,212.53655,212.547925,212.578125,212.612,212.61715,212.630275,212.6412,212.647725,212.680575,212.68535,212.705975,212.75275,212.862825,212.946825,213.08265,213.131175,213.1446,213.1871,213.2059,213.21695,213.229125,213.2303,213.24465,213.251175,213.259075,213.2859,213.295725,213.310575,213.328,213.348975,213.36355,213.390825,213.3958,213.415325,213.4209,213.433325,213.4489,213.459975,213.469225,213.487375,213.5014,213.510975,213.5542,213.562575,213.585125,213.61755,213.62805,213.641025,213.65225,213.671925,213.679575,213.698925,213.7303,213.742975,213.751775,213.7645,213.771875,213.781225,213.802225,213.81545,213.8244,213.84145,213.859425,213.86945,213.87655,213.88655,213.896075,213.92795,213.940275,213.956825,213.96545,213.981475,214.032125,214.043,214.0574,214.07445,214.082475,214.095075,214.11935,214.133825,214.151425,214.16995,214.19155,214.2326,214.284025,214.337625,214.36695,214.402875,214.4172,214.4325,214.46555,214.483975,214.4907,214.513325,214.5473,214.565275,214.58065,214.588775,214.59815,214.616425,214.624225,214.6358,214.638825,214.64795,214.66145,214.689725,214.7051,214.722175,214.73475,214.74445,214.77335,214.7795,214.7892,214.80735,214.831325,214.84505,214.875125,214.895,214.9052,214.93915,214.9462,214.962175,214.9805,214.9897,215.0043,215.017225,215.025925,215.032475,215.038575,215.0559,215.07875,215.093025,215.09955,215.112475,215.124725,215.1666,215.1991,215.234325,215.25035,215.26315,215.2758,215.28715,215.316225,215.33875,215.344325,215.3509,215.3672,215.379,215.386225,215.4007,215.411,215.420125,215.434825,215.448575,215.457025,215.46955,215.479125,215.49785,215.513125,215.51485,215.523775,215.537375,215.546575,215.557875,215.578575,215.593025,215.605975,215.621625,215.6379,215.703575,215.833175,215.876475,215.98595,216.087675,216.090925,216.107175,216.117825,216.14065,216.16405,216.1727,216.1849,216.192575,216.2291,216.240625,216.25955,216.282825,216.299275,216.3118,216.3189,216.349325,216.3761,216.4069,216.420125,216.429675,216.435275,216.470925,216.48505,216.4935,216.505875,216.506525,216.544225,216.554225,216.565575,216.574275,216.611925,216.6347,216.642475,216.669475,216.67185,216.6807,216.7017,216.712275,216.721475,216.73095,216.7476,216.772,216.7968,216.800625,216.8156,216.821775,216.838125,216.86,216.873175,216.889725,216.9085,216.925525,216.981425,216.99915,217.01845,217.023675,217.0351,217.052525,217.0654,217.0722,217.0794,217.0938,217.1084,217.124275,217.13495,217.16685,217.1796,217.199425,217.21995,217.242075,217.253625,217.281675,217.569075,217.943525,217.9733,217.98145,217.9996,218.050675,218.062,218.0994,218.109475,218.144875,218.186425,218.18885,218.20195,218.2527,218.265275,218.401725,218.442275,218.519225,218.52245,218.528625,218.548325,218.65165,218.6656,218.669175,218.67925,218.716225,218.72435,218.7472,218.775275,218.831175,218.8718,218.921525,218.94275,219.0294,219.099375,219.15095,219.244925,219.28865,219.418975,219.7859,219.866125,219.93705,220.003575,220.02105,220.03595,220.073475,220.113,220.15935,220.195175,220.23115,220.2652,220.3005,220.34805,220.392175,220.4092,220.42765,220.5249,220.53675,220.556825,220.586675,220.63835,220.69105,220.7612,220.83045,221.011775,221.27925,221.68355,221.762475,221.90415,221.9506,221.987875,222.0169,222.0703,222.09875,222.10205,222.1627,222.18785,222.200375,222.24315,222.264075,222.283625,222.33375,222.3496,222.36855,222.37095,222.41415,222.43205,222.449225,222.453925,222.4911,222.52375,222.55865,222.564375,222.62445,222.667875,222.7176,222.795675,222.8506,222.9146,222.95935,223.0707,223.072175,223.32685,223.47295,223.79895,224.044875,225.909625
"232",210.73195,210.8418,211.0181,211.08255,211.774175,211.877675,213.05305,213.135975,213.683325,214.572325,214.71445,214.9688,215.0449,215.1256,216.4406,216.635825,216.791175,217.10365,218.5252,218.731525,0,0,0,0,0,0,0,0,0,0,0,0,0,0,0,0,0,0,0,0,0,0,0,0,0,0,0,0,0,0,0,0,0,0,0,0,0,0,0,0,0,0,0,0,0,0,0,0,0,0,0,0,0,0,0,0,0,0,0,0,0,0,0,0,0,0,0,0,0,0,0,0,0,0,0,0,0,0,0,0,0,0,0,0,0,0,0,0,0,0,0,0,0,0,0,0,0,0,0,0,0,0,0,0,0,0,0,0,0,0,0,0,0,0,0,0,0,0,0,0,0,0,0,0,0,0,0,0,0,0,0,0,0,0,0,0,0,0,0,0,0,0,0,0,0,0,0,0,0,0,0,0,0,0,0,0,0,0,0,0,0,0,0,0,0,0,0,0,0,0,0,0,0,0,0,0,0,0,0,0,0,0,0,0,0,0,0,0,0,0,0,0,0,0,0,0,0,0,0,0,0,0,0,0,0,0,0,0,0,0,0,0,0,0,0,0,0,0,0,0,0,0,0,0,0,0,0,0,0,0,0,0,0,0,0,0,0,0,0,0,0,0,0,0,0,0,0,0,0,0,0,0,0,0,0,0,0,0,0,0,0,0,0,0,0,0,0,0,0,0,0,0,0,0,0,0,0,0,0,0,0,0,0,0,0,0,0,0,0,0,0,0,0,0,0,0,0,0,0,0,0,0,0,0,0,0,0,0,0,0,0,0,0,0,0,0,0,0,0,0,0,0,0,0,0,0,0,0,0,0,0,0,0,0,0,0,0,0,0,0,0,0,0,0,0,0,0,0,0,0,0,0,0,0,0,0,0,0,0,0,0,0,0,0,0,0,0,0,0,0,0,0,0,0,0,0,0,0,0
"233",211.0937,213.599,213.6838,213.697725,213.7077,213.785125,213.80695,213.9024,214.056675,214.8635,214.9426,214.9882,215.0572,215.06115,215.115125,215.176275,215.245125,215.56485,215.606525,215.67685,216.668775,216.75015,216.809625,216.89715,216.94805,217.067,217.09655,217.12495,217.20025,217.274825,218.57275,218.630575,218.73275,218.782275,0,0,0,0,0,0,0,0,0,0,0,0,0,0,0,0,0,0,0,0,0,0,0,0,0,0,0,0,0,0,0,0,0,0,0,0,0,0,0,0,0,0,0,0,0,0,0,0,0,0,0,0,0,0,0,0,0,0,0,0,0,0,0,0,0,0,0,0,0,0,0,0,0,0,0,0,0,0,0,0,0,0,0,0,0,0,0,0,0,0,0,0,0,0,0,0,0,0,0,0,0,0,0,0,0,0,0,0,0,0,0,0,0,0,0,0,0,0,0,0,0,0,0,0,0,0,0,0,0,0,0,0,0,0,0,0,0,0,0,0,0,0,0,0,0,0,0,0,0,0,0,0,0,0,0,0,0,0,0,0,0,0,0,0,0,0,0,0,0,0,0,0,0,0,0,0,0,0,0,0,0,0,0,0,0,0,0,0,0,0,0,0,0,0,0,0,0,0,0,0,0,0,0,0,0,0,0,0,0,0,0,0,0,0,0,0,0,0,0,0,0,0,0,0,0,0,0,0,0,0,0,0,0,0,0,0,0,0,0,0,0,0,0,0,0,0,0,0,0,0,0,0,0,0,0,0,0,0,0,0,0,0,0,0,0,0,0,0,0,0,0,0,0,0,0,0,0,0,0,0,0,0,0,0,0,0,0,0,0,0,0,0,0,0,0,0,0,0,0,0,0,0,0,0,0,0,0,0,0,0,0,0,0,0,0,0,0,0,0,0,0,0,0,0,0,0,0,0,0,0,0,0,0,0,0,0,0,0,0,0,0,0,0,0,0,0,0,0,0,0,0,0,0,0,0,0,0,0,0,0,0,0,0,0,0
"234",211.244925,211.958825,212.444125,213.109325,213.281075,213.386725,216.33385,216.58515,216.94095,218.2981,0,0,0,0,0,0,0,0,0,0,0,0,0,0,0,0,0,0,0,0,0,0,0,0,0,0,0,0,0,0,0,0,0,0,0,0,0,0,0,0,0,0,0,0,0,0,0,0,0,0,0,0,0,0,0,0,0,0,0,0,0,0,0,0,0,0,0,0,0,0,0,0,0,0,0,0,0,0,0,0,0,0,0,0,0,0,0,0,0,0,0,0,0,0,0,0,0,0,0,0,0,0,0,0,0,0,0,0,0,0,0,0,0,0,0,0,0,0,0,0,0,0,0,0,0,0,0,0,0,0,0,0,0,0,0,0,0,0,0,0,0,0,0,0,0,0,0,0,0,0,0,0,0,0,0,0,0,0,0,0,0,0,0,0,0,0,0,0,0,0,0,0,0,0,0,0,0,0,0,0,0,0,0,0,0,0,0,0,0,0,0,0,0,0,0,0,0,0,0,0,0,0,0,0,0,0,0,0,0,0,0,0,0,0,0,0,0,0,0,0,0,0,0,0,0,0,0,0,0,0,0,0,0,0,0,0,0,0,0,0,0,0,0,0,0,0,0,0,0,0,0,0,0,0,0,0,0,0,0,0,0,0,0,0,0,0,0,0,0,0,0,0,0,0,0,0,0,0,0,0,0,0,0,0,0,0,0,0,0,0,0,0,0,0,0,0,0,0,0,0,0,0,0,0,0,0,0,0,0,0,0,0,0,0,0,0,0,0,0,0,0,0,0,0,0,0,0,0,0,0,0,0,0,0,0,0,0,0,0,0,0,0,0,0,0,0,0,0,0,0,0,0,0,0,0,0,0,0,0,0,0,0,0,0,0,0,0,0,0,0,0,0,0,0,0,0,0,0,0,0,0,0,0,0,0,0,0,0,0
"235",209.910525,210.010225,210.0544,210.09645,210.144225,210.18225,210.206075,210.247825,210.295025,210.33645,210.371975,210.40615,210.438125,210.46225,210.493325,210.516475,210.528375,210.55895,210.572025,210.582075,210.596875,210.626275,210.641775,210.64985,210.658775,210.67415,210.691625,210.712675,210.72845,210.817075,210.97205,211.102675,211.1655,211.189475,211.23255,211.339825,211.358325,211.395075,211.420725,211.45515,211.512725,211.525625,211.54445,211.57195,211.58755,211.6128,211.6396,211.6568,211.673425,212.100575,212.255675,212.515575,212.605425,212.64525,212.66585,212.696325,212.721325,212.750375,212.761675,212.777575,212.789775,212.800825,212.81,212.8185,212.831075,212.85835,212.8687,212.8786,212.890525,212.901725,212.90925,212.92105,212.92805,212.94005,212.954025,212.9661,212.9779,212.99415,213.00305,213.016525,213.03725,213.06395,213.0798,213.09895,213.22245,213.328925,213.5568,214.0214,214.076625,214.0957,214.1232,214.133875,214.145925,214.1577,214.16935,214.1854,214.1945,214.219275,214.237475,214.24595,214.2559,214.278425,214.28785,214.299775,214.3196,214.32775,214.3388,214.348975,214.358175,214.369325,214.391725,214.4176,214.430925,214.44725,214.4831,214.5309,214.553825,214.600925,214.648875,215.09365,215.329175,215.404825,215.429725,215.458125,215.5146,215.63305,215.65775,215.6704,215.697425,215.7094,215.7181,215.7289,215.743925,215.752625,215.767025,215.780225,215.79195,215.802825,215.8108,215.821775,215.8294,215.8392,215.8517,215.858025,215.8659,215.87425,215.888125,215.895525,215.907275,215.916525,215.928425,215.933625,215.952225,215.963725,215.976175,215.99085,216.009325,216.02015,216.04775,216.07075,216.086825,216.101725,216.13,216.157825,216.2916,216.382875,216.41605,216.43595,216.577325,216.6324,216.7339,216.9193,217.030225,217.050475,217.108025,217.148375,217.190875,217.2381,217.28375,217.34015,217.3588,217.36345,217.3748,217.40685,217.424775,217.444825,217.469775,217.49535,217.5211,217.5408,217.547375,217.5647,217.57725,217.5993,217.615325,217.635375,217.6593,217.67025,217.684825,217.69535,217.7184,217.744575,217.76,217.773675,217.7852,217.812175,217.841525,217.8574,217.877925,218.338625,218.375475,218.686675,218.779875,218.8535,218.932975,218.959175,218.978125,219.019175,219.060325,219.106775,219.14735,219.175975,219.1952,219.2185,219.2483,219.28215,219.3031,219.320625,219.3413,219.3589,219.3858,219.407325,219.42925,219.446825,219.465675,219.480825,219.49185,219.5061,219.521175,219.53725,219.55935,219.5702,219.593725,219.61205,219.62175,219.6342,219.64655,219.67405,219.69545,219.734875,219.78115,219.903625,220.464175,220.698,220.80795,220.998275,221.210175,221.312575,221.476725,221.63735,222.7579,0,0,0,0,0,0,0,0,0,0,0,0,0,0,0,0,0,0,0,0,0,0,0,0,0,0,0,0,0,0,0,0,0,0,0,0,0,0,0,0,0,0,0,0,0,0,0,0,0,0,0,0,0,0,0,0,0,0,0,0,0,0,0,0,0,0,0,0,0,0,0,0,0,0,0,0,0,0,0,0,0,0,0,0,0,0,0,0,0,0,0,0,0,0,0,0,0,0,0,0,0,0,0,0,0,0,0,0,0,0,0,0,0,0,0,0,0,0,0,0,0,0,0,0,0,0,0,0,0,0,0,0,0,0,0,0,0,0
"236",211.11805,211.1901,211.87205,211.900625,212.099,212.2182,212.269,212.5549,213.196375,213.221525,213.2499,213.4885,213.753725,213.771675,213.8382,213.8777,213.895375,213.9978,214.626825,214.651575,214.71715,214.755625,214.9279,214.9936,215.058725,215.13395,215.1813,215.210075,215.245925,215.300175,215.374975,216.3549,216.368275,216.4122,216.5081,216.642375,216.824875,216.928725,217.11205,218.167325,218.263375,218.351725,218.3987,218.406475,218.5129,218.5334,218.5837,218.772775,219.975925,219.9947,220.0591,220.1182,220.20965,220.3461,221.853825,221.915825,221.94775,221.9994,222.045025,222.086175,222.121025,222.15345,222.1843,222.225975,222.248175,222.281775,222.314975,222.34585,222.375225,222.404825,222.433475,222.51235,222.570225,222.660975,222.7211,222.82215,0,0,0,0,0,0,0,0,0,0,0,0,0,0,0,0,0,0,0,0,0,0,0,0,0,0,0,0,0,0,0,0,0,0,0,0,0,0,0,0,0,0,0,0,0,0,0,0,0,0,0,0,0,0,0,0,0,0,0,0,0,0,0,0,0,0,0,0,0,0,0,0,0,0,0,0,0,0,0,0,0,0,0,0,0,0,0,0,0,0,0,0,0,0,0,0,0,0,0,0,0,0,0,0,0,0,0,0,0,0,0,0,0,0,0,0,0,0,0,0,0,0,0,0,0,0,0,0,0,0,0,0,0,0,0,0,0,0,0,0,0,0,0,0,0,0,0,0,0,0,0,0,0,0,0,0,0,0,0,0,0,0,0,0,0,0,0,0,0,0,0,0,0,0,0,0,0,0,0,0,0,0,0,0,0,0,0,0,0,0,0,0,0,0,0,0,0,0,0,0,0,0,0,0,0,0,0,0,0,0,0,0,0,0,0,0,0,0,0,0,0,0,0,0,0,0,0,0,0,0,0,0,0,0,0,0,0,0,0,0,0,0,0,0,0,0,0,0,0,0,0,0,0,0,0,0,0,0,0,0,0,0,0,0,0,0,0,0,0,0,0,0,0,0,0,0,0,0,0,0,0,0,0,0,0,0,0,0,0,0,0,0,0,0,0,0,0,0,0,0,0,0,0,0,0,0,0,0,0,0,0,0,0,0,0,0,0,0,0,0,0,0,0
"237",209.670825,209.790125,209.898225,209.98515,210.127875,210.22635,210.26685,210.365975,210.635775,210.902825,211.423825,211.448925,211.495425,211.6264,211.7115,212.815625,213.18205,214.804425,215.8104,216.048275,217.657325,217.673275,218.914825,219.31375,219.36225,219.409625,220.774225,220.7853,221.04845,221.1648,221.2997,222.99085,223.417925,224.022475,224.2317,224.34015,224.489225,224.651275,233.59825,234.40325,235.668025,236.5657,236.824725,237.438375,0,0,0,0,0,0,0,0,0,0,0,0,0,0,0,0,0,0,0,0,0,0,0,0,0,0,0,0,0,0,0,0,0,0,0,0,0,0,0,0,0,0,0,0,0,0,0,0,0,0,0,0,0,0,0,0,0,0,0,0,0,0,0,0,0,0,0,0,0,0,0,0,0,0,0,0,0,0,0,0,0,0,0,0,0,0,0,0,0,0,0,0,0,0,0,0,0,0,0,0,0,0,0,0,0,0,0,0,0,0,0,0,0,0,0,0,0,0,0,0,0,0,0,0,0,0,0,0,0,0,0,0,0,0,0,0,0,0,0,0,0,0,0,0,0,0,0,0,0,0,0,0,0,0,0,0,0,0,0,0,0,0,0,0,0,0,0,0,0,0,0,0,0,0,0,0,0,0,0,0,0,0,0,0,0,0,0,0,0,0,0,0,0,0,0,0,0,0,0,0,0,0,0,0,0,0,0,0,0,0,0,0,0,0,0,0,0,0,0,0,0,0,0,0,0,0,0,0,0,0,0,0,0,0,0,0,0,0,0,0,0,0,0,0,0,0,0,0,0,0,0,0,0,0,0,0,0,0,0,0,0,0,0,0,0,0,0,0,0,0,0,0,0,0,0,0,0,0,0,0,0,0,0,0,0,0,0,0,0,0,0,0,0,0,0,0,0,0,0,0,0,0,0,0,0,0,0,0,0,0,0,0,0,0,0,0,0,0,0,0,0,0,0,0,0,0,0,0,0,0,0,0,0,0,0,0,0,0,0,0,0,0,0,0,0,0,0,0,0,0,0,0,0,0,0
"238",211.012175,211.12015,211.14325,211.1757,211.23095,211.2844,211.85655,211.8929,211.9386,211.965425,212.00215,212.10775,212.122875,212.148925,212.169825,212.198175,212.2273,212.263475,212.294425,212.33835,212.450975,212.481825,212.522575,212.53545,212.55805,212.795775,213.155675,213.213925,213.236325,213.263975,213.292975,213.345375,213.36645,213.380625,213.44275,213.454525,213.47155,213.505725,213.52895,213.557275,213.5834,213.749625,213.7951,213.82615,213.849975,213.863625,213.880425,213.9113,213.915475,213.98245,214.007575,214.0879,214.480625,214.536375,214.568025,214.611375,214.63025,214.66995,214.696925,214.72465,214.752425,214.7948,214.8861,214.915325,214.938675,215.0047,215.089075,215.1075,215.109175,215.13115,215.13985,215.171725,215.18625,215.1878,215.1941,215.23515,215.263325,215.2844,215.309125,215.344175,215.3572,215.383275,215.472075,215.53635,215.6152,216.092225,216.1419,216.178,216.197175,216.22145,216.251275,216.350325,216.3913,216.4221,216.486325,216.5003,216.64375,216.7445,216.7708,216.81405,216.870625,216.953225,216.970975,217.110125,217.125,217.12745,217.167175,217.198625,217.355425,217.988875,218.015925,218.0553,218.099425,218.134425,218.156675,218.1794,218.197675,218.2246,218.25745,218.2949,218.36555,218.578875,218.608225,218.68765,218.6997,218.7225,218.802075,220.1502,220.2204,222.031325,222.10205,222.137075,222.168875,222.201725,222.2334,222.26825,222.313375,222.367625,222.4009,222.41805,222.4984,222.5296,222.5824,222.629525,222.657275,222.711025,222.775425,222.8558,0,0,0,0,0,0,0,0,0,0,0,0,0,0,0,0,0,0,0,0,0,0,0,0,0,0,0,0,0,0,0,0,0,0,0,0,0,0,0,0,0,0,0,0,0,0,0,0,0,0,0,0,0,0,0,0,0,0,0,0,0,0,0,0,0,0,0,0,0,0,0,0,0,0,0,0,0,0,0,0,0,0,0,0,0,0,0,0,0,0,0,0,0,0,0,0,0,0,0,0,0,0,0,0,0,0,0,0,0,0,0,0,0,0,0,0,0,0,0,0,0,0,0,0,0,0,0,0,0,0,0,0,0,0,0,0,0,0,0,0,0,0,0,0,0,0,0,0,0,0,0,0,0,0,0,0,0,0,0,0,0,0,0,0,0,0,0,0,0,0,0,0,0,0,0,0,0,0,0,0,0,0,0,0,0,0,0,0,0,0,0,0,0,0,0,0,0,0,0,0,0,0,0,0,0,0,0,0,0,0,0,0,0,0,0,0,0,0,0,0,0,0,0,0,0,0,0,0,0,0,0,0,0,0,0,0,0,0,0,0,0,0,0,0,0,0,0,0,0,0,0
"239",213.56675,213.632325,213.949125,214.11345,214.9012,214.982525,215.010875,215.02625,215.0836,215.141675,216.69945,216.7729,216.811,216.84455,216.863975,216.892325,217.05975,217.208325,218.650475,218.71955,0,0,0,0,0,0,0,0,0,0,0,0,0,0,0,0,0,0,0,0,0,0,0,0,0,0,0,0,0,0,0,0,0,0,0,0,0,0,0,0,0,0,0,0,0,0,0,0,0,0,0,0,0,0,0,0,0,0,0,0,0,0,0,0,0,0,0,0,0,0,0,0,0,0,0,0,0,0,0,0,0,0,0,0,0,0,0,0,0,0,0,0,0,0,0,0,0,0,0,0,0,0,0,0,0,0,0,0,0,0,0,0,0,0,0,0,0,0,0,0,0,0,0,0,0,0,0,0,0,0,0,0,0,0,0,0,0,0,0,0,0,0,0,0,0,0,0,0,0,0,0,0,0,0,0,0,0,0,0,0,0,0,0,0,0,0,0,0,0,0,0,0,0,0,0,0,0,0,0,0,0,0,0,0,0,0,0,0,0,0,0,0,0,0,0,0,0,0,0,0,0,0,0,0,0,0,0,0,0,0,0,0,0,0,0,0,0,0,0,0,0,0,0,0,0,0,0,0,0,0,0,0,0,0,0,0,0,0,0,0,0,0,0,0,0,0,0,0,0,0,0,0,0,0,0,0,0,0,0,0,0,0,0,0,0,0,0,0,0,0,0,0,0,0,0,0,0,0,0,0,0,0,0,0,0,0,0,0,0,0,0,0,0,0,0,0,0,0,0,0,0,0,0,0,0,0,0,0,0,0,0,0,0,0,0,0,0,0,0,0,0,0,0,0,0,0,0,0,0,0,0,0,0,0,0,0,0,0,0,0,0,0,0,0,0,0,0,0,0,0,0,0,0,0,0,0,0,0,0,0,0,0,0,0,0,0,0,0,0,0,0,0,0,0,0,0,0,0,0
"240",210.921325,210.95095,211.0362,211.065625,211.20425,211.7838,211.809025,211.8371,211.9225,212.093325,213.11935,213.1916,213.41605,213.93185,214.502175,216.3092,217.94305,219.949825,220.053775,220.08895,221.902775,221.958575,222.003425,0,0,0,0,0,0,0,0,0,0,0,0,0,0,0,0,0,0,0,0,0,0,0,0,0,0,0,0,0,0,0,0,0,0,0,0,0,0,0,0,0,0,0,0,0,0,0,0,0,0,0,0,0,0,0,0,0,0,0,0,0,0,0,0,0,0,0,0,0,0,0,0,0,0,0,0,0,0,0,0,0,0,0,0,0,0,0,0,0,0,0,0,0,0,0,0,0,0,0,0,0,0,0,0,0,0,0,0,0,0,0,0,0,0,0,0,0,0,0,0,0,0,0,0,0,0,0,0,0,0,0,0,0,0,0,0,0,0,0,0,0,0,0,0,0,0,0,0,0,0,0,0,0,0,0,0,0,0,0,0,0,0,0,0,0,0,0,0,0,0,0,0,0,0,0,0,0,0,0,0,0,0,0,0,0,0,0,0,0,0,0,0,0,0,0,0,0,0,0,0,0,0,0,0,0,0,0,0,0,0,0,0,0,0,0,0,0,0,0,0,0,0,0,0,0,0,0,0,0,0,0,0,0,0,0,0,0,0,0,0,0,0,0,0,0,0,0,0,0,0,0,0,0,0,0,0,0,0,0,0,0,0,0,0,0,0,0,0,0,0,0,0,0,0,0,0,0,0,0,0,0,0,0,0,0,0,0,0,0,0,0,0,0,0,0,0,0,0,0,0,0,0,0,0,0,0,0,0,0,0,0,0,0,0,0,0,0,0,0,0,0,0,0,0,0,0,0,0,0,0,0,0,0,0,0,0,0,0,0,0,0,0,0,0,0,0,0,0,0,0,0,0,0,0,0,0,0,0,0,0,0,0,0,0,0,0,0,0,0,0,0,0,0,0,0,0
"241",209.7727,210.3121,210.432175,210.46515,210.62055,211.4314,211.541075,211.611425,212.783125,212.89365,213.010875,215.726475,215.816825,215.878425,217.405675,217.4563,217.498525,217.51915,217.622875,217.675825,219.022975,219.0699,219.15545,219.216275,219.250925,219.281325,219.357375,219.4192,219.4829,220.5503,220.64955,220.7025,220.7924,220.82905,220.890725,220.8994,220.9471,221.02505,221.06805,221.1344,221.211675,221.299,223.3469,223.478675,223.5762,223.64845,223.7424,223.83805,223.972,224.04225,0,0,0,0,0,0,0,0,0,0,0,0,0,0,0,0,0,0,0,0,0,0,0,0,0,0,0,0,0,0,0,0,0,0,0,0,0,0,0,0,0,0,0,0,0,0,0,0,0,0,0,0,0,0,0,0,0,0,0,0,0,0,0,0,0,0,0,0,0,0,0,0,0,0,0,0,0,0,0,0,0,0,0,0,0,0,0,0,0,0,0,0,0,0,0,0,0,0,0,0,0,0,0,0,0,0,0,0,0,0,0,0,0,0,0,0,0,0,0,0,0,0,0,0,0,0,0,0,0,0,0,0,0,0,0,0,0,0,0,0,0,0,0,0,0,0,0,0,0,0,0,0,0,0,0,0,0,0,0,0,0,0,0,0,0,0,0,0,0,0,0,0,0,0,0,0,0,0,0,0,0,0,0,0,0,0,0,0,0,0,0,0,0,0,0,0,0,0,0,0,0,0,0,0,0,0,0,0,0,0,0,0,0,0,0,0,0,0,0,0,0,0,0,0,0,0,0,0,0,0,0,0,0,0,0,0,0,0,0,0,0,0,0,0,0,0,0,0,0,0,0,0,0,0,0,0,0,0,0,0,0,0,0,0,0,0,0,0,0,0,0,0,0,0,0,0,0,0,0,0,0,0,0,0,0,0,0,0,0,0,0,0,0,0,0,0,0,0,0,0,0,0,0,0,0,0,0,0,0,0,0,0,0,0,0,0,0,0,0,0,0,0,0,0,0,0,0,0,0,0,0,0,0,0,0,0,0,0,0,0,0,0,0,0,0,0,0,0,0
"242",209.5453,209.896925,211.220075,212.298975,213.5792,214.964775,218.72815,219.96165,220.3428,221.676825,222.781325,0,0,0,0,0,0,0,0,0,0,0,0,0,0,0,0,0,0,0,0,0,0,0,0,0,0,0,0,0,0,0,0,0,0,0,0,0,0,0,0,0,0,0,0,0,0,0,0,0,0,0,0,0,0,0,0,0,0,0,0,0,0,0,0,0,0,0,0,0,0,0,0,0,0,0,0,0,0,0,0,0,0,0,0,0,0,0,0,0,0,0,0,0,0,0,0,0,0,0,0,0,0,0,0,0,0,0,0,0,0,0,0,0,0,0,0,0,0,0,0,0,0,0,0,0,0,0,0,0,0,0,0,0,0,0,0,0,0,0,0,0,0,0,0,0,0,0,0,0,0,0,0,0,0,0,0,0,0,0,0,0,0,0,0,0,0,0,0,0,0,0,0,0,0,0,0,0,0,0,0,0,0,0,0,0,0,0,0,0,0,0,0,0,0,0,0,0,0,0,0,0,0,0,0,0,0,0,0,0,0,0,0,0,0,0,0,0,0,0,0,0,0,0,0,0,0,0,0,0,0,0,0,0,0,0,0,0,0,0,0,0,0,0,0,0,0,0,0,0,0,0,0,0,0,0,0,0,0,0,0,0,0,0,0,0,0,0,0,0,0,0,0,0,0,0,0,0,0,0,0,0,0,0,0,0,0,0,0,0,0,0,0,0,0,0,0,0,0,0,0,0,0,0,0,0,0,0,0,0,0,0,0,0,0,0,0,0,0,0,0,0,0,0,0,0,0,0,0,0,0,0,0,0,0,0,0,0,0,0,0,0,0,0,0,0,0,0,0,0,0,0,0,0,0,0,0,0,0,0,0,0,0,0,0,0,0,0,0,0,0,0,0,0,0,0,0,0,0,0,0,0,0,0,0,0,0,0,0
"243",212.39545,212.46095,212.49965,212.528025,212.576525,212.61075,213.542125,213.597875,213.61695,213.638,213.6805,213.696225,213.739,213.759225,213.781825,213.809525,213.827875,213.8673,213.90245,213.941575,214.001825,216.656525,216.7171,218.46195,218.4922,218.51565,0,0,0,0,0,0,0,0,0,0,0,0,0,0,0,0,0,0,0,0,0,0,0,0,0,0,0,0,0,0,0,0,0,0,0,0,0,0,0,0,0,0,0,0,0,0,0,0,0,0,0,0,0,0,0,0,0,0,0,0,0,0,0,0,0,0,0,0,0,0,0,0,0,0,0,0,0,0,0,0,0,0,0,0,0,0,0,0,0,0,0,0,0,0,0,0,0,0,0,0,0,0,0,0,0,0,0,0,0,0,0,0,0,0,0,0,0,0,0,0,0,0,0,0,0,0,0,0,0,0,0,0,0,0,0,0,0,0,0,0,0,0,0,0,0,0,0,0,0,0,0,0,0,0,0,0,0,0,0,0,0,0,0,0,0,0,0,0,0,0,0,0,0,0,0,0,0,0,0,0,0,0,0,0,0,0,0,0,0,0,0,0,0,0,0,0,0,0,0,0,0,0,0,0,0,0,0,0,0,0,0,0,0,0,0,0,0,0,0,0,0,0,0,0,0,0,0,0,0,0,0,0,0,0,0,0,0,0,0,0,0,0,0,0,0,0,0,0,0,0,0,0,0,0,0,0,0,0,0,0,0,0,0,0,0,0,0,0,0,0,0,0,0,0,0,0,0,0,0,0,0,0,0,0,0,0,0,0,0,0,0,0,0,0,0,0,0,0,0,0,0,0,0,0,0,0,0,0,0,0,0,0,0,0,0,0,0,0,0,0,0,0,0,0,0,0,0,0,0,0,0,0,0,0,0,0,0,0,0,0,0,0,0,0,0,0,0,0,0,0,0,0,0,0,0,0,0,0,0,0,0,0,0,0,0,0,0,0,0,0,0,0,0
"244",209.789975,210.0904,210.158025,210.403175,210.46105,210.507125,210.698975,210.801975,210.8545,210.986375,211.04205,211.581725,211.651275,211.8668,213.0809,214.3064,214.520575,215.694275,215.99285,216.0482,216.620075,217.381725,217.537675,217.6882,217.757075,218.2481,219.372275,219.44575,219.5035,219.6234,219.66895,219.7779,220.013575,224.465125,0,0,0,0,0,0,0,0,0,0,0,0,0,0,0,0,0,0,0,0,0,0,0,0,0,0,0,0,0,0,0,0,0,0,0,0,0,0,0,0,0,0,0,0,0,0,0,0,0,0,0,0,0,0,0,0,0,0,0,0,0,0,0,0,0,0,0,0,0,0,0,0,0,0,0,0,0,0,0,0,0,0,0,0,0,0,0,0,0,0,0,0,0,0,0,0,0,0,0,0,0,0,0,0,0,0,0,0,0,0,0,0,0,0,0,0,0,0,0,0,0,0,0,0,0,0,0,0,0,0,0,0,0,0,0,0,0,0,0,0,0,0,0,0,0,0,0,0,0,0,0,0,0,0,0,0,0,0,0,0,0,0,0,0,0,0,0,0,0,0,0,0,0,0,0,0,0,0,0,0,0,0,0,0,0,0,0,0,0,0,0,0,0,0,0,0,0,0,0,0,0,0,0,0,0,0,0,0,0,0,0,0,0,0,0,0,0,0,0,0,0,0,0,0,0,0,0,0,0,0,0,0,0,0,0,0,0,0,0,0,0,0,0,0,0,0,0,0,0,0,0,0,0,0,0,0,0,0,0,0,0,0,0,0,0,0,0,0,0,0,0,0,0,0,0,0,0,0,0,0,0,0,0,0,0,0,0,0,0,0,0,0,0,0,0,0,0,0,0,0,0,0,0,0,0,0,0,0,0,0,0,0,0,0,0,0,0,0,0,0,0,0,0,0,0,0,0,0,0,0,0,0,0,0,0,0,0,0,0,0,0,0,0,0,0,0,0,0,0,0,0,0,0,0,0,0,0,0,0,0,0,0,0,0,0
"245",212.280575,212.3571,212.421475,212.473825,212.502775,212.533075,213.477525,213.51935,213.5636,213.591325,213.6775,213.693725,213.851775,213.89085,213.96715,216.47355,216.519975,216.57815,216.623,218.32085,218.4265,0,0,0,0,0,0,0,0,0,0,0,0,0,0,0,0,0,0,0,0,0,0,0,0,0,0,0,0,0,0,0,0,0,0,0,0,0,0,0,0,0,0,0,0,0,0,0,0,0,0,0,0,0,0,0,0,0,0,0,0,0,0,0,0,0,0,0,0,0,0,0,0,0,0,0,0,0,0,0,0,0,0,0,0,0,0,0,0,0,0,0,0,0,0,0,0,0,0,0,0,0,0,0,0,0,0,0,0,0,0,0,0,0,0,0,0,0,0,0,0,0,0,0,0,0,0,0,0,0,0,0,0,0,0,0,0,0,0,0,0,0,0,0,0,0,0,0,0,0,0,0,0,0,0,0,0,0,0,0,0,0,0,0,0,0,0,0,0,0,0,0,0,0,0,0,0,0,0,0,0,0,0,0,0,0,0,0,0,0,0,0,0,0,0,0,0,0,0,0,0,0,0,0,0,0,0,0,0,0,0,0,0,0,0,0,0,0,0,0,0,0,0,0,0,0,0,0,0,0,0,0,0,0,0,0,0,0,0,0,0,0,0,0,0,0,0,0,0,0,0,0,0,0,0,0,0,0,0,0,0,0,0,0,0,0,0,0,0,0,0,0,0,0,0,0,0,0,0,0,0,0,0,0,0,0,0,0,0,0,0,0,0,0,0,0,0,0,0,0,0,0,0,0,0,0,0,0,0,0,0,0,0,0,0,0,0,0,0,0,0,0,0,0,0,0,0,0,0,0,0,0,0,0,0,0,0,0,0,0,0,0,0,0,0,0,0,0,0,0,0,0,0,0,0,0,0,0,0,0,0,0,0,0,0,0,0,0,0,0,0,0,0,0,0,0,0,0,0
"246",210.604975,211.800975,211.8664,211.93185,211.989675,212.0339,212.13375,212.192275,212.238975,212.292025,213.2483,213.285225,213.337725,213.392225,213.423975,214.819,214.906525,214.9882,216.371275,216.502625,216.6279,216.7489,218.12595,218.183125,218.3283,218.418675,218.447075,218.5543,218.6465,0,0,0,0,0,0,0,0,0,0,0,0,0,0,0,0,0,0,0,0,0,0,0,0,0,0,0,0,0,0,0,0,0,0,0,0,0,0,0,0,0,0,0,0,0,0,0,0,0,0,0,0,0,0,0,0,0,0,0,0,0,0,0,0,0,0,0,0,0,0,0,0,0,0,0,0,0,0,0,0,0,0,0,0,0,0,0,0,0,0,0,0,0,0,0,0,0,0,0,0,0,0,0,0,0,0,0,0,0,0,0,0,0,0,0,0,0,0,0,0,0,0,0,0,0,0,0,0,0,0,0,0,0,0,0,0,0,0,0,0,0,0,0,0,0,0,0,0,0,0,0,0,0,0,0,0,0,0,0,0,0,0,0,0,0,0,0,0,0,0,0,0,0,0,0,0,0,0,0,0,0,0,0,0,0,0,0,0,0,0,0,0,0,0,0,0,0,0,0,0,0,0,0,0,0,0,0,0,0,0,0,0,0,0,0,0,0,0,0,0,0,0,0,0,0,0,0,0,0,0,0,0,0,0,0,0,0,0,0,0,0,0,0,0,0,0,0,0,0,0,0,0,0,0,0,0,0,0,0,0,0,0,0,0,0,0,0,0,0,0,0,0,0,0,0,0,0,0,0,0,0,0,0,0,0,0,0,0,0,0,0,0,0,0,0,0,0,0,0,0,0,0,0,0,0,0,0,0,0,0,0,0,0,0,0,0,0,0,0,0,0,0,0,0,0,0,0,0,0,0,0,0,0,0,0,0,0,0,0,0,0,0,0,0,0,0,0,0,0,0,0,0,0,0,0,0,0,0,0,0,0,0,0,0,0,0,0,0,0,0
"247",211.0431,211.091975,211.2406,211.789825,211.7993,211.934525,212.349675,212.4977,213.12895,213.17375,214.57715,216.163,216.2202,216.784825,217.9706,217.9839,218.0529,219.832375,219.922575,221.66205,221.7405,221.77635,225.6364,225.983525,226.1444,0,0,0,0,0,0,0,0,0,0,0,0,0,0,0,0,0,0,0,0,0,0,0,0,0,0,0,0,0,0,0,0,0,0,0,0,0,0,0,0,0,0,0,0,0,0,0,0,0,0,0,0,0,0,0,0,0,0,0,0,0,0,0,0,0,0,0,0,0,0,0,0,0,0,0,0,0,0,0,0,0,0,0,0,0,0,0,0,0,0,0,0,0,0,0,0,0,0,0,0,0,0,0,0,0,0,0,0,0,0,0,0,0,0,0,0,0,0,0,0,0,0,0,0,0,0,0,0,0,0,0,0,0,0,0,0,0,0,0,0,0,0,0,0,0,0,0,0,0,0,0,0,0,0,0,0,0,0,0,0,0,0,0,0,0,0,0,0,0,0,0,0,0,0,0,0,0,0,0,0,0,0,0,0,0,0,0,0,0,0,0,0,0,0,0,0,0,0,0,0,0,0,0,0,0,0,0,0,0,0,0,0,0,0,0,0,0,0,0,0,0,0,0,0,0,0,0,0,0,0,0,0,0,0,0,0,0,0,0,0,0,0,0,0,0,0,0,0,0,0,0,0,0,0,0,0,0,0,0,0,0,0,0,0,0,0,0,0,0,0,0,0,0,0,0,0,0,0,0,0,0,0,0,0,0,0,0,0,0,0,0,0,0,0,0,0,0,0,0,0,0,0,0,0,0,0,0,0,0,0,0,0,0,0,0,0,0,0,0,0,0,0,0,0,0,0,0,0,0,0,0,0,0,0,0,0,0,0,0,0,0,0,0,0,0,0,0,0,0,0,0,0,0,0,0,0,0,0,0,0,0,0,0,0,0,0,0,0,0,0,0,0,0,0
"248",209.568575,209.8956,209.9901,210.041625,210.12655,210.172975,210.280725,210.657325,210.7469,210.80065,211.0796,211.104025,211.1531,211.188,211.222625,211.2546,211.30305,211.576075,211.655825,211.732125,211.85285,211.879175,211.915775,212.013375,212.0955,212.3627,212.65045,212.684,212.744825,212.81605,212.851725,212.952475,213.11365,213.132675,213.20995,213.266125,213.35865,213.45755,213.506175,213.64125,213.900825,213.945325,213.987775,214.0691,214.1378,214.208375,214.270075,214.3758,214.4789,214.5028,214.5484,214.62385,214.764575,214.828825,214.88175,214.89255,215.239575,215.2923,215.351625,215.408975,215.471575,215.5328,215.58165,215.764875,215.83135,215.926825,216.0834,216.1699,216.24045,216.379375,216.4332,216.474375,216.576175,216.806125,216.981425,217.024125,217.22845,217.2665,217.33035,217.4478,217.868325,217.919125,217.99665,218.104375,218.1557,218.1782,218.26265,218.335075,218.4422,218.512125,218.57935,218.813275,218.892,218.927725,219.0912,219.14885,219.243375,219.952925,220.23125,220.360125,220.456525,220.596225,220.721475,220.75915,220.815925,220.951825,221.0448,221.08705,221.124675,221.228125,221.327375,221.423575,221.76445,221.96825,222.24865,222.698025,222.82025,222.980875,223.0739,223.34745,0,0,0,0,0,0,0,0,0,0,0,0,0,0,0,0,0,0,0,0,0,0,0,0,0,0,0,0,0,0,0,0,0,0,0,0,0,0,0,0,0,0,0,0,0,0,0,0,0,0,0,0,0,0,0,0,0,0,0,0,0,0,0,0,0,0,0,0,0,0,0,0,0,0,0,0,0,0,0,0,0,0,0,0,0,0,0,0,0,0,0,0,0,0,0,0,0,0,0,0,0,0,0,0,0,0,0,0,0,0,0,0,0,0,0,0,0,0,0,0,0,0,0,0,0,0,0,0,0,0,0,0,0,0,0,0,0,0,0,0,0,0,0,0,0,0,0,0,0,0,0,0,0,0,0,0,0,0,0,0,0,0,0,0,0,0,0,0,0,0,0,0,0,0,0,0,0,0,0,0,0,0,0,0,0,0,0,0,0,0,0,0,0,0,0,0,0,0,0,0,0,0,0,0,0,0,0,0,0,0,0,0,0,0,0,0,0,0,0,0,0,0,0,0,0,0,0,0,0,0,0,0,0,0,0,0,0,0,0,0,0,0,0,0,0,0,0,0,0,0,0,0,0,0,0,0,0,0,0,0,0,0,0,0,0,0,0,0,0,0,0,0,0,0,0,0,0,0,0
"249",212.0574,212.439825,213.5739,213.8002,213.814975,214.823,215.398175,215.4266,215.5277,216.540575,216.58535,216.673575,216.72295,216.9736,222.473225,0,0,0,0,0,0,0,0,0,0,0,0,0,0,0,0,0,0,0,0,0,0,0,0,0,0,0,0,0,0,0,0,0,0,0,0,0,0,0,0,0,0,0,0,0,0,0,0,0,0,0,0,0,0,0,0,0,0,0,0,0,0,0,0,0,0,0,0,0,0,0,0,0,0,0,0,0,0,0,0,0,0,0,0,0,0,0,0,0,0,0,0,0,0,0,0,0,0,0,0,0,0,0,0,0,0,0,0,0,0,0,0,0,0,0,0,0,0,0,0,0,0,0,0,0,0,0,0,0,0,0,0,0,0,0,0,0,0,0,0,0,0,0,0,0,0,0,0,0,0,0,0,0,0,0,0,0,0,0,0,0,0,0,0,0,0,0,0,0,0,0,0,0,0,0,0,0,0,0,0,0,0,0,0,0,0,0,0,0,0,0,0,0,0,0,0,0,0,0,0,0,0,0,0,0,0,0,0,0,0,0,0,0,0,0,0,0,0,0,0,0,0,0,0,0,0,0,0,0,0,0,0,0,0,0,0,0,0,0,0,0,0,0,0,0,0,0,0,0,0,0,0,0,0,0,0,0,0,0,0,0,0,0,0,0,0,0,0,0,0,0,0,0,0,0,0,0,0,0,0,0,0,0,0,0,0,0,0,0,0,0,0,0,0,0,0,0,0,0,0,0,0,0,0,0,0,0,0,0,0,0,0,0,0,0,0,0,0,0,0,0,0,0,0,0,0,0,0,0,0,0,0,0,0,0,0,0,0,0,0,0,0,0,0,0,0,0,0,0,0,0,0,0,0,0,0,0,0,0,0,0,0,0,0,0,0,0,0,0,0,0,0,0,0,0,0,0,0,0,0,0,0,0,0
