"","V1","V2","V3","V4","V5","V6","V7","V8","V9","V10","V11","V12","V13","V14","V15","V16","V17","V18","V19","V20","V21","V22","V23","V24","V25","V26","V27","V28","V29","V30","V31","V32","V33","V34","V35","V36","V37","V38","V39","V40","V41","V42","V43","V44","V45","V46","V47","V48","V49","V50","V51","V52","V53","V54","V55","V56","V57","V58","V59","V60","V61","V62","V63","V64","V65","V66","V67","V68","V69","V70","V71","V72","V73","V74","V75","V76","V77","V78","V79","V80","V81","V82","V83","V84","V85","V86","V87","V88","V89","V90","V91","V92","V93","V94","V95","V96","V97","V98","V99","V100","V101","V102","V103","V104","V105","V106","V107","V108","V109","V110","V111","V112","V113","V114","V115","V116","V117","V118","V119","V120","V121","V122","V123","V124","V125","V126","V127","V128","V129","V130","V131","V132","V133","V134","V135","V136","V137","V138","V139","V140","V141","V142","V143","V144","V145","V146","V147","V148","V149","V150","V151","V152","V153","V154","V155","V156","V157","V158","V159","V160","V161","V162","V163","V164","V165","V166","V167","V168","V169","V170","V171","V172","V173","V174","V175","V176","V177","V178","V179","V180","V181","V182","V183","V184","V185","V186","V187","V188","V189","V190","V191","V192","V193","V194","V195","V196","V197","V198","V199","V200","V201","V202","V203","V204","V205","V206","V207","V208","V209","V210","V211","V212","V213","V214","V215","V216","V217","V218","V219","V220","V221","V222","V223","V224","V225","V226","V227","V228","V229","V230","V231","V232","V233","V234","V235","V236","V237","V238","V239","V240","V241","V242","V243","V244","V245","V246","V247","V248","V249","V250","V251","V252","V253","V254","V255","V256","V257","V258","V259","V260","V261","V262","V263","V264","V265","V266","V267","V268","V269","V270","V271","V272","V273","V274","V275","V276","V277","V278","V279","V280","V281","V282","V283","V284","V285","V286","V287","V288","V289","V290","V291","V292","V293","V294","V295","V296","V297","V298","V299","V300","V301","V302","V303","V304","V305","V306","V307","V308","V309","V310","V311","V312","V313","V314","V315","V316","V317","V318","V319","V320","V321","V322","V323","V324","V325","V326","V327","V328","V329","V330","V331","V332","V333","V334","V335","V336","V337","V338","V339","V340","V341","V342","V343","V344","V345","V346","V347","V348","V349","V350","V351","V352","V353","V354","V355","V356","V357","V358","V359","V360","V361","V362","V363","V364","V365","V366","V367","V368","V369","V370","V371","V372","V373","V374","V375","V376","V377","V378","V379","V380","V381","V382","V383","V384","V385","V386","V387","V388","V389","V390","V391","V392","V393","V394","V395","V396","V397","V398","V399","V400","V401","V402","V403","V404","V405","V406","V407","V408","V409","V410","V411","V412","V413","V414","V415","V416","V417","V418","V419","V420","V421","V422","V423","V424","V425","V426","V427","V428","V429","V430","V431","V432","V433","V434"
"1",369.746075,369.820625,370.90735,370.997375,371.069075,371.6849,371.823375,371.956,372.0195,372.21075,372.356225,373.3817,373.553725,373.639425,373.79455,373.84245,373.89595,373.943475,374.02745,374.10125,374.21405,374.5332,374.621325,374.756475,374.88995,374.955025,375.082675,377.913675,380.2092,380.37895,380.576175,380.666225,380.86905,0,0,0,0,0,0,0,0,0,0,0,0,0,0,0,0,0,0,0,0,0,0,0,0,0,0,0,0,0,0,0,0,0,0,0,0,0,0,0,0,0,0,0,0,0,0,0,0,0,0,0,0,0,0,0,0,0,0,0,0,0,0,0,0,0,0,0,0,0,0,0,0,0,0,0,0,0,0,0,0,0,0,0,0,0,0,0,0,0,0,0,0,0,0,0,0,0,0,0,0,0,0,0,0,0,0,0,0,0,0,0,0,0,0,0,0,0,0,0,0,0,0,0,0,0,0,0,0,0,0,0,0,0,0,0,0,0,0,0,0,0,0,0,0,0,0,0,0,0,0,0,0,0,0,0,0,0,0,0,0,0,0,0,0,0,0,0,0,0,0,0,0,0,0,0,0,0,0,0,0,0,0,0,0,0,0,0,0,0,0,0,0,0,0,0,0,0,0,0,0,0,0,0,0,0,0,0,0,0,0,0,0,0,0,0,0,0,0,0,0,0,0,0,0,0,0,0,0,0,0,0,0,0,0,0,0,0,0,0,0,0,0,0,0,0,0,0,0,0,0,0,0,0,0,0,0,0,0,0,0,0,0,0,0,0,0,0,0,0,0,0,0,0,0,0,0,0,0,0,0,0,0,0,0,0,0,0,0,0,0,0,0,0,0,0,0,0,0,0,0,0,0,0,0,0,0,0,0,0,0,0,0,0,0,0,0,0,0,0,0,0,0,0,0,0,0,0,0,0,0,0,0,0,0,0,0,0,0,0,0,0,0,0,0,0,0,0,0,0,0,0,0,0,0,0,0,0,0,0,0,0,0,0,0,0,0,0,0,0,0,0,0,0,0,0,0,0,0,0,0,0,0,0,0,0,0,0,0,0,0,0,0,0,0,0,0,0,0,0,0,0
"2",370.993525,371.029225,371.10995,371.163175,371.3659,371.497625,371.531575,371.64475,371.676375,371.700975,371.734325,371.767,371.83855,371.872175,371.933875,371.9992,372.4624,372.5758,372.677975,372.86,372.9786,373.0245,373.04395,373.0772,373.094525,373.18,373.301225,373.439625,373.49565,373.547375,374.509075,374.5933,374.66465,374.763625,374.8002,375.408075,375.5597,375.680675,375.703125,375.729975,375.764225,375.779375,375.790075,375.83635,375.9177,375.95445,375.97305,376.030225,376.092225,376.1576,377.461225,377.50165,377.5564,377.575975,377.610425,377.630525,377.656075,377.723675,377.86285,377.903375,378.470025,378.52725,378.61635,378.74015,378.811125,378.908175,379.7205,379.789525,379.844475,379.917325,379.9544,380.048675,380.11995,380.16365,380.228025,380.3318,0,0,0,0,0,0,0,0,0,0,0,0,0,0,0,0,0,0,0,0,0,0,0,0,0,0,0,0,0,0,0,0,0,0,0,0,0,0,0,0,0,0,0,0,0,0,0,0,0,0,0,0,0,0,0,0,0,0,0,0,0,0,0,0,0,0,0,0,0,0,0,0,0,0,0,0,0,0,0,0,0,0,0,0,0,0,0,0,0,0,0,0,0,0,0,0,0,0,0,0,0,0,0,0,0,0,0,0,0,0,0,0,0,0,0,0,0,0,0,0,0,0,0,0,0,0,0,0,0,0,0,0,0,0,0,0,0,0,0,0,0,0,0,0,0,0,0,0,0,0,0,0,0,0,0,0,0,0,0,0,0,0,0,0,0,0,0,0,0,0,0,0,0,0,0,0,0,0,0,0,0,0,0,0,0,0,0,0,0,0,0,0,0,0,0,0,0,0,0,0,0,0,0,0,0,0,0,0,0,0,0,0,0,0,0,0,0,0,0,0,0,0,0,0,0,0,0,0,0,0,0,0,0,0,0,0,0,0,0,0,0,0,0,0,0,0,0,0,0,0,0,0,0,0,0,0,0,0,0,0,0,0,0,0,0,0,0,0,0,0,0,0,0,0,0,0,0,0,0,0,0,0,0,0,0,0,0,0,0,0,0,0,0,0,0,0,0,0,0,0,0,0,0,0,0,0,0,0,0,0,0,0,0,0,0,0,0,0,0,0,0,0,0,0,0,0,0,0,0,0,0,0,0,0,0,0,0,0,0,0,0,0,0,0,0,0,0,0,0,0,0,0,0,0,0,0,0,0
"3",0,0,0,0,0,0,0,0,0,0,0,0,0,0,0,0,0,0,0,0,0,0,0,0,0,0,0,0,0,0,0,0,0,0,0,0,0,0,0,0,0,0,0,0,0,0,0,0,0,0,0,0,0,0,0,0,0,0,0,0,0,0,0,0,0,0,0,0,0,0,0,0,0,0,0,0,0,0,0,0,0,0,0,0,0,0,0,0,0,0,0,0,0,0,0,0,0,0,0,0,0,0,0,0,0,0,0,0,0,0,0,0,0,0,0,0,0,0,0,0,0,0,0,0,0,0,0,0,0,0,0,0,0,0,0,0,0,0,0,0,0,0,0,0,0,0,0,0,0,0,0,0,0,0,0,0,0,0,0,0,0,0,0,0,0,0,0,0,0,0,0,0,0,0,0,0,0,0,0,0,0,0,0,0,0,0,0,0,0,0,0,0,0,0,0,0,0,0,0,0,0,0,0,0,0,0,0,0,0,0,0,0,0,0,0,0,0,0,0,0,0,0,0,0,0,0,0,0,0,0,0,0,0,0,0,0,0,0,0,0,0,0,0,0,0,0,0,0,0,0,0,0,0,0,0,0,0,0,0,0,0,0,0,0,0,0,0,0,0,0,0,0,0,0,0,0,0,0,0,0,0,0,0,0,0,0,0,0,0,0,0,0,0,0,0,0,0,0,0,0,0,0,0,0,0,0,0,0,0,0,0,0,0,0,0,0,0,0,0,0,0,0,0,0,0,0,0,0,0,0,0,0,0,0,0,0,0,0,0,0,0,0,0,0,0,0,0,0,0,0,0,0,0,0,0,0,0,0,0,0,0,0,0,0,0,0,0,0,0,0,0,0,0,0,0,0,0,0,0,0,0,0,0,0,0,0,0,0,0,0,0,0,0,0,0,0,0,0,0,0,0,0,0,0,0,0,0,0,0,0,0,0,0,0,0,0,0,0,0,0,0,0,0,0,0,0,0,0,0,0,0,0,0,0
"4",369.5099,369.52065,369.5283,369.543075,369.56995,370.238275,370.3057,370.39465,370.53905,370.54805,370.699175,370.732175,370.774375,370.82725,370.915975,370.9557,370.9876,371.005125,371.0114,371.017025,371.025,371.054825,371.0703,371.0781,371.1245,371.125925,371.15205,371.19665,371.2056,371.259375,371.2847,371.305125,371.31075,371.3324,371.356325,371.4734,371.4791,371.504175,371.592075,371.626675,371.6432,371.657575,371.667125,371.68535,371.7071,371.721575,371.743225,371.769525,371.835425,371.844625,371.8554,371.8627,371.889375,371.89875,371.9596,371.980475,371.989475,372.033925,372.05385,372.0746,372.090475,372.121675,372.1374,372.1991,372.36575,372.427725,372.437025,372.484375,372.50175,372.5444,372.5602,372.573025,372.654825,372.67855,372.7003,372.73845,372.75265,372.788475,372.8147,372.855575,372.880125,372.88975,372.8997,372.915225,372.940375,372.982425,373.02575,373.0563,373.091875,373.103525,373.1494,373.17545,373.18735,373.2074,373.219375,373.235125,373.242425,373.2819,373.306475,373.31635,373.35965,373.368475,373.40655,373.414625,373.469925,373.501375,373.508275,373.51565,373.5293,373.54685,373.57655,373.65365,373.695625,373.765875,373.80205,374.372325,374.3849,374.4656,374.48615,374.54165,374.5763,374.598,374.6052,374.649575,374.67365,374.786925,374.799175,374.82945,374.8513,374.9154,374.9274,374.966,375.283875,375.302125,375.334525,375.4276,375.4392,375.4691,375.47825,375.4945,375.498925,375.51295,375.526325,375.53165,375.549025,375.57555,375.604375,375.615325,375.6897,375.726525,375.7992,375.81445,375.84815,375.85385,375.903625,375.922425,375.99135,376.02075,376.03375,376.040225,376.07975,376.087725,376.1761,376.190175,376.2231,376.2718,376.332925,376.33655,376.4904,376.56695,376.660725,376.80865,376.86045,377.0304,377.177975,377.2069,377.22565,377.251225,377.254625,377.349875,377.390025,377.419325,377.45065,377.5441,377.550625,377.566875,377.626525,377.642425,377.649675,377.659925,377.6749,377.684,377.691975,377.7016,377.8652,377.936975,378.026725,378.0828,378.14625,378.5946,378.771725,379.3646,379.411825,379.42405,379.48735,379.550525,379.6725,379.710925,379.8404,379.9559,379.964225,380.251075,380.2712,380.2932,380.31135,380.3624,380.479825,380.8999,381.5773,383.060425,0,0,0,0,0,0,0,0,0,0,0,0,0,0,0,0,0,0,0,0,0,0,0,0,0,0,0,0,0,0,0,0,0,0,0,0,0,0,0,0,0,0,0,0,0,0,0,0,0,0,0,0,0,0,0,0,0,0,0,0,0,0,0,0,0,0,0,0,0,0,0,0,0,0,0,0,0,0,0,0,0,0,0,0,0,0,0,0,0,0,0,0,0,0,0,0,0,0,0,0,0,0,0,0,0,0,0,0,0,0,0,0,0,0,0,0,0,0,0,0,0,0,0,0,0,0,0,0,0,0,0,0,0,0,0,0,0,0,0,0,0,0,0,0,0,0,0,0,0,0,0,0,0,0,0,0,0,0,0,0,0,0,0,0,0,0,0,0,0,0,0,0,0,0,0,0,0,0,0,0,0,0,0,0,0,0,0,0,0,0,0,0,0,0,0,0,0,0,0,0,0,0,0,0,0,0,0,0,0,0,0,0,0,0
"5",370.1929,370.531375,370.557875,370.612975,370.6445,370.700325,370.78205,370.843575,370.884375,370.917625,370.950075,370.985325,371.021975,371.160675,371.319375,371.401075,371.43,371.4602,371.5269,371.5592,371.67285,371.735675,371.867075,371.8881,371.90935,372.011425,372.06175,372.0975,372.141675,372.2165,372.269525,372.331275,372.433525,372.49105,372.536075,372.7319,372.798575,372.84305,372.887925,372.969925,373.0122,373.05785,373.093275,373.17035,373.2378,373.275625,373.330725,373.44825,373.505975,373.67775,373.7331,373.88915,374.2107,374.344925,374.40615,374.448425,374.483625,374.528025,374.563775,374.60975,374.643725,374.686575,374.74215,374.82555,374.931925,375.16465,375.219925,375.270775,375.338175,375.380225,375.41995,375.4654,375.505575,375.555575,375.59285,375.806725,375.906525,376.109675,376.188875,376.2295,376.26155,376.319825,376.365125,376.4285,376.46815,376.506475,376.553075,376.6764,376.74725,376.801875,376.869275,376.915025,376.965925,377.008525,377.043475,377.117775,377.1601,377.1956,377.227025,377.261,377.309175,377.4232,377.5748,377.61325,377.7683,377.844025,377.941425,377.977075,378.014225,378.080975,378.12425,378.17465,378.2632,378.341825,378.7673,378.935325,379.013575,379.08865,379.177575,379.25615,379.294575,379.3411,379.38965,379.4535,379.513375,379.62695,379.749275,379.941125,380.017375,380.181675,380.258125,380.3272,380.431375,380.499025,380.63275,380.8114,380.932925,381.051825,381.95725,382.366825,382.498325,382.7958,0,0,0,0,0,0,0,0,0,0,0,0,0,0,0,0,0,0,0,0,0,0,0,0,0,0,0,0,0,0,0,0,0,0,0,0,0,0,0,0,0,0,0,0,0,0,0,0,0,0,0,0,0,0,0,0,0,0,0,0,0,0,0,0,0,0,0,0,0,0,0,0,0,0,0,0,0,0,0,0,0,0,0,0,0,0,0,0,0,0,0,0,0,0,0,0,0,0,0,0,0,0,0,0,0,0,0,0,0,0,0,0,0,0,0,0,0,0,0,0,0,0,0,0,0,0,0,0,0,0,0,0,0,0,0,0,0,0,0,0,0,0,0,0,0,0,0,0,0,0,0,0,0,0,0,0,0,0,0,0,0,0,0,0,0,0,0,0,0,0,0,0,0,0,0,0,0,0,0,0,0,0,0,0,0,0,0,0,0,0,0,0,0,0,0,0,0,0,0,0,0,0,0,0,0,0,0,0,0,0,0,0,0,0,0,0,0,0,0,0,0,0,0,0,0,0,0,0,0,0,0,0,0,0,0,0,0,0,0,0,0,0,0,0,0,0,0,0,0,0,0,0,0,0,0,0,0,0,0,0,0,0,0,0,0,0,0,0,0,0,0,0,0,0,0,0,0,0,0,0,0,0,0,0,0,0,0,0,0,0,0,0
"6",376.887275,376.988,379.063875,380.964325,381.090525,381.433075,381.51105,381.55645,381.630625,381.685875,381.704325,381.740125,381.789275,381.824625,381.84615,381.8914,381.913025,381.934225,381.96545,381.99575,382.022625,382.057925,382.093675,382.114875,382.14995,382.1799,382.21345,382.250425,382.28795,382.327125,382.386075,0,0,0,0,0,0,0,0,0,0,0,0,0,0,0,0,0,0,0,0,0,0,0,0,0,0,0,0,0,0,0,0,0,0,0,0,0,0,0,0,0,0,0,0,0,0,0,0,0,0,0,0,0,0,0,0,0,0,0,0,0,0,0,0,0,0,0,0,0,0,0,0,0,0,0,0,0,0,0,0,0,0,0,0,0,0,0,0,0,0,0,0,0,0,0,0,0,0,0,0,0,0,0,0,0,0,0,0,0,0,0,0,0,0,0,0,0,0,0,0,0,0,0,0,0,0,0,0,0,0,0,0,0,0,0,0,0,0,0,0,0,0,0,0,0,0,0,0,0,0,0,0,0,0,0,0,0,0,0,0,0,0,0,0,0,0,0,0,0,0,0,0,0,0,0,0,0,0,0,0,0,0,0,0,0,0,0,0,0,0,0,0,0,0,0,0,0,0,0,0,0,0,0,0,0,0,0,0,0,0,0,0,0,0,0,0,0,0,0,0,0,0,0,0,0,0,0,0,0,0,0,0,0,0,0,0,0,0,0,0,0,0,0,0,0,0,0,0,0,0,0,0,0,0,0,0,0,0,0,0,0,0,0,0,0,0,0,0,0,0,0,0,0,0,0,0,0,0,0,0,0,0,0,0,0,0,0,0,0,0,0,0,0,0,0,0,0,0,0,0,0,0,0,0,0,0,0,0,0,0,0,0,0,0,0,0,0,0,0,0,0,0,0,0,0,0,0,0,0,0,0,0,0,0,0,0,0,0,0,0,0,0,0,0,0,0,0,0,0,0,0,0,0,0,0,0,0,0,0,0,0,0,0,0,0,0,0,0,0,0,0,0,0,0,0,0,0,0,0,0,0,0,0,0,0,0,0,0,0,0,0,0,0,0,0,0,0,0,0,0,0,0,0
"7",368.072225,369.535725,369.5877,369.637225,369.70405,369.79925,369.869575,369.901625,369.95695,369.96415,370.012925,370.05165,370.1132,370.16615,370.19925,370.3162,370.502425,370.825425,370.952425,371.014,371.13545,371.23965,371.3768,371.857475,371.91895,371.9675,372.047725,372.087575,372.1189,372.12895,372.1467,372.1761,372.19225,372.21135,372.233875,372.264775,372.28545,372.3124,372.35265,372.395675,372.52835,372.65105,372.88495,373.041675,373.138575,373.24045,373.287025,373.378975,373.534775,373.5594,373.57225,373.5946,373.637925,373.649475,373.6794,373.700275,373.705475,373.743925,373.7893,373.851925,373.87845,373.914475,373.9407,373.99595,374.05455,374.1149,374.190875,374.210125,374.26545,374.701125,374.893475,374.982875,375.110175,375.767575,375.841325,376.0812,376.1805,376.198475,376.2247,376.2503,376.28825,376.313775,376.3371,376.352925,376.3743,376.3974,376.4129,376.429375,376.4489,376.46465,376.479175,376.501275,376.546075,376.570675,376.631525,376.6696,376.730225,376.774475,376.854275,376.90205,376.9554,377.80775,377.958625,377.984325,378.005125,378.021525,378.02955,378.0442,378.05435,378.073475,378.0889,378.098425,378.129925,378.15315,378.15965,378.1731,378.1892,378.198375,378.205325,378.240225,378.27615,378.283125,378.35435,378.438725,378.989625,380.141475,380.2006,380.244875,380.27855,380.31375,380.344675,380.36035,380.375925,380.396775,380.444775,380.4605,380.4889,380.500075,380.51565,380.531025,380.5561,380.5799,380.5921,380.6154,380.627825,380.654925,380.664375,380.687475,380.755425,380.767175,380.8,380.821625,380.842475,380.867225,380.889375,380.9169,380.94615,381.00835,381.0556,381.1231,381.164475,381.1976,381.25445,381.306775,381.349125,381.381425,381.462525,381.497525,381.549075,381.64335,381.687175,381.722875,381.783925,381.8645,381.922875,381.9981,383.021975,383.31425,385.86025,386.183375,387.504975,387.889625,388.170125,0,0,0,0,0,0,0,0,0,0,0,0,0,0,0,0,0,0,0,0,0,0,0,0,0,0,0,0,0,0,0,0,0,0,0,0,0,0,0,0,0,0,0,0,0,0,0,0,0,0,0,0,0,0,0,0,0,0,0,0,0,0,0,0,0,0,0,0,0,0,0,0,0,0,0,0,0,0,0,0,0,0,0,0,0,0,0,0,0,0,0,0,0,0,0,0,0,0,0,0,0,0,0,0,0,0,0,0,0,0,0,0,0,0,0,0,0,0,0,0,0,0,0,0,0,0,0,0,0,0,0,0,0,0,0,0,0,0,0,0,0,0,0,0,0,0,0,0,0,0,0,0,0,0,0,0,0,0,0,0,0,0,0,0,0,0,0,0,0,0,0,0,0,0,0,0,0,0,0,0,0,0,0,0,0,0,0,0,0,0,0,0,0,0,0,0,0,0,0,0,0,0,0,0,0,0,0,0,0,0,0,0,0,0,0,0,0,0,0,0,0,0,0,0,0,0,0,0,0,0,0,0,0,0,0,0,0,0,0,0,0,0,0,0,0,0,0,0,0,0,0
"8",369.661425,369.754825,369.88405,369.991725,370.043675,370.1015,370.2579,370.349925,370.446325,370.69795,371.1731,371.289025,371.360225,371.448725,372.245375,372.672825,373.157975,373.62575,373.812575,374.01665,374.085875,374.32295,375.278175,375.4027,376.11225,376.252575,376.444375,376.5956,376.876575,377.2028,378.366425,378.549225,378.743275,379.38415,380.2627,380.5437,380.771025,0,0,0,0,0,0,0,0,0,0,0,0,0,0,0,0,0,0,0,0,0,0,0,0,0,0,0,0,0,0,0,0,0,0,0,0,0,0,0,0,0,0,0,0,0,0,0,0,0,0,0,0,0,0,0,0,0,0,0,0,0,0,0,0,0,0,0,0,0,0,0,0,0,0,0,0,0,0,0,0,0,0,0,0,0,0,0,0,0,0,0,0,0,0,0,0,0,0,0,0,0,0,0,0,0,0,0,0,0,0,0,0,0,0,0,0,0,0,0,0,0,0,0,0,0,0,0,0,0,0,0,0,0,0,0,0,0,0,0,0,0,0,0,0,0,0,0,0,0,0,0,0,0,0,0,0,0,0,0,0,0,0,0,0,0,0,0,0,0,0,0,0,0,0,0,0,0,0,0,0,0,0,0,0,0,0,0,0,0,0,0,0,0,0,0,0,0,0,0,0,0,0,0,0,0,0,0,0,0,0,0,0,0,0,0,0,0,0,0,0,0,0,0,0,0,0,0,0,0,0,0,0,0,0,0,0,0,0,0,0,0,0,0,0,0,0,0,0,0,0,0,0,0,0,0,0,0,0,0,0,0,0,0,0,0,0,0,0,0,0,0,0,0,0,0,0,0,0,0,0,0,0,0,0,0,0,0,0,0,0,0,0,0,0,0,0,0,0,0,0,0,0,0,0,0,0,0,0,0,0,0,0,0,0,0,0,0,0,0,0,0,0,0,0,0,0,0,0,0,0,0,0,0,0,0,0,0,0,0,0,0,0,0,0,0,0,0,0,0,0,0,0,0,0,0,0,0,0,0,0,0,0,0,0,0,0,0,0,0,0,0,0,0,0,0,0,0,0,0,0,0,0,0,0,0,0,0,0,0,0,0,0,0,0,0,0,0
"9",373.774375,373.942225,374.009175,374.08215,374.1682,374.22695,374.317425,374.402475,375.130075,378.96055,380.85755,381.06965,381.134975,381.205925,381.28745,381.3717,381.482575,381.526075,381.6068,381.711375,381.777475,381.851425,381.9324,382.078175,382.1668,382.312725,382.485925,0,0,0,0,0,0,0,0,0,0,0,0,0,0,0,0,0,0,0,0,0,0,0,0,0,0,0,0,0,0,0,0,0,0,0,0,0,0,0,0,0,0,0,0,0,0,0,0,0,0,0,0,0,0,0,0,0,0,0,0,0,0,0,0,0,0,0,0,0,0,0,0,0,0,0,0,0,0,0,0,0,0,0,0,0,0,0,0,0,0,0,0,0,0,0,0,0,0,0,0,0,0,0,0,0,0,0,0,0,0,0,0,0,0,0,0,0,0,0,0,0,0,0,0,0,0,0,0,0,0,0,0,0,0,0,0,0,0,0,0,0,0,0,0,0,0,0,0,0,0,0,0,0,0,0,0,0,0,0,0,0,0,0,0,0,0,0,0,0,0,0,0,0,0,0,0,0,0,0,0,0,0,0,0,0,0,0,0,0,0,0,0,0,0,0,0,0,0,0,0,0,0,0,0,0,0,0,0,0,0,0,0,0,0,0,0,0,0,0,0,0,0,0,0,0,0,0,0,0,0,0,0,0,0,0,0,0,0,0,0,0,0,0,0,0,0,0,0,0,0,0,0,0,0,0,0,0,0,0,0,0,0,0,0,0,0,0,0,0,0,0,0,0,0,0,0,0,0,0,0,0,0,0,0,0,0,0,0,0,0,0,0,0,0,0,0,0,0,0,0,0,0,0,0,0,0,0,0,0,0,0,0,0,0,0,0,0,0,0,0,0,0,0,0,0,0,0,0,0,0,0,0,0,0,0,0,0,0,0,0,0,0,0,0,0,0,0,0,0,0,0,0,0,0,0,0,0,0,0,0,0,0,0,0,0,0,0,0,0,0,0,0,0,0,0,0,0,0,0,0,0,0,0,0,0,0,0,0,0,0,0,0,0,0,0,0,0,0,0,0,0,0,0,0,0,0,0
"10",372.860875,373.233575,373.498475,373.6026,374.636575,374.843275,375.3075,375.397175,375.557975,376.2125,376.291375,376.499775,376.8062,376.9356,377.010225,377.1141,377.2127,377.3266,377.957475,378.05945,378.163425,378.31025,378.874625,379.0415,379.236525,379.338525,379.75565,380.103925,380.235975,380.372775,380.424925,380.509225,380.565525,380.642275,380.793425,382.168775,382.3051,0,0,0,0,0,0,0,0,0,0,0,0,0,0,0,0,0,0,0,0,0,0,0,0,0,0,0,0,0,0,0,0,0,0,0,0,0,0,0,0,0,0,0,0,0,0,0,0,0,0,0,0,0,0,0,0,0,0,0,0,0,0,0,0,0,0,0,0,0,0,0,0,0,0,0,0,0,0,0,0,0,0,0,0,0,0,0,0,0,0,0,0,0,0,0,0,0,0,0,0,0,0,0,0,0,0,0,0,0,0,0,0,0,0,0,0,0,0,0,0,0,0,0,0,0,0,0,0,0,0,0,0,0,0,0,0,0,0,0,0,0,0,0,0,0,0,0,0,0,0,0,0,0,0,0,0,0,0,0,0,0,0,0,0,0,0,0,0,0,0,0,0,0,0,0,0,0,0,0,0,0,0,0,0,0,0,0,0,0,0,0,0,0,0,0,0,0,0,0,0,0,0,0,0,0,0,0,0,0,0,0,0,0,0,0,0,0,0,0,0,0,0,0,0,0,0,0,0,0,0,0,0,0,0,0,0,0,0,0,0,0,0,0,0,0,0,0,0,0,0,0,0,0,0,0,0,0,0,0,0,0,0,0,0,0,0,0,0,0,0,0,0,0,0,0,0,0,0,0,0,0,0,0,0,0,0,0,0,0,0,0,0,0,0,0,0,0,0,0,0,0,0,0,0,0,0,0,0,0,0,0,0,0,0,0,0,0,0,0,0,0,0,0,0,0,0,0,0,0,0,0,0,0,0,0,0,0,0,0,0,0,0,0,0,0,0,0,0,0,0,0,0,0,0,0,0,0,0,0,0,0,0,0,0,0,0,0,0,0,0,0,0,0,0,0,0,0,0,0,0,0,0,0,0,0,0,0,0,0,0,0,0,0,0,0,0,0
"11",370.079925,370.33495,370.409225,376.923225,376.976975,377.027525,377.101525,379.027375,379.2317,0,0,0,0,0,0,0,0,0,0,0,0,0,0,0,0,0,0,0,0,0,0,0,0,0,0,0,0,0,0,0,0,0,0,0,0,0,0,0,0,0,0,0,0,0,0,0,0,0,0,0,0,0,0,0,0,0,0,0,0,0,0,0,0,0,0,0,0,0,0,0,0,0,0,0,0,0,0,0,0,0,0,0,0,0,0,0,0,0,0,0,0,0,0,0,0,0,0,0,0,0,0,0,0,0,0,0,0,0,0,0,0,0,0,0,0,0,0,0,0,0,0,0,0,0,0,0,0,0,0,0,0,0,0,0,0,0,0,0,0,0,0,0,0,0,0,0,0,0,0,0,0,0,0,0,0,0,0,0,0,0,0,0,0,0,0,0,0,0,0,0,0,0,0,0,0,0,0,0,0,0,0,0,0,0,0,0,0,0,0,0,0,0,0,0,0,0,0,0,0,0,0,0,0,0,0,0,0,0,0,0,0,0,0,0,0,0,0,0,0,0,0,0,0,0,0,0,0,0,0,0,0,0,0,0,0,0,0,0,0,0,0,0,0,0,0,0,0,0,0,0,0,0,0,0,0,0,0,0,0,0,0,0,0,0,0,0,0,0,0,0,0,0,0,0,0,0,0,0,0,0,0,0,0,0,0,0,0,0,0,0,0,0,0,0,0,0,0,0,0,0,0,0,0,0,0,0,0,0,0,0,0,0,0,0,0,0,0,0,0,0,0,0,0,0,0,0,0,0,0,0,0,0,0,0,0,0,0,0,0,0,0,0,0,0,0,0,0,0,0,0,0,0,0,0,0,0,0,0,0,0,0,0,0,0,0,0,0,0,0,0,0,0,0,0,0,0,0,0,0,0,0,0,0,0,0,0,0,0,0,0,0,0,0,0,0,0,0,0,0,0,0,0,0,0,0,0,0,0,0,0,0,0,0,0,0,0,0,0,0,0,0,0,0,0
"12",373.39525,373.645625,376.48325,377.281525,378.252175,380.485675,0,0,0,0,0,0,0,0,0,0,0,0,0,0,0,0,0,0,0,0,0,0,0,0,0,0,0,0,0,0,0,0,0,0,0,0,0,0,0,0,0,0,0,0,0,0,0,0,0,0,0,0,0,0,0,0,0,0,0,0,0,0,0,0,0,0,0,0,0,0,0,0,0,0,0,0,0,0,0,0,0,0,0,0,0,0,0,0,0,0,0,0,0,0,0,0,0,0,0,0,0,0,0,0,0,0,0,0,0,0,0,0,0,0,0,0,0,0,0,0,0,0,0,0,0,0,0,0,0,0,0,0,0,0,0,0,0,0,0,0,0,0,0,0,0,0,0,0,0,0,0,0,0,0,0,0,0,0,0,0,0,0,0,0,0,0,0,0,0,0,0,0,0,0,0,0,0,0,0,0,0,0,0,0,0,0,0,0,0,0,0,0,0,0,0,0,0,0,0,0,0,0,0,0,0,0,0,0,0,0,0,0,0,0,0,0,0,0,0,0,0,0,0,0,0,0,0,0,0,0,0,0,0,0,0,0,0,0,0,0,0,0,0,0,0,0,0,0,0,0,0,0,0,0,0,0,0,0,0,0,0,0,0,0,0,0,0,0,0,0,0,0,0,0,0,0,0,0,0,0,0,0,0,0,0,0,0,0,0,0,0,0,0,0,0,0,0,0,0,0,0,0,0,0,0,0,0,0,0,0,0,0,0,0,0,0,0,0,0,0,0,0,0,0,0,0,0,0,0,0,0,0,0,0,0,0,0,0,0,0,0,0,0,0,0,0,0,0,0,0,0,0,0,0,0,0,0,0,0,0,0,0,0,0,0,0,0,0,0,0,0,0,0,0,0,0,0,0,0,0,0,0,0,0,0,0,0,0,0,0,0,0,0,0,0,0,0,0,0,0,0,0,0,0,0,0,0,0,0,0,0,0,0,0,0,0,0,0,0,0,0,0,0,0,0,0,0,0
"13",376.023275,379.083575,0,0,0,0,0,0,0,0,0,0,0,0,0,0,0,0,0,0,0,0,0,0,0,0,0,0,0,0,0,0,0,0,0,0,0,0,0,0,0,0,0,0,0,0,0,0,0,0,0,0,0,0,0,0,0,0,0,0,0,0,0,0,0,0,0,0,0,0,0,0,0,0,0,0,0,0,0,0,0,0,0,0,0,0,0,0,0,0,0,0,0,0,0,0,0,0,0,0,0,0,0,0,0,0,0,0,0,0,0,0,0,0,0,0,0,0,0,0,0,0,0,0,0,0,0,0,0,0,0,0,0,0,0,0,0,0,0,0,0,0,0,0,0,0,0,0,0,0,0,0,0,0,0,0,0,0,0,0,0,0,0,0,0,0,0,0,0,0,0,0,0,0,0,0,0,0,0,0,0,0,0,0,0,0,0,0,0,0,0,0,0,0,0,0,0,0,0,0,0,0,0,0,0,0,0,0,0,0,0,0,0,0,0,0,0,0,0,0,0,0,0,0,0,0,0,0,0,0,0,0,0,0,0,0,0,0,0,0,0,0,0,0,0,0,0,0,0,0,0,0,0,0,0,0,0,0,0,0,0,0,0,0,0,0,0,0,0,0,0,0,0,0,0,0,0,0,0,0,0,0,0,0,0,0,0,0,0,0,0,0,0,0,0,0,0,0,0,0,0,0,0,0,0,0,0,0,0,0,0,0,0,0,0,0,0,0,0,0,0,0,0,0,0,0,0,0,0,0,0,0,0,0,0,0,0,0,0,0,0,0,0,0,0,0,0,0,0,0,0,0,0,0,0,0,0,0,0,0,0,0,0,0,0,0,0,0,0,0,0,0,0,0,0,0,0,0,0,0,0,0,0,0,0,0,0,0,0,0,0,0,0,0,0,0,0,0,0,0,0,0,0,0,0,0,0,0,0,0,0,0,0,0,0,0,0,0,0,0,0,0,0,0,0,0,0,0,0,0,0,0,0,0
"14",0,0,0,0,0,0,0,0,0,0,0,0,0,0,0,0,0,0,0,0,0,0,0,0,0,0,0,0,0,0,0,0,0,0,0,0,0,0,0,0,0,0,0,0,0,0,0,0,0,0,0,0,0,0,0,0,0,0,0,0,0,0,0,0,0,0,0,0,0,0,0,0,0,0,0,0,0,0,0,0,0,0,0,0,0,0,0,0,0,0,0,0,0,0,0,0,0,0,0,0,0,0,0,0,0,0,0,0,0,0,0,0,0,0,0,0,0,0,0,0,0,0,0,0,0,0,0,0,0,0,0,0,0,0,0,0,0,0,0,0,0,0,0,0,0,0,0,0,0,0,0,0,0,0,0,0,0,0,0,0,0,0,0,0,0,0,0,0,0,0,0,0,0,0,0,0,0,0,0,0,0,0,0,0,0,0,0,0,0,0,0,0,0,0,0,0,0,0,0,0,0,0,0,0,0,0,0,0,0,0,0,0,0,0,0,0,0,0,0,0,0,0,0,0,0,0,0,0,0,0,0,0,0,0,0,0,0,0,0,0,0,0,0,0,0,0,0,0,0,0,0,0,0,0,0,0,0,0,0,0,0,0,0,0,0,0,0,0,0,0,0,0,0,0,0,0,0,0,0,0,0,0,0,0,0,0,0,0,0,0,0,0,0,0,0,0,0,0,0,0,0,0,0,0,0,0,0,0,0,0,0,0,0,0,0,0,0,0,0,0,0,0,0,0,0,0,0,0,0,0,0,0,0,0,0,0,0,0,0,0,0,0,0,0,0,0,0,0,0,0,0,0,0,0,0,0,0,0,0,0,0,0,0,0,0,0,0,0,0,0,0,0,0,0,0,0,0,0,0,0,0,0,0,0,0,0,0,0,0,0,0,0,0,0,0,0,0,0,0,0,0,0,0,0,0,0,0,0,0,0,0,0,0,0,0,0,0,0,0,0,0,0,0,0,0,0,0,0,0,0,0,0,0,0
"15",368.942025,376.99805,379.2694,379.351275,379.869775,381.2681,381.474125,381.6739,381.76565,381.9427,382.0321,382.2085,382.350325,382.6158,382.837,383.363425,383.596325,383.633175,383.69915,383.80845,383.837625,383.8575,383.947425,383.99875,384.100875,384.184075,384.4927,384.697275,384.76185,384.8926,385.001075,385.047475,385.1706,385.33245,385.384075,385.443425,385.5178,385.57,385.702675,385.80175,385.90485,385.9809,386.053475,386.238825,386.3562,386.4802,386.634125,386.86615,386.95675,387.014875,387.189,387.40805,387.50835,387.821275,387.88715,388.090225,388.530125,0,0,0,0,0,0,0,0,0,0,0,0,0,0,0,0,0,0,0,0,0,0,0,0,0,0,0,0,0,0,0,0,0,0,0,0,0,0,0,0,0,0,0,0,0,0,0,0,0,0,0,0,0,0,0,0,0,0,0,0,0,0,0,0,0,0,0,0,0,0,0,0,0,0,0,0,0,0,0,0,0,0,0,0,0,0,0,0,0,0,0,0,0,0,0,0,0,0,0,0,0,0,0,0,0,0,0,0,0,0,0,0,0,0,0,0,0,0,0,0,0,0,0,0,0,0,0,0,0,0,0,0,0,0,0,0,0,0,0,0,0,0,0,0,0,0,0,0,0,0,0,0,0,0,0,0,0,0,0,0,0,0,0,0,0,0,0,0,0,0,0,0,0,0,0,0,0,0,0,0,0,0,0,0,0,0,0,0,0,0,0,0,0,0,0,0,0,0,0,0,0,0,0,0,0,0,0,0,0,0,0,0,0,0,0,0,0,0,0,0,0,0,0,0,0,0,0,0,0,0,0,0,0,0,0,0,0,0,0,0,0,0,0,0,0,0,0,0,0,0,0,0,0,0,0,0,0,0,0,0,0,0,0,0,0,0,0,0,0,0,0,0,0,0,0,0,0,0,0,0,0,0,0,0,0,0,0,0,0,0,0,0,0,0,0,0,0,0,0,0,0,0,0,0,0,0,0,0,0,0,0,0,0,0,0,0,0,0,0,0,0,0,0,0,0,0,0,0,0,0,0,0,0,0,0,0,0,0,0,0,0,0,0,0,0,0,0,0,0,0,0,0,0,0,0,0,0,0,0,0,0,0,0,0,0,0,0,0,0,0,0,0,0,0,0,0,0
"16",369.5713,369.6177,369.67895,369.766725,369.87495,369.95475,370.005625,370.056475,370.1327,370.280475,370.555725,370.578425,370.737375,370.806575,370.856975,370.891375,370.96545,371.008875,371.075825,371.12945,371.180625,371.257575,371.298925,371.35175,371.3924,371.476725,371.521975,371.5463,371.5751,371.722825,371.7767,371.83775,371.87695,371.936625,371.968175,371.9911,372.0315,372.06995,372.111275,372.1352,372.1497,372.195175,372.229825,372.273425,372.299975,372.38095,372.44705,372.482325,372.53165,372.5581,372.647175,372.683275,372.7276,372.795025,372.987925,373.077875,373.1403,373.209725,373.2879,373.333575,373.356475,373.380375,373.409675,373.445925,373.502725,373.545225,373.586125,373.6038,373.6159,373.67245,373.7503,373.797325,373.886475,374.40425,374.479275,374.52265,374.66015,374.758475,374.83095,374.90045,374.985,375.122,375.2399,375.30685,375.3454,375.40745,375.459125,375.48145,375.51465,375.55005,375.5882,375.7386,375.914,375.971225,376.00515,376.045775,376.091525,376.12525,376.148125,376.1776,376.204975,376.232975,376.260075,376.2894,376.345475,376.36925,376.406825,376.46015,376.519025,376.6477,376.6992,376.7774,376.848675,376.951175,376.97645,377.059675,377.14445,377.23595,377.3641,377.669,377.741275,377.792025,377.854275,377.899925,377.916275,377.95225,377.98765,378.025,378.0574,378.08505,378.1042,378.138975,378.18995,378.221025,378.24925,378.3003,378.362275,378.469175,378.789925,378.93685,379.02565,379.248425,379.33075,379.451875,379.635,379.79075,379.841775,379.9359,379.99285,380.059025,380.0893,380.123875,380.16005,380.2073,380.242275,380.28605,380.31535,380.346525,380.37415,380.40505,380.428925,380.470475,380.502325,380.538525,380.558525,380.585425,380.6099,380.6499,380.682225,380.734425,380.76345,380.819225,380.857275,380.90145,380.94665,381.07785,381.332,381.49,381.6042,381.825875,381.926325,382.059875,382.218025,382.380025,382.717,382.905225,383.126675,383.231875,383.3706,383.581925,383.889375,385.685975,0,0,0,0,0,0,0,0,0,0,0,0,0,0,0,0,0,0,0,0,0,0,0,0,0,0,0,0,0,0,0,0,0,0,0,0,0,0,0,0,0,0,0,0,0,0,0,0,0,0,0,0,0,0,0,0,0,0,0,0,0,0,0,0,0,0,0,0,0,0,0,0,0,0,0,0,0,0,0,0,0,0,0,0,0,0,0,0,0,0,0,0,0,0,0,0,0,0,0,0,0,0,0,0,0,0,0,0,0,0,0,0,0,0,0,0,0,0,0,0,0,0,0,0,0,0,0,0,0,0,0,0,0,0,0,0,0,0,0,0,0,0,0,0,0,0,0,0,0,0,0,0,0,0,0,0,0,0,0,0,0,0,0,0,0,0,0,0,0,0,0,0,0,0,0,0,0,0,0,0,0,0,0,0,0,0,0,0,0,0,0,0,0,0,0,0,0,0,0,0,0,0,0,0,0,0,0,0,0,0,0,0,0,0,0,0,0,0,0,0,0,0,0,0,0,0,0,0,0,0,0,0,0,0,0,0,0,0,0,0,0,0
"17",372.370875,373.943025,374.2575,374.3952,374.457975,374.828175,374.986675,375.0795,375.231575,375.3429,377.017925,379.04945,382.095275,0,0,0,0,0,0,0,0,0,0,0,0,0,0,0,0,0,0,0,0,0,0,0,0,0,0,0,0,0,0,0,0,0,0,0,0,0,0,0,0,0,0,0,0,0,0,0,0,0,0,0,0,0,0,0,0,0,0,0,0,0,0,0,0,0,0,0,0,0,0,0,0,0,0,0,0,0,0,0,0,0,0,0,0,0,0,0,0,0,0,0,0,0,0,0,0,0,0,0,0,0,0,0,0,0,0,0,0,0,0,0,0,0,0,0,0,0,0,0,0,0,0,0,0,0,0,0,0,0,0,0,0,0,0,0,0,0,0,0,0,0,0,0,0,0,0,0,0,0,0,0,0,0,0,0,0,0,0,0,0,0,0,0,0,0,0,0,0,0,0,0,0,0,0,0,0,0,0,0,0,0,0,0,0,0,0,0,0,0,0,0,0,0,0,0,0,0,0,0,0,0,0,0,0,0,0,0,0,0,0,0,0,0,0,0,0,0,0,0,0,0,0,0,0,0,0,0,0,0,0,0,0,0,0,0,0,0,0,0,0,0,0,0,0,0,0,0,0,0,0,0,0,0,0,0,0,0,0,0,0,0,0,0,0,0,0,0,0,0,0,0,0,0,0,0,0,0,0,0,0,0,0,0,0,0,0,0,0,0,0,0,0,0,0,0,0,0,0,0,0,0,0,0,0,0,0,0,0,0,0,0,0,0,0,0,0,0,0,0,0,0,0,0,0,0,0,0,0,0,0,0,0,0,0,0,0,0,0,0,0,0,0,0,0,0,0,0,0,0,0,0,0,0,0,0,0,0,0,0,0,0,0,0,0,0,0,0,0,0,0,0,0,0,0,0,0,0,0,0,0,0,0,0,0,0,0,0,0,0,0,0,0,0,0,0,0,0,0,0,0,0,0,0,0,0,0,0,0,0,0,0,0,0,0,0,0,0,0,0,0,0
"18",369.742375,369.885,369.991275,370.084325,370.1312,370.180725,370.244975,370.279325,370.3397,370.380425,370.40355,370.434775,370.464125,370.503975,370.537825,370.564425,370.589175,370.608475,370.6346,370.675175,370.7017,370.753875,370.797925,370.8559,370.9198,370.951075,371.0265,371.077775,371.184125,371.21915,371.2928,371.332975,371.35685,371.408925,371.441925,371.661625,371.804675,371.9798,372.603025,372.670875,372.73785,372.819825,373.3619,374.04715,374.139475,374.2707,374.41495,374.465475,374.5335,374.58395,374.642825,374.7316,374.774825,374.83385,374.87325,374.918675,374.931275,374.9672,375.040175,375.2507,375.30465,375.379775,375.451425,375.53175,375.7243,375.803825,376.7599,376.85665,377.000725,377.0617,377.1098,377.180625,377.255575,378.566425,378.74515,378.802175,378.87825,378.93635,379.0392,379.142975,379.199425,379.235525,379.31865,379.3605,379.4124,379.490375,379.579275,381.06705,381.2769,381.43795,381.555,381.7529,381.838775,382.03295,382.144425,382.28885,382.529875,382.6813,384.4764,0,0,0,0,0,0,0,0,0,0,0,0,0,0,0,0,0,0,0,0,0,0,0,0,0,0,0,0,0,0,0,0,0,0,0,0,0,0,0,0,0,0,0,0,0,0,0,0,0,0,0,0,0,0,0,0,0,0,0,0,0,0,0,0,0,0,0,0,0,0,0,0,0,0,0,0,0,0,0,0,0,0,0,0,0,0,0,0,0,0,0,0,0,0,0,0,0,0,0,0,0,0,0,0,0,0,0,0,0,0,0,0,0,0,0,0,0,0,0,0,0,0,0,0,0,0,0,0,0,0,0,0,0,0,0,0,0,0,0,0,0,0,0,0,0,0,0,0,0,0,0,0,0,0,0,0,0,0,0,0,0,0,0,0,0,0,0,0,0,0,0,0,0,0,0,0,0,0,0,0,0,0,0,0,0,0,0,0,0,0,0,0,0,0,0,0,0,0,0,0,0,0,0,0,0,0,0,0,0,0,0,0,0,0,0,0,0,0,0,0,0,0,0,0,0,0,0,0,0,0,0,0,0,0,0,0,0,0,0,0,0,0,0,0,0,0,0,0,0,0,0,0,0,0,0,0,0,0,0,0,0,0,0,0,0,0,0,0,0,0,0,0,0,0,0,0,0,0,0,0,0,0,0,0,0,0,0,0,0,0,0,0,0,0,0,0,0,0,0,0,0,0,0,0,0,0,0,0,0,0,0,0,0,0,0,0,0,0,0,0,0,0,0,0,0,0,0,0,0,0,0,0,0,0,0
"19",374.02115,374.218325,374.38575,375.18065,375.267575,375.38075,378.03945,378.3362,378.728125,378.8996,379.067475,380.386225,380.746225,380.9051,381.056875,381.91145,0,0,0,0,0,0,0,0,0,0,0,0,0,0,0,0,0,0,0,0,0,0,0,0,0,0,0,0,0,0,0,0,0,0,0,0,0,0,0,0,0,0,0,0,0,0,0,0,0,0,0,0,0,0,0,0,0,0,0,0,0,0,0,0,0,0,0,0,0,0,0,0,0,0,0,0,0,0,0,0,0,0,0,0,0,0,0,0,0,0,0,0,0,0,0,0,0,0,0,0,0,0,0,0,0,0,0,0,0,0,0,0,0,0,0,0,0,0,0,0,0,0,0,0,0,0,0,0,0,0,0,0,0,0,0,0,0,0,0,0,0,0,0,0,0,0,0,0,0,0,0,0,0,0,0,0,0,0,0,0,0,0,0,0,0,0,0,0,0,0,0,0,0,0,0,0,0,0,0,0,0,0,0,0,0,0,0,0,0,0,0,0,0,0,0,0,0,0,0,0,0,0,0,0,0,0,0,0,0,0,0,0,0,0,0,0,0,0,0,0,0,0,0,0,0,0,0,0,0,0,0,0,0,0,0,0,0,0,0,0,0,0,0,0,0,0,0,0,0,0,0,0,0,0,0,0,0,0,0,0,0,0,0,0,0,0,0,0,0,0,0,0,0,0,0,0,0,0,0,0,0,0,0,0,0,0,0,0,0,0,0,0,0,0,0,0,0,0,0,0,0,0,0,0,0,0,0,0,0,0,0,0,0,0,0,0,0,0,0,0,0,0,0,0,0,0,0,0,0,0,0,0,0,0,0,0,0,0,0,0,0,0,0,0,0,0,0,0,0,0,0,0,0,0,0,0,0,0,0,0,0,0,0,0,0,0,0,0,0,0,0,0,0,0,0,0,0,0,0,0,0,0,0,0,0,0,0,0,0,0,0,0,0,0,0,0,0,0,0,0,0,0,0,0,0,0,0,0,0,0,0,0,0,0,0,0,0,0
"20",369.751075,369.898875,370.03325,370.09985,370.1783,370.350525,370.42215,370.60385,370.673775,370.7764,370.989275,371.205875,371.2736,371.37645,371.424575,371.4852,371.593625,371.679225,372.309725,372.4652,372.54345,372.63855,372.736925,372.977525,373.0941,373.181675,373.335275,373.42415,373.646,374.153375,374.29085,374.4519,374.5891,374.732975,375.29995,375.421825,376.1292,376.32715,376.573875,376.77265,376.93395,377.05405,377.156575,377.262475,377.3653,377.53535,377.63825,377.876375,378.08855,378.2316,378.4492,378.653875,378.8393,379.00445,379.104675,379.328925,379.437975,379.548475,379.639775,379.746075,379.9062,380.018975,380.267675,380.786475,381.2944,0,0,0,0,0,0,0,0,0,0,0,0,0,0,0,0,0,0,0,0,0,0,0,0,0,0,0,0,0,0,0,0,0,0,0,0,0,0,0,0,0,0,0,0,0,0,0,0,0,0,0,0,0,0,0,0,0,0,0,0,0,0,0,0,0,0,0,0,0,0,0,0,0,0,0,0,0,0,0,0,0,0,0,0,0,0,0,0,0,0,0,0,0,0,0,0,0,0,0,0,0,0,0,0,0,0,0,0,0,0,0,0,0,0,0,0,0,0,0,0,0,0,0,0,0,0,0,0,0,0,0,0,0,0,0,0,0,0,0,0,0,0,0,0,0,0,0,0,0,0,0,0,0,0,0,0,0,0,0,0,0,0,0,0,0,0,0,0,0,0,0,0,0,0,0,0,0,0,0,0,0,0,0,0,0,0,0,0,0,0,0,0,0,0,0,0,0,0,0,0,0,0,0,0,0,0,0,0,0,0,0,0,0,0,0,0,0,0,0,0,0,0,0,0,0,0,0,0,0,0,0,0,0,0,0,0,0,0,0,0,0,0,0,0,0,0,0,0,0,0,0,0,0,0,0,0,0,0,0,0,0,0,0,0,0,0,0,0,0,0,0,0,0,0,0,0,0,0,0,0,0,0,0,0,0,0,0,0,0,0,0,0,0,0,0,0,0,0,0,0,0,0,0,0,0,0,0,0,0,0,0,0,0,0,0,0,0,0,0,0,0,0,0,0,0,0,0,0,0,0,0,0,0,0,0,0,0,0,0,0,0,0,0,0,0,0,0,0,0,0,0,0,0,0,0,0,0,0,0,0,0,0,0,0,0,0,0,0,0
"21",369.743625,369.97605,370.990875,371.0527,371.169025,371.203425,371.257275,371.332,371.338275,371.387,372.03955,372.26595,372.537825,372.674325,372.820725,377.067625,377.12405,377.8922,377.931325,378.000825,378.031975,378.11255,378.16805,379.098825,379.189175,380.441025,380.616325,0,0,0,0,0,0,0,0,0,0,0,0,0,0,0,0,0,0,0,0,0,0,0,0,0,0,0,0,0,0,0,0,0,0,0,0,0,0,0,0,0,0,0,0,0,0,0,0,0,0,0,0,0,0,0,0,0,0,0,0,0,0,0,0,0,0,0,0,0,0,0,0,0,0,0,0,0,0,0,0,0,0,0,0,0,0,0,0,0,0,0,0,0,0,0,0,0,0,0,0,0,0,0,0,0,0,0,0,0,0,0,0,0,0,0,0,0,0,0,0,0,0,0,0,0,0,0,0,0,0,0,0,0,0,0,0,0,0,0,0,0,0,0,0,0,0,0,0,0,0,0,0,0,0,0,0,0,0,0,0,0,0,0,0,0,0,0,0,0,0,0,0,0,0,0,0,0,0,0,0,0,0,0,0,0,0,0,0,0,0,0,0,0,0,0,0,0,0,0,0,0,0,0,0,0,0,0,0,0,0,0,0,0,0,0,0,0,0,0,0,0,0,0,0,0,0,0,0,0,0,0,0,0,0,0,0,0,0,0,0,0,0,0,0,0,0,0,0,0,0,0,0,0,0,0,0,0,0,0,0,0,0,0,0,0,0,0,0,0,0,0,0,0,0,0,0,0,0,0,0,0,0,0,0,0,0,0,0,0,0,0,0,0,0,0,0,0,0,0,0,0,0,0,0,0,0,0,0,0,0,0,0,0,0,0,0,0,0,0,0,0,0,0,0,0,0,0,0,0,0,0,0,0,0,0,0,0,0,0,0,0,0,0,0,0,0,0,0,0,0,0,0,0,0,0,0,0,0,0,0,0,0,0,0,0,0,0,0,0,0,0,0,0,0,0,0,0,0,0,0,0,0,0,0,0,0,0,0,0,0,0,0,0,0,0,0,0,0,0,0,0,0,0,0,0,0,0
"22",371.86995,371.939625,371.980525,372.0994,372.1562,372.18295,372.23185,372.3258,372.38,373.27375,373.378025,373.409675,373.54335,373.568675,373.603425,373.638825,373.680375,374.2516,375.983875,376.11015,376.15675,376.2365,376.2542,376.2876,376.3279,376.3758,376.420675,376.571075,377.73585,377.927275,378.008525,378.065525,378.172375,378.2642,0,0,0,0,0,0,0,0,0,0,0,0,0,0,0,0,0,0,0,0,0,0,0,0,0,0,0,0,0,0,0,0,0,0,0,0,0,0,0,0,0,0,0,0,0,0,0,0,0,0,0,0,0,0,0,0,0,0,0,0,0,0,0,0,0,0,0,0,0,0,0,0,0,0,0,0,0,0,0,0,0,0,0,0,0,0,0,0,0,0,0,0,0,0,0,0,0,0,0,0,0,0,0,0,0,0,0,0,0,0,0,0,0,0,0,0,0,0,0,0,0,0,0,0,0,0,0,0,0,0,0,0,0,0,0,0,0,0,0,0,0,0,0,0,0,0,0,0,0,0,0,0,0,0,0,0,0,0,0,0,0,0,0,0,0,0,0,0,0,0,0,0,0,0,0,0,0,0,0,0,0,0,0,0,0,0,0,0,0,0,0,0,0,0,0,0,0,0,0,0,0,0,0,0,0,0,0,0,0,0,0,0,0,0,0,0,0,0,0,0,0,0,0,0,0,0,0,0,0,0,0,0,0,0,0,0,0,0,0,0,0,0,0,0,0,0,0,0,0,0,0,0,0,0,0,0,0,0,0,0,0,0,0,0,0,0,0,0,0,0,0,0,0,0,0,0,0,0,0,0,0,0,0,0,0,0,0,0,0,0,0,0,0,0,0,0,0,0,0,0,0,0,0,0,0,0,0,0,0,0,0,0,0,0,0,0,0,0,0,0,0,0,0,0,0,0,0,0,0,0,0,0,0,0,0,0,0,0,0,0,0,0,0,0,0,0,0,0,0,0,0,0,0,0,0,0,0,0,0,0,0,0,0,0,0,0,0,0,0,0,0,0,0,0,0,0,0,0,0,0,0,0,0,0,0,0,0,0,0,0,0,0,0,0,0,0,0,0,0,0
"23",369.84875,370.0021,370.057875,370.13535,370.265825,370.292,370.399875,370.449925,370.49425,370.598625,370.687075,370.873575,370.9353,371.01755,371.035675,371.188325,371.246475,371.29545,371.33275,371.366125,371.43855,371.5368,371.5473,371.62525,371.689375,371.75115,371.79385,372.076425,372.255775,372.3339,372.493375,372.592975,372.6535,372.73205,372.920725,372.9349,373.20855,373.29205,373.34165,373.41945,373.491525,373.563325,373.62495,373.773275,373.8791,373.97915,374.06785,374.210875,374.30555,374.5371,374.5406,374.5951,374.6496,374.93245,375.021,375.220425,375.2907,375.364,375.466975,375.502775,375.750875,375.771625,376.0085,376.1986,376.283275,376.344725,376.45195,376.495275,376.697825,376.77505,376.875325,376.922875,376.975025,377.06895,377.152925,377.219475,377.26905,377.3701,377.543725,377.560075,377.6117,377.819925,377.9425,377.947725,378.028825,378.068775,378.1445,378.39415,378.57155,378.669975,378.817575,378.994475,379.070775,379.126325,379.211475,379.284325,379.35795,379.558525,379.638025,379.97965,380.02735,380.1875,380.276375,380.351775,380.493225,380.563525,380.624675,380.6758,380.7656,381.031875,381.3465,381.514975,381.659325,381.805525,381.9349,382.149375,382.2732,382.394625,382.51175,382.65755,382.8375,383.10055,383.899225,384.04215,384.242825,384.408525,384.551325,384.74465,0,0,0,0,0,0,0,0,0,0,0,0,0,0,0,0,0,0,0,0,0,0,0,0,0,0,0,0,0,0,0,0,0,0,0,0,0,0,0,0,0,0,0,0,0,0,0,0,0,0,0,0,0,0,0,0,0,0,0,0,0,0,0,0,0,0,0,0,0,0,0,0,0,0,0,0,0,0,0,0,0,0,0,0,0,0,0,0,0,0,0,0,0,0,0,0,0,0,0,0,0,0,0,0,0,0,0,0,0,0,0,0,0,0,0,0,0,0,0,0,0,0,0,0,0,0,0,0,0,0,0,0,0,0,0,0,0,0,0,0,0,0,0,0,0,0,0,0,0,0,0,0,0,0,0,0,0,0,0,0,0,0,0,0,0,0,0,0,0,0,0,0,0,0,0,0,0,0,0,0,0,0,0,0,0,0,0,0,0,0,0,0,0,0,0,0,0,0,0,0,0,0,0,0,0,0,0,0,0,0,0,0,0,0,0,0,0,0,0,0,0,0,0,0,0,0,0,0,0,0,0,0,0,0,0,0,0,0,0,0,0,0,0,0,0,0,0,0,0,0,0,0,0,0,0,0,0,0,0,0,0,0,0,0,0,0,0,0,0,0,0,0,0,0,0,0,0,0,0,0,0,0,0,0,0,0,0,0,0,0,0,0,0,0,0,0,0,0,0,0,0,0,0,0,0,0
"24",360.1081,360.59585,361.3829,362.506975,362.71275,369.61505,369.695825,369.7778,370.19325,370.30345,370.418975,370.6212,370.941675,370.983075,371.0268,371.13935,371.214125,371.32495,371.432775,371.78645,372.015675,372.0449,372.181775,372.221025,372.28855,372.329125,372.3439,372.3691,372.445825,372.53145,372.610725,372.840925,372.865325,372.90045,372.963525,372.982775,373.102625,373.122275,373.302175,373.32665,373.484875,373.49395,373.547075,373.594075,373.641525,373.690875,373.702725,373.74015,373.772175,373.811575,373.92455,374.0059,374.059325,374.113825,374.143575,374.181825,374.215625,374.290275,374.34435,374.438475,374.5774,374.6342,374.683575,374.820225,374.872925,374.8975,374.9355,374.964425,374.982925,375.0278,375.083,375.272275,375.3819,375.5133,375.636075,375.67455,375.731525,375.7933,375.864975,375.9007,375.95465,376.030925,376.072375,376.087625,376.1696,376.2061,376.25285,376.443375,376.45875,376.6054,376.66065,376.71585,376.757925,376.8681,377.4964,377.58555,377.6617,377.6786,377.74935,377.778675,377.82105,377.868875,377.89935,377.9747,378.005075,378.06635,378.157,378.187975,378.291625,378.38685,378.432075,378.4803,378.569825,378.636425,378.65825,378.764375,378.8238,379.644525,379.809325,379.89435,379.964925,380.020625,380.161625,380.34175,380.37175,380.4247,380.645975,381.01715,381.1714,381.28805,381.50225,383.131,383.198125,383.3608,383.45755,385.089,385.160625,385.206325,385.271325,385.380975,385.456525,385.58455,385.6824,385.845575,0,0,0,0,0,0,0,0,0,0,0,0,0,0,0,0,0,0,0,0,0,0,0,0,0,0,0,0,0,0,0,0,0,0,0,0,0,0,0,0,0,0,0,0,0,0,0,0,0,0,0,0,0,0,0,0,0,0,0,0,0,0,0,0,0,0,0,0,0,0,0,0,0,0,0,0,0,0,0,0,0,0,0,0,0,0,0,0,0,0,0,0,0,0,0,0,0,0,0,0,0,0,0,0,0,0,0,0,0,0,0,0,0,0,0,0,0,0,0,0,0,0,0,0,0,0,0,0,0,0,0,0,0,0,0,0,0,0,0,0,0,0,0,0,0,0,0,0,0,0,0,0,0,0,0,0,0,0,0,0,0,0,0,0,0,0,0,0,0,0,0,0,0,0,0,0,0,0,0,0,0,0,0,0,0,0,0,0,0,0,0,0,0,0,0,0,0,0,0,0,0,0,0,0,0,0,0,0,0,0,0,0,0,0,0,0,0,0,0,0,0,0,0,0,0,0,0,0,0,0,0,0,0,0,0,0,0,0,0,0,0,0,0,0,0,0,0,0,0,0,0,0,0,0,0,0,0,0,0,0,0,0,0,0,0,0,0,0,0,0,0,0,0,0,0,0,0,0,0,0,0,0,0,0,0,0,0,0,0,0
"25",369.568,369.621425,370.31705,370.549425,371.3203,371.5109,372.718525,372.8433,373.332275,374.974525,375.44085,375.48835,376.217875,376.322575,376.490275,376.8313,377.123075,377.684325,377.99705,378.251575,378.40235,379.749475,380.48615,381.836,382.305175,0,0,0,0,0,0,0,0,0,0,0,0,0,0,0,0,0,0,0,0,0,0,0,0,0,0,0,0,0,0,0,0,0,0,0,0,0,0,0,0,0,0,0,0,0,0,0,0,0,0,0,0,0,0,0,0,0,0,0,0,0,0,0,0,0,0,0,0,0,0,0,0,0,0,0,0,0,0,0,0,0,0,0,0,0,0,0,0,0,0,0,0,0,0,0,0,0,0,0,0,0,0,0,0,0,0,0,0,0,0,0,0,0,0,0,0,0,0,0,0,0,0,0,0,0,0,0,0,0,0,0,0,0,0,0,0,0,0,0,0,0,0,0,0,0,0,0,0,0,0,0,0,0,0,0,0,0,0,0,0,0,0,0,0,0,0,0,0,0,0,0,0,0,0,0,0,0,0,0,0,0,0,0,0,0,0,0,0,0,0,0,0,0,0,0,0,0,0,0,0,0,0,0,0,0,0,0,0,0,0,0,0,0,0,0,0,0,0,0,0,0,0,0,0,0,0,0,0,0,0,0,0,0,0,0,0,0,0,0,0,0,0,0,0,0,0,0,0,0,0,0,0,0,0,0,0,0,0,0,0,0,0,0,0,0,0,0,0,0,0,0,0,0,0,0,0,0,0,0,0,0,0,0,0,0,0,0,0,0,0,0,0,0,0,0,0,0,0,0,0,0,0,0,0,0,0,0,0,0,0,0,0,0,0,0,0,0,0,0,0,0,0,0,0,0,0,0,0,0,0,0,0,0,0,0,0,0,0,0,0,0,0,0,0,0,0,0,0,0,0,0,0,0,0,0,0,0,0,0,0,0,0,0,0,0,0,0,0,0,0,0,0,0,0,0,0,0,0,0,0,0,0,0,0,0,0,0,0,0,0,0,0,0,0,0,0,0,0,0,0,0,0,0,0,0,0,0,0,0
"26",369.951475,369.99225,370.07045,370.09735,370.133725,370.19015,370.22295,370.246975,370.284275,370.335125,370.388175,371.290475,371.330925,371.486925,371.552725,376.910575,376.9575,377.004925,377.06115,379.0632,379.169225,379.221025,379.271775,379.424225,381.876475,382.0534,382.163,382.236675,384.098125,384.19935,384.353675,384.41035,384.595925,0,0,0,0,0,0,0,0,0,0,0,0,0,0,0,0,0,0,0,0,0,0,0,0,0,0,0,0,0,0,0,0,0,0,0,0,0,0,0,0,0,0,0,0,0,0,0,0,0,0,0,0,0,0,0,0,0,0,0,0,0,0,0,0,0,0,0,0,0,0,0,0,0,0,0,0,0,0,0,0,0,0,0,0,0,0,0,0,0,0,0,0,0,0,0,0,0,0,0,0,0,0,0,0,0,0,0,0,0,0,0,0,0,0,0,0,0,0,0,0,0,0,0,0,0,0,0,0,0,0,0,0,0,0,0,0,0,0,0,0,0,0,0,0,0,0,0,0,0,0,0,0,0,0,0,0,0,0,0,0,0,0,0,0,0,0,0,0,0,0,0,0,0,0,0,0,0,0,0,0,0,0,0,0,0,0,0,0,0,0,0,0,0,0,0,0,0,0,0,0,0,0,0,0,0,0,0,0,0,0,0,0,0,0,0,0,0,0,0,0,0,0,0,0,0,0,0,0,0,0,0,0,0,0,0,0,0,0,0,0,0,0,0,0,0,0,0,0,0,0,0,0,0,0,0,0,0,0,0,0,0,0,0,0,0,0,0,0,0,0,0,0,0,0,0,0,0,0,0,0,0,0,0,0,0,0,0,0,0,0,0,0,0,0,0,0,0,0,0,0,0,0,0,0,0,0,0,0,0,0,0,0,0,0,0,0,0,0,0,0,0,0,0,0,0,0,0,0,0,0,0,0,0,0,0,0,0,0,0,0,0,0,0,0,0,0,0,0,0,0,0,0,0,0,0,0,0,0,0,0,0,0,0,0,0,0,0,0,0,0,0,0,0,0,0,0,0,0,0,0,0,0,0,0,0,0,0,0,0,0,0,0,0,0,0,0,0,0,0,0,0
"27",371.7212,371.853425,371.94855,371.994825,372.0349,372.060375,372.083575,372.112,372.135275,372.1772,372.263275,372.41075,372.862425,372.9887,373.036825,373.0667,373.11085,373.185725,373.334075,373.3794,373.431175,373.503175,373.73915,375.616975,375.754025,375.8052,375.856475,375.883475,375.949975,375.971225,376.025575,376.056125,376.2156,376.243875,377.9202,378.161225,379.886475,379.98235,380.024425,380.1272,380.165175,380.262225,380.326125,380.43565,380.634725,380.697775,0,0,0,0,0,0,0,0,0,0,0,0,0,0,0,0,0,0,0,0,0,0,0,0,0,0,0,0,0,0,0,0,0,0,0,0,0,0,0,0,0,0,0,0,0,0,0,0,0,0,0,0,0,0,0,0,0,0,0,0,0,0,0,0,0,0,0,0,0,0,0,0,0,0,0,0,0,0,0,0,0,0,0,0,0,0,0,0,0,0,0,0,0,0,0,0,0,0,0,0,0,0,0,0,0,0,0,0,0,0,0,0,0,0,0,0,0,0,0,0,0,0,0,0,0,0,0,0,0,0,0,0,0,0,0,0,0,0,0,0,0,0,0,0,0,0,0,0,0,0,0,0,0,0,0,0,0,0,0,0,0,0,0,0,0,0,0,0,0,0,0,0,0,0,0,0,0,0,0,0,0,0,0,0,0,0,0,0,0,0,0,0,0,0,0,0,0,0,0,0,0,0,0,0,0,0,0,0,0,0,0,0,0,0,0,0,0,0,0,0,0,0,0,0,0,0,0,0,0,0,0,0,0,0,0,0,0,0,0,0,0,0,0,0,0,0,0,0,0,0,0,0,0,0,0,0,0,0,0,0,0,0,0,0,0,0,0,0,0,0,0,0,0,0,0,0,0,0,0,0,0,0,0,0,0,0,0,0,0,0,0,0,0,0,0,0,0,0,0,0,0,0,0,0,0,0,0,0,0,0,0,0,0,0,0,0,0,0,0,0,0,0,0,0,0,0,0,0,0,0,0,0,0,0,0,0,0,0,0,0,0,0,0,0,0,0,0,0,0,0,0,0,0,0,0,0,0,0,0,0,0,0,0,0,0,0,0,0,0,0,0,0,0,0,0,0,0,0,0,0,0,0,0,0,0,0,0,0
"28",369.5825,370.8167,371.776775,371.9836,372.02565,372.0324,372.0648,372.12405,372.1722,372.20145,372.2183,372.24075,372.2896,372.326975,372.35505,372.408325,372.4839,372.773025,372.882425,373.0013,373.19235,373.2255,373.286425,373.3222,373.415925,373.441575,373.478775,373.530375,373.541475,373.683075,373.721325,373.753675,373.7865,373.9365,374.00755,374.0795,374.18745,374.214375,374.27005,374.38845,374.850925,375.2097,375.25665,375.32675,376.095875,376.150275,376.1795,376.247875,376.2867,376.311,376.35055,376.3647,376.4016,376.426025,376.4526,376.4905,376.5634,376.59235,376.636825,376.668775,376.68765,376.7192,376.761575,376.7787,376.826,376.85105,376.888925,377.029325,377.722675,377.81965,377.89605,377.957725,378.0223,378.050725,378.0868,378.261475,378.287375,378.345625,378.38835,378.790425,378.9419,379.003225,379.05575,379.595675,379.681275,379.820875,380.038525,380.186625,380.236,380.29035,380.323325,380.363225,380.4266,380.48565,380.693275,380.757675,380.818275,380.84515,380.8827,380.9207,380.930425,380.9563,380.992925,381.0354,381.102675,381.131975,381.15565,381.215175,381.242925,381.293575,381.315,381.3995,381.406275,381.4282,381.45825,381.52115,381.5411,381.64035,381.6693,381.7127,381.740525,381.8358,381.974275,382.022925,382.122625,383.4309,384,386.365075,386.737425,387.179075,387.3103,389.007625,0,0,0,0,0,0,0,0,0,0,0,0,0,0,0,0,0,0,0,0,0,0,0,0,0,0,0,0,0,0,0,0,0,0,0,0,0,0,0,0,0,0,0,0,0,0,0,0,0,0,0,0,0,0,0,0,0,0,0,0,0,0,0,0,0,0,0,0,0,0,0,0,0,0,0,0,0,0,0,0,0,0,0,0,0,0,0,0,0,0,0,0,0,0,0,0,0,0,0,0,0,0,0,0,0,0,0,0,0,0,0,0,0,0,0,0,0,0,0,0,0,0,0,0,0,0,0,0,0,0,0,0,0,0,0,0,0,0,0,0,0,0,0,0,0,0,0,0,0,0,0,0,0,0,0,0,0,0,0,0,0,0,0,0,0,0,0,0,0,0,0,0,0,0,0,0,0,0,0,0,0,0,0,0,0,0,0,0,0,0,0,0,0,0,0,0,0,0,0,0,0,0,0,0,0,0,0,0,0,0,0,0,0,0,0,0,0,0,0,0,0,0,0,0,0,0,0,0,0,0,0,0,0,0,0,0,0,0,0,0,0,0,0,0,0,0,0,0,0,0,0,0,0,0,0,0,0,0,0,0,0,0,0,0,0,0,0,0,0,0,0,0,0,0,0,0,0,0,0,0,0,0,0,0,0,0,0,0,0,0,0,0,0,0,0,0,0,0,0,0,0,0
"29",373.814275,374.006025,374.158375,374.2424,374.331375,374.433825,374.8766,375.048475,375.155625,375.246075,375.397525,376.77725,378.399175,378.541625,378.65005,378.761175,378.827025,378.9026,378.98105,379.056825,379.13605,379.2545,380.86945,381.01235,381.1339,381.216,381.3243,381.41675,381.49325,381.84415,381.944625,382.089225,382.422925,0,0,0,0,0,0,0,0,0,0,0,0,0,0,0,0,0,0,0,0,0,0,0,0,0,0,0,0,0,0,0,0,0,0,0,0,0,0,0,0,0,0,0,0,0,0,0,0,0,0,0,0,0,0,0,0,0,0,0,0,0,0,0,0,0,0,0,0,0,0,0,0,0,0,0,0,0,0,0,0,0,0,0,0,0,0,0,0,0,0,0,0,0,0,0,0,0,0,0,0,0,0,0,0,0,0,0,0,0,0,0,0,0,0,0,0,0,0,0,0,0,0,0,0,0,0,0,0,0,0,0,0,0,0,0,0,0,0,0,0,0,0,0,0,0,0,0,0,0,0,0,0,0,0,0,0,0,0,0,0,0,0,0,0,0,0,0,0,0,0,0,0,0,0,0,0,0,0,0,0,0,0,0,0,0,0,0,0,0,0,0,0,0,0,0,0,0,0,0,0,0,0,0,0,0,0,0,0,0,0,0,0,0,0,0,0,0,0,0,0,0,0,0,0,0,0,0,0,0,0,0,0,0,0,0,0,0,0,0,0,0,0,0,0,0,0,0,0,0,0,0,0,0,0,0,0,0,0,0,0,0,0,0,0,0,0,0,0,0,0,0,0,0,0,0,0,0,0,0,0,0,0,0,0,0,0,0,0,0,0,0,0,0,0,0,0,0,0,0,0,0,0,0,0,0,0,0,0,0,0,0,0,0,0,0,0,0,0,0,0,0,0,0,0,0,0,0,0,0,0,0,0,0,0,0,0,0,0,0,0,0,0,0,0,0,0,0,0,0,0,0,0,0,0,0,0,0,0,0,0,0,0,0,0,0,0,0,0,0,0,0,0,0,0,0,0,0,0,0,0,0,0,0,0,0,0,0,0,0,0,0,0,0,0,0,0,0,0,0,0,0
"30",365.0172,370.051675,370.08725,370.214875,370.224375,370.289275,370.321325,370.405475,370.551925,371.36915,371.3973,371.50065,371.5393,371.783175,373.53855,374.52355,374.590525,375.185825,376.810375,376.904925,376.937375,376.972025,376.99805,377.10005,377.1231,377.1647,377.204225,377.920225,378.100725,378.51605,379.0003,379.051375,379.29975,379.34305,379.36415,379.399825,380.45465,380.8023,381.462425,381.5806,381.59245,381.7095,381.99495,382.02445,382.105425,382.174375,382.26715,382.3915,384.053075,384.2405,0,0,0,0,0,0,0,0,0,0,0,0,0,0,0,0,0,0,0,0,0,0,0,0,0,0,0,0,0,0,0,0,0,0,0,0,0,0,0,0,0,0,0,0,0,0,0,0,0,0,0,0,0,0,0,0,0,0,0,0,0,0,0,0,0,0,0,0,0,0,0,0,0,0,0,0,0,0,0,0,0,0,0,0,0,0,0,0,0,0,0,0,0,0,0,0,0,0,0,0,0,0,0,0,0,0,0,0,0,0,0,0,0,0,0,0,0,0,0,0,0,0,0,0,0,0,0,0,0,0,0,0,0,0,0,0,0,0,0,0,0,0,0,0,0,0,0,0,0,0,0,0,0,0,0,0,0,0,0,0,0,0,0,0,0,0,0,0,0,0,0,0,0,0,0,0,0,0,0,0,0,0,0,0,0,0,0,0,0,0,0,0,0,0,0,0,0,0,0,0,0,0,0,0,0,0,0,0,0,0,0,0,0,0,0,0,0,0,0,0,0,0,0,0,0,0,0,0,0,0,0,0,0,0,0,0,0,0,0,0,0,0,0,0,0,0,0,0,0,0,0,0,0,0,0,0,0,0,0,0,0,0,0,0,0,0,0,0,0,0,0,0,0,0,0,0,0,0,0,0,0,0,0,0,0,0,0,0,0,0,0,0,0,0,0,0,0,0,0,0,0,0,0,0,0,0,0,0,0,0,0,0,0,0,0,0,0,0,0,0,0,0,0,0,0,0,0,0,0,0,0,0,0,0,0,0,0,0,0,0,0,0,0,0,0,0,0,0,0,0,0,0,0,0,0,0,0,0,0,0,0,0,0,0,0,0,0,0,0,0,0,0,0,0,0,0,0,0,0,0,0,0,0,0
"31",371.48875,371.616975,372.008,372.022,372.1588,372.19645,372.30085,372.341475,373.0408,373.066625,373.3678,373.564625,373.93185,374.21175,374.237275,374.648875,374.80315,374.9124,375.529775,375.918275,375.99345,376.047075,376.213475,376.246575,376.33075,376.9258,377.479175,377.524675,377.686425,377.873175,377.95965,377.9761,378.146025,378.297525,379.7444,380.248825,380.28565,380.32865,380.37365,380.847075,381.8036,0,0,0,0,0,0,0,0,0,0,0,0,0,0,0,0,0,0,0,0,0,0,0,0,0,0,0,0,0,0,0,0,0,0,0,0,0,0,0,0,0,0,0,0,0,0,0,0,0,0,0,0,0,0,0,0,0,0,0,0,0,0,0,0,0,0,0,0,0,0,0,0,0,0,0,0,0,0,0,0,0,0,0,0,0,0,0,0,0,0,0,0,0,0,0,0,0,0,0,0,0,0,0,0,0,0,0,0,0,0,0,0,0,0,0,0,0,0,0,0,0,0,0,0,0,0,0,0,0,0,0,0,0,0,0,0,0,0,0,0,0,0,0,0,0,0,0,0,0,0,0,0,0,0,0,0,0,0,0,0,0,0,0,0,0,0,0,0,0,0,0,0,0,0,0,0,0,0,0,0,0,0,0,0,0,0,0,0,0,0,0,0,0,0,0,0,0,0,0,0,0,0,0,0,0,0,0,0,0,0,0,0,0,0,0,0,0,0,0,0,0,0,0,0,0,0,0,0,0,0,0,0,0,0,0,0,0,0,0,0,0,0,0,0,0,0,0,0,0,0,0,0,0,0,0,0,0,0,0,0,0,0,0,0,0,0,0,0,0,0,0,0,0,0,0,0,0,0,0,0,0,0,0,0,0,0,0,0,0,0,0,0,0,0,0,0,0,0,0,0,0,0,0,0,0,0,0,0,0,0,0,0,0,0,0,0,0,0,0,0,0,0,0,0,0,0,0,0,0,0,0,0,0,0,0,0,0,0,0,0,0,0,0,0,0,0,0,0,0,0,0,0,0,0,0,0,0,0,0,0,0,0,0,0,0,0,0,0,0,0,0,0,0,0,0,0,0,0,0,0,0,0,0,0,0,0,0,0,0,0,0,0,0
"32",369.7075,369.990525,370.035675,370.1788,370.208475,370.25635,370.29275,370.37625,370.54615,370.568625,370.665925,370.944,371.096625,371.140325,371.158175,371.17735,371.23365,371.241625,371.29865,371.344375,371.3747,371.472425,371.47515,371.522275,371.544375,371.568775,371.75665,371.767925,371.808925,371.849475,371.909475,371.98305,372.00675,372.0229,372.04675,372.10445,372.186725,372.212075,372.417625,372.6411,372.84795,373.5369,374.146775,374.3705,374.418475,374.55175,374.618,374.7343,374.9294,375.191175,375.327225,375.393975,375.770275,375.8957,375.978375,375.997925,376.056825,376.104625,376.80745,376.902775,377.036625,377.06975,377.09475,377.254675,378.120975,379.166975,379.2473,380.6444,380.8803,381.86215,381.939625,382.08465,382.385925,383.7463,384.0753,384.11915,384.435625,384.6329,384.73045,386.905525,387.496025,388.631125,0,0,0,0,0,0,0,0,0,0,0,0,0,0,0,0,0,0,0,0,0,0,0,0,0,0,0,0,0,0,0,0,0,0,0,0,0,0,0,0,0,0,0,0,0,0,0,0,0,0,0,0,0,0,0,0,0,0,0,0,0,0,0,0,0,0,0,0,0,0,0,0,0,0,0,0,0,0,0,0,0,0,0,0,0,0,0,0,0,0,0,0,0,0,0,0,0,0,0,0,0,0,0,0,0,0,0,0,0,0,0,0,0,0,0,0,0,0,0,0,0,0,0,0,0,0,0,0,0,0,0,0,0,0,0,0,0,0,0,0,0,0,0,0,0,0,0,0,0,0,0,0,0,0,0,0,0,0,0,0,0,0,0,0,0,0,0,0,0,0,0,0,0,0,0,0,0,0,0,0,0,0,0,0,0,0,0,0,0,0,0,0,0,0,0,0,0,0,0,0,0,0,0,0,0,0,0,0,0,0,0,0,0,0,0,0,0,0,0,0,0,0,0,0,0,0,0,0,0,0,0,0,0,0,0,0,0,0,0,0,0,0,0,0,0,0,0,0,0,0,0,0,0,0,0,0,0,0,0,0,0,0,0,0,0,0,0,0,0,0,0,0,0,0,0,0,0,0,0,0,0,0,0,0,0,0,0,0,0,0,0,0,0,0,0,0,0,0,0,0,0,0,0,0,0,0,0,0,0,0,0,0,0,0,0,0,0,0,0,0,0,0,0,0,0,0,0,0,0,0,0,0,0,0,0,0,0,0,0,0,0,0,0,0,0,0,0,0,0,0,0,0
"33",371.705975,372.676575,372.915525,373.320275,373.397025,373.507325,373.7483,373.88835,374.07545,374.311775,374.443075,374.591475,374.6508,375.09695,375.303475,375.404925,375.539575,376.27325,376.3923,376.434575,376.613175,376.8363,378.021625,378.08055,378.198375,378.2877,378.404775,378.60425,378.6968,378.767925,378.894875,378.9981,379.03125,379.611125,379.72305,379.913475,380.087825,380.3331,380.5427,380.59355,380.760075,381.1523,381.295175,381.424,381.70675,381.906325,382.01225,382.191825,384.033425,0,0,0,0,0,0,0,0,0,0,0,0,0,0,0,0,0,0,0,0,0,0,0,0,0,0,0,0,0,0,0,0,0,0,0,0,0,0,0,0,0,0,0,0,0,0,0,0,0,0,0,0,0,0,0,0,0,0,0,0,0,0,0,0,0,0,0,0,0,0,0,0,0,0,0,0,0,0,0,0,0,0,0,0,0,0,0,0,0,0,0,0,0,0,0,0,0,0,0,0,0,0,0,0,0,0,0,0,0,0,0,0,0,0,0,0,0,0,0,0,0,0,0,0,0,0,0,0,0,0,0,0,0,0,0,0,0,0,0,0,0,0,0,0,0,0,0,0,0,0,0,0,0,0,0,0,0,0,0,0,0,0,0,0,0,0,0,0,0,0,0,0,0,0,0,0,0,0,0,0,0,0,0,0,0,0,0,0,0,0,0,0,0,0,0,0,0,0,0,0,0,0,0,0,0,0,0,0,0,0,0,0,0,0,0,0,0,0,0,0,0,0,0,0,0,0,0,0,0,0,0,0,0,0,0,0,0,0,0,0,0,0,0,0,0,0,0,0,0,0,0,0,0,0,0,0,0,0,0,0,0,0,0,0,0,0,0,0,0,0,0,0,0,0,0,0,0,0,0,0,0,0,0,0,0,0,0,0,0,0,0,0,0,0,0,0,0,0,0,0,0,0,0,0,0,0,0,0,0,0,0,0,0,0,0,0,0,0,0,0,0,0,0,0,0,0,0,0,0,0,0,0,0,0,0,0,0,0,0,0,0,0,0,0,0,0,0,0,0,0,0,0,0,0,0,0,0,0,0,0,0,0,0,0,0,0,0,0,0,0,0,0,0,0,0,0,0,0,0,0,0,0,0,0,0
"34",372.445275,372.49885,373.150075,373.6961,374.368225,375.2291,376.3439,376.7303,376.792075,377.202525,377.911125,378.478675,378.780025,378.856075,378.91345,378.936775,379.04155,379.23095,379.282175,379.4251,381.016625,381.146,381.366625,381.41325,381.47465,381.517475,381.6015,381.691675,381.75785,381.840175,0,0,0,0,0,0,0,0,0,0,0,0,0,0,0,0,0,0,0,0,0,0,0,0,0,0,0,0,0,0,0,0,0,0,0,0,0,0,0,0,0,0,0,0,0,0,0,0,0,0,0,0,0,0,0,0,0,0,0,0,0,0,0,0,0,0,0,0,0,0,0,0,0,0,0,0,0,0,0,0,0,0,0,0,0,0,0,0,0,0,0,0,0,0,0,0,0,0,0,0,0,0,0,0,0,0,0,0,0,0,0,0,0,0,0,0,0,0,0,0,0,0,0,0,0,0,0,0,0,0,0,0,0,0,0,0,0,0,0,0,0,0,0,0,0,0,0,0,0,0,0,0,0,0,0,0,0,0,0,0,0,0,0,0,0,0,0,0,0,0,0,0,0,0,0,0,0,0,0,0,0,0,0,0,0,0,0,0,0,0,0,0,0,0,0,0,0,0,0,0,0,0,0,0,0,0,0,0,0,0,0,0,0,0,0,0,0,0,0,0,0,0,0,0,0,0,0,0,0,0,0,0,0,0,0,0,0,0,0,0,0,0,0,0,0,0,0,0,0,0,0,0,0,0,0,0,0,0,0,0,0,0,0,0,0,0,0,0,0,0,0,0,0,0,0,0,0,0,0,0,0,0,0,0,0,0,0,0,0,0,0,0,0,0,0,0,0,0,0,0,0,0,0,0,0,0,0,0,0,0,0,0,0,0,0,0,0,0,0,0,0,0,0,0,0,0,0,0,0,0,0,0,0,0,0,0,0,0,0,0,0,0,0,0,0,0,0,0,0,0,0,0,0,0,0,0,0,0,0,0,0,0,0,0,0,0,0,0,0,0,0,0,0,0,0,0,0,0,0,0,0,0,0,0,0,0,0,0,0,0,0,0,0,0,0,0,0,0,0,0,0,0,0,0
"35",369.806925,369.9028,370.014825,370.110225,370.32565,370.381875,370.468325,370.56495,370.598375,370.6261,370.675925,370.7122,370.910825,371.07155,371.1123,371.1596,371.2265,371.262825,371.3391,372.548075,372.625575,372.78625,372.869675,373.963375,374.240125,374.3368,374.4,374.56505,374.62225,374.703825,374.93605,375.00275,375.0579,375.137425,375.236375,375.34235,375.42305,376.8653,376.94785,377.051375,378.69845,378.809725,378.951325,379.024825,379.099825,379.207,379.33195,379.547675,381.2894,381.93235,382.35245,382.695325,384.678575,0,0,0,0,0,0,0,0,0,0,0,0,0,0,0,0,0,0,0,0,0,0,0,0,0,0,0,0,0,0,0,0,0,0,0,0,0,0,0,0,0,0,0,0,0,0,0,0,0,0,0,0,0,0,0,0,0,0,0,0,0,0,0,0,0,0,0,0,0,0,0,0,0,0,0,0,0,0,0,0,0,0,0,0,0,0,0,0,0,0,0,0,0,0,0,0,0,0,0,0,0,0,0,0,0,0,0,0,0,0,0,0,0,0,0,0,0,0,0,0,0,0,0,0,0,0,0,0,0,0,0,0,0,0,0,0,0,0,0,0,0,0,0,0,0,0,0,0,0,0,0,0,0,0,0,0,0,0,0,0,0,0,0,0,0,0,0,0,0,0,0,0,0,0,0,0,0,0,0,0,0,0,0,0,0,0,0,0,0,0,0,0,0,0,0,0,0,0,0,0,0,0,0,0,0,0,0,0,0,0,0,0,0,0,0,0,0,0,0,0,0,0,0,0,0,0,0,0,0,0,0,0,0,0,0,0,0,0,0,0,0,0,0,0,0,0,0,0,0,0,0,0,0,0,0,0,0,0,0,0,0,0,0,0,0,0,0,0,0,0,0,0,0,0,0,0,0,0,0,0,0,0,0,0,0,0,0,0,0,0,0,0,0,0,0,0,0,0,0,0,0,0,0,0,0,0,0,0,0,0,0,0,0,0,0,0,0,0,0,0,0,0,0,0,0,0,0,0,0,0,0,0,0,0,0,0,0,0,0,0,0,0,0,0,0,0,0,0,0,0,0,0,0,0,0,0,0,0,0,0,0,0,0,0,0,0,0,0,0,0,0,0,0,0,0,0,0,0,0,0,0
"36",370.404975,370.8252,370.877425,371.276975,371.5952,371.698875,371.73695,372.370425,372.52615,373.0928,373.2343,375.10565,375.53285,375.5587,375.64515,375.6955,376.92955,377.011025,377.076775,378.4426,379.19135,380.189875,381.2056,381.31615,381.4346,381.493875,381.561225,381.684,381.831175,381.902025,381.957025,382.08995,383.82315,383.9279,384.0307,384.26355,0,0,0,0,0,0,0,0,0,0,0,0,0,0,0,0,0,0,0,0,0,0,0,0,0,0,0,0,0,0,0,0,0,0,0,0,0,0,0,0,0,0,0,0,0,0,0,0,0,0,0,0,0,0,0,0,0,0,0,0,0,0,0,0,0,0,0,0,0,0,0,0,0,0,0,0,0,0,0,0,0,0,0,0,0,0,0,0,0,0,0,0,0,0,0,0,0,0,0,0,0,0,0,0,0,0,0,0,0,0,0,0,0,0,0,0,0,0,0,0,0,0,0,0,0,0,0,0,0,0,0,0,0,0,0,0,0,0,0,0,0,0,0,0,0,0,0,0,0,0,0,0,0,0,0,0,0,0,0,0,0,0,0,0,0,0,0,0,0,0,0,0,0,0,0,0,0,0,0,0,0,0,0,0,0,0,0,0,0,0,0,0,0,0,0,0,0,0,0,0,0,0,0,0,0,0,0,0,0,0,0,0,0,0,0,0,0,0,0,0,0,0,0,0,0,0,0,0,0,0,0,0,0,0,0,0,0,0,0,0,0,0,0,0,0,0,0,0,0,0,0,0,0,0,0,0,0,0,0,0,0,0,0,0,0,0,0,0,0,0,0,0,0,0,0,0,0,0,0,0,0,0,0,0,0,0,0,0,0,0,0,0,0,0,0,0,0,0,0,0,0,0,0,0,0,0,0,0,0,0,0,0,0,0,0,0,0,0,0,0,0,0,0,0,0,0,0,0,0,0,0,0,0,0,0,0,0,0,0,0,0,0,0,0,0,0,0,0,0,0,0,0,0,0,0,0,0,0,0,0,0,0,0,0,0,0,0,0,0,0,0,0,0,0,0,0,0,0,0,0,0,0,0,0,0,0,0,0,0,0,0,0,0,0,0,0,0,0
"37",370.27495,371.124775,371.2025,371.2351,371.26965,371.294775,371.3223,372.159975,372.220825,372.310625,372.4143,372.534525,372.60095,372.630325,372.779975,372.816475,372.907425,373.769275,375.072925,375.181775,375.431875,375.58705,376.83845,376.99035,377.1271,377.176275,378.870475,378.944375,379.101925,379.25925,379.380225,379.46595,0,0,0,0,0,0,0,0,0,0,0,0,0,0,0,0,0,0,0,0,0,0,0,0,0,0,0,0,0,0,0,0,0,0,0,0,0,0,0,0,0,0,0,0,0,0,0,0,0,0,0,0,0,0,0,0,0,0,0,0,0,0,0,0,0,0,0,0,0,0,0,0,0,0,0,0,0,0,0,0,0,0,0,0,0,0,0,0,0,0,0,0,0,0,0,0,0,0,0,0,0,0,0,0,0,0,0,0,0,0,0,0,0,0,0,0,0,0,0,0,0,0,0,0,0,0,0,0,0,0,0,0,0,0,0,0,0,0,0,0,0,0,0,0,0,0,0,0,0,0,0,0,0,0,0,0,0,0,0,0,0,0,0,0,0,0,0,0,0,0,0,0,0,0,0,0,0,0,0,0,0,0,0,0,0,0,0,0,0,0,0,0,0,0,0,0,0,0,0,0,0,0,0,0,0,0,0,0,0,0,0,0,0,0,0,0,0,0,0,0,0,0,0,0,0,0,0,0,0,0,0,0,0,0,0,0,0,0,0,0,0,0,0,0,0,0,0,0,0,0,0,0,0,0,0,0,0,0,0,0,0,0,0,0,0,0,0,0,0,0,0,0,0,0,0,0,0,0,0,0,0,0,0,0,0,0,0,0,0,0,0,0,0,0,0,0,0,0,0,0,0,0,0,0,0,0,0,0,0,0,0,0,0,0,0,0,0,0,0,0,0,0,0,0,0,0,0,0,0,0,0,0,0,0,0,0,0,0,0,0,0,0,0,0,0,0,0,0,0,0,0,0,0,0,0,0,0,0,0,0,0,0,0,0,0,0,0,0,0,0,0,0,0,0,0,0,0,0,0,0,0,0,0,0,0,0,0,0,0,0,0,0,0,0,0,0,0,0,0,0,0,0
"38",370.207675,370.5469,370.76065,370.85455,370.91985,370.9319,370.94775,370.972825,370.9887,371.054575,371.063025,371.13645,371.1998,371.280075,371.6951,371.72555,371.743375,371.93925,371.96545,371.974575,372.037325,372.066925,372.07845,372.098275,372.105775,372.121475,372.162175,372.21945,372.231325,372.247,372.3467,372.3579,372.367475,372.439325,372.450225,372.531375,372.623275,372.709925,372.78155,372.85485,372.9363,373.0947,373.1182,373.170575,373.2234,373.287725,373.483225,373.546,373.5741,373.6295,373.68115,373.7083,373.895025,373.9977,374.04095,374.0961,374.13645,374.165925,374.653475,374.6789,374.75635,374.774075,374.86775,374.891225,374.96485,374.993825,375.033125,375.06605,375.078875,375.115325,375.316075,375.699175,375.77085,375.849425,375.933225,375.9707,376.0229,376.0533,376.08695,376.102075,376.210775,376.29935,376.3523,376.466775,376.51795,377.440575,377.67805,377.691025,377.782775,377.81115,377.89475,377.961375,377.972175,378.057925,379.981325,380.253425,380.32115,0,0,0,0,0,0,0,0,0,0,0,0,0,0,0,0,0,0,0,0,0,0,0,0,0,0,0,0,0,0,0,0,0,0,0,0,0,0,0,0,0,0,0,0,0,0,0,0,0,0,0,0,0,0,0,0,0,0,0,0,0,0,0,0,0,0,0,0,0,0,0,0,0,0,0,0,0,0,0,0,0,0,0,0,0,0,0,0,0,0,0,0,0,0,0,0,0,0,0,0,0,0,0,0,0,0,0,0,0,0,0,0,0,0,0,0,0,0,0,0,0,0,0,0,0,0,0,0,0,0,0,0,0,0,0,0,0,0,0,0,0,0,0,0,0,0,0,0,0,0,0,0,0,0,0,0,0,0,0,0,0,0,0,0,0,0,0,0,0,0,0,0,0,0,0,0,0,0,0,0,0,0,0,0,0,0,0,0,0,0,0,0,0,0,0,0,0,0,0,0,0,0,0,0,0,0,0,0,0,0,0,0,0,0,0,0,0,0,0,0,0,0,0,0,0,0,0,0,0,0,0,0,0,0,0,0,0,0,0,0,0,0,0,0,0,0,0,0,0,0,0,0,0,0,0,0,0,0,0,0,0,0,0,0,0,0,0,0,0,0,0,0,0,0,0,0,0,0,0,0,0,0,0,0,0,0,0,0,0,0,0,0,0,0,0,0,0,0,0,0,0,0,0,0,0,0,0,0,0,0,0,0,0,0,0,0,0,0,0,0,0,0,0,0,0,0,0,0,0,0,0,0,0,0,0,0,0
"39",370.19655,370.40085,370.456875,370.626625,370.952075,371.017475,371.1656,371.248225,371.306575,371.3348,371.34985,371.37865,371.4007,371.43445,371.56615,371.752275,372.131975,372.271225,372.3854,372.460325,372.496875,372.568075,372.688275,372.724925,372.756675,372.8146,372.842975,372.952775,374.4104,374.788175,374.890125,375.02145,375.12325,375.2308,375.26545,375.30485,375.32985,375.3651,375.3913,375.472825,375.5234,376.7574,376.962025,377.01795,377.04655,377.067675,377.0874,379.030275,379.08055,379.14085,379.18695,379.229,379.303325,380.022725,0,0,0,0,0,0,0,0,0,0,0,0,0,0,0,0,0,0,0,0,0,0,0,0,0,0,0,0,0,0,0,0,0,0,0,0,0,0,0,0,0,0,0,0,0,0,0,0,0,0,0,0,0,0,0,0,0,0,0,0,0,0,0,0,0,0,0,0,0,0,0,0,0,0,0,0,0,0,0,0,0,0,0,0,0,0,0,0,0,0,0,0,0,0,0,0,0,0,0,0,0,0,0,0,0,0,0,0,0,0,0,0,0,0,0,0,0,0,0,0,0,0,0,0,0,0,0,0,0,0,0,0,0,0,0,0,0,0,0,0,0,0,0,0,0,0,0,0,0,0,0,0,0,0,0,0,0,0,0,0,0,0,0,0,0,0,0,0,0,0,0,0,0,0,0,0,0,0,0,0,0,0,0,0,0,0,0,0,0,0,0,0,0,0,0,0,0,0,0,0,0,0,0,0,0,0,0,0,0,0,0,0,0,0,0,0,0,0,0,0,0,0,0,0,0,0,0,0,0,0,0,0,0,0,0,0,0,0,0,0,0,0,0,0,0,0,0,0,0,0,0,0,0,0,0,0,0,0,0,0,0,0,0,0,0,0,0,0,0,0,0,0,0,0,0,0,0,0,0,0,0,0,0,0,0,0,0,0,0,0,0,0,0,0,0,0,0,0,0,0,0,0,0,0,0,0,0,0,0,0,0,0,0,0,0,0,0,0,0,0,0,0,0,0,0,0,0,0,0,0,0,0,0,0,0,0,0,0,0,0,0,0,0,0,0,0,0,0,0,0,0,0,0,0,0,0,0,0,0,0,0,0,0,0,0,0,0,0,0,0,0,0,0,0,0,0,0,0,0,0
"40",369.774625,369.956825,370.100925,370.1367,370.19205,370.26515,370.342825,370.3898,370.43075,370.4996,370.60615,370.7677,370.78245,370.943475,370.95625,371.081375,371.172725,371.2208,371.296025,371.42485,371.4358,371.64515,371.95715,372.053975,372.144325,372.4618,372.6669,372.87835,372.912725,373.0104,373.77265,373.845625,373.941075,374.02185,374.132575,374.248225,374.30935,374.35745,374.44105,374.477975,374.84395,375.308725,375.358725,375.411,375.641975,376.205225,376.284125,376.621875,376.782225,376.84635,376.85255,376.952125,376.963625,376.9938,377.020575,377.028425,377.12385,377.2248,377.2748,378.008725,378.125075,378.70935,378.783375,378.847575,379.15715,379.160375,379.20295,379.222375,379.301275,379.418325,379.52485,380.0738,380.299825,380.5764,381.5083,381.6813,381.765725,381.883125,381.92275,381.986275,382.054375,382.098875,382.14085,382.22295,382.243975,382.5095,383.938825,384.061275,384.176025,0,0,0,0,0,0,0,0,0,0,0,0,0,0,0,0,0,0,0,0,0,0,0,0,0,0,0,0,0,0,0,0,0,0,0,0,0,0,0,0,0,0,0,0,0,0,0,0,0,0,0,0,0,0,0,0,0,0,0,0,0,0,0,0,0,0,0,0,0,0,0,0,0,0,0,0,0,0,0,0,0,0,0,0,0,0,0,0,0,0,0,0,0,0,0,0,0,0,0,0,0,0,0,0,0,0,0,0,0,0,0,0,0,0,0,0,0,0,0,0,0,0,0,0,0,0,0,0,0,0,0,0,0,0,0,0,0,0,0,0,0,0,0,0,0,0,0,0,0,0,0,0,0,0,0,0,0,0,0,0,0,0,0,0,0,0,0,0,0,0,0,0,0,0,0,0,0,0,0,0,0,0,0,0,0,0,0,0,0,0,0,0,0,0,0,0,0,0,0,0,0,0,0,0,0,0,0,0,0,0,0,0,0,0,0,0,0,0,0,0,0,0,0,0,0,0,0,0,0,0,0,0,0,0,0,0,0,0,0,0,0,0,0,0,0,0,0,0,0,0,0,0,0,0,0,0,0,0,0,0,0,0,0,0,0,0,0,0,0,0,0,0,0,0,0,0,0,0,0,0,0,0,0,0,0,0,0,0,0,0,0,0,0,0,0,0,0,0,0,0,0,0,0,0,0,0,0,0,0,0,0,0,0,0,0,0,0,0,0,0,0,0,0,0,0,0,0,0,0,0,0,0,0,0,0,0,0,0,0,0,0,0,0,0,0
"41",369.866575,369.91435,370.0237,370.106325,370.11685,370.200125,370.24285,370.274025,370.324275,370.327625,370.409175,370.4379,370.443,370.53375,370.53645,370.547975,370.638075,370.703125,370.789625,370.864425,371.0047,371.0841,371.152175,371.155775,371.180575,371.38155,371.492025,371.594125,371.711975,371.7456,371.77975,371.788225,371.802775,371.81365,371.837425,371.87665,371.908475,371.91895,371.9426,371.96015,371.990975,372.0118,372.028275,372.2038,372.267725,372.337125,372.49405,372.527075,372.554325,372.557575,372.655075,372.883125,373.318675,373.3501,373.38455,373.5852,373.6534,373.800025,373.850325,373.8733,373.8868,374.019225,374.02275,374.0941,374.197525,374.25395,375.0083,375.0631,376.16195,376.17,376.189125,376.1981,376.2359,376.264225,376.47255,376.558225,376.6193,376.674225,376.709075,376.78955,377.01885,377.09965,377.7863,377.947925,377.995475,378.25045,378.353525,378.4798,378.6128,378.91295,379.08345,380.39025,380.659575,381.038875,382.224925,382.5782,382.954475,383.4317,383.565375,383.7949,383.951325,384.089,384.449825,384.6688,385.049675,385.608675,386.192725,386.7533,387.201425,0,0,0,0,0,0,0,0,0,0,0,0,0,0,0,0,0,0,0,0,0,0,0,0,0,0,0,0,0,0,0,0,0,0,0,0,0,0,0,0,0,0,0,0,0,0,0,0,0,0,0,0,0,0,0,0,0,0,0,0,0,0,0,0,0,0,0,0,0,0,0,0,0,0,0,0,0,0,0,0,0,0,0,0,0,0,0,0,0,0,0,0,0,0,0,0,0,0,0,0,0,0,0,0,0,0,0,0,0,0,0,0,0,0,0,0,0,0,0,0,0,0,0,0,0,0,0,0,0,0,0,0,0,0,0,0,0,0,0,0,0,0,0,0,0,0,0,0,0,0,0,0,0,0,0,0,0,0,0,0,0,0,0,0,0,0,0,0,0,0,0,0,0,0,0,0,0,0,0,0,0,0,0,0,0,0,0,0,0,0,0,0,0,0,0,0,0,0,0,0,0,0,0,0,0,0,0,0,0,0,0,0,0,0,0,0,0,0,0,0,0,0,0,0,0,0,0,0,0,0,0,0,0,0,0,0,0,0,0,0,0,0,0,0,0,0,0,0,0,0,0,0,0,0,0,0,0,0,0,0,0,0,0,0,0,0,0,0,0,0,0,0,0,0,0,0,0,0,0,0,0,0,0,0,0,0,0,0,0,0,0,0,0,0,0,0,0,0,0,0,0,0,0,0,0,0,0,0,0,0,0,0,0,0,0,0,0,0,0,0,0,0,0,0,0
"42",380.1606,0,0,0,0,0,0,0,0,0,0,0,0,0,0,0,0,0,0,0,0,0,0,0,0,0,0,0,0,0,0,0,0,0,0,0,0,0,0,0,0,0,0,0,0,0,0,0,0,0,0,0,0,0,0,0,0,0,0,0,0,0,0,0,0,0,0,0,0,0,0,0,0,0,0,0,0,0,0,0,0,0,0,0,0,0,0,0,0,0,0,0,0,0,0,0,0,0,0,0,0,0,0,0,0,0,0,0,0,0,0,0,0,0,0,0,0,0,0,0,0,0,0,0,0,0,0,0,0,0,0,0,0,0,0,0,0,0,0,0,0,0,0,0,0,0,0,0,0,0,0,0,0,0,0,0,0,0,0,0,0,0,0,0,0,0,0,0,0,0,0,0,0,0,0,0,0,0,0,0,0,0,0,0,0,0,0,0,0,0,0,0,0,0,0,0,0,0,0,0,0,0,0,0,0,0,0,0,0,0,0,0,0,0,0,0,0,0,0,0,0,0,0,0,0,0,0,0,0,0,0,0,0,0,0,0,0,0,0,0,0,0,0,0,0,0,0,0,0,0,0,0,0,0,0,0,0,0,0,0,0,0,0,0,0,0,0,0,0,0,0,0,0,0,0,0,0,0,0,0,0,0,0,0,0,0,0,0,0,0,0,0,0,0,0,0,0,0,0,0,0,0,0,0,0,0,0,0,0,0,0,0,0,0,0,0,0,0,0,0,0,0,0,0,0,0,0,0,0,0,0,0,0,0,0,0,0,0,0,0,0,0,0,0,0,0,0,0,0,0,0,0,0,0,0,0,0,0,0,0,0,0,0,0,0,0,0,0,0,0,0,0,0,0,0,0,0,0,0,0,0,0,0,0,0,0,0,0,0,0,0,0,0,0,0,0,0,0,0,0,0,0,0,0,0,0,0,0,0,0,0,0,0,0,0,0,0,0,0,0,0,0,0,0,0,0,0,0,0,0,0,0,0,0
"43",373.433425,373.73985,373.872575,374.0686,374.184625,374.316375,380.62755,0,0,0,0,0,0,0,0,0,0,0,0,0,0,0,0,0,0,0,0,0,0,0,0,0,0,0,0,0,0,0,0,0,0,0,0,0,0,0,0,0,0,0,0,0,0,0,0,0,0,0,0,0,0,0,0,0,0,0,0,0,0,0,0,0,0,0,0,0,0,0,0,0,0,0,0,0,0,0,0,0,0,0,0,0,0,0,0,0,0,0,0,0,0,0,0,0,0,0,0,0,0,0,0,0,0,0,0,0,0,0,0,0,0,0,0,0,0,0,0,0,0,0,0,0,0,0,0,0,0,0,0,0,0,0,0,0,0,0,0,0,0,0,0,0,0,0,0,0,0,0,0,0,0,0,0,0,0,0,0,0,0,0,0,0,0,0,0,0,0,0,0,0,0,0,0,0,0,0,0,0,0,0,0,0,0,0,0,0,0,0,0,0,0,0,0,0,0,0,0,0,0,0,0,0,0,0,0,0,0,0,0,0,0,0,0,0,0,0,0,0,0,0,0,0,0,0,0,0,0,0,0,0,0,0,0,0,0,0,0,0,0,0,0,0,0,0,0,0,0,0,0,0,0,0,0,0,0,0,0,0,0,0,0,0,0,0,0,0,0,0,0,0,0,0,0,0,0,0,0,0,0,0,0,0,0,0,0,0,0,0,0,0,0,0,0,0,0,0,0,0,0,0,0,0,0,0,0,0,0,0,0,0,0,0,0,0,0,0,0,0,0,0,0,0,0,0,0,0,0,0,0,0,0,0,0,0,0,0,0,0,0,0,0,0,0,0,0,0,0,0,0,0,0,0,0,0,0,0,0,0,0,0,0,0,0,0,0,0,0,0,0,0,0,0,0,0,0,0,0,0,0,0,0,0,0,0,0,0,0,0,0,0,0,0,0,0,0,0,0,0,0,0,0,0,0,0,0,0,0,0,0,0,0,0,0,0,0,0,0,0,0,0,0,0,0,0
"44",370.0092,0,0,0,0,0,0,0,0,0,0,0,0,0,0,0,0,0,0,0,0,0,0,0,0,0,0,0,0,0,0,0,0,0,0,0,0,0,0,0,0,0,0,0,0,0,0,0,0,0,0,0,0,0,0,0,0,0,0,0,0,0,0,0,0,0,0,0,0,0,0,0,0,0,0,0,0,0,0,0,0,0,0,0,0,0,0,0,0,0,0,0,0,0,0,0,0,0,0,0,0,0,0,0,0,0,0,0,0,0,0,0,0,0,0,0,0,0,0,0,0,0,0,0,0,0,0,0,0,0,0,0,0,0,0,0,0,0,0,0,0,0,0,0,0,0,0,0,0,0,0,0,0,0,0,0,0,0,0,0,0,0,0,0,0,0,0,0,0,0,0,0,0,0,0,0,0,0,0,0,0,0,0,0,0,0,0,0,0,0,0,0,0,0,0,0,0,0,0,0,0,0,0,0,0,0,0,0,0,0,0,0,0,0,0,0,0,0,0,0,0,0,0,0,0,0,0,0,0,0,0,0,0,0,0,0,0,0,0,0,0,0,0,0,0,0,0,0,0,0,0,0,0,0,0,0,0,0,0,0,0,0,0,0,0,0,0,0,0,0,0,0,0,0,0,0,0,0,0,0,0,0,0,0,0,0,0,0,0,0,0,0,0,0,0,0,0,0,0,0,0,0,0,0,0,0,0,0,0,0,0,0,0,0,0,0,0,0,0,0,0,0,0,0,0,0,0,0,0,0,0,0,0,0,0,0,0,0,0,0,0,0,0,0,0,0,0,0,0,0,0,0,0,0,0,0,0,0,0,0,0,0,0,0,0,0,0,0,0,0,0,0,0,0,0,0,0,0,0,0,0,0,0,0,0,0,0,0,0,0,0,0,0,0,0,0,0,0,0,0,0,0,0,0,0,0,0,0,0,0,0,0,0,0,0,0,0,0,0,0,0,0,0,0,0,0,0,0,0,0,0,0,0,0
"45",370.011575,370.158925,370.232975,370.263875,370.346625,370.4143,370.452825,370.950775,371.121325,371.163975,371.21645,371.245475,371.264025,371.313025,371.348,371.38625,371.408225,371.55635,372.26115,372.444825,372.5926,372.686175,372.74335,372.813525,374.903775,375.0162,375.261,375.311525,375.405575,375.445475,375.49545,376.891775,376.955125,376.995475,377.054375,377.10245,377.155575,379.0465,379.10555,379.17465,379.2657,379.31155,379.371,0,0,0,0,0,0,0,0,0,0,0,0,0,0,0,0,0,0,0,0,0,0,0,0,0,0,0,0,0,0,0,0,0,0,0,0,0,0,0,0,0,0,0,0,0,0,0,0,0,0,0,0,0,0,0,0,0,0,0,0,0,0,0,0,0,0,0,0,0,0,0,0,0,0,0,0,0,0,0,0,0,0,0,0,0,0,0,0,0,0,0,0,0,0,0,0,0,0,0,0,0,0,0,0,0,0,0,0,0,0,0,0,0,0,0,0,0,0,0,0,0,0,0,0,0,0,0,0,0,0,0,0,0,0,0,0,0,0,0,0,0,0,0,0,0,0,0,0,0,0,0,0,0,0,0,0,0,0,0,0,0,0,0,0,0,0,0,0,0,0,0,0,0,0,0,0,0,0,0,0,0,0,0,0,0,0,0,0,0,0,0,0,0,0,0,0,0,0,0,0,0,0,0,0,0,0,0,0,0,0,0,0,0,0,0,0,0,0,0,0,0,0,0,0,0,0,0,0,0,0,0,0,0,0,0,0,0,0,0,0,0,0,0,0,0,0,0,0,0,0,0,0,0,0,0,0,0,0,0,0,0,0,0,0,0,0,0,0,0,0,0,0,0,0,0,0,0,0,0,0,0,0,0,0,0,0,0,0,0,0,0,0,0,0,0,0,0,0,0,0,0,0,0,0,0,0,0,0,0,0,0,0,0,0,0,0,0,0,0,0,0,0,0,0,0,0,0,0,0,0,0,0,0,0,0,0,0,0,0,0,0,0,0,0,0,0,0,0,0,0,0,0,0,0,0,0,0,0,0,0,0,0,0,0,0,0,0,0,0,0,0,0,0,0,0,0,0,0,0,0,0,0,0,0,0,0,0,0,0,0,0
"46",370.093075,370.236775,370.543075,372.143125,372.17575,372.245075,372.282825,372.331775,372.47485,373.0473,373.13995,373.1686,373.572525,373.598075,373.684525,373.78405,373.859625,373.9275,373.9764,374.0345,374.1139,374.2041,374.294625,374.436825,376.1743,376.24885,376.305725,376.33555,376.411025,376.445275,376.533025,376.565725,376.61675,376.77305,376.80435,376.89325,377.852025,377.9191,377.99375,378.024025,378.0793,378.09855,378.153625,378.185325,378.2168,378.245975,378.275825,378.3666,378.429875,378.896975,379.808575,379.9012,380.135875,380.220075,380.26425,380.316,380.4141,380.441175,380.50125,380.5505,380.65575,380.685875,380.7352,380.785075,380.8256,380.8581,380.96815,381.0222,381.1647,381.22175,381.39815,381.455475,381.503725,381.5629,381.798125,383.338475,383.60275,0,0,0,0,0,0,0,0,0,0,0,0,0,0,0,0,0,0,0,0,0,0,0,0,0,0,0,0,0,0,0,0,0,0,0,0,0,0,0,0,0,0,0,0,0,0,0,0,0,0,0,0,0,0,0,0,0,0,0,0,0,0,0,0,0,0,0,0,0,0,0,0,0,0,0,0,0,0,0,0,0,0,0,0,0,0,0,0,0,0,0,0,0,0,0,0,0,0,0,0,0,0,0,0,0,0,0,0,0,0,0,0,0,0,0,0,0,0,0,0,0,0,0,0,0,0,0,0,0,0,0,0,0,0,0,0,0,0,0,0,0,0,0,0,0,0,0,0,0,0,0,0,0,0,0,0,0,0,0,0,0,0,0,0,0,0,0,0,0,0,0,0,0,0,0,0,0,0,0,0,0,0,0,0,0,0,0,0,0,0,0,0,0,0,0,0,0,0,0,0,0,0,0,0,0,0,0,0,0,0,0,0,0,0,0,0,0,0,0,0,0,0,0,0,0,0,0,0,0,0,0,0,0,0,0,0,0,0,0,0,0,0,0,0,0,0,0,0,0,0,0,0,0,0,0,0,0,0,0,0,0,0,0,0,0,0,0,0,0,0,0,0,0,0,0,0,0,0,0,0,0,0,0,0,0,0,0,0,0,0,0,0,0,0,0,0,0,0,0,0,0,0,0,0,0,0,0,0,0,0,0,0,0,0,0,0,0,0,0,0,0,0,0,0,0,0,0,0,0,0,0,0,0,0,0,0,0,0,0,0,0,0,0,0,0,0,0,0,0,0,0,0,0,0,0,0,0
"47",369.637175,370.167825,370.549875,370.5754,370.872025,370.91255,370.984225,371.018875,371.083175,371.537875,371.563175,371.631675,371.663925,371.707875,371.759025,371.80455,371.821475,371.847875,371.9018,371.935525,371.95405,371.979675,371.997675,372.019775,372.0333,372.06855,372.0996,372.1465,372.181125,372.241275,372.56505,372.930575,373.060825,373.1379,373.1715,373.28505,373.332375,373.373275,373.401975,373.4366,373.524325,373.56695,373.619875,373.695225,374.926125,375.0231,375.089025,375.23965,375.2953,375.414125,375.4805,375.55205,375.630625,375.710125,375.7833,375.83005,375.86825,375.92085,375.957475,375.976175,376.010575,376.031675,376.10755,376.2021,376.260825,376.4139,376.894625,377.5487,377.600275,377.6427,377.7021,377.776575,377.875925,377.9678,378.039,379.028425,379.170525,379.626125,379.766175,379.849275,379.934325,380.10595,380.147825,380.24015,380.283175,380.380225,380.450125,380.450825,380.520075,380.742375,383.4774,383.91245,385.540575,0,0,0,0,0,0,0,0,0,0,0,0,0,0,0,0,0,0,0,0,0,0,0,0,0,0,0,0,0,0,0,0,0,0,0,0,0,0,0,0,0,0,0,0,0,0,0,0,0,0,0,0,0,0,0,0,0,0,0,0,0,0,0,0,0,0,0,0,0,0,0,0,0,0,0,0,0,0,0,0,0,0,0,0,0,0,0,0,0,0,0,0,0,0,0,0,0,0,0,0,0,0,0,0,0,0,0,0,0,0,0,0,0,0,0,0,0,0,0,0,0,0,0,0,0,0,0,0,0,0,0,0,0,0,0,0,0,0,0,0,0,0,0,0,0,0,0,0,0,0,0,0,0,0,0,0,0,0,0,0,0,0,0,0,0,0,0,0,0,0,0,0,0,0,0,0,0,0,0,0,0,0,0,0,0,0,0,0,0,0,0,0,0,0,0,0,0,0,0,0,0,0,0,0,0,0,0,0,0,0,0,0,0,0,0,0,0,0,0,0,0,0,0,0,0,0,0,0,0,0,0,0,0,0,0,0,0,0,0,0,0,0,0,0,0,0,0,0,0,0,0,0,0,0,0,0,0,0,0,0,0,0,0,0,0,0,0,0,0,0,0,0,0,0,0,0,0,0,0,0,0,0,0,0,0,0,0,0,0,0,0,0,0,0,0,0,0,0,0,0,0,0,0,0,0,0,0,0,0,0,0,0,0,0,0,0,0,0,0,0,0,0,0,0,0,0,0,0,0,0,0,0,0,0,0,0,0,0,0,0,0
"48",369.62115,369.8152,369.8637,369.88685,369.90545,369.94135,369.95345,370.002075,370.0287,370.0381,370.053175,370.082725,370.099675,370.120175,370.148425,370.186775,370.231975,370.281425,370.298025,370.332725,370.339375,370.428875,370.44875,370.47205,370.489075,370.51915,370.579575,370.6098,370.629925,370.70155,370.7442,370.857525,370.87495,370.8981,371.04015,371.06675,371.07435,371.11075,371.317725,371.3368,371.412575,371.4455,371.49395,371.734425,371.78455,372.639175,372.71995,372.751275,375.211175,375.3511,375.38965,375.421175,375.457525,375.50795,375.520175,375.55075,375.624875,375.7504,375.814825,375.874375,375.939,376.0156,376.486925,376.7995,376.84915,376.940425,376.9756,377.017,377.0621,377.0794,377.146675,377.185075,377.327025,379.17315,379.22495,379.295775,379.33735,379.42855,379.47245,379.544575,379.62935,381.80805,382.1369,382.22025,382.312075,383.832725,383.9651,384.06905,384.179675,384.289575,384.38565,384.454125,384.548575,384.63155,384.7068,384.771575,0,0,0,0,0,0,0,0,0,0,0,0,0,0,0,0,0,0,0,0,0,0,0,0,0,0,0,0,0,0,0,0,0,0,0,0,0,0,0,0,0,0,0,0,0,0,0,0,0,0,0,0,0,0,0,0,0,0,0,0,0,0,0,0,0,0,0,0,0,0,0,0,0,0,0,0,0,0,0,0,0,0,0,0,0,0,0,0,0,0,0,0,0,0,0,0,0,0,0,0,0,0,0,0,0,0,0,0,0,0,0,0,0,0,0,0,0,0,0,0,0,0,0,0,0,0,0,0,0,0,0,0,0,0,0,0,0,0,0,0,0,0,0,0,0,0,0,0,0,0,0,0,0,0,0,0,0,0,0,0,0,0,0,0,0,0,0,0,0,0,0,0,0,0,0,0,0,0,0,0,0,0,0,0,0,0,0,0,0,0,0,0,0,0,0,0,0,0,0,0,0,0,0,0,0,0,0,0,0,0,0,0,0,0,0,0,0,0,0,0,0,0,0,0,0,0,0,0,0,0,0,0,0,0,0,0,0,0,0,0,0,0,0,0,0,0,0,0,0,0,0,0,0,0,0,0,0,0,0,0,0,0,0,0,0,0,0,0,0,0,0,0,0,0,0,0,0,0,0,0,0,0,0,0,0,0,0,0,0,0,0,0,0,0,0,0,0,0,0,0,0,0,0,0,0,0,0,0,0,0,0,0,0,0,0,0,0,0,0,0,0,0,0,0,0,0,0,0,0,0,0,0,0,0,0,0,0,0
"49",370.0856,370.591175,370.6811,370.7273,370.7871,370.8174,370.8958,371.02635,371.038675,371.076875,371.09315,371.108225,371.223425,371.249925,371.4042,371.60365,371.65155,371.673575,371.769375,371.7977,371.823075,372.0038,372.02675,372.045625,372.0904,372.11355,372.15195,372.171075,372.1882,372.20545,372.28625,372.3027,372.4011,372.471375,372.5048,372.517875,372.589375,372.609925,372.646625,372.6574,372.75485,372.831025,372.903325,372.9142,372.981425,372.99425,373.022675,373.0385,373.0563,373.080675,373.105625,373.1305,373.15365,373.1821,373.20715,373.363925,373.417025,373.501575,373.520375,373.535325,373.55695,373.59955,373.61005,373.639275,373.6604,373.698175,373.730825,373.7462,373.802325,373.826425,373.907075,373.954075,374.05045,374.0734,374.278075,374.494825,374.532925,374.62845,374.696725,374.7199,374.7366,374.7856,374.814875,374.827875,374.84165,374.857575,374.9156,374.940475,374.981375,375.0458,375.10055,375.177125,375.34945,375.3995,375.4786,375.49775,375.548825,375.5695,375.609075,375.658525,375.6823,375.7235,375.759725,375.8089,375.8665,375.916775,375.947375,375.990825,376.09425,376.12975,376.141025,376.1779,376.25095,376.262975,376.3345,376.429775,376.567025,376.693875,377.4829,377.53085,377.58295,377.606475,377.625475,377.64875,377.720675,377.74365,377.75745,377.822425,377.847625,377.86355,377.885575,377.922175,378.01675,378.088775,378.679675,379.8043,379.8704,379.90405,380.071675,380.085575,380.117275,380.16175,380.187125,380.293625,0,0,0,0,0,0,0,0,0,0,0,0,0,0,0,0,0,0,0,0,0,0,0,0,0,0,0,0,0,0,0,0,0,0,0,0,0,0,0,0,0,0,0,0,0,0,0,0,0,0,0,0,0,0,0,0,0,0,0,0,0,0,0,0,0,0,0,0,0,0,0,0,0,0,0,0,0,0,0,0,0,0,0,0,0,0,0,0,0,0,0,0,0,0,0,0,0,0,0,0,0,0,0,0,0,0,0,0,0,0,0,0,0,0,0,0,0,0,0,0,0,0,0,0,0,0,0,0,0,0,0,0,0,0,0,0,0,0,0,0,0,0,0,0,0,0,0,0,0,0,0,0,0,0,0,0,0,0,0,0,0,0,0,0,0,0,0,0,0,0,0,0,0,0,0,0,0,0,0,0,0,0,0,0,0,0,0,0,0,0,0,0,0,0,0,0,0,0,0,0,0,0,0,0,0,0,0,0,0,0,0,0,0,0,0,0,0,0,0,0,0,0,0,0,0,0,0,0,0,0,0,0,0,0,0,0,0,0,0,0,0,0,0,0,0,0,0,0,0,0,0,0,0,0,0,0,0,0,0,0,0,0,0,0,0,0,0,0,0,0,0,0,0,0,0,0,0,0,0,0,0,0,0,0,0,0,0,0,0,0
"50",368.074575,369.53745,369.589,369.907875,370.008275,370.09785,370.532375,370.6983,370.742475,370.78865,370.85615,370.884575,370.893125,370.9202,370.952525,370.974675,370.998475,371.012675,371.032325,371.053425,371.0963,371.120025,371.1386,371.16165,371.18005,371.1956,371.22055,371.243025,371.258375,371.273375,371.2846,371.299775,371.316325,371.33215,371.354725,371.37135,371.39475,371.411075,371.421775,371.464925,371.490725,371.570725,371.6365,371.650125,371.733425,371.8532,371.91945,372.002075,372.076425,372.090325,372.1052,372.1338,372.135525,372.191775,372.222675,372.2462,372.2629,372.29435,372.29715,372.31625,372.362575,372.367325,372.387025,372.395725,372.427475,372.4431,372.4636,372.467525,372.5179,372.5376,372.569775,372.586525,372.6127,372.625225,372.63425,372.6679,372.688275,372.7112,372.7142,372.737875,372.751075,372.795575,372.8084,372.8271,372.828875,372.8903,372.906375,372.945275,372.9734,373.02585,373.04145,373.082425,373.1163,373.159375,373.1854,373.218425,373.2471,373.2622,373.2799,373.28725,373.321825,373.33895,373.353725,373.370125,373.397925,373.419875,373.4331,373.4644,373.496325,373.53135,373.555375,373.5665,373.57255,373.601275,373.6148,373.630425,373.641175,373.659325,373.6693,373.68855,373.70675,373.710725,373.739275,373.75065,373.7569,373.78065,373.79795,373.8272,373.83045,373.8493,373.85045,373.874775,373.877575,373.885325,373.897325,373.915525,373.940775,373.9448,373.97715,373.97985,374.000575,374.01585,374.0243,374.048775,374.05285,374.06435,374.0864,374.09955,374.114475,374.139775,374.151925,374.183325,374.199275,374.2134,374.237225,374.2721,374.290125,374.3042,374.329775,374.382475,374.38645,374.422725,374.45985,374.465425,374.5262,374.5414,374.561575,374.60415,374.685475,374.69995,374.722575,374.74475,374.747575,374.7755,374.793075,374.799125,374.821275,374.838775,374.8406,374.87085,374.888375,374.90125,374.913075,374.961475,374.978725,374.98495,374.995525,375.00705,375.023325,375.03875,375.06295,375.078125,375.086275,375.09135,375.095875,375.109825,375.115175,375.1389,375.165825,375.171175,375.180825,375.22515,375.232825,375.2468,375.27855,375.315575,375.365475,375.39475,375.438725,375.537925,375.591975,375.600025,375.866325,376.100075,376.118175,376.140025,376.17035,376.24535,376.26985,376.27825,376.2906,376.31065,376.325125,376.341425,376.371025,376.405475,376.4289,376.4637,376.475575,376.505475,376.534225,376.54345,376.568575,376.669775,376.808475,376.974,377.3366,377.3764,377.440475,377.5431,377.630525,377.72665,377.739975,377.74375,377.7674,377.8172,377.851975,377.869075,377.8988,377.91165,377.944125,377.953375,377.9633,377.983825,377.992625,378.003975,378.04295,378.059375,378.067475,378.08005,378.099325,378.11055,378.130075,378.140325,378.166525,378.17955,378.19745,378.220825,378.2346,378.2512,378.28375,378.29415,378.319275,378.3642,378.386125,378.40025,378.446525,378.475525,378.5194,378.573525,378.614625,378.723725,378.847175,378.899725,379.378675,379.674825,379.77365,379.793325,379.840375,379.95,379.981025,380.104775,380.1555,380.1797,380.202875,380.222625,380.255775,380.26575,380.2822,380.302725,380.3175,380.337875,380.350775,380.36315,380.392775,380.41725,380.429,380.443725,380.460825,380.50185,380.513125,380.52935,380.548875,380.561125,380.58095,380.59515,380.602825,380.61195,380.631675,380.643225,380.666475,380.6865,380.707275,380.722475,380.732325,380.748725,380.7604,380.7802,380.80875,380.838125,380.86325,380.896875,380.977,381.032375,381.0706,381.194075,381.3067,381.323725,381.359775,381.462775,381.5472,381.694675,381.88,381.90245,383.023375,383.152475,383.31385,385.035925,0,0,0,0,0,0,0,0,0,0,0,0,0,0,0,0,0,0,0,0,0,0,0,0,0,0,0,0,0,0,0,0,0,0,0,0,0,0,0,0,0,0,0,0,0,0,0,0,0,0,0,0,0,0,0,0,0,0,0,0,0,0,0,0,0,0,0,0,0,0,0,0,0,0,0,0,0,0,0,0,0,0,0,0,0,0
"51",370.53385,370.8072,370.904875,371.0261,371.0988,371.4384,371.4486,371.47375,371.544175,371.57755,371.6011,371.62525,371.657675,371.69815,371.746925,371.758725,371.777625,371.791925,371.801975,371.811875,371.834575,371.848775,371.867525,371.879575,371.89075,371.917125,371.92955,371.9496,371.96255,371.975125,372.018075,372.027875,372.04045,372.04905,372.089425,372.101975,372.124475,372.13495,372.14585,372.158625,372.183825,372.207425,372.229525,372.251025,372.310675,372.671225,372.77905,372.806175,372.847225,372.891775,372.9309,373.00425,373.032125,373.04495,373.0599,373.095475,373.10615,373.1269,373.142725,373.164975,373.180475,373.203275,373.2329,373.24625,373.258825,373.275575,373.2881,373.309925,373.352275,373.3653,373.377375,373.3905,373.41625,373.443075,373.462525,373.477675,373.490075,373.508475,373.5236,373.556875,373.5765,373.58995,373.59985,373.61875,373.63595,373.6483,373.671775,373.6971,373.719675,373.74455,373.767625,373.846875,374.761775,375.0381,375.37285,375.57865,375.6087,375.63675,375.653575,375.6865,375.6961,375.71135,375.727875,375.7617,375.775925,375.789925,375.808725,375.82755,375.853025,375.884925,375.906225,375.9315,375.945275,375.993875,376.005725,376.021925,376.044475,376.062425,376.085425,376.09825,376.1164,376.12765,376.14625,376.160825,376.265675,376.29165,376.321275,376.371525,376.40245,376.424375,376.459825,376.519475,376.573525,377.33985,377.358975,377.39685,377.41445,377.457475,377.47585,377.493475,377.518775,377.54075,377.5603,377.59005,377.601075,377.6169,377.64305,377.656425,377.673275,377.692325,377.706175,377.73055,377.7518,377.762725,377.777725,377.817975,377.8343,377.8808,377.925475,377.936825,377.9564,377.9756,377.995275,378.021525,378.02405,378.038425,378.0572,378.0825,378.1028,378.12535,378.14365,378.1632,378.188625,378.202425,378.224925,378.2471,378.2684,378.2971,378.3223,378.385375,379.5796,379.608125,379.6316,379.65565,379.7109,379.7377,379.782275,379.81145,379.841375,379.867075,379.8958,379.918525,379.940075,379.987925,380.00535,380.039725,380.058225,380.083025,380.102825,380.120175,380.165175,380.20765,380.220225,380.270475,380.2961,380.308775,380.32425,380.354075,380.387125,380.407075,380.45145,380.4696,380.487275,380.508875,380.530375,380.546425,380.583025,380.60935,380.65025,380.6695,380.68705,380.7257,380.74305,380.764425,380.8081,380.82535,380.860075,380.8899,380.941825,381.0248,381.160925,383.01505,383.84465,385.1632,385.2472,385.420325,385.531075,0,0,0,0,0,0,0,0,0,0,0,0,0,0,0,0,0,0,0,0,0,0,0,0,0,0,0,0,0,0,0,0,0,0,0,0,0,0,0,0,0,0,0,0,0,0,0,0,0,0,0,0,0,0,0,0,0,0,0,0,0,0,0,0,0,0,0,0,0,0,0,0,0,0,0,0,0,0,0,0,0,0,0,0,0,0,0,0,0,0,0,0,0,0,0,0,0,0,0,0,0,0,0,0,0,0,0,0,0,0,0,0,0,0,0,0,0,0,0,0,0,0,0,0,0,0,0,0,0,0,0,0,0,0,0,0,0,0,0,0,0,0,0,0,0,0,0,0,0,0,0,0,0,0,0,0,0,0,0,0,0,0,0,0,0,0,0,0,0,0,0,0,0,0,0,0,0,0,0,0,0,0,0,0,0,0,0,0,0,0,0,0,0,0,0,0,0
"52",370.00675,370.04155,370.118625,370.135625,370.1369,370.23985,370.271,370.356,371.081175,371.223525,371.596575,371.830825,371.978825,372.232025,372.453175,372.533,372.56305,373.226175,373.256075,373.6959,373.751775,373.78975,374.239375,374.242425,374.76885,375.093175,375.87565,376.10215,376.177575,376.38405,376.701825,376.750325,376.85135,376.917775,377.0148,377.04275,377.6269,378.034175,379.33515,379.881025,380.22165,381.741725,382.07395,382.15,383.493925,383.595625,383.706125,383.774875,383.822525,383.8846,383.9354,383.977575,384.086,384.198575,387.290975,0,0,0,0,0,0,0,0,0,0,0,0,0,0,0,0,0,0,0,0,0,0,0,0,0,0,0,0,0,0,0,0,0,0,0,0,0,0,0,0,0,0,0,0,0,0,0,0,0,0,0,0,0,0,0,0,0,0,0,0,0,0,0,0,0,0,0,0,0,0,0,0,0,0,0,0,0,0,0,0,0,0,0,0,0,0,0,0,0,0,0,0,0,0,0,0,0,0,0,0,0,0,0,0,0,0,0,0,0,0,0,0,0,0,0,0,0,0,0,0,0,0,0,0,0,0,0,0,0,0,0,0,0,0,0,0,0,0,0,0,0,0,0,0,0,0,0,0,0,0,0,0,0,0,0,0,0,0,0,0,0,0,0,0,0,0,0,0,0,0,0,0,0,0,0,0,0,0,0,0,0,0,0,0,0,0,0,0,0,0,0,0,0,0,0,0,0,0,0,0,0,0,0,0,0,0,0,0,0,0,0,0,0,0,0,0,0,0,0,0,0,0,0,0,0,0,0,0,0,0,0,0,0,0,0,0,0,0,0,0,0,0,0,0,0,0,0,0,0,0,0,0,0,0,0,0,0,0,0,0,0,0,0,0,0,0,0,0,0,0,0,0,0,0,0,0,0,0,0,0,0,0,0,0,0,0,0,0,0,0,0,0,0,0,0,0,0,0,0,0,0,0,0,0,0,0,0,0,0,0,0,0,0,0,0,0,0,0,0,0,0,0,0,0,0,0,0,0,0,0,0,0,0,0,0,0,0,0,0,0,0,0,0,0,0,0,0,0,0,0,0,0,0,0,0,0,0,0,0,0,0,0,0,0,0,0,0,0,0,0,0,0,0,0,0,0,0,0,0
"53",370.85145,371.55985,371.640925,371.6683,371.717425,371.74265,371.834025,371.8743,371.915525,371.999725,372.095525,372.119475,372.1857,373.124175,373.220175,373.2687,373.314025,373.356775,373.411675,373.436025,373.479225,373.577925,375.816025,375.870775,375.95075,375.9958,376.020425,376.1927,376.219175,377.62565,377.689125,377.824025,377.871875,377.968475,378.00785,378.06345,380.036725,380.25415,380.325,380.4254,380.564775,0,0,0,0,0,0,0,0,0,0,0,0,0,0,0,0,0,0,0,0,0,0,0,0,0,0,0,0,0,0,0,0,0,0,0,0,0,0,0,0,0,0,0,0,0,0,0,0,0,0,0,0,0,0,0,0,0,0,0,0,0,0,0,0,0,0,0,0,0,0,0,0,0,0,0,0,0,0,0,0,0,0,0,0,0,0,0,0,0,0,0,0,0,0,0,0,0,0,0,0,0,0,0,0,0,0,0,0,0,0,0,0,0,0,0,0,0,0,0,0,0,0,0,0,0,0,0,0,0,0,0,0,0,0,0,0,0,0,0,0,0,0,0,0,0,0,0,0,0,0,0,0,0,0,0,0,0,0,0,0,0,0,0,0,0,0,0,0,0,0,0,0,0,0,0,0,0,0,0,0,0,0,0,0,0,0,0,0,0,0,0,0,0,0,0,0,0,0,0,0,0,0,0,0,0,0,0,0,0,0,0,0,0,0,0,0,0,0,0,0,0,0,0,0,0,0,0,0,0,0,0,0,0,0,0,0,0,0,0,0,0,0,0,0,0,0,0,0,0,0,0,0,0,0,0,0,0,0,0,0,0,0,0,0,0,0,0,0,0,0,0,0,0,0,0,0,0,0,0,0,0,0,0,0,0,0,0,0,0,0,0,0,0,0,0,0,0,0,0,0,0,0,0,0,0,0,0,0,0,0,0,0,0,0,0,0,0,0,0,0,0,0,0,0,0,0,0,0,0,0,0,0,0,0,0,0,0,0,0,0,0,0,0,0,0,0,0,0,0,0,0,0,0,0,0,0,0,0,0,0,0,0,0,0,0,0,0,0,0,0,0,0,0,0,0,0,0,0,0,0,0,0,0,0,0,0,0,0,0,0,0,0,0
"54",371.49165,371.6672,371.744525,371.79585,371.79825,372.0424,372.204275,373.074175,373.166625,373.389175,373.45815,373.58495,375.962925,375.986075,376.049675,376.287175,379.97405,380.01165,380.30605,380.369575,380.44755,380.4968,380.556525,380.57065,380.66545,0,0,0,0,0,0,0,0,0,0,0,0,0,0,0,0,0,0,0,0,0,0,0,0,0,0,0,0,0,0,0,0,0,0,0,0,0,0,0,0,0,0,0,0,0,0,0,0,0,0,0,0,0,0,0,0,0,0,0,0,0,0,0,0,0,0,0,0,0,0,0,0,0,0,0,0,0,0,0,0,0,0,0,0,0,0,0,0,0,0,0,0,0,0,0,0,0,0,0,0,0,0,0,0,0,0,0,0,0,0,0,0,0,0,0,0,0,0,0,0,0,0,0,0,0,0,0,0,0,0,0,0,0,0,0,0,0,0,0,0,0,0,0,0,0,0,0,0,0,0,0,0,0,0,0,0,0,0,0,0,0,0,0,0,0,0,0,0,0,0,0,0,0,0,0,0,0,0,0,0,0,0,0,0,0,0,0,0,0,0,0,0,0,0,0,0,0,0,0,0,0,0,0,0,0,0,0,0,0,0,0,0,0,0,0,0,0,0,0,0,0,0,0,0,0,0,0,0,0,0,0,0,0,0,0,0,0,0,0,0,0,0,0,0,0,0,0,0,0,0,0,0,0,0,0,0,0,0,0,0,0,0,0,0,0,0,0,0,0,0,0,0,0,0,0,0,0,0,0,0,0,0,0,0,0,0,0,0,0,0,0,0,0,0,0,0,0,0,0,0,0,0,0,0,0,0,0,0,0,0,0,0,0,0,0,0,0,0,0,0,0,0,0,0,0,0,0,0,0,0,0,0,0,0,0,0,0,0,0,0,0,0,0,0,0,0,0,0,0,0,0,0,0,0,0,0,0,0,0,0,0,0,0,0,0,0,0,0,0,0,0,0,0,0,0,0,0,0,0,0,0,0,0,0,0,0,0,0,0,0,0,0,0,0,0,0,0,0,0,0,0,0,0,0,0,0,0,0,0
"55",370.201875,370.27595,370.409125,370.4471,370.58245,370.68175,370.93815,370.96035,370.99935,371.018525,371.051425,371.1105,371.128125,371.1634,371.20095,371.214525,371.2402,371.2566,371.29415,371.3084,371.3268,371.410375,371.424375,371.4814,371.5399,372.29955,372.353825,372.42905,372.51515,372.557375,372.5809,372.695425,372.72375,372.746525,372.826325,372.85245,372.912775,374.021875,374.40325,374.704425,374.8968,375.160825,375.2489,375.29555,375.330975,375.4111,375.4443,375.46645,375.8725,376.890775,376.940375,377.0174,377.048775,377.07615,377.17935,377.229125,378.9214,379.005275,379.103125,379.172475,379.2316,379.280875,379.389025,379.42455,379.475875,0,0,0,0,0,0,0,0,0,0,0,0,0,0,0,0,0,0,0,0,0,0,0,0,0,0,0,0,0,0,0,0,0,0,0,0,0,0,0,0,0,0,0,0,0,0,0,0,0,0,0,0,0,0,0,0,0,0,0,0,0,0,0,0,0,0,0,0,0,0,0,0,0,0,0,0,0,0,0,0,0,0,0,0,0,0,0,0,0,0,0,0,0,0,0,0,0,0,0,0,0,0,0,0,0,0,0,0,0,0,0,0,0,0,0,0,0,0,0,0,0,0,0,0,0,0,0,0,0,0,0,0,0,0,0,0,0,0,0,0,0,0,0,0,0,0,0,0,0,0,0,0,0,0,0,0,0,0,0,0,0,0,0,0,0,0,0,0,0,0,0,0,0,0,0,0,0,0,0,0,0,0,0,0,0,0,0,0,0,0,0,0,0,0,0,0,0,0,0,0,0,0,0,0,0,0,0,0,0,0,0,0,0,0,0,0,0,0,0,0,0,0,0,0,0,0,0,0,0,0,0,0,0,0,0,0,0,0,0,0,0,0,0,0,0,0,0,0,0,0,0,0,0,0,0,0,0,0,0,0,0,0,0,0,0,0,0,0,0,0,0,0,0,0,0,0,0,0,0,0,0,0,0,0,0,0,0,0,0,0,0,0,0,0,0,0,0,0,0,0,0,0,0,0,0,0,0,0,0,0,0,0,0,0,0,0,0,0,0,0,0,0,0,0,0,0,0,0,0,0,0,0,0,0,0,0,0,0,0,0,0,0,0,0,0,0,0,0,0,0,0,0,0,0,0,0,0,0,0,0,0,0,0,0,0,0,0,0,0
"56",370.825775,371.377575,371.974,372.059175,372.1135,372.276125,373.1351,373.163225,373.456725,373.481025,379.669725,380.0913,380.16575,380.19555,380.23175,380.395125,380.943175,381.117225,381.197225,381.3539,381.426175,381.4807,381.573025,381.6305,381.7967,381.994625,382.068875,382.308075,382.46195,382.64465,383.172325,383.3664,0,0,0,0,0,0,0,0,0,0,0,0,0,0,0,0,0,0,0,0,0,0,0,0,0,0,0,0,0,0,0,0,0,0,0,0,0,0,0,0,0,0,0,0,0,0,0,0,0,0,0,0,0,0,0,0,0,0,0,0,0,0,0,0,0,0,0,0,0,0,0,0,0,0,0,0,0,0,0,0,0,0,0,0,0,0,0,0,0,0,0,0,0,0,0,0,0,0,0,0,0,0,0,0,0,0,0,0,0,0,0,0,0,0,0,0,0,0,0,0,0,0,0,0,0,0,0,0,0,0,0,0,0,0,0,0,0,0,0,0,0,0,0,0,0,0,0,0,0,0,0,0,0,0,0,0,0,0,0,0,0,0,0,0,0,0,0,0,0,0,0,0,0,0,0,0,0,0,0,0,0,0,0,0,0,0,0,0,0,0,0,0,0,0,0,0,0,0,0,0,0,0,0,0,0,0,0,0,0,0,0,0,0,0,0,0,0,0,0,0,0,0,0,0,0,0,0,0,0,0,0,0,0,0,0,0,0,0,0,0,0,0,0,0,0,0,0,0,0,0,0,0,0,0,0,0,0,0,0,0,0,0,0,0,0,0,0,0,0,0,0,0,0,0,0,0,0,0,0,0,0,0,0,0,0,0,0,0,0,0,0,0,0,0,0,0,0,0,0,0,0,0,0,0,0,0,0,0,0,0,0,0,0,0,0,0,0,0,0,0,0,0,0,0,0,0,0,0,0,0,0,0,0,0,0,0,0,0,0,0,0,0,0,0,0,0,0,0,0,0,0,0,0,0,0,0,0,0,0,0,0,0,0,0,0,0,0,0,0,0,0,0,0,0,0,0,0,0,0,0,0,0,0,0,0,0,0,0,0,0,0,0,0,0,0,0,0,0,0,0,0,0
"57",371.184675,371.29535,371.80825,371.84175,371.9457,371.985825,372.1975,372.975975,373.155675,373.3204,373.444,375.49555,375.814325,375.86855,375.9238,376.025025,376.54055,376.721475,376.843725,376.895525,377.78935,377.8221,377.95735,378.369875,381.4386,381.52735,381.58255,381.736275,381.81135,381.949575,383.186875,383.40465,383.51925,383.6955,383.789125,383.8921,383.974825,384.187175,384.299075,384.455,385.4661,385.612975,385.701025,385.8173,385.9017,385.95655,386.003125,386.083525,386.18845,386.28775,386.368625,386.480075,0,0,0,0,0,0,0,0,0,0,0,0,0,0,0,0,0,0,0,0,0,0,0,0,0,0,0,0,0,0,0,0,0,0,0,0,0,0,0,0,0,0,0,0,0,0,0,0,0,0,0,0,0,0,0,0,0,0,0,0,0,0,0,0,0,0,0,0,0,0,0,0,0,0,0,0,0,0,0,0,0,0,0,0,0,0,0,0,0,0,0,0,0,0,0,0,0,0,0,0,0,0,0,0,0,0,0,0,0,0,0,0,0,0,0,0,0,0,0,0,0,0,0,0,0,0,0,0,0,0,0,0,0,0,0,0,0,0,0,0,0,0,0,0,0,0,0,0,0,0,0,0,0,0,0,0,0,0,0,0,0,0,0,0,0,0,0,0,0,0,0,0,0,0,0,0,0,0,0,0,0,0,0,0,0,0,0,0,0,0,0,0,0,0,0,0,0,0,0,0,0,0,0,0,0,0,0,0,0,0,0,0,0,0,0,0,0,0,0,0,0,0,0,0,0,0,0,0,0,0,0,0,0,0,0,0,0,0,0,0,0,0,0,0,0,0,0,0,0,0,0,0,0,0,0,0,0,0,0,0,0,0,0,0,0,0,0,0,0,0,0,0,0,0,0,0,0,0,0,0,0,0,0,0,0,0,0,0,0,0,0,0,0,0,0,0,0,0,0,0,0,0,0,0,0,0,0,0,0,0,0,0,0,0,0,0,0,0,0,0,0,0,0,0,0,0,0,0,0,0,0,0,0,0,0,0,0,0,0,0,0,0,0,0,0,0,0,0,0,0,0,0,0,0,0,0,0,0,0,0,0,0,0,0,0,0,0,0,0,0,0,0,0,0,0,0,0,0,0,0,0,0
"58",371.6093,371.78825,371.875725,371.94385,373.168325,373.955575,0,0,0,0,0,0,0,0,0,0,0,0,0,0,0,0,0,0,0,0,0,0,0,0,0,0,0,0,0,0,0,0,0,0,0,0,0,0,0,0,0,0,0,0,0,0,0,0,0,0,0,0,0,0,0,0,0,0,0,0,0,0,0,0,0,0,0,0,0,0,0,0,0,0,0,0,0,0,0,0,0,0,0,0,0,0,0,0,0,0,0,0,0,0,0,0,0,0,0,0,0,0,0,0,0,0,0,0,0,0,0,0,0,0,0,0,0,0,0,0,0,0,0,0,0,0,0,0,0,0,0,0,0,0,0,0,0,0,0,0,0,0,0,0,0,0,0,0,0,0,0,0,0,0,0,0,0,0,0,0,0,0,0,0,0,0,0,0,0,0,0,0,0,0,0,0,0,0,0,0,0,0,0,0,0,0,0,0,0,0,0,0,0,0,0,0,0,0,0,0,0,0,0,0,0,0,0,0,0,0,0,0,0,0,0,0,0,0,0,0,0,0,0,0,0,0,0,0,0,0,0,0,0,0,0,0,0,0,0,0,0,0,0,0,0,0,0,0,0,0,0,0,0,0,0,0,0,0,0,0,0,0,0,0,0,0,0,0,0,0,0,0,0,0,0,0,0,0,0,0,0,0,0,0,0,0,0,0,0,0,0,0,0,0,0,0,0,0,0,0,0,0,0,0,0,0,0,0,0,0,0,0,0,0,0,0,0,0,0,0,0,0,0,0,0,0,0,0,0,0,0,0,0,0,0,0,0,0,0,0,0,0,0,0,0,0,0,0,0,0,0,0,0,0,0,0,0,0,0,0,0,0,0,0,0,0,0,0,0,0,0,0,0,0,0,0,0,0,0,0,0,0,0,0,0,0,0,0,0,0,0,0,0,0,0,0,0,0,0,0,0,0,0,0,0,0,0,0,0,0,0,0,0,0,0,0,0,0,0,0,0,0,0,0,0,0,0,0
"59",374.48925,374.570175,374.724475,374.999,375.058075,375.163475,375.267175,375.35085,375.49675,0,0,0,0,0,0,0,0,0,0,0,0,0,0,0,0,0,0,0,0,0,0,0,0,0,0,0,0,0,0,0,0,0,0,0,0,0,0,0,0,0,0,0,0,0,0,0,0,0,0,0,0,0,0,0,0,0,0,0,0,0,0,0,0,0,0,0,0,0,0,0,0,0,0,0,0,0,0,0,0,0,0,0,0,0,0,0,0,0,0,0,0,0,0,0,0,0,0,0,0,0,0,0,0,0,0,0,0,0,0,0,0,0,0,0,0,0,0,0,0,0,0,0,0,0,0,0,0,0,0,0,0,0,0,0,0,0,0,0,0,0,0,0,0,0,0,0,0,0,0,0,0,0,0,0,0,0,0,0,0,0,0,0,0,0,0,0,0,0,0,0,0,0,0,0,0,0,0,0,0,0,0,0,0,0,0,0,0,0,0,0,0,0,0,0,0,0,0,0,0,0,0,0,0,0,0,0,0,0,0,0,0,0,0,0,0,0,0,0,0,0,0,0,0,0,0,0,0,0,0,0,0,0,0,0,0,0,0,0,0,0,0,0,0,0,0,0,0,0,0,0,0,0,0,0,0,0,0,0,0,0,0,0,0,0,0,0,0,0,0,0,0,0,0,0,0,0,0,0,0,0,0,0,0,0,0,0,0,0,0,0,0,0,0,0,0,0,0,0,0,0,0,0,0,0,0,0,0,0,0,0,0,0,0,0,0,0,0,0,0,0,0,0,0,0,0,0,0,0,0,0,0,0,0,0,0,0,0,0,0,0,0,0,0,0,0,0,0,0,0,0,0,0,0,0,0,0,0,0,0,0,0,0,0,0,0,0,0,0,0,0,0,0,0,0,0,0,0,0,0,0,0,0,0,0,0,0,0,0,0,0,0,0,0,0,0,0,0,0,0,0,0,0,0,0,0,0,0,0,0,0,0,0,0,0,0,0,0,0,0,0,0,0,0,0
"60",369.880225,369.98975,370.05845,370.16565,370.19165,370.272125,370.32825,370.46655,370.8119,370.921075,371.050325,371.092475,371.097675,371.42865,371.5446,371.62475,371.641825,371.6537,371.6632,371.6884,371.69935,371.7031,371.716525,371.731625,371.739125,371.74815,371.764925,371.775125,371.7821,371.802775,371.820275,371.832675,371.845475,371.85645,371.87275,371.881875,371.88875,371.9076,371.92025,371.936,371.947475,371.95535,371.96475,371.9823,371.998225,372.022875,372.029325,372.03605,372.0627,372.071475,372.083425,372.121225,372.129075,372.176125,372.24395,372.25295,372.444775,372.651225,372.913375,372.927775,372.98,373.013225,373.02325,373.03375,373.0526,373.078925,373.08595,373.097425,373.1114,373.123075,373.132125,373.148,373.160075,373.16885,373.179925,373.187325,373.195525,373.19825,373.207675,373.21435,373.242125,373.2526,373.261525,373.263375,373.269675,373.2789,373.30775,373.315425,373.3228,373.3246,373.3355,373.3511,373.360825,373.37185,373.385325,373.404125,373.412975,373.423275,373.43765,373.471275,373.47535,373.485575,373.493175,373.520625,373.55045,373.56375,373.586075,373.593925,373.6021,373.62735,373.644675,373.65255,373.670675,373.680275,373.70945,373.72745,373.785675,374.7346,375.6038,375.65485,375.669275,375.689525,375.7101,375.7245,375.735825,375.75655,375.77685,375.7869,375.8005,375.811675,375.83075,375.84775,375.88795,375.90125,375.911175,375.9351,375.953125,375.965225,375.98775,376.0014,376.0104,376.0319,376.068075,376.0736,376.089475,376.1031,376.113225,376.12635,376.17545,376.1811,376.186975,376.2021,376.24375,376.255275,376.273025,376.314025,376.33795,376.364475,376.37855,376.4122,376.430675,376.469825,377.405925,377.423225,377.442775,377.46755,377.4838,377.50445,377.5271,377.54245,377.556925,377.575625,377.600475,377.61635,377.638225,377.664725,377.684825,377.6955,377.702225,377.728625,377.7421,377.76075,377.779425,377.78895,377.82795,377.86095,377.86675,377.8758,377.888375,377.903925,377.913375,377.9247,377.9551,377.979825,377.989525,377.99755,378.012175,378.031825,378.04055,378.052575,378.07965,378.104275,378.11625,378.128525,378.15285,378.169675,378.2018,378.21995,378.244925,378.2769,378.281475,378.3527,378.768625,379.56265,379.59275,379.6072,379.65385,379.667475,379.696825,379.7121,379.74425,379.7584,379.805575,379.84385,379.875875,379.891075,379.90075,379.913575,379.93545,379.947375,379.978325,379.9927,380.0048,380.017825,380.056925,380.066625,380.06855,380.144725,380.16305,380.18055,380.184775,380.1932,380.20495,380.21865,380.246075,380.254925,380.263025,380.26745,380.2715,380.285325,380.298425,380.3318,380.34015,380.355,380.359,380.375,380.38085,380.38985,380.411425,380.429375,380.449625,380.490375,380.50955,380.5279,380.53895,380.555175,380.568975,380.583825,380.607275,380.611075,380.628425,380.63865,380.65145,380.6635,380.683575,380.7065,380.71965,380.729375,380.76665,380.777375,380.7969,380.827175,380.853075,380.866425,380.88075,380.968125,381.0429,382.05145,385.088375,385.1393,385.19845,385.268025,385.324825,385.3842,385.464175,385.54905,385.693,0,0,0,0,0,0,0,0,0,0,0,0,0,0,0,0,0,0,0,0,0,0,0,0,0,0,0,0,0,0,0,0,0,0,0,0,0,0,0,0,0,0,0,0,0,0,0,0,0,0,0,0,0,0,0,0,0,0,0,0,0,0,0,0,0,0,0,0,0,0,0,0,0,0,0,0,0,0,0,0,0,0,0,0,0,0,0,0,0,0,0,0,0,0,0,0,0,0,0,0,0,0,0,0,0,0,0,0,0,0,0,0,0,0,0,0,0,0,0,0,0,0,0,0,0,0,0,0,0,0,0,0,0,0,0,0,0
"61",370.785075,371.68465,372.073375,373.082025,373.213375,373.429025,375.491075,375.9707,376.220425,377.4339,380.07465,380.336625,380.372725,380.637175,0,0,0,0,0,0,0,0,0,0,0,0,0,0,0,0,0,0,0,0,0,0,0,0,0,0,0,0,0,0,0,0,0,0,0,0,0,0,0,0,0,0,0,0,0,0,0,0,0,0,0,0,0,0,0,0,0,0,0,0,0,0,0,0,0,0,0,0,0,0,0,0,0,0,0,0,0,0,0,0,0,0,0,0,0,0,0,0,0,0,0,0,0,0,0,0,0,0,0,0,0,0,0,0,0,0,0,0,0,0,0,0,0,0,0,0,0,0,0,0,0,0,0,0,0,0,0,0,0,0,0,0,0,0,0,0,0,0,0,0,0,0,0,0,0,0,0,0,0,0,0,0,0,0,0,0,0,0,0,0,0,0,0,0,0,0,0,0,0,0,0,0,0,0,0,0,0,0,0,0,0,0,0,0,0,0,0,0,0,0,0,0,0,0,0,0,0,0,0,0,0,0,0,0,0,0,0,0,0,0,0,0,0,0,0,0,0,0,0,0,0,0,0,0,0,0,0,0,0,0,0,0,0,0,0,0,0,0,0,0,0,0,0,0,0,0,0,0,0,0,0,0,0,0,0,0,0,0,0,0,0,0,0,0,0,0,0,0,0,0,0,0,0,0,0,0,0,0,0,0,0,0,0,0,0,0,0,0,0,0,0,0,0,0,0,0,0,0,0,0,0,0,0,0,0,0,0,0,0,0,0,0,0,0,0,0,0,0,0,0,0,0,0,0,0,0,0,0,0,0,0,0,0,0,0,0,0,0,0,0,0,0,0,0,0,0,0,0,0,0,0,0,0,0,0,0,0,0,0,0,0,0,0,0,0,0,0,0,0,0,0,0,0,0,0,0,0,0,0,0,0,0,0,0,0,0,0,0,0,0,0,0,0,0,0,0,0,0,0,0,0,0,0,0,0,0,0,0,0,0,0,0,0,0,0,0,0,0,0,0
"62",371.8998,371.952,371.963825,373.364075,376.141325,376.904375,380.10385,0,0,0,0,0,0,0,0,0,0,0,0,0,0,0,0,0,0,0,0,0,0,0,0,0,0,0,0,0,0,0,0,0,0,0,0,0,0,0,0,0,0,0,0,0,0,0,0,0,0,0,0,0,0,0,0,0,0,0,0,0,0,0,0,0,0,0,0,0,0,0,0,0,0,0,0,0,0,0,0,0,0,0,0,0,0,0,0,0,0,0,0,0,0,0,0,0,0,0,0,0,0,0,0,0,0,0,0,0,0,0,0,0,0,0,0,0,0,0,0,0,0,0,0,0,0,0,0,0,0,0,0,0,0,0,0,0,0,0,0,0,0,0,0,0,0,0,0,0,0,0,0,0,0,0,0,0,0,0,0,0,0,0,0,0,0,0,0,0,0,0,0,0,0,0,0,0,0,0,0,0,0,0,0,0,0,0,0,0,0,0,0,0,0,0,0,0,0,0,0,0,0,0,0,0,0,0,0,0,0,0,0,0,0,0,0,0,0,0,0,0,0,0,0,0,0,0,0,0,0,0,0,0,0,0,0,0,0,0,0,0,0,0,0,0,0,0,0,0,0,0,0,0,0,0,0,0,0,0,0,0,0,0,0,0,0,0,0,0,0,0,0,0,0,0,0,0,0,0,0,0,0,0,0,0,0,0,0,0,0,0,0,0,0,0,0,0,0,0,0,0,0,0,0,0,0,0,0,0,0,0,0,0,0,0,0,0,0,0,0,0,0,0,0,0,0,0,0,0,0,0,0,0,0,0,0,0,0,0,0,0,0,0,0,0,0,0,0,0,0,0,0,0,0,0,0,0,0,0,0,0,0,0,0,0,0,0,0,0,0,0,0,0,0,0,0,0,0,0,0,0,0,0,0,0,0,0,0,0,0,0,0,0,0,0,0,0,0,0,0,0,0,0,0,0,0,0,0,0,0,0,0,0,0,0,0,0,0,0,0,0,0,0,0,0,0,0
"63",360.02995,360.2701,360.46465,360.728575,360.9099,361.021775,361.430725,361.6837,361.822475,361.947125,362.106375,362.296575,362.49145,362.726025,362.898575,363.135575,363.394225,363.667325,363.839325,364.0113,364.18005,364.4618,364.522875,364.700175,364.829275,365.060075,365.26975,365.435125,365.7027,365.90575,366.223275,366.49215,366.798975,367.1102,367.443325,367.957525,368.216525,368.35905,368.602775,368.771925,368.899475,369.191325,369.403725,369.532625,370.128575,370.47,370.490575,370.68585,371.780275,371.842775,371.87,371.892975,371.89775,371.939875,372.02615,372.10635,372.1872,372.989,373.17505,373.2663,373.3283,373.57105,375.823275,375.878825,375.9729,376.0074,376.1046,376.1899,377.61065,377.7748,377.88325,378.036375,378.0873,378.1421,379.682975,379.74265,379.790425,379.845625,379.944475,379.946225,380.000475,380.0257,380.04155,380.2885,380.316175,380.400675,380.403725,380.434325,380.539825,380.703525,381.948475,382.41685,382.6157,384.278225,385.35685,385.459425,385.52175,385.665575,385.9966,395.41115,395.63765,395.99345,396.336575,396.8874,397.329925,397.584775,397.93455,398.31935,0,0,0,0,0,0,0,0,0,0,0,0,0,0,0,0,0,0,0,0,0,0,0,0,0,0,0,0,0,0,0,0,0,0,0,0,0,0,0,0,0,0,0,0,0,0,0,0,0,0,0,0,0,0,0,0,0,0,0,0,0,0,0,0,0,0,0,0,0,0,0,0,0,0,0,0,0,0,0,0,0,0,0,0,0,0,0,0,0,0,0,0,0,0,0,0,0,0,0,0,0,0,0,0,0,0,0,0,0,0,0,0,0,0,0,0,0,0,0,0,0,0,0,0,0,0,0,0,0,0,0,0,0,0,0,0,0,0,0,0,0,0,0,0,0,0,0,0,0,0,0,0,0,0,0,0,0,0,0,0,0,0,0,0,0,0,0,0,0,0,0,0,0,0,0,0,0,0,0,0,0,0,0,0,0,0,0,0,0,0,0,0,0,0,0,0,0,0,0,0,0,0,0,0,0,0,0,0,0,0,0,0,0,0,0,0,0,0,0,0,0,0,0,0,0,0,0,0,0,0,0,0,0,0,0,0,0,0,0,0,0,0,0,0,0,0,0,0,0,0,0,0,0,0,0,0,0,0,0,0,0,0,0,0,0,0,0,0,0,0,0,0,0,0,0,0,0,0,0,0,0,0,0,0,0,0,0,0,0,0,0,0,0,0,0,0,0,0,0,0,0,0,0,0,0,0,0,0,0,0,0,0,0,0,0,0,0,0,0,0,0,0,0,0,0,0
"64",366.207875,366.876625,367.862575,369.896775,370.056725,370.232175,370.459125,370.527675,370.57705,370.68,370.707825,370.74825,370.82715,370.880775,370.935875,370.944175,370.9688,371.008425,371.10115,371.1862,371.28,371.3185,371.3345,371.353475,371.4152,371.497325,371.50645,371.5146,371.53025,371.664325,371.683175,371.692075,371.718925,371.755575,371.785925,371.80065,371.83575,371.906725,371.930525,371.933025,371.9538,371.957175,372.003925,372.04095,372.084825,372.109225,372.193475,372.2591,372.40465,372.433125,372.498675,372.531425,372.603825,372.6377,372.701825,372.75645,372.7972,372.822425,372.8637,372.89535,372.950375,372.9666,373.04315,373.118125,373.176425,373.34135,373.3748,373.861175,373.987275,374.169425,374.265175,374.4398,374.557225,374.60615,374.651475,374.69305,374.76055,374.786575,374.86065,374.985875,375.05525,375.079725,375.2545,375.3228,375.395875,375.4583,375.644225,375.6676,375.74185,375.767975,375.89015,375.9296,375.955775,375.992375,376.01555,376.075375,376.15725,376.185075,376.248275,377.049875,377.2851,377.35795,377.456225,377.4969,377.6986,377.782,378.044925,379.095675,379.5066,379.633175,379.93505,380.225975,380.2379,380.3291,380.437025,380.54605,380.5743,380.615275,380.6889,381.420975,382.222,385.90295,0,0,0,0,0,0,0,0,0,0,0,0,0,0,0,0,0,0,0,0,0,0,0,0,0,0,0,0,0,0,0,0,0,0,0,0,0,0,0,0,0,0,0,0,0,0,0,0,0,0,0,0,0,0,0,0,0,0,0,0,0,0,0,0,0,0,0,0,0,0,0,0,0,0,0,0,0,0,0,0,0,0,0,0,0,0,0,0,0,0,0,0,0,0,0,0,0,0,0,0,0,0,0,0,0,0,0,0,0,0,0,0,0,0,0,0,0,0,0,0,0,0,0,0,0,0,0,0,0,0,0,0,0,0,0,0,0,0,0,0,0,0,0,0,0,0,0,0,0,0,0,0,0,0,0,0,0,0,0,0,0,0,0,0,0,0,0,0,0,0,0,0,0,0,0,0,0,0,0,0,0,0,0,0,0,0,0,0,0,0,0,0,0,0,0,0,0,0,0,0,0,0,0,0,0,0,0,0,0,0,0,0,0,0,0,0,0,0,0,0,0,0,0,0,0,0,0,0,0,0,0,0,0,0,0,0,0,0,0,0,0,0,0,0,0,0,0,0,0,0,0,0,0,0,0,0,0,0,0,0,0,0,0,0,0,0,0,0,0,0,0,0,0,0,0,0,0,0,0,0,0,0,0,0,0,0,0,0,0,0,0,0,0,0,0,0,0,0,0,0,0,0,0,0,0,0,0,0,0,0,0,0
"65",369.610775,369.71845,370.291925,370.553225,370.74735,370.7933,370.94715,370.9543,370.985525,371.074625,371.15015,371.152075,371.177175,371.45055,371.8441,371.923475,371.977725,372.720975,372.727125,372.774475,372.85525,372.8875,372.924825,372.956875,373.087625,373.128025,373.298925,373.30105,373.8125,373.866475,373.999675,374.041,374.0573,374.109325,374.116475,374.128225,374.173525,374.202775,374.237825,374.326225,374.404775,374.4434,374.493,374.5392,374.59055,374.6329,374.687725,374.83645,375.1012,375.1425,375.178675,375.280325,375.3275,375.379875,375.415275,375.626325,375.67425,375.9223,376.11505,376.36255,376.4857,376.5819,376.602825,376.62425,376.666525,376.690475,376.707475,376.830275,376.88875,376.905625,376.961475,377.039375,377.159425,377.17025,377.3635,377.42695,377.447875,377.811225,377.967775,378.153725,378.218625,378.3045,378.333825,378.80645,378.85165,378.9322,379.017825,379.232875,379.2696,379.412625,379.509925,379.594,380.172875,380.2429,380.47525,380.485325,381.03895,381.177625,381.393875,381.58805,381.670975,384.997225,0,0,0,0,0,0,0,0,0,0,0,0,0,0,0,0,0,0,0,0,0,0,0,0,0,0,0,0,0,0,0,0,0,0,0,0,0,0,0,0,0,0,0,0,0,0,0,0,0,0,0,0,0,0,0,0,0,0,0,0,0,0,0,0,0,0,0,0,0,0,0,0,0,0,0,0,0,0,0,0,0,0,0,0,0,0,0,0,0,0,0,0,0,0,0,0,0,0,0,0,0,0,0,0,0,0,0,0,0,0,0,0,0,0,0,0,0,0,0,0,0,0,0,0,0,0,0,0,0,0,0,0,0,0,0,0,0,0,0,0,0,0,0,0,0,0,0,0,0,0,0,0,0,0,0,0,0,0,0,0,0,0,0,0,0,0,0,0,0,0,0,0,0,0,0,0,0,0,0,0,0,0,0,0,0,0,0,0,0,0,0,0,0,0,0,0,0,0,0,0,0,0,0,0,0,0,0,0,0,0,0,0,0,0,0,0,0,0,0,0,0,0,0,0,0,0,0,0,0,0,0,0,0,0,0,0,0,0,0,0,0,0,0,0,0,0,0,0,0,0,0,0,0,0,0,0,0,0,0,0,0,0,0,0,0,0,0,0,0,0,0,0,0,0,0,0,0,0,0,0,0,0,0,0,0,0,0,0,0,0,0,0,0,0,0,0,0,0,0,0,0,0,0,0,0,0,0,0,0,0,0,0,0,0,0,0,0,0,0,0,0,0,0,0,0,0,0,0,0,0,0,0
"66",0,0,0,0,0,0,0,0,0,0,0,0,0,0,0,0,0,0,0,0,0,0,0,0,0,0,0,0,0,0,0,0,0,0,0,0,0,0,0,0,0,0,0,0,0,0,0,0,0,0,0,0,0,0,0,0,0,0,0,0,0,0,0,0,0,0,0,0,0,0,0,0,0,0,0,0,0,0,0,0,0,0,0,0,0,0,0,0,0,0,0,0,0,0,0,0,0,0,0,0,0,0,0,0,0,0,0,0,0,0,0,0,0,0,0,0,0,0,0,0,0,0,0,0,0,0,0,0,0,0,0,0,0,0,0,0,0,0,0,0,0,0,0,0,0,0,0,0,0,0,0,0,0,0,0,0,0,0,0,0,0,0,0,0,0,0,0,0,0,0,0,0,0,0,0,0,0,0,0,0,0,0,0,0,0,0,0,0,0,0,0,0,0,0,0,0,0,0,0,0,0,0,0,0,0,0,0,0,0,0,0,0,0,0,0,0,0,0,0,0,0,0,0,0,0,0,0,0,0,0,0,0,0,0,0,0,0,0,0,0,0,0,0,0,0,0,0,0,0,0,0,0,0,0,0,0,0,0,0,0,0,0,0,0,0,0,0,0,0,0,0,0,0,0,0,0,0,0,0,0,0,0,0,0,0,0,0,0,0,0,0,0,0,0,0,0,0,0,0,0,0,0,0,0,0,0,0,0,0,0,0,0,0,0,0,0,0,0,0,0,0,0,0,0,0,0,0,0,0,0,0,0,0,0,0,0,0,0,0,0,0,0,0,0,0,0,0,0,0,0,0,0,0,0,0,0,0,0,0,0,0,0,0,0,0,0,0,0,0,0,0,0,0,0,0,0,0,0,0,0,0,0,0,0,0,0,0,0,0,0,0,0,0,0,0,0,0,0,0,0,0,0,0,0,0,0,0,0,0,0,0,0,0,0,0,0,0,0,0,0,0,0,0,0,0,0,0,0,0,0,0,0,0,0
"67",371.675125,371.71205,371.75745,371.77065,371.794375,371.818,371.836875,371.86565,371.9026,371.9225,372.039425,372.189075,372.51055,373.191775,373.2242,373.2892,373.358975,373.43025,373.515125,373.7888,373.825425,373.856875,373.922075,374.041575,374.089575,374.190775,374.215425,374.8423,374.87215,374.895025,374.92005,375.0373,376.06705,376.1016,376.3437,376.563425,377.651325,378.468825,378.547425,378.644525,379.953675,380.17875,381.175475,381.2512,381.3403,381.452925,383.031025,383.099825,383.1327,383.255825,383.322575,383.361825,383.439875,383.49005,383.534625,383.582725,383.643575,383.6951,383.796125,383.870675,385.38995,385.632525,385.71365,385.8483,385.959025,0,0,0,0,0,0,0,0,0,0,0,0,0,0,0,0,0,0,0,0,0,0,0,0,0,0,0,0,0,0,0,0,0,0,0,0,0,0,0,0,0,0,0,0,0,0,0,0,0,0,0,0,0,0,0,0,0,0,0,0,0,0,0,0,0,0,0,0,0,0,0,0,0,0,0,0,0,0,0,0,0,0,0,0,0,0,0,0,0,0,0,0,0,0,0,0,0,0,0,0,0,0,0,0,0,0,0,0,0,0,0,0,0,0,0,0,0,0,0,0,0,0,0,0,0,0,0,0,0,0,0,0,0,0,0,0,0,0,0,0,0,0,0,0,0,0,0,0,0,0,0,0,0,0,0,0,0,0,0,0,0,0,0,0,0,0,0,0,0,0,0,0,0,0,0,0,0,0,0,0,0,0,0,0,0,0,0,0,0,0,0,0,0,0,0,0,0,0,0,0,0,0,0,0,0,0,0,0,0,0,0,0,0,0,0,0,0,0,0,0,0,0,0,0,0,0,0,0,0,0,0,0,0,0,0,0,0,0,0,0,0,0,0,0,0,0,0,0,0,0,0,0,0,0,0,0,0,0,0,0,0,0,0,0,0,0,0,0,0,0,0,0,0,0,0,0,0,0,0,0,0,0,0,0,0,0,0,0,0,0,0,0,0,0,0,0,0,0,0,0,0,0,0,0,0,0,0,0,0,0,0,0,0,0,0,0,0,0,0,0,0,0,0,0,0,0,0,0,0,0,0,0,0,0,0,0,0,0,0,0,0,0,0,0,0,0,0,0,0,0,0,0,0,0,0,0,0,0,0,0,0,0,0,0,0,0,0,0,0
"68",369.9806,370.100675,370.19695,370.4294,370.51865,370.620625,370.77325,370.941075,371.036,371.151075,371.21365,371.2519,371.277225,371.31155,371.34295,371.357475,371.3981,371.4235,371.4497,371.483825,371.503925,371.5273,371.592525,371.6176,371.63955,371.6871,371.730125,371.736825,371.830175,371.924675,371.958225,372.0031,372.028675,372.05625,372.06885,372.111175,372.20545,372.241875,372.289725,372.360775,372.4208,372.46185,372.5087,372.552375,372.6835,372.719875,372.872125,372.9403,373.017525,373.072025,373.119125,373.424875,373.509075,373.92425,374.20115,374.358225,374.616525,374.959075,375.107075,375.188675,375.2633,375.38445,375.428325,375.480025,375.50705,375.551875,375.645175,375.71815,375.7504,375.7796,375.809675,375.828825,375.87325,375.9157,375.959325,376.004075,376.022375,376.04565,376.110425,376.144625,376.22265,376.6134,376.693625,376.72775,376.761675,376.822625,376.862725,376.933375,376.9544,376.9995,377.07455,377.1872,377.4645,377.615325,377.7295,377.792225,377.839425,377.8958,377.905125,378.06185,378.44795,378.6062,378.7637,378.85455,379.08345,379.175375,379.273625,379.4552,379.516275,379.759975,379.848275,379.912475,380.1114,380.1518,380.203525,380.28785,380.4821,380.964125,381.023425,381.126175,381.20195,381.2394,381.329025,381.3837,381.460725,381.528825,381.579,381.652375,381.7198,381.835775,381.9036,382.04,382.11315,382.182825,382.2752,382.4714,382.880175,382.9534,383.16175,383.23695,383.327075,383.42145,383.520575,383.648875,383.718725,383.76315,383.824775,383.8668,383.91405,383.969875,384.03445,384.110275,384.18255,384.2611,384.42405,384.59245,385.0988,385.36035,385.425375,385.56875,385.717275,385.815375,385.856025,386.068975,386.1743,386.30225,386.404025,386.777475,387.785925,0,0,0,0,0,0,0,0,0,0,0,0,0,0,0,0,0,0,0,0,0,0,0,0,0,0,0,0,0,0,0,0,0,0,0,0,0,0,0,0,0,0,0,0,0,0,0,0,0,0,0,0,0,0,0,0,0,0,0,0,0,0,0,0,0,0,0,0,0,0,0,0,0,0,0,0,0,0,0,0,0,0,0,0,0,0,0,0,0,0,0,0,0,0,0,0,0,0,0,0,0,0,0,0,0,0,0,0,0,0,0,0,0,0,0,0,0,0,0,0,0,0,0,0,0,0,0,0,0,0,0,0,0,0,0,0,0,0,0,0,0,0,0,0,0,0,0,0,0,0,0,0,0,0,0,0,0,0,0,0,0,0,0,0,0,0,0,0,0,0,0,0,0,0,0,0,0,0,0,0,0,0,0,0,0,0,0,0,0,0,0,0,0,0,0,0,0,0,0,0,0,0,0,0,0,0,0,0,0,0,0,0,0,0,0,0,0,0,0,0,0,0,0,0,0,0,0,0,0,0,0,0,0,0,0,0,0,0,0,0,0,0,0,0,0,0,0,0,0,0,0,0,0,0,0,0,0,0,0,0,0,0,0,0,0
"69",369.53165,370.008275,370.024225,370.1287,370.15335,370.2353,370.27415,370.30585,370.3426,370.4124,370.46865,370.53025,370.79465,371.5081,371.581025,371.693975,371.7093,371.862125,371.950525,371.9779,372.46065,372.53535,372.601,372.71595,372.801375,372.8542,372.910775,372.99165,373.062975,373.14305,373.1642,373.2049,373.336525,373.390725,373.405275,373.426475,373.47135,373.49175,373.519875,373.5588,373.58145,373.640425,373.669175,373.685825,373.7468,373.7918,373.87005,373.92975,373.990725,374.095475,374.116475,374.2867,374.4376,374.48595,374.516875,374.568325,374.639275,374.687275,374.765625,374.942675,375.0836,375.10275,375.26765,375.322025,375.347425,375.550375,375.569525,375.74655,375.759975,375.791275,375.81615,375.86445,375.935425,375.958375,375.98855,376.040375,376.0933,376.167125,376.31985,376.487925,376.540125,376.625025,376.66735,376.7707,376.78435,376.82845,376.954525,376.989,377.263975,377.34845,377.36785,377.412175,377.481425,377.518675,377.549425,377.598975,377.672175,377.702275,377.7674,377.796875,377.8324,377.86795,377.9369,377.97065,378.026725,378.0677,378.0808,378.12175,378.1489,378.1683,378.20335,378.2543,378.3228,378.368875,378.445125,378.530175,378.690175,378.73,378.770075,378.833475,378.91835,378.97165,379.055625,379.0882,379.148575,379.23755,379.27,379.309675,379.360475,379.469325,379.5543,379.73465,379.825375,379.877625,379.980875,380.05,380.0709,380.139375,380.1993,380.340825,380.425275,380.461325,380.4834,380.53165,380.5524,380.584975,380.598075,380.69325,380.732225,380.7838,380.98695,381.203775,381.42245,381.547225,381.57515,381.6902,381.76455,381.9796,382.220425,382.350925,382.55705,382.8101,384.303375,384.513225,384.7322,385.4436,385.68845,385.856975,386.025325,386.33965,386.526325,386.841875,387.0505,0,0,0,0,0,0,0,0,0,0,0,0,0,0,0,0,0,0,0,0,0,0,0,0,0,0,0,0,0,0,0,0,0,0,0,0,0,0,0,0,0,0,0,0,0,0,0,0,0,0,0,0,0,0,0,0,0,0,0,0,0,0,0,0,0,0,0,0,0,0,0,0,0,0,0,0,0,0,0,0,0,0,0,0,0,0,0,0,0,0,0,0,0,0,0,0,0,0,0,0,0,0,0,0,0,0,0,0,0,0,0,0,0,0,0,0,0,0,0,0,0,0,0,0,0,0,0,0,0,0,0,0,0,0,0,0,0,0,0,0,0,0,0,0,0,0,0,0,0,0,0,0,0,0,0,0,0,0,0,0,0,0,0,0,0,0,0,0,0,0,0,0,0,0,0,0,0,0,0,0,0,0,0,0,0,0,0,0,0,0,0,0,0,0,0,0,0,0,0,0,0,0,0,0,0,0,0,0,0,0,0,0,0,0,0,0,0,0,0,0,0,0,0,0,0,0,0,0,0,0,0,0,0,0,0,0,0,0,0,0,0,0,0,0,0,0,0,0,0,0,0,0,0,0,0,0,0,0,0,0,0
"70",370.1767,370.30095,370.344875,370.449175,370.48885,370.5336,371.2054,373.319875,374.327725,374.459675,375.3093,375.3559,375.54955,376.846225,377.00485,377.174975,379.07555,379.104975,379.1806,379.264025,379.33325,382.056725,382.16315,382.22235,384.051825,384.159725,384.310075,384.4252,384.524025,0,0,0,0,0,0,0,0,0,0,0,0,0,0,0,0,0,0,0,0,0,0,0,0,0,0,0,0,0,0,0,0,0,0,0,0,0,0,0,0,0,0,0,0,0,0,0,0,0,0,0,0,0,0,0,0,0,0,0,0,0,0,0,0,0,0,0,0,0,0,0,0,0,0,0,0,0,0,0,0,0,0,0,0,0,0,0,0,0,0,0,0,0,0,0,0,0,0,0,0,0,0,0,0,0,0,0,0,0,0,0,0,0,0,0,0,0,0,0,0,0,0,0,0,0,0,0,0,0,0,0,0,0,0,0,0,0,0,0,0,0,0,0,0,0,0,0,0,0,0,0,0,0,0,0,0,0,0,0,0,0,0,0,0,0,0,0,0,0,0,0,0,0,0,0,0,0,0,0,0,0,0,0,0,0,0,0,0,0,0,0,0,0,0,0,0,0,0,0,0,0,0,0,0,0,0,0,0,0,0,0,0,0,0,0,0,0,0,0,0,0,0,0,0,0,0,0,0,0,0,0,0,0,0,0,0,0,0,0,0,0,0,0,0,0,0,0,0,0,0,0,0,0,0,0,0,0,0,0,0,0,0,0,0,0,0,0,0,0,0,0,0,0,0,0,0,0,0,0,0,0,0,0,0,0,0,0,0,0,0,0,0,0,0,0,0,0,0,0,0,0,0,0,0,0,0,0,0,0,0,0,0,0,0,0,0,0,0,0,0,0,0,0,0,0,0,0,0,0,0,0,0,0,0,0,0,0,0,0,0,0,0,0,0,0,0,0,0,0,0,0,0,0,0,0,0,0,0,0,0,0,0,0,0,0,0,0,0,0,0,0,0,0,0,0,0,0,0,0,0,0,0,0,0,0,0,0,0,0,0,0,0,0,0,0,0,0,0,0,0,0,0,0,0,0
"71",376.47045,376.776125,376.833575,376.883075,376.947175,376.977525,377.02915,377.128725,378.237575,379.0965,380.635,380.6785,380.7915,381.43665,381.5494,381.79735,381.895725,382.0832,0,0,0,0,0,0,0,0,0,0,0,0,0,0,0,0,0,0,0,0,0,0,0,0,0,0,0,0,0,0,0,0,0,0,0,0,0,0,0,0,0,0,0,0,0,0,0,0,0,0,0,0,0,0,0,0,0,0,0,0,0,0,0,0,0,0,0,0,0,0,0,0,0,0,0,0,0,0,0,0,0,0,0,0,0,0,0,0,0,0,0,0,0,0,0,0,0,0,0,0,0,0,0,0,0,0,0,0,0,0,0,0,0,0,0,0,0,0,0,0,0,0,0,0,0,0,0,0,0,0,0,0,0,0,0,0,0,0,0,0,0,0,0,0,0,0,0,0,0,0,0,0,0,0,0,0,0,0,0,0,0,0,0,0,0,0,0,0,0,0,0,0,0,0,0,0,0,0,0,0,0,0,0,0,0,0,0,0,0,0,0,0,0,0,0,0,0,0,0,0,0,0,0,0,0,0,0,0,0,0,0,0,0,0,0,0,0,0,0,0,0,0,0,0,0,0,0,0,0,0,0,0,0,0,0,0,0,0,0,0,0,0,0,0,0,0,0,0,0,0,0,0,0,0,0,0,0,0,0,0,0,0,0,0,0,0,0,0,0,0,0,0,0,0,0,0,0,0,0,0,0,0,0,0,0,0,0,0,0,0,0,0,0,0,0,0,0,0,0,0,0,0,0,0,0,0,0,0,0,0,0,0,0,0,0,0,0,0,0,0,0,0,0,0,0,0,0,0,0,0,0,0,0,0,0,0,0,0,0,0,0,0,0,0,0,0,0,0,0,0,0,0,0,0,0,0,0,0,0,0,0,0,0,0,0,0,0,0,0,0,0,0,0,0,0,0,0,0,0,0,0,0,0,0,0,0,0,0,0,0,0,0,0,0,0,0,0,0,0,0,0,0,0,0,0,0,0,0,0,0,0,0,0,0,0,0
"72",369.832075,370.90825,371.997675,0,0,0,0,0,0,0,0,0,0,0,0,0,0,0,0,0,0,0,0,0,0,0,0,0,0,0,0,0,0,0,0,0,0,0,0,0,0,0,0,0,0,0,0,0,0,0,0,0,0,0,0,0,0,0,0,0,0,0,0,0,0,0,0,0,0,0,0,0,0,0,0,0,0,0,0,0,0,0,0,0,0,0,0,0,0,0,0,0,0,0,0,0,0,0,0,0,0,0,0,0,0,0,0,0,0,0,0,0,0,0,0,0,0,0,0,0,0,0,0,0,0,0,0,0,0,0,0,0,0,0,0,0,0,0,0,0,0,0,0,0,0,0,0,0,0,0,0,0,0,0,0,0,0,0,0,0,0,0,0,0,0,0,0,0,0,0,0,0,0,0,0,0,0,0,0,0,0,0,0,0,0,0,0,0,0,0,0,0,0,0,0,0,0,0,0,0,0,0,0,0,0,0,0,0,0,0,0,0,0,0,0,0,0,0,0,0,0,0,0,0,0,0,0,0,0,0,0,0,0,0,0,0,0,0,0,0,0,0,0,0,0,0,0,0,0,0,0,0,0,0,0,0,0,0,0,0,0,0,0,0,0,0,0,0,0,0,0,0,0,0,0,0,0,0,0,0,0,0,0,0,0,0,0,0,0,0,0,0,0,0,0,0,0,0,0,0,0,0,0,0,0,0,0,0,0,0,0,0,0,0,0,0,0,0,0,0,0,0,0,0,0,0,0,0,0,0,0,0,0,0,0,0,0,0,0,0,0,0,0,0,0,0,0,0,0,0,0,0,0,0,0,0,0,0,0,0,0,0,0,0,0,0,0,0,0,0,0,0,0,0,0,0,0,0,0,0,0,0,0,0,0,0,0,0,0,0,0,0,0,0,0,0,0,0,0,0,0,0,0,0,0,0,0,0,0,0,0,0,0,0,0,0,0,0,0,0,0,0,0,0,0,0,0,0,0,0,0,0,0,0
"73",370.110425,370.169875,370.231325,370.353425,0,0,0,0,0,0,0,0,0,0,0,0,0,0,0,0,0,0,0,0,0,0,0,0,0,0,0,0,0,0,0,0,0,0,0,0,0,0,0,0,0,0,0,0,0,0,0,0,0,0,0,0,0,0,0,0,0,0,0,0,0,0,0,0,0,0,0,0,0,0,0,0,0,0,0,0,0,0,0,0,0,0,0,0,0,0,0,0,0,0,0,0,0,0,0,0,0,0,0,0,0,0,0,0,0,0,0,0,0,0,0,0,0,0,0,0,0,0,0,0,0,0,0,0,0,0,0,0,0,0,0,0,0,0,0,0,0,0,0,0,0,0,0,0,0,0,0,0,0,0,0,0,0,0,0,0,0,0,0,0,0,0,0,0,0,0,0,0,0,0,0,0,0,0,0,0,0,0,0,0,0,0,0,0,0,0,0,0,0,0,0,0,0,0,0,0,0,0,0,0,0,0,0,0,0,0,0,0,0,0,0,0,0,0,0,0,0,0,0,0,0,0,0,0,0,0,0,0,0,0,0,0,0,0,0,0,0,0,0,0,0,0,0,0,0,0,0,0,0,0,0,0,0,0,0,0,0,0,0,0,0,0,0,0,0,0,0,0,0,0,0,0,0,0,0,0,0,0,0,0,0,0,0,0,0,0,0,0,0,0,0,0,0,0,0,0,0,0,0,0,0,0,0,0,0,0,0,0,0,0,0,0,0,0,0,0,0,0,0,0,0,0,0,0,0,0,0,0,0,0,0,0,0,0,0,0,0,0,0,0,0,0,0,0,0,0,0,0,0,0,0,0,0,0,0,0,0,0,0,0,0,0,0,0,0,0,0,0,0,0,0,0,0,0,0,0,0,0,0,0,0,0,0,0,0,0,0,0,0,0,0,0,0,0,0,0,0,0,0,0,0,0,0,0,0,0,0,0,0,0,0,0,0,0,0,0,0,0,0,0,0,0,0,0,0,0,0,0,0,0
"74",370.251075,371.632675,371.7109,371.7708,371.79675,371.79965,371.86995,371.901725,371.938475,371.99315,372.0676,372.775025,373.116725,373.139925,373.1529,373.222375,373.250425,373.2723,373.304525,373.4155,373.54045,375.75565,375.801675,375.856025,376.041575,376.2041,376.259775,377.6186,377.67935,377.760425,377.8135,377.85955,377.95605,377.992,378.172975,379.8094,379.95565,379.985475,380.05335,380.073625,380.0907,380.12925,380.160125,380.19815,380.213925,380.2289,380.28695,380.45755,380.5294,380.6001,380.632225,0,0,0,0,0,0,0,0,0,0,0,0,0,0,0,0,0,0,0,0,0,0,0,0,0,0,0,0,0,0,0,0,0,0,0,0,0,0,0,0,0,0,0,0,0,0,0,0,0,0,0,0,0,0,0,0,0,0,0,0,0,0,0,0,0,0,0,0,0,0,0,0,0,0,0,0,0,0,0,0,0,0,0,0,0,0,0,0,0,0,0,0,0,0,0,0,0,0,0,0,0,0,0,0,0,0,0,0,0,0,0,0,0,0,0,0,0,0,0,0,0,0,0,0,0,0,0,0,0,0,0,0,0,0,0,0,0,0,0,0,0,0,0,0,0,0,0,0,0,0,0,0,0,0,0,0,0,0,0,0,0,0,0,0,0,0,0,0,0,0,0,0,0,0,0,0,0,0,0,0,0,0,0,0,0,0,0,0,0,0,0,0,0,0,0,0,0,0,0,0,0,0,0,0,0,0,0,0,0,0,0,0,0,0,0,0,0,0,0,0,0,0,0,0,0,0,0,0,0,0,0,0,0,0,0,0,0,0,0,0,0,0,0,0,0,0,0,0,0,0,0,0,0,0,0,0,0,0,0,0,0,0,0,0,0,0,0,0,0,0,0,0,0,0,0,0,0,0,0,0,0,0,0,0,0,0,0,0,0,0,0,0,0,0,0,0,0,0,0,0,0,0,0,0,0,0,0,0,0,0,0,0,0,0,0,0,0,0,0,0,0,0,0,0,0,0,0,0,0,0,0,0,0,0,0,0,0,0,0,0,0,0,0,0,0,0,0,0,0,0,0,0,0,0,0,0,0,0,0,0,0,0,0,0,0,0,0,0,0,0,0,0,0,0,0,0,0,0,0,0,0,0,0
"75",369.876925,370.037025,370.066675,370.0863,370.0889,370.094625,370.1013,370.115725,370.12455,370.169575,370.243325,370.26005,370.26265,370.272775,370.36385,370.38085,370.443975,370.455,370.465375,370.4965,370.513425,370.5353,370.580475,370.620325,370.645975,370.93235,370.97715,370.97865,371.00985,371.0267,371.304825,371.587375,371.6452,371.722925,371.725,371.742225,371.77,371.7842,371.8125,371.839925,371.9398,371.946575,371.948325,371.98695,372.05145,372.149575,372.155025,372.1821,372.193475,372.2669,372.32325,372.342925,372.40355,372.4116,372.4379,372.448775,372.592475,372.601325,372.63815,372.69535,372.77635,372.8373,372.8694,373.0138,373.056925,373.1502,373.152,373.166525,373.23215,373.2505,373.319075,373.3773,373.378725,373.3828,373.4188,373.420775,373.438025,373.48315,373.50405,373.508775,373.5156,373.58955,373.664575,373.7056,373.7068,373.743925,373.769275,373.8396,373.89075,373.9591,373.992075,374.01465,374.050575,374.07065,374.07215,374.10945,374.144175,374.18345,374.20215,374.220625,374.225925,374.25745,374.2828,374.308475,374.34955,374.375075,374.39985,374.421625,374.481825,374.4924,374.5118,374.613775,374.615975,374.6492,374.6869,374.73445,374.765675,374.881125,374.884825,374.906625,374.9441,375.01515,375.080475,375.11375,375.157675,375.1828,375.22385,375.234925,375.271875,375.276525,375.30875,375.3235,375.337475,375.352975,375.376625,375.409425,375.440925,375.5058,375.56245,375.5643,375.6509,375.71815,375.809025,375.832825,375.86135,375.8797,375.920475,375.97445,375.97965,375.991925,375.998825,376.04605,376.09175,376.127075,376.137575,376.18685,376.197525,376.21015,376.252075,376.2545,376.265025,376.386125,376.414675,376.441225,376.474125,376.504925,376.56865,376.6159,376.654325,376.686675,376.736625,376.747075,376.79855,376.80155,376.805725,376.810175,376.824375,376.8489,376.898975,376.917725,376.929625,376.97005,377.016875,377.018825,377.02085,377.055625,377.05785,377.09265,377.10375,377.132075,377.1626,377.195225,377.204975,377.275025,377.5091,377.688775,377.727875,377.7409,377.79195,377.91215,377.922975,377.966275,377.97185,378.017075,378.055175,378.059525,378.06665,378.1206,378.13485,378.164775,378.169925,378.171375,378.19505,378.298725,378.328275,378.335025,378.39935,378.45655,378.494275,378.49825,378.5161,378.54975,378.571425,378.609825,378.644425,378.700175,378.74575,378.814775,378.8625,378.904175,378.959875,378.966125,378.990975,379.011225,379.017725,379.036475,379.0627,379.065175,379.099,379.14645,379.151475,379.20005,379.23805,379.246225,379.26015,379.275925,379.3138,379.34675,379.37605,379.4532,379.689675,379.7305,379.74695,379.821425,379.86385,379.923475,379.95565,380.041425,380.17315,380.18135,380.212675,380.24265,380.27125,380.29235,380.408625,380.413625,380.481575,380.529575,380.57815,380.61535,380.660075,380.84685,380.916,380.9848,381.070075,381.15375,381.220125,381.26585,381.356875,381.392825,381.435875,381.47465,381.55975,381.6213,381.6665,381.705725,381.71605,381.74885,381.76325,381.8355,381.8787,381.880275,381.922525,381.97885,382.04145,382.075025,382.106375,382.1694,382.177575,382.2413,382.290325,382.363375,382.44835,382.526075,383.1262,383.32415,383.850525,0,0,0,0,0,0,0,0,0,0,0,0,0,0,0,0,0,0,0,0,0,0,0,0,0,0,0,0,0,0,0,0,0,0,0,0,0,0,0,0,0,0,0,0,0,0,0,0,0,0,0,0,0,0,0,0,0,0,0,0,0,0,0,0,0,0,0,0,0,0,0,0,0,0,0,0,0,0,0,0,0,0,0,0,0,0,0,0,0,0,0,0,0,0,0,0,0,0,0,0,0,0,0,0,0,0,0,0,0,0,0,0,0,0,0,0,0,0,0,0,0,0,0,0,0,0,0
"76",360.09635,360.248275,360.4177,360.763325,360.866975,361.09015,361.2198,361.286875,361.3957,361.508125,366.51225,366.855325,367.417125,368.0076,368.8223,368.9924,369.46125,369.567825,369.609675,369.628375,369.674125,369.7037,369.72275,369.74715,369.7709,369.809975,369.828225,369.8465,369.8656,369.88195,369.905725,369.92185,369.93975,369.95315,369.97045,369.9822,369.9978,370.0156,370.02465,370.0512,370.07955,370.13235,370.156125,370.17255,370.204675,370.22965,370.24905,370.273275,370.33365,370.34925,370.3632,370.36935,370.411675,370.4385,370.503675,370.52025,370.554275,370.555425,370.57565,370.64255,370.6583,370.700275,370.722575,370.74145,370.762175,370.77615,370.806,370.84885,370.911725,370.9855,371.1999,371.23515,371.24695,371.2653,371.2741,371.334075,371.36395,371.36905,371.40015,371.448375,371.4705,371.566575,371.670625,371.698325,371.715875,371.779325,371.791975,371.832125,372.008125,372.0594,372.11625,372.14655,372.18035,372.246,372.616125,372.633875,372.704925,372.898475,373.149325,373.263175,373.414975,373.434725,373.4365,373.52895,373.6139,373.79945,373.855625,373.976925,374.247375,374.312675,374.321575,374.454125,374.543575,374.62755,374.698225,374.8242,374.878425,374.95085,374.989525,374.992575,375.0089,375.03775,375.0986,375.135325,375.24575,375.30215,375.692525,375.79655,375.9053,376.06835,376.098875,376.903275,377.364525,377.4597,377.827525,377.930075,378.3938,378.970225,379.17145,379.7936,379.87495,379.9173,379.93125,380.339475,380.3958,381.373525,382.628025,0,0,0,0,0,0,0,0,0,0,0,0,0,0,0,0,0,0,0,0,0,0,0,0,0,0,0,0,0,0,0,0,0,0,0,0,0,0,0,0,0,0,0,0,0,0,0,0,0,0,0,0,0,0,0,0,0,0,0,0,0,0,0,0,0,0,0,0,0,0,0,0,0,0,0,0,0,0,0,0,0,0,0,0,0,0,0,0,0,0,0,0,0,0,0,0,0,0,0,0,0,0,0,0,0,0,0,0,0,0,0,0,0,0,0,0,0,0,0,0,0,0,0,0,0,0,0,0,0,0,0,0,0,0,0,0,0,0,0,0,0,0,0,0,0,0,0,0,0,0,0,0,0,0,0,0,0,0,0,0,0,0,0,0,0,0,0,0,0,0,0,0,0,0,0,0,0,0,0,0,0,0,0,0,0,0,0,0,0,0,0,0,0,0,0,0,0,0,0,0,0,0,0,0,0,0,0,0,0,0,0,0,0,0,0,0,0,0,0,0,0,0,0,0,0,0,0,0,0,0,0,0,0,0,0,0,0,0,0,0,0,0,0,0,0,0,0,0,0,0,0,0,0,0,0,0,0,0,0,0,0,0,0,0,0,0,0,0,0,0,0,0,0,0,0,0,0,0,0,0,0,0,0,0,0,0,0
"77",369.581325,369.6443,369.69475,369.762,369.891175,369.995175,370.11035,370.20885,370.29755,370.3354,370.377175,370.463175,370.633475,370.719225,370.79375,370.857375,370.9407,371.01525,371.034325,371.043375,371.10745,371.132925,371.151575,371.205525,371.270675,371.3398,371.811075,371.855275,371.970275,372.0339,372.086425,372.1758,372.435675,372.456675,372.481025,372.5578,372.700475,372.71135,372.75105,372.851125,373.361275,373.44955,373.69285,373.975425,373.980725,374.118575,374.20025,374.40285,374.651075,374.71825,374.7667,374.81155,374.875525,374.95385,374.97725,375.058675,375.15195,375.28445,375.5548,375.9824,376.19595,376.26795,376.93155,377.0855,377.268725,377.8762,377.956325,379.03035,380.4426,380.51615,380.879675,380.977,381.386575,382.304425,383.188175,0,0,0,0,0,0,0,0,0,0,0,0,0,0,0,0,0,0,0,0,0,0,0,0,0,0,0,0,0,0,0,0,0,0,0,0,0,0,0,0,0,0,0,0,0,0,0,0,0,0,0,0,0,0,0,0,0,0,0,0,0,0,0,0,0,0,0,0,0,0,0,0,0,0,0,0,0,0,0,0,0,0,0,0,0,0,0,0,0,0,0,0,0,0,0,0,0,0,0,0,0,0,0,0,0,0,0,0,0,0,0,0,0,0,0,0,0,0,0,0,0,0,0,0,0,0,0,0,0,0,0,0,0,0,0,0,0,0,0,0,0,0,0,0,0,0,0,0,0,0,0,0,0,0,0,0,0,0,0,0,0,0,0,0,0,0,0,0,0,0,0,0,0,0,0,0,0,0,0,0,0,0,0,0,0,0,0,0,0,0,0,0,0,0,0,0,0,0,0,0,0,0,0,0,0,0,0,0,0,0,0,0,0,0,0,0,0,0,0,0,0,0,0,0,0,0,0,0,0,0,0,0,0,0,0,0,0,0,0,0,0,0,0,0,0,0,0,0,0,0,0,0,0,0,0,0,0,0,0,0,0,0,0,0,0,0,0,0,0,0,0,0,0,0,0,0,0,0,0,0,0,0,0,0,0,0,0,0,0,0,0,0,0,0,0,0,0,0,0,0,0,0,0,0,0,0,0,0,0,0,0,0,0,0,0,0,0,0,0,0,0,0,0,0,0,0,0,0,0,0,0,0,0,0,0,0,0,0,0,0,0,0,0,0,0,0,0,0,0,0,0,0,0,0,0,0,0,0,0
"78",369.579825,369.9692,370.061925,370.19015,370.39325,370.50775,370.52825,370.5479,370.57185,370.621775,370.66875,370.72795,370.796,370.818775,370.836625,370.870625,370.922375,370.935025,370.9387,370.945325,371.001475,371.013875,371.031575,371.03655,371.04085,371.0717,371.100025,371.109275,371.14405,371.173,371.186725,371.21295,371.243,371.250075,371.2644,371.268625,371.2721,371.290725,371.296175,371.309825,371.32645,371.34975,371.393725,371.402225,371.426675,371.454725,371.47395,371.5016,371.509575,371.523375,371.594575,371.609975,371.6384,371.649,371.681975,371.709275,371.7273,371.757925,371.772575,371.79875,371.81685,371.832975,371.872275,371.93375,371.949325,371.951775,372.039925,372.1501,372.380225,372.483075,372.5014,372.521475,372.6211,372.66325,372.704025,372.718925,372.73395,372.75705,372.7677,372.8046,372.8958,372.91985,372.9503,373.0387,373.1028,373.13335,373.142725,373.200575,373.286575,373.317925,373.33495,373.369175,373.41185,373.47825,373.495025,373.6336,373.6682,373.738,373.81645,373.846175,373.88175,373.910225,373.942625,373.97815,374.03845,374.208575,374.2584,374.328975,374.38055,374.38475,374.449475,374.451,374.48875,374.5135,374.5316,374.6115,374.637775,374.708375,374.761425,374.78345,374.788875,374.7905,374.896925,374.908225,374.9641,374.994075,375.014325,375.088025,375.132125,375.13835,375.1428,375.17135,375.237125,375.2402,375.393525,375.397425,375.413525,375.41775,375.444025,375.499175,375.518525,375.531525,375.536825,375.5999,375.618825,375.6839,375.7127,375.732475,375.7823,375.829325,375.886375,375.978025,376.011225,376.030625,376.050225,376.070775,376.09275,376.1635,376.221125,376.24035,376.254775,376.311,376.41965,376.46545,376.8702,376.993725,377.0439,377.120775,377.173925,377.17725,377.427675,377.451575,377.5254,377.552725,377.5741,377.6283,377.698375,377.7513,377.75775,377.807975,377.8545,377.917775,377.9191,378.012525,378.1229,378.145475,378.69495,378.74755,378.82575,378.907325,379.22265,379.285525,379.378575,379.402125,379.410125,379.512725,379.58125,379.6214,379.68055,379.723525,379.803475,379.90235,380.000825,380.121175,380.1662,380.19295,380.23335,380.342075,380.361025,380.4464,380.448575,380.484575,380.5633,380.606075,380.731,380.95765,381.140325,381.43225,381.822025,381.8798,381.9949,382.216425,382.269325,382.772575,382.882575,382.95905,383.072775,383.186175,383.304925,383.398675,383.53895,383.7803,384.75465,384.92065,385.482125,385.70635,386.215125,0,0,0,0,0,0,0,0,0,0,0,0,0,0,0,0,0,0,0,0,0,0,0,0,0,0,0,0,0,0,0,0,0,0,0,0,0,0,0,0,0,0,0,0,0,0,0,0,0,0,0,0,0,0,0,0,0,0,0,0,0,0,0,0,0,0,0,0,0,0,0,0,0,0,0,0,0,0,0,0,0,0,0,0,0,0,0,0,0,0,0,0,0,0,0,0,0,0,0,0,0,0,0,0,0,0,0,0,0,0,0,0,0,0,0,0,0,0,0,0,0,0,0,0,0,0,0,0,0,0,0,0,0,0,0,0,0,0,0,0,0,0,0,0,0,0,0,0,0,0,0,0,0,0,0,0,0,0,0,0,0,0,0,0,0,0,0,0,0,0,0,0,0,0,0,0,0,0,0,0,0,0,0,0,0,0,0,0,0,0,0,0,0,0,0,0,0
"79",370.45295,371.1174,371.179575,371.1993,371.23805,371.27325,371.3302,371.383775,371.414225,372.0458,372.07565,372.582325,373.3808,375.380525,377.056725,377.958525,0,0,0,0,0,0,0,0,0,0,0,0,0,0,0,0,0,0,0,0,0,0,0,0,0,0,0,0,0,0,0,0,0,0,0,0,0,0,0,0,0,0,0,0,0,0,0,0,0,0,0,0,0,0,0,0,0,0,0,0,0,0,0,0,0,0,0,0,0,0,0,0,0,0,0,0,0,0,0,0,0,0,0,0,0,0,0,0,0,0,0,0,0,0,0,0,0,0,0,0,0,0,0,0,0,0,0,0,0,0,0,0,0,0,0,0,0,0,0,0,0,0,0,0,0,0,0,0,0,0,0,0,0,0,0,0,0,0,0,0,0,0,0,0,0,0,0,0,0,0,0,0,0,0,0,0,0,0,0,0,0,0,0,0,0,0,0,0,0,0,0,0,0,0,0,0,0,0,0,0,0,0,0,0,0,0,0,0,0,0,0,0,0,0,0,0,0,0,0,0,0,0,0,0,0,0,0,0,0,0,0,0,0,0,0,0,0,0,0,0,0,0,0,0,0,0,0,0,0,0,0,0,0,0,0,0,0,0,0,0,0,0,0,0,0,0,0,0,0,0,0,0,0,0,0,0,0,0,0,0,0,0,0,0,0,0,0,0,0,0,0,0,0,0,0,0,0,0,0,0,0,0,0,0,0,0,0,0,0,0,0,0,0,0,0,0,0,0,0,0,0,0,0,0,0,0,0,0,0,0,0,0,0,0,0,0,0,0,0,0,0,0,0,0,0,0,0,0,0,0,0,0,0,0,0,0,0,0,0,0,0,0,0,0,0,0,0,0,0,0,0,0,0,0,0,0,0,0,0,0,0,0,0,0,0,0,0,0,0,0,0,0,0,0,0,0,0,0,0,0,0,0,0,0,0,0,0,0,0,0,0,0,0,0,0,0,0,0,0,0,0,0,0,0,0,0,0,0,0,0,0,0,0,0,0,0,0,0
"80",370.0987,370.450925,370.517675,370.97565,371.089775,371.348325,371.395725,371.398875,371.531425,371.533375,371.615175,371.701625,371.720875,371.744425,371.8104,371.847775,371.909525,371.927625,371.932375,371.944225,371.96375,372.0284,372.0898,372.284925,372.354775,372.43615,372.549625,372.665375,372.753525,372.793,372.815075,372.96655,373.11095,373.173,373.1807,373.193525,373.2524,373.346825,373.371,373.4474,373.51725,373.558875,373.74095,374.13385,374.24655,374.29175,374.419425,374.5394,374.608125,374.636225,375.14145,375.28875,375.351075,375.674175,375.724325,375.757125,375.88425,375.941225,376.178125,376.381075,376.7327,377.06495,377.241975,377.47085,377.6233,378.504325,378.5851,378.648625,378.666775,378.786825,379.2483,379.293475,379.2987,380.2115,380.7166,380.880675,381.027375,381.108975,381.3456,381.502225,381.8761,382.087825,383.55465,0,0,0,0,0,0,0,0,0,0,0,0,0,0,0,0,0,0,0,0,0,0,0,0,0,0,0,0,0,0,0,0,0,0,0,0,0,0,0,0,0,0,0,0,0,0,0,0,0,0,0,0,0,0,0,0,0,0,0,0,0,0,0,0,0,0,0,0,0,0,0,0,0,0,0,0,0,0,0,0,0,0,0,0,0,0,0,0,0,0,0,0,0,0,0,0,0,0,0,0,0,0,0,0,0,0,0,0,0,0,0,0,0,0,0,0,0,0,0,0,0,0,0,0,0,0,0,0,0,0,0,0,0,0,0,0,0,0,0,0,0,0,0,0,0,0,0,0,0,0,0,0,0,0,0,0,0,0,0,0,0,0,0,0,0,0,0,0,0,0,0,0,0,0,0,0,0,0,0,0,0,0,0,0,0,0,0,0,0,0,0,0,0,0,0,0,0,0,0,0,0,0,0,0,0,0,0,0,0,0,0,0,0,0,0,0,0,0,0,0,0,0,0,0,0,0,0,0,0,0,0,0,0,0,0,0,0,0,0,0,0,0,0,0,0,0,0,0,0,0,0,0,0,0,0,0,0,0,0,0,0,0,0,0,0,0,0,0,0,0,0,0,0,0,0,0,0,0,0,0,0,0,0,0,0,0,0,0,0,0,0,0,0,0,0,0,0,0,0,0,0,0,0,0,0,0,0,0,0,0,0,0,0,0,0,0,0,0,0,0,0,0,0,0,0,0,0,0,0,0,0,0,0,0,0,0,0,0,0,0,0,0,0,0,0,0,0,0,0,0,0
"81",369.745125,369.898325,369.99365,370.007425,370.03945,370.06625,370.1118,370.11525,370.306575,370.460775,370.588225,370.61405,370.62935,370.634675,370.64055,370.79955,370.837375,370.9001,371.127125,371.130025,371.16085,371.204625,371.26105,371.340775,371.361725,371.390775,371.437875,371.546325,371.687775,371.7406,371.853525,371.914825,371.926625,372.01495,372.0273,372.065,372.080925,372.206375,372.2087,372.23285,372.2412,372.271475,372.340275,372.3761,372.383275,372.450075,372.461675,372.4683,372.469725,372.52615,372.6411,372.7256,372.8808,373.027925,373.11755,373.147,373.3028,373.3329,373.3539,373.4183,373.427175,373.45445,373.665175,373.8335,373.863175,373.961325,374.09005,374.108,374.174625,374.21525,374.269125,374.377175,374.408175,374.43435,374.542125,374.5951,374.61785,374.806225,375.208475,375.283625,375.363625,375.45925,375.894475,375.918075,375.9566,376.0142,376.026775,376.062475,376.158375,376.19925,376.5732,376.60585,376.7247,377.26815,377.608025,377.76045,377.93215,377.937725,378.16625,378.28595,378.342325,378.604675,378.657825,378.7634,378.76785,378.804325,378.932475,378.954125,379.014275,379.1112,379.476425,379.985825,380.351025,380.700575,381.0168,0,0,0,0,0,0,0,0,0,0,0,0,0,0,0,0,0,0,0,0,0,0,0,0,0,0,0,0,0,0,0,0,0,0,0,0,0,0,0,0,0,0,0,0,0,0,0,0,0,0,0,0,0,0,0,0,0,0,0,0,0,0,0,0,0,0,0,0,0,0,0,0,0,0,0,0,0,0,0,0,0,0,0,0,0,0,0,0,0,0,0,0,0,0,0,0,0,0,0,0,0,0,0,0,0,0,0,0,0,0,0,0,0,0,0,0,0,0,0,0,0,0,0,0,0,0,0,0,0,0,0,0,0,0,0,0,0,0,0,0,0,0,0,0,0,0,0,0,0,0,0,0,0,0,0,0,0,0,0,0,0,0,0,0,0,0,0,0,0,0,0,0,0,0,0,0,0,0,0,0,0,0,0,0,0,0,0,0,0,0,0,0,0,0,0,0,0,0,0,0,0,0,0,0,0,0,0,0,0,0,0,0,0,0,0,0,0,0,0,0,0,0,0,0,0,0,0,0,0,0,0,0,0,0,0,0,0,0,0,0,0,0,0,0,0,0,0,0,0,0,0,0,0,0,0,0,0,0,0,0,0,0,0,0,0,0,0,0,0,0,0,0,0,0,0,0,0,0,0,0,0,0,0,0,0,0,0,0,0,0,0,0,0,0,0,0,0,0,0,0,0,0,0,0,0,0,0,0,0,0,0,0,0,0,0,0,0,0,0
"82",370.184025,370.224875,370.400625,372.078325,373.74965,376.2337,376.30065,376.5075,376.540275,376.9014,376.95245,376.983,377.1163,378.101075,378.15235,378.21425,378.240575,379.027125,379.121775,379.130775,381.53415,0,0,0,0,0,0,0,0,0,0,0,0,0,0,0,0,0,0,0,0,0,0,0,0,0,0,0,0,0,0,0,0,0,0,0,0,0,0,0,0,0,0,0,0,0,0,0,0,0,0,0,0,0,0,0,0,0,0,0,0,0,0,0,0,0,0,0,0,0,0,0,0,0,0,0,0,0,0,0,0,0,0,0,0,0,0,0,0,0,0,0,0,0,0,0,0,0,0,0,0,0,0,0,0,0,0,0,0,0,0,0,0,0,0,0,0,0,0,0,0,0,0,0,0,0,0,0,0,0,0,0,0,0,0,0,0,0,0,0,0,0,0,0,0,0,0,0,0,0,0,0,0,0,0,0,0,0,0,0,0,0,0,0,0,0,0,0,0,0,0,0,0,0,0,0,0,0,0,0,0,0,0,0,0,0,0,0,0,0,0,0,0,0,0,0,0,0,0,0,0,0,0,0,0,0,0,0,0,0,0,0,0,0,0,0,0,0,0,0,0,0,0,0,0,0,0,0,0,0,0,0,0,0,0,0,0,0,0,0,0,0,0,0,0,0,0,0,0,0,0,0,0,0,0,0,0,0,0,0,0,0,0,0,0,0,0,0,0,0,0,0,0,0,0,0,0,0,0,0,0,0,0,0,0,0,0,0,0,0,0,0,0,0,0,0,0,0,0,0,0,0,0,0,0,0,0,0,0,0,0,0,0,0,0,0,0,0,0,0,0,0,0,0,0,0,0,0,0,0,0,0,0,0,0,0,0,0,0,0,0,0,0,0,0,0,0,0,0,0,0,0,0,0,0,0,0,0,0,0,0,0,0,0,0,0,0,0,0,0,0,0,0,0,0,0,0,0,0,0,0,0,0,0,0,0,0,0,0,0,0,0,0,0,0,0,0,0,0,0,0,0,0,0,0,0,0,0,0,0,0,0,0,0
"83",372.22845,372.352025,373.638725,373.78795,373.917375,374.0274,374.07805,374.1985,374.2281,374.2891,374.7553,374.859725,375.00805,375.0788,375.14475,381.07525,381.145525,381.258525,381.34825,381.487475,381.633575,386.4397,0,0,0,0,0,0,0,0,0,0,0,0,0,0,0,0,0,0,0,0,0,0,0,0,0,0,0,0,0,0,0,0,0,0,0,0,0,0,0,0,0,0,0,0,0,0,0,0,0,0,0,0,0,0,0,0,0,0,0,0,0,0,0,0,0,0,0,0,0,0,0,0,0,0,0,0,0,0,0,0,0,0,0,0,0,0,0,0,0,0,0,0,0,0,0,0,0,0,0,0,0,0,0,0,0,0,0,0,0,0,0,0,0,0,0,0,0,0,0,0,0,0,0,0,0,0,0,0,0,0,0,0,0,0,0,0,0,0,0,0,0,0,0,0,0,0,0,0,0,0,0,0,0,0,0,0,0,0,0,0,0,0,0,0,0,0,0,0,0,0,0,0,0,0,0,0,0,0,0,0,0,0,0,0,0,0,0,0,0,0,0,0,0,0,0,0,0,0,0,0,0,0,0,0,0,0,0,0,0,0,0,0,0,0,0,0,0,0,0,0,0,0,0,0,0,0,0,0,0,0,0,0,0,0,0,0,0,0,0,0,0,0,0,0,0,0,0,0,0,0,0,0,0,0,0,0,0,0,0,0,0,0,0,0,0,0,0,0,0,0,0,0,0,0,0,0,0,0,0,0,0,0,0,0,0,0,0,0,0,0,0,0,0,0,0,0,0,0,0,0,0,0,0,0,0,0,0,0,0,0,0,0,0,0,0,0,0,0,0,0,0,0,0,0,0,0,0,0,0,0,0,0,0,0,0,0,0,0,0,0,0,0,0,0,0,0,0,0,0,0,0,0,0,0,0,0,0,0,0,0,0,0,0,0,0,0,0,0,0,0,0,0,0,0,0,0,0,0,0,0,0,0,0,0,0,0,0,0,0,0,0,0,0,0,0,0,0,0,0,0,0,0,0,0,0,0,0,0,0,0,0,0
"84",370.023675,370.103825,370.1776,370.2111,370.303775,370.348425,370.53005,370.583825,371.07365,371.08195,371.248575,371.30605,371.37565,371.40655,371.45715,371.5529,371.58615,371.62105,372.429725,372.5033,372.547725,372.55315,372.578,372.658225,372.680325,372.7233,372.9121,374.90175,375.1841,375.4383,375.541125,375.902,376.0282,376.06065,376.520375,376.642,376.699,376.719375,376.7635,376.790575,376.833525,376.88445,376.945075,376.9861,377.01575,377.089575,377.10695,377.126,377.1492,377.201275,377.38445,377.55465,377.6493,378.33255,378.43315,378.538825,378.6472,378.711275,378.846175,378.937675,378.996,379.039475,379.0793,379.103075,379.16365,379.181825,379.21645,379.2447,379.271875,379.309875,379.362225,379.445475,379.50145,379.741425,379.8169,379.869425,380.0466,380.179,380.327325,380.79265,380.937325,380.9632,381.001875,381.031775,381.06405,381.1137,381.14745,381.191975,381.215425,381.2552,381.285575,381.3292,381.3624,381.40425,381.47015,381.49875,381.530225,381.558,381.5817,381.6236,381.649525,381.679375,381.700525,381.73095,381.794675,381.8487,381.900425,381.925675,381.952825,381.97395,382.024575,382.0593,382.072975,382.13325,382.1588,382.1901,382.2144,382.2394,382.326125,382.36875,382.46435,382.5517,382.99505,383.23995,383.295175,383.5926,383.674275,383.73935,383.80675,383.859775,383.8856,383.933525,383.961625,384.005975,384.055575,384.11095,384.160175,384.183625,384.260575,384.355175,384.393775,384.479475,384.56855,384.76855,385.97425,386.10485,386.243175,386.36075,386.404575,386.496125,386.6254,386.736175,386.82165,386.901825,387.088925,387.3278,387.56915,0,0,0,0,0,0,0,0,0,0,0,0,0,0,0,0,0,0,0,0,0,0,0,0,0,0,0,0,0,0,0,0,0,0,0,0,0,0,0,0,0,0,0,0,0,0,0,0,0,0,0,0,0,0,0,0,0,0,0,0,0,0,0,0,0,0,0,0,0,0,0,0,0,0,0,0,0,0,0,0,0,0,0,0,0,0,0,0,0,0,0,0,0,0,0,0,0,0,0,0,0,0,0,0,0,0,0,0,0,0,0,0,0,0,0,0,0,0,0,0,0,0,0,0,0,0,0,0,0,0,0,0,0,0,0,0,0,0,0,0,0,0,0,0,0,0,0,0,0,0,0,0,0,0,0,0,0,0,0,0,0,0,0,0,0,0,0,0,0,0,0,0,0,0,0,0,0,0,0,0,0,0,0,0,0,0,0,0,0,0,0,0,0,0,0,0,0,0,0,0,0,0,0,0,0,0,0,0,0,0,0,0,0,0,0,0,0,0,0,0,0,0,0,0,0,0,0,0,0,0,0,0,0,0,0,0,0,0,0,0,0,0,0,0,0,0,0,0,0,0,0,0,0,0,0,0,0,0,0,0,0,0,0,0,0,0,0,0,0,0,0,0,0,0,0,0,0
"85",370.855925,371.515225,371.6416,371.659175,371.73515,372.5588,372.574525,373.06825,373.4929,375.4617,375.46875,375.476475,375.539675,375.5758,375.9763,378.0623,0,0,0,0,0,0,0,0,0,0,0,0,0,0,0,0,0,0,0,0,0,0,0,0,0,0,0,0,0,0,0,0,0,0,0,0,0,0,0,0,0,0,0,0,0,0,0,0,0,0,0,0,0,0,0,0,0,0,0,0,0,0,0,0,0,0,0,0,0,0,0,0,0,0,0,0,0,0,0,0,0,0,0,0,0,0,0,0,0,0,0,0,0,0,0,0,0,0,0,0,0,0,0,0,0,0,0,0,0,0,0,0,0,0,0,0,0,0,0,0,0,0,0,0,0,0,0,0,0,0,0,0,0,0,0,0,0,0,0,0,0,0,0,0,0,0,0,0,0,0,0,0,0,0,0,0,0,0,0,0,0,0,0,0,0,0,0,0,0,0,0,0,0,0,0,0,0,0,0,0,0,0,0,0,0,0,0,0,0,0,0,0,0,0,0,0,0,0,0,0,0,0,0,0,0,0,0,0,0,0,0,0,0,0,0,0,0,0,0,0,0,0,0,0,0,0,0,0,0,0,0,0,0,0,0,0,0,0,0,0,0,0,0,0,0,0,0,0,0,0,0,0,0,0,0,0,0,0,0,0,0,0,0,0,0,0,0,0,0,0,0,0,0,0,0,0,0,0,0,0,0,0,0,0,0,0,0,0,0,0,0,0,0,0,0,0,0,0,0,0,0,0,0,0,0,0,0,0,0,0,0,0,0,0,0,0,0,0,0,0,0,0,0,0,0,0,0,0,0,0,0,0,0,0,0,0,0,0,0,0,0,0,0,0,0,0,0,0,0,0,0,0,0,0,0,0,0,0,0,0,0,0,0,0,0,0,0,0,0,0,0,0,0,0,0,0,0,0,0,0,0,0,0,0,0,0,0,0,0,0,0,0,0,0,0,0,0,0,0,0,0,0,0,0,0,0,0,0,0,0,0,0,0,0,0,0,0,0
"86",370.03045,370.447875,371.652775,371.9776,373.64795,375.993475,376.151225,376.85955,376.886025,376.9239,376.97625,377.0669,377.070675,381.023225,381.890825,381.93735,381.9935,382.000475,382.127625,382.253575,383.83115,383.9405,383.99185,384.13075,384.20155,384.262775,384.377575,384.543925,385.77855,0,0,0,0,0,0,0,0,0,0,0,0,0,0,0,0,0,0,0,0,0,0,0,0,0,0,0,0,0,0,0,0,0,0,0,0,0,0,0,0,0,0,0,0,0,0,0,0,0,0,0,0,0,0,0,0,0,0,0,0,0,0,0,0,0,0,0,0,0,0,0,0,0,0,0,0,0,0,0,0,0,0,0,0,0,0,0,0,0,0,0,0,0,0,0,0,0,0,0,0,0,0,0,0,0,0,0,0,0,0,0,0,0,0,0,0,0,0,0,0,0,0,0,0,0,0,0,0,0,0,0,0,0,0,0,0,0,0,0,0,0,0,0,0,0,0,0,0,0,0,0,0,0,0,0,0,0,0,0,0,0,0,0,0,0,0,0,0,0,0,0,0,0,0,0,0,0,0,0,0,0,0,0,0,0,0,0,0,0,0,0,0,0,0,0,0,0,0,0,0,0,0,0,0,0,0,0,0,0,0,0,0,0,0,0,0,0,0,0,0,0,0,0,0,0,0,0,0,0,0,0,0,0,0,0,0,0,0,0,0,0,0,0,0,0,0,0,0,0,0,0,0,0,0,0,0,0,0,0,0,0,0,0,0,0,0,0,0,0,0,0,0,0,0,0,0,0,0,0,0,0,0,0,0,0,0,0,0,0,0,0,0,0,0,0,0,0,0,0,0,0,0,0,0,0,0,0,0,0,0,0,0,0,0,0,0,0,0,0,0,0,0,0,0,0,0,0,0,0,0,0,0,0,0,0,0,0,0,0,0,0,0,0,0,0,0,0,0,0,0,0,0,0,0,0,0,0,0,0,0,0,0,0,0,0,0,0,0,0,0,0,0,0,0,0,0,0,0,0,0,0,0,0,0,0,0,0,0,0,0,0,0,0,0,0,0,0,0,0,0,0,0,0,0,0
"87",369.991375,370.091125,370.4427,372.70595,375.38175,375.410375,375.580925,376.8364,376.90795,376.911725,376.941025,377.0058,377.0634,377.18565,378.7489,0,0,0,0,0,0,0,0,0,0,0,0,0,0,0,0,0,0,0,0,0,0,0,0,0,0,0,0,0,0,0,0,0,0,0,0,0,0,0,0,0,0,0,0,0,0,0,0,0,0,0,0,0,0,0,0,0,0,0,0,0,0,0,0,0,0,0,0,0,0,0,0,0,0,0,0,0,0,0,0,0,0,0,0,0,0,0,0,0,0,0,0,0,0,0,0,0,0,0,0,0,0,0,0,0,0,0,0,0,0,0,0,0,0,0,0,0,0,0,0,0,0,0,0,0,0,0,0,0,0,0,0,0,0,0,0,0,0,0,0,0,0,0,0,0,0,0,0,0,0,0,0,0,0,0,0,0,0,0,0,0,0,0,0,0,0,0,0,0,0,0,0,0,0,0,0,0,0,0,0,0,0,0,0,0,0,0,0,0,0,0,0,0,0,0,0,0,0,0,0,0,0,0,0,0,0,0,0,0,0,0,0,0,0,0,0,0,0,0,0,0,0,0,0,0,0,0,0,0,0,0,0,0,0,0,0,0,0,0,0,0,0,0,0,0,0,0,0,0,0,0,0,0,0,0,0,0,0,0,0,0,0,0,0,0,0,0,0,0,0,0,0,0,0,0,0,0,0,0,0,0,0,0,0,0,0,0,0,0,0,0,0,0,0,0,0,0,0,0,0,0,0,0,0,0,0,0,0,0,0,0,0,0,0,0,0,0,0,0,0,0,0,0,0,0,0,0,0,0,0,0,0,0,0,0,0,0,0,0,0,0,0,0,0,0,0,0,0,0,0,0,0,0,0,0,0,0,0,0,0,0,0,0,0,0,0,0,0,0,0,0,0,0,0,0,0,0,0,0,0,0,0,0,0,0,0,0,0,0,0,0,0,0,0,0,0,0,0,0,0,0,0,0,0,0,0,0,0,0,0,0,0,0,0,0,0,0,0,0
"88",369.983625,370.131825,370.2069,370.259375,370.281775,370.39175,371.26225,371.520925,371.766175,371.895625,371.9161,373.17905,373.405625,373.5117,373.9325,374.58025,374.7165,375.9044,376.012175,376.893275,381.628975,382.070425,382.197675,383.812675,0,0,0,0,0,0,0,0,0,0,0,0,0,0,0,0,0,0,0,0,0,0,0,0,0,0,0,0,0,0,0,0,0,0,0,0,0,0,0,0,0,0,0,0,0,0,0,0,0,0,0,0,0,0,0,0,0,0,0,0,0,0,0,0,0,0,0,0,0,0,0,0,0,0,0,0,0,0,0,0,0,0,0,0,0,0,0,0,0,0,0,0,0,0,0,0,0,0,0,0,0,0,0,0,0,0,0,0,0,0,0,0,0,0,0,0,0,0,0,0,0,0,0,0,0,0,0,0,0,0,0,0,0,0,0,0,0,0,0,0,0,0,0,0,0,0,0,0,0,0,0,0,0,0,0,0,0,0,0,0,0,0,0,0,0,0,0,0,0,0,0,0,0,0,0,0,0,0,0,0,0,0,0,0,0,0,0,0,0,0,0,0,0,0,0,0,0,0,0,0,0,0,0,0,0,0,0,0,0,0,0,0,0,0,0,0,0,0,0,0,0,0,0,0,0,0,0,0,0,0,0,0,0,0,0,0,0,0,0,0,0,0,0,0,0,0,0,0,0,0,0,0,0,0,0,0,0,0,0,0,0,0,0,0,0,0,0,0,0,0,0,0,0,0,0,0,0,0,0,0,0,0,0,0,0,0,0,0,0,0,0,0,0,0,0,0,0,0,0,0,0,0,0,0,0,0,0,0,0,0,0,0,0,0,0,0,0,0,0,0,0,0,0,0,0,0,0,0,0,0,0,0,0,0,0,0,0,0,0,0,0,0,0,0,0,0,0,0,0,0,0,0,0,0,0,0,0,0,0,0,0,0,0,0,0,0,0,0,0,0,0,0,0,0,0,0,0,0,0,0,0,0,0,0,0,0,0,0,0,0,0,0,0,0,0,0,0,0,0,0,0,0,0,0,0,0,0,0,0,0
"89",369.85405,369.9676,370.00575,370.035775,370.09405,370.318,370.507125,371.2769,371.563025,374.38585,376.4606,376.80435,376.8428,376.864775,376.892,378.973225,378.988375,379.08125,379.159075,379.1844,379.213475,381.53575,381.703475,381.717575,381.7704,381.885325,381.9418,382.01505,382.15165,382.5246,383.005175,383.173325,383.366875,383.53395,383.6303,383.716775,383.74205,384.1092,384.238275,384.69925,385.26315,385.377475,385.618525,387.3205,0,0,0,0,0,0,0,0,0,0,0,0,0,0,0,0,0,0,0,0,0,0,0,0,0,0,0,0,0,0,0,0,0,0,0,0,0,0,0,0,0,0,0,0,0,0,0,0,0,0,0,0,0,0,0,0,0,0,0,0,0,0,0,0,0,0,0,0,0,0,0,0,0,0,0,0,0,0,0,0,0,0,0,0,0,0,0,0,0,0,0,0,0,0,0,0,0,0,0,0,0,0,0,0,0,0,0,0,0,0,0,0,0,0,0,0,0,0,0,0,0,0,0,0,0,0,0,0,0,0,0,0,0,0,0,0,0,0,0,0,0,0,0,0,0,0,0,0,0,0,0,0,0,0,0,0,0,0,0,0,0,0,0,0,0,0,0,0,0,0,0,0,0,0,0,0,0,0,0,0,0,0,0,0,0,0,0,0,0,0,0,0,0,0,0,0,0,0,0,0,0,0,0,0,0,0,0,0,0,0,0,0,0,0,0,0,0,0,0,0,0,0,0,0,0,0,0,0,0,0,0,0,0,0,0,0,0,0,0,0,0,0,0,0,0,0,0,0,0,0,0,0,0,0,0,0,0,0,0,0,0,0,0,0,0,0,0,0,0,0,0,0,0,0,0,0,0,0,0,0,0,0,0,0,0,0,0,0,0,0,0,0,0,0,0,0,0,0,0,0,0,0,0,0,0,0,0,0,0,0,0,0,0,0,0,0,0,0,0,0,0,0,0,0,0,0,0,0,0,0,0,0,0,0,0,0,0,0,0,0,0,0,0,0,0,0,0,0,0,0,0,0,0,0,0,0,0,0,0,0,0,0,0,0,0,0,0,0,0,0,0,0,0,0,0,0,0,0,0,0,0,0,0,0,0,0,0,0,0,0
"90",371.08545,371.110475,371.9406,371.9857,372.055675,372.135425,372.183475,372.3383,372.370775,372.5569,372.850725,373.191725,373.45245,373.593225,373.86695,374.003475,374.084275,374.47965,374.6905,374.93945,375.02655,375.2051,375.2897,375.43175,375.471725,375.655875,375.813575,375.939775,376.0182,376.480175,377.14065,377.96265,379.020225,379.07465,379.1742,379.194925,379.28325,379.315875,379.43255,379.49065,379.610475,380.1295,380.156,380.3624,380.4054,381.981425,382.135725,382.283875,382.334175,382.4659,382.49195,382.63495,382.6966,382.782775,0,0,0,0,0,0,0,0,0,0,0,0,0,0,0,0,0,0,0,0,0,0,0,0,0,0,0,0,0,0,0,0,0,0,0,0,0,0,0,0,0,0,0,0,0,0,0,0,0,0,0,0,0,0,0,0,0,0,0,0,0,0,0,0,0,0,0,0,0,0,0,0,0,0,0,0,0,0,0,0,0,0,0,0,0,0,0,0,0,0,0,0,0,0,0,0,0,0,0,0,0,0,0,0,0,0,0,0,0,0,0,0,0,0,0,0,0,0,0,0,0,0,0,0,0,0,0,0,0,0,0,0,0,0,0,0,0,0,0,0,0,0,0,0,0,0,0,0,0,0,0,0,0,0,0,0,0,0,0,0,0,0,0,0,0,0,0,0,0,0,0,0,0,0,0,0,0,0,0,0,0,0,0,0,0,0,0,0,0,0,0,0,0,0,0,0,0,0,0,0,0,0,0,0,0,0,0,0,0,0,0,0,0,0,0,0,0,0,0,0,0,0,0,0,0,0,0,0,0,0,0,0,0,0,0,0,0,0,0,0,0,0,0,0,0,0,0,0,0,0,0,0,0,0,0,0,0,0,0,0,0,0,0,0,0,0,0,0,0,0,0,0,0,0,0,0,0,0,0,0,0,0,0,0,0,0,0,0,0,0,0,0,0,0,0,0,0,0,0,0,0,0,0,0,0,0,0,0,0,0,0,0,0,0,0,0,0,0,0,0,0,0,0,0,0,0,0,0,0,0,0,0,0,0,0,0,0,0,0,0,0,0,0,0,0,0,0,0,0,0,0,0,0,0,0,0,0,0,0,0,0,0,0,0,0,0,0,0,0,0,0,0,0,0,0,0,0,0,0,0
"91",372.67965,373.653425,374.09365,374.39025,374.96825,375.0632,375.206875,375.89375,376.3279,376.70515,377.634775,378.021125,379.348925,381.3343,382.893225,383.49535,385.0138,385.333775,385.547975,0,0,0,0,0,0,0,0,0,0,0,0,0,0,0,0,0,0,0,0,0,0,0,0,0,0,0,0,0,0,0,0,0,0,0,0,0,0,0,0,0,0,0,0,0,0,0,0,0,0,0,0,0,0,0,0,0,0,0,0,0,0,0,0,0,0,0,0,0,0,0,0,0,0,0,0,0,0,0,0,0,0,0,0,0,0,0,0,0,0,0,0,0,0,0,0,0,0,0,0,0,0,0,0,0,0,0,0,0,0,0,0,0,0,0,0,0,0,0,0,0,0,0,0,0,0,0,0,0,0,0,0,0,0,0,0,0,0,0,0,0,0,0,0,0,0,0,0,0,0,0,0,0,0,0,0,0,0,0,0,0,0,0,0,0,0,0,0,0,0,0,0,0,0,0,0,0,0,0,0,0,0,0,0,0,0,0,0,0,0,0,0,0,0,0,0,0,0,0,0,0,0,0,0,0,0,0,0,0,0,0,0,0,0,0,0,0,0,0,0,0,0,0,0,0,0,0,0,0,0,0,0,0,0,0,0,0,0,0,0,0,0,0,0,0,0,0,0,0,0,0,0,0,0,0,0,0,0,0,0,0,0,0,0,0,0,0,0,0,0,0,0,0,0,0,0,0,0,0,0,0,0,0,0,0,0,0,0,0,0,0,0,0,0,0,0,0,0,0,0,0,0,0,0,0,0,0,0,0,0,0,0,0,0,0,0,0,0,0,0,0,0,0,0,0,0,0,0,0,0,0,0,0,0,0,0,0,0,0,0,0,0,0,0,0,0,0,0,0,0,0,0,0,0,0,0,0,0,0,0,0,0,0,0,0,0,0,0,0,0,0,0,0,0,0,0,0,0,0,0,0,0,0,0,0,0,0,0,0,0,0,0,0,0,0,0,0,0,0,0,0,0,0,0,0,0,0,0,0,0,0,0,0,0,0
"92",370.558575,370.872775,370.975125,371.029625,371.050975,371.543975,371.56555,371.591325,371.792775,371.8964,371.925225,371.95775,372.655275,372.789975,374.852825,375.504975,375.52975,375.694625,0,0,0,0,0,0,0,0,0,0,0,0,0,0,0,0,0,0,0,0,0,0,0,0,0,0,0,0,0,0,0,0,0,0,0,0,0,0,0,0,0,0,0,0,0,0,0,0,0,0,0,0,0,0,0,0,0,0,0,0,0,0,0,0,0,0,0,0,0,0,0,0,0,0,0,0,0,0,0,0,0,0,0,0,0,0,0,0,0,0,0,0,0,0,0,0,0,0,0,0,0,0,0,0,0,0,0,0,0,0,0,0,0,0,0,0,0,0,0,0,0,0,0,0,0,0,0,0,0,0,0,0,0,0,0,0,0,0,0,0,0,0,0,0,0,0,0,0,0,0,0,0,0,0,0,0,0,0,0,0,0,0,0,0,0,0,0,0,0,0,0,0,0,0,0,0,0,0,0,0,0,0,0,0,0,0,0,0,0,0,0,0,0,0,0,0,0,0,0,0,0,0,0,0,0,0,0,0,0,0,0,0,0,0,0,0,0,0,0,0,0,0,0,0,0,0,0,0,0,0,0,0,0,0,0,0,0,0,0,0,0,0,0,0,0,0,0,0,0,0,0,0,0,0,0,0,0,0,0,0,0,0,0,0,0,0,0,0,0,0,0,0,0,0,0,0,0,0,0,0,0,0,0,0,0,0,0,0,0,0,0,0,0,0,0,0,0,0,0,0,0,0,0,0,0,0,0,0,0,0,0,0,0,0,0,0,0,0,0,0,0,0,0,0,0,0,0,0,0,0,0,0,0,0,0,0,0,0,0,0,0,0,0,0,0,0,0,0,0,0,0,0,0,0,0,0,0,0,0,0,0,0,0,0,0,0,0,0,0,0,0,0,0,0,0,0,0,0,0,0,0,0,0,0,0,0,0,0,0,0,0,0,0,0,0,0,0,0,0,0,0,0,0,0,0,0,0,0,0,0,0,0,0,0,0,0
"93",369.99935,370.14675,370.3586,370.55265,370.5993,370.6453,370.869,370.8783,370.932475,370.94095,370.9673,370.973875,370.9761,370.98325,370.990525,371.007375,371.0736,371.082475,371.0962,371.107525,371.172525,371.188525,371.2623,371.3345,371.560825,371.615,371.6957,371.7483,371.777875,371.906775,371.94265,372.2597,372.50355,372.529,372.585575,372.598525,372.715175,372.724525,372.745975,372.75555,372.770175,372.817275,372.86405,372.872425,372.8964,372.907575,372.939825,372.94995,372.980275,373.0542,373.10135,373.11615,373.1579,373.188,373.249625,373.2825,373.310825,373.49835,373.50545,373.507025,373.5188,373.55875,373.6359,373.844675,373.88975,374.334175,374.354225,374.36335,374.372275,374.38025,374.396075,374.508275,374.556575,374.579225,374.633475,374.646325,374.726225,374.73325,374.7399,374.749075,374.768875,374.775375,374.792725,374.86275,374.9018,374.906525,374.920175,374.93935,374.9665,374.9809,375.00605,375.011325,375.024975,375.0484,375.153675,375.2657,375.279475,375.303375,375.31375,375.468475,375.58265,375.633775,375.6985,375.752975,375.784375,375.99105,376.807275,376.92605,376.93335,376.983025,376.99995,377.003025,377.355575,377.4591,377.46705,377.4979,377.5084,377.5234,377.54085,377.5884,377.62545,377.716625,377.724425,377.739925,377.79345,377.822975,377.833925,378.46965,378.485875,378.54155,378.59295,378.6232,378.68095,378.703325,378.732175,378.848225,378.877825,378.935475,378.977375,379.319325,379.71725,379.730725,379.765825,379.78375,379.8398,379.935775,379.982275,380.003125,380.010875,380.040075,380.0571,380.0831,380.091825,380.1005,380.126125,380.1802,380.2601,380.285475,380.32165,382.99325,383.00485,383.0329,383.06495,383.10775,383.146225,383.221,383.253925,383.263775,383.2849,383.319675,383.400675,383.47675,0,0,0,0,0,0,0,0,0,0,0,0,0,0,0,0,0,0,0,0,0,0,0,0,0,0,0,0,0,0,0,0,0,0,0,0,0,0,0,0,0,0,0,0,0,0,0,0,0,0,0,0,0,0,0,0,0,0,0,0,0,0,0,0,0,0,0,0,0,0,0,0,0,0,0,0,0,0,0,0,0,0,0,0,0,0,0,0,0,0,0,0,0,0,0,0,0,0,0,0,0,0,0,0,0,0,0,0,0,0,0,0,0,0,0,0,0,0,0,0,0,0,0,0,0,0,0,0,0,0,0,0,0,0,0,0,0,0,0,0,0,0,0,0,0,0,0,0,0,0,0,0,0,0,0,0,0,0,0,0,0,0,0,0,0,0,0,0,0,0,0,0,0,0,0,0,0,0,0,0,0,0,0,0,0,0,0,0,0,0,0,0,0,0,0,0,0,0,0,0,0,0,0,0,0,0,0,0,0,0,0,0,0,0,0,0,0,0,0,0,0,0,0,0,0,0,0,0,0,0,0,0,0,0,0,0,0,0,0,0,0,0,0,0,0,0,0,0,0,0,0,0,0,0,0,0,0,0,0,0,0,0
"94",369.587075,369.723175,369.776825,369.881125,369.93435,369.97805,370.0341,370.079625,370.099975,370.227525,370.321075,370.486775,370.864,370.9028,371.4485,371.502525,371.707875,371.806375,371.843575,371.87975,372.0073,372.0666,372.14365,372.165275,372.176975,372.202825,372.21475,372.2299,372.25025,372.2685,372.281075,372.309575,372.323525,372.331275,372.3709,372.398425,372.42455,372.44715,372.4612,372.488125,372.563,372.60795,372.7626,372.780025,372.84225,372.876925,372.935975,372.9882,373.05165,373.08535,373.1262,373.1546,373.1766,373.22255,373.232775,373.2544,373.27255,373.3074,373.325175,373.3517,373.3906,373.421,373.440175,373.45625,373.48185,373.50125,373.51825,373.5343,373.5566,373.582625,373.6031,373.637025,373.651425,373.681775,373.700325,373.708075,373.73655,373.74515,373.78965,373.820675,373.865425,373.892225,373.912475,373.935925,373.95745,373.993725,374.0178,374.064925,374.1186,374.140075,374.190425,374.2203,374.25835,374.3145,374.3809,374.463075,374.791275,374.886775,374.99865,375.035325,375.084825,375.185675,375.241975,375.3117,375.37975,375.43255,375.494025,375.6428,375.694375,375.744375,375.833675,375.853125,375.958725,376.089925,376.1372,376.17,376.21315,376.23595,376.2703,376.29375,376.322125,376.32965,376.3532,376.385075,376.401825,376.42195,376.44065,376.4496,376.472625,376.4947,376.5193,376.557625,376.578575,376.594975,376.6117,376.6402,376.6552,376.66545,376.683725,376.7045,376.722225,376.7505,376.777525,376.79945,376.81505,376.83365,376.8538,376.8851,376.90785,376.970925,376.99735,377.0394,377.0744,377.109175,377.182125,377.2409,377.310775,377.3647,377.387825,377.577675,377.6139,377.6936,377.7259,377.782325,377.797875,377.83185,377.873175,377.9019,377.9253,377.943075,377.959325,377.97385,377.985625,377.997025,378.015,378.025275,378.042575,378.056975,378.066425,378.075725,378.085475,378.09525,378.111425,378.1257,378.138575,378.150275,378.16,378.1755,378.1893,378.1974,378.210075,378.239225,378.24925,378.25975,378.2752,378.293575,378.3126,378.327975,378.34595,378.37055,378.3897,378.407525,378.4301,378.45,378.495,378.523125,378.550475,378.5858,378.615575,378.6416,378.67925,378.740725,378.77065,378.798575,378.829625,378.863225,378.903625,378.92785,378.9769,379.0096,379.0416,379.074675,379.144875,379.18195,379.2232,379.277575,379.3703,379.4419,379.4911,379.57555,379.648325,379.6767,379.694925,379.74765,379.809225,379.894025,379.923325,379.96345,380.006825,380.036925,380.07255,380.1128,380.1713,380.18755,380.225025,380.245475,380.289725,380.3025,380.3196,380.337425,380.35475,380.371625,380.392725,380.407875,380.4261,380.4561,380.47205,380.48,380.500875,380.5144,380.530825,380.5433,380.558875,380.579175,380.590875,380.5997,380.60855,380.62445,380.63525,380.649275,380.6633,380.67765,380.69785,380.707625,380.717525,380.732625,380.748625,380.76,380.77055,380.786975,380.7993,380.81025,380.82145,380.842225,380.860425,380.87295,380.89315,380.9079,380.920775,380.9374,380.94935,380.968325,380.986725,381.003675,381.028075,381.041825,381.05825,381.07905,381.09675,381.1097,381.12485,381.14,381.155675,381.174325,381.1965,381.210975,381.219475,381.243025,381.263075,381.2947,381.3174,381.34035,381.361875,381.37925,381.3925,381.453175,381.4756,381.4927,381.516925,381.5442,381.56385,381.5893,381.617525,381.639675,381.664,381.6818,381.7014,381.71965,381.751275,381.762775,381.78955,381.802925,381.82765,381.8695,381.90505,381.92925,381.9591,381.99205,382.035625,382.071325,382.10885,382.1593,382.201925,382.24535,382.380525,382.469925,382.592175,382.81365,383.042025,383.12875,383.195925,383.25105,383.32505,383.40335,383.441025,383.5137,383.58615,383.6296,383.6835,383.749825,383.7962,383.842125,383.948675,384.032875,384.14105,384.28795,384.462175,384.89145,385.022425,385.14825,385.2768,385.4102,385.55765,385.6846,385.823725,385.9958,386.083275,386.278925,0,0,0,0,0,0,0,0,0,0,0,0,0,0,0,0,0,0,0,0,0,0,0,0,0,0,0,0,0,0,0,0,0,0,0,0,0,0,0,0,0,0,0,0,0,0,0,0,0,0,0,0,0,0,0,0
"95",370.08725,0,0,0,0,0,0,0,0,0,0,0,0,0,0,0,0,0,0,0,0,0,0,0,0,0,0,0,0,0,0,0,0,0,0,0,0,0,0,0,0,0,0,0,0,0,0,0,0,0,0,0,0,0,0,0,0,0,0,0,0,0,0,0,0,0,0,0,0,0,0,0,0,0,0,0,0,0,0,0,0,0,0,0,0,0,0,0,0,0,0,0,0,0,0,0,0,0,0,0,0,0,0,0,0,0,0,0,0,0,0,0,0,0,0,0,0,0,0,0,0,0,0,0,0,0,0,0,0,0,0,0,0,0,0,0,0,0,0,0,0,0,0,0,0,0,0,0,0,0,0,0,0,0,0,0,0,0,0,0,0,0,0,0,0,0,0,0,0,0,0,0,0,0,0,0,0,0,0,0,0,0,0,0,0,0,0,0,0,0,0,0,0,0,0,0,0,0,0,0,0,0,0,0,0,0,0,0,0,0,0,0,0,0,0,0,0,0,0,0,0,0,0,0,0,0,0,0,0,0,0,0,0,0,0,0,0,0,0,0,0,0,0,0,0,0,0,0,0,0,0,0,0,0,0,0,0,0,0,0,0,0,0,0,0,0,0,0,0,0,0,0,0,0,0,0,0,0,0,0,0,0,0,0,0,0,0,0,0,0,0,0,0,0,0,0,0,0,0,0,0,0,0,0,0,0,0,0,0,0,0,0,0,0,0,0,0,0,0,0,0,0,0,0,0,0,0,0,0,0,0,0,0,0,0,0,0,0,0,0,0,0,0,0,0,0,0,0,0,0,0,0,0,0,0,0,0,0,0,0,0,0,0,0,0,0,0,0,0,0,0,0,0,0,0,0,0,0,0,0,0,0,0,0,0,0,0,0,0,0,0,0,0,0,0,0,0,0,0,0,0,0,0,0,0,0,0,0,0,0,0,0,0,0,0,0,0,0,0,0,0,0,0,0,0,0,0,0,0,0,0,0,0,0
"96",360.3104,360.68455,360.85745,361.093525,361.435625,361.91555,363.018625,363.40485,363.5704,363.878675,364.122825,364.218125,364.6593,365.0585,365.27525,365.426125,365.6535,365.949425,366.08555,366.3807,366.8847,367.226675,367.5699,368.04335,368.214575,368.648175,369.42025,369.61345,369.668725,369.75895,370.20705,370.21145,376.00665,376.36525,0,0,0,0,0,0,0,0,0,0,0,0,0,0,0,0,0,0,0,0,0,0,0,0,0,0,0,0,0,0,0,0,0,0,0,0,0,0,0,0,0,0,0,0,0,0,0,0,0,0,0,0,0,0,0,0,0,0,0,0,0,0,0,0,0,0,0,0,0,0,0,0,0,0,0,0,0,0,0,0,0,0,0,0,0,0,0,0,0,0,0,0,0,0,0,0,0,0,0,0,0,0,0,0,0,0,0,0,0,0,0,0,0,0,0,0,0,0,0,0,0,0,0,0,0,0,0,0,0,0,0,0,0,0,0,0,0,0,0,0,0,0,0,0,0,0,0,0,0,0,0,0,0,0,0,0,0,0,0,0,0,0,0,0,0,0,0,0,0,0,0,0,0,0,0,0,0,0,0,0,0,0,0,0,0,0,0,0,0,0,0,0,0,0,0,0,0,0,0,0,0,0,0,0,0,0,0,0,0,0,0,0,0,0,0,0,0,0,0,0,0,0,0,0,0,0,0,0,0,0,0,0,0,0,0,0,0,0,0,0,0,0,0,0,0,0,0,0,0,0,0,0,0,0,0,0,0,0,0,0,0,0,0,0,0,0,0,0,0,0,0,0,0,0,0,0,0,0,0,0,0,0,0,0,0,0,0,0,0,0,0,0,0,0,0,0,0,0,0,0,0,0,0,0,0,0,0,0,0,0,0,0,0,0,0,0,0,0,0,0,0,0,0,0,0,0,0,0,0,0,0,0,0,0,0,0,0,0,0,0,0,0,0,0,0,0,0,0,0,0,0,0,0,0,0,0,0,0,0,0,0,0,0,0,0,0,0,0,0,0,0,0,0,0,0,0,0,0,0,0,0,0,0,0,0,0,0,0,0,0,0,0,0,0,0,0,0,0,0,0
"97",371.9345,371.98525,372.0022,373.1138,373.319575,373.3827,373.471075,373.71975,374.09655,374.2294,374.34745,374.443875,374.7292,374.8598,374.923825,375.06995,375.102325,375.180175,375.282375,375.4011,375.443775,375.89605,376.03285,376.188025,376.242225,376.38295,377.701975,377.835625,379.128075,379.227,379.340525,379.70995,379.78135,379.874575,379.943675,380.043,380.14215,380.251725,380.309675,380.6897,381.26545,0,0,0,0,0,0,0,0,0,0,0,0,0,0,0,0,0,0,0,0,0,0,0,0,0,0,0,0,0,0,0,0,0,0,0,0,0,0,0,0,0,0,0,0,0,0,0,0,0,0,0,0,0,0,0,0,0,0,0,0,0,0,0,0,0,0,0,0,0,0,0,0,0,0,0,0,0,0,0,0,0,0,0,0,0,0,0,0,0,0,0,0,0,0,0,0,0,0,0,0,0,0,0,0,0,0,0,0,0,0,0,0,0,0,0,0,0,0,0,0,0,0,0,0,0,0,0,0,0,0,0,0,0,0,0,0,0,0,0,0,0,0,0,0,0,0,0,0,0,0,0,0,0,0,0,0,0,0,0,0,0,0,0,0,0,0,0,0,0,0,0,0,0,0,0,0,0,0,0,0,0,0,0,0,0,0,0,0,0,0,0,0,0,0,0,0,0,0,0,0,0,0,0,0,0,0,0,0,0,0,0,0,0,0,0,0,0,0,0,0,0,0,0,0,0,0,0,0,0,0,0,0,0,0,0,0,0,0,0,0,0,0,0,0,0,0,0,0,0,0,0,0,0,0,0,0,0,0,0,0,0,0,0,0,0,0,0,0,0,0,0,0,0,0,0,0,0,0,0,0,0,0,0,0,0,0,0,0,0,0,0,0,0,0,0,0,0,0,0,0,0,0,0,0,0,0,0,0,0,0,0,0,0,0,0,0,0,0,0,0,0,0,0,0,0,0,0,0,0,0,0,0,0,0,0,0,0,0,0,0,0,0,0,0,0,0,0,0,0,0,0,0,0,0,0,0,0,0,0,0,0,0,0,0,0,0,0,0,0,0,0,0,0,0,0,0,0,0,0,0,0,0,0,0,0,0,0,0,0,0,0,0,0
"98",371.635825,371.69835,372.361325,373.921375,375.748225,375.8282,375.87965,375.919975,376.67475,376.9042,377.018225,377.281625,381.405325,381.572925,381.71175,0,0,0,0,0,0,0,0,0,0,0,0,0,0,0,0,0,0,0,0,0,0,0,0,0,0,0,0,0,0,0,0,0,0,0,0,0,0,0,0,0,0,0,0,0,0,0,0,0,0,0,0,0,0,0,0,0,0,0,0,0,0,0,0,0,0,0,0,0,0,0,0,0,0,0,0,0,0,0,0,0,0,0,0,0,0,0,0,0,0,0,0,0,0,0,0,0,0,0,0,0,0,0,0,0,0,0,0,0,0,0,0,0,0,0,0,0,0,0,0,0,0,0,0,0,0,0,0,0,0,0,0,0,0,0,0,0,0,0,0,0,0,0,0,0,0,0,0,0,0,0,0,0,0,0,0,0,0,0,0,0,0,0,0,0,0,0,0,0,0,0,0,0,0,0,0,0,0,0,0,0,0,0,0,0,0,0,0,0,0,0,0,0,0,0,0,0,0,0,0,0,0,0,0,0,0,0,0,0,0,0,0,0,0,0,0,0,0,0,0,0,0,0,0,0,0,0,0,0,0,0,0,0,0,0,0,0,0,0,0,0,0,0,0,0,0,0,0,0,0,0,0,0,0,0,0,0,0,0,0,0,0,0,0,0,0,0,0,0,0,0,0,0,0,0,0,0,0,0,0,0,0,0,0,0,0,0,0,0,0,0,0,0,0,0,0,0,0,0,0,0,0,0,0,0,0,0,0,0,0,0,0,0,0,0,0,0,0,0,0,0,0,0,0,0,0,0,0,0,0,0,0,0,0,0,0,0,0,0,0,0,0,0,0,0,0,0,0,0,0,0,0,0,0,0,0,0,0,0,0,0,0,0,0,0,0,0,0,0,0,0,0,0,0,0,0,0,0,0,0,0,0,0,0,0,0,0,0,0,0,0,0,0,0,0,0,0,0,0,0,0,0,0,0,0,0,0,0,0,0,0,0,0,0,0,0,0,0,0
"99",371.641625,371.7051,371.73175,371.7528,371.755725,371.791925,371.8111,371.8421,371.8716,371.8958,371.9266,371.947375,371.969725,371.98705,373.2796,0,0,0,0,0,0,0,0,0,0,0,0,0,0,0,0,0,0,0,0,0,0,0,0,0,0,0,0,0,0,0,0,0,0,0,0,0,0,0,0,0,0,0,0,0,0,0,0,0,0,0,0,0,0,0,0,0,0,0,0,0,0,0,0,0,0,0,0,0,0,0,0,0,0,0,0,0,0,0,0,0,0,0,0,0,0,0,0,0,0,0,0,0,0,0,0,0,0,0,0,0,0,0,0,0,0,0,0,0,0,0,0,0,0,0,0,0,0,0,0,0,0,0,0,0,0,0,0,0,0,0,0,0,0,0,0,0,0,0,0,0,0,0,0,0,0,0,0,0,0,0,0,0,0,0,0,0,0,0,0,0,0,0,0,0,0,0,0,0,0,0,0,0,0,0,0,0,0,0,0,0,0,0,0,0,0,0,0,0,0,0,0,0,0,0,0,0,0,0,0,0,0,0,0,0,0,0,0,0,0,0,0,0,0,0,0,0,0,0,0,0,0,0,0,0,0,0,0,0,0,0,0,0,0,0,0,0,0,0,0,0,0,0,0,0,0,0,0,0,0,0,0,0,0,0,0,0,0,0,0,0,0,0,0,0,0,0,0,0,0,0,0,0,0,0,0,0,0,0,0,0,0,0,0,0,0,0,0,0,0,0,0,0,0,0,0,0,0,0,0,0,0,0,0,0,0,0,0,0,0,0,0,0,0,0,0,0,0,0,0,0,0,0,0,0,0,0,0,0,0,0,0,0,0,0,0,0,0,0,0,0,0,0,0,0,0,0,0,0,0,0,0,0,0,0,0,0,0,0,0,0,0,0,0,0,0,0,0,0,0,0,0,0,0,0,0,0,0,0,0,0,0,0,0,0,0,0,0,0,0,0,0,0,0,0,0,0,0,0,0,0,0,0,0,0,0,0,0,0,0,0,0,0,0,0,0,0,0,0
"100",370.0463,370.229775,371.248175,371.3253,371.39175,371.467775,371.5596,371.907875,371.98615,374.420025,375.439325,375.552975,375.915175,376.702375,376.7851,377.188275,378.4293,379.02305,379.1204,379.303525,379.8679,380.632975,380.83765,380.8923,380.97005,381.010825,381.070825,381.141625,381.177975,381.2882,381.355225,381.44955,381.522875,381.561225,381.62075,381.6651,381.739375,381.7857,381.867575,381.93575,382.0108,382.07755,382.216725,382.354175,382.789575,382.9734,383.03795,383.162975,383.24235,383.33455,383.415925,383.493625,383.559325,383.6114,383.674325,383.737475,383.8033,383.840275,383.926525,383.9913,384.069225,384.12025,384.199675,384.311325,384.438525,384.5909,384.86455,385.460075,385.54425,385.646675,385.713475,385.774425,385.840325,385.91275,385.996675,386.08165,386.169925,386.275525,386.3463,386.4199,386.520225,386.709225,386.8978,0,0,0,0,0,0,0,0,0,0,0,0,0,0,0,0,0,0,0,0,0,0,0,0,0,0,0,0,0,0,0,0,0,0,0,0,0,0,0,0,0,0,0,0,0,0,0,0,0,0,0,0,0,0,0,0,0,0,0,0,0,0,0,0,0,0,0,0,0,0,0,0,0,0,0,0,0,0,0,0,0,0,0,0,0,0,0,0,0,0,0,0,0,0,0,0,0,0,0,0,0,0,0,0,0,0,0,0,0,0,0,0,0,0,0,0,0,0,0,0,0,0,0,0,0,0,0,0,0,0,0,0,0,0,0,0,0,0,0,0,0,0,0,0,0,0,0,0,0,0,0,0,0,0,0,0,0,0,0,0,0,0,0,0,0,0,0,0,0,0,0,0,0,0,0,0,0,0,0,0,0,0,0,0,0,0,0,0,0,0,0,0,0,0,0,0,0,0,0,0,0,0,0,0,0,0,0,0,0,0,0,0,0,0,0,0,0,0,0,0,0,0,0,0,0,0,0,0,0,0,0,0,0,0,0,0,0,0,0,0,0,0,0,0,0,0,0,0,0,0,0,0,0,0,0,0,0,0,0,0,0,0,0,0,0,0,0,0,0,0,0,0,0,0,0,0,0,0,0,0,0,0,0,0,0,0,0,0,0,0,0,0,0,0,0,0,0,0,0,0,0,0,0,0,0,0,0,0,0,0,0,0,0,0,0,0,0,0,0,0,0,0,0,0,0,0,0,0,0,0,0,0,0,0,0,0,0,0,0,0,0,0,0,0,0,0,0,0,0,0,0
"101",369.6379,369.807175,369.892775,369.90375,369.992975,370.00985,370.025175,370.073275,370.088975,370.092725,370.119925,370.154475,370.183825,370.2136,370.233875,370.305425,370.31805,370.38355,370.4025,370.41995,370.46005,370.5107,370.545675,370.570975,370.622825,370.71345,371.09925,371.1565,371.313025,371.37395,371.48675,371.5133,371.5885,373.657775,374.99085,375.106775,376.615875,376.9893,378.026625,379.741075,381.34305,384.1796,385.5289,0,0,0,0,0,0,0,0,0,0,0,0,0,0,0,0,0,0,0,0,0,0,0,0,0,0,0,0,0,0,0,0,0,0,0,0,0,0,0,0,0,0,0,0,0,0,0,0,0,0,0,0,0,0,0,0,0,0,0,0,0,0,0,0,0,0,0,0,0,0,0,0,0,0,0,0,0,0,0,0,0,0,0,0,0,0,0,0,0,0,0,0,0,0,0,0,0,0,0,0,0,0,0,0,0,0,0,0,0,0,0,0,0,0,0,0,0,0,0,0,0,0,0,0,0,0,0,0,0,0,0,0,0,0,0,0,0,0,0,0,0,0,0,0,0,0,0,0,0,0,0,0,0,0,0,0,0,0,0,0,0,0,0,0,0,0,0,0,0,0,0,0,0,0,0,0,0,0,0,0,0,0,0,0,0,0,0,0,0,0,0,0,0,0,0,0,0,0,0,0,0,0,0,0,0,0,0,0,0,0,0,0,0,0,0,0,0,0,0,0,0,0,0,0,0,0,0,0,0,0,0,0,0,0,0,0,0,0,0,0,0,0,0,0,0,0,0,0,0,0,0,0,0,0,0,0,0,0,0,0,0,0,0,0,0,0,0,0,0,0,0,0,0,0,0,0,0,0,0,0,0,0,0,0,0,0,0,0,0,0,0,0,0,0,0,0,0,0,0,0,0,0,0,0,0,0,0,0,0,0,0,0,0,0,0,0,0,0,0,0,0,0,0,0,0,0,0,0,0,0,0,0,0,0,0,0,0,0,0,0,0,0,0,0,0,0,0,0,0,0,0,0,0,0,0,0,0,0,0,0,0,0,0,0,0,0,0,0,0,0,0,0,0,0,0,0,0,0,0,0,0,0,0,0,0,0,0,0,0,0,0
"102",370.130525,370.209875,370.31855,370.3574,371.40995,371.553575,374.95885,376.94645,379.3004,0,0,0,0,0,0,0,0,0,0,0,0,0,0,0,0,0,0,0,0,0,0,0,0,0,0,0,0,0,0,0,0,0,0,0,0,0,0,0,0,0,0,0,0,0,0,0,0,0,0,0,0,0,0,0,0,0,0,0,0,0,0,0,0,0,0,0,0,0,0,0,0,0,0,0,0,0,0,0,0,0,0,0,0,0,0,0,0,0,0,0,0,0,0,0,0,0,0,0,0,0,0,0,0,0,0,0,0,0,0,0,0,0,0,0,0,0,0,0,0,0,0,0,0,0,0,0,0,0,0,0,0,0,0,0,0,0,0,0,0,0,0,0,0,0,0,0,0,0,0,0,0,0,0,0,0,0,0,0,0,0,0,0,0,0,0,0,0,0,0,0,0,0,0,0,0,0,0,0,0,0,0,0,0,0,0,0,0,0,0,0,0,0,0,0,0,0,0,0,0,0,0,0,0,0,0,0,0,0,0,0,0,0,0,0,0,0,0,0,0,0,0,0,0,0,0,0,0,0,0,0,0,0,0,0,0,0,0,0,0,0,0,0,0,0,0,0,0,0,0,0,0,0,0,0,0,0,0,0,0,0,0,0,0,0,0,0,0,0,0,0,0,0,0,0,0,0,0,0,0,0,0,0,0,0,0,0,0,0,0,0,0,0,0,0,0,0,0,0,0,0,0,0,0,0,0,0,0,0,0,0,0,0,0,0,0,0,0,0,0,0,0,0,0,0,0,0,0,0,0,0,0,0,0,0,0,0,0,0,0,0,0,0,0,0,0,0,0,0,0,0,0,0,0,0,0,0,0,0,0,0,0,0,0,0,0,0,0,0,0,0,0,0,0,0,0,0,0,0,0,0,0,0,0,0,0,0,0,0,0,0,0,0,0,0,0,0,0,0,0,0,0,0,0,0,0,0,0,0,0,0,0,0,0,0,0,0,0,0,0,0,0,0,0,0
"103",370.0509,370.7482,371.011875,371.1235,371.51715,371.73595,371.9188,371.9442,372.293925,372.336125,372.589575,372.6263,373.317075,373.41755,373.50865,374.426475,374.49005,374.9966,375.475225,375.532275,375.72465,375.887225,376.139475,377.013125,377.78385,378.4648,379.30095,379.730225,379.87425,380.237875,380.8445,381.893,385.7241,0,0,0,0,0,0,0,0,0,0,0,0,0,0,0,0,0,0,0,0,0,0,0,0,0,0,0,0,0,0,0,0,0,0,0,0,0,0,0,0,0,0,0,0,0,0,0,0,0,0,0,0,0,0,0,0,0,0,0,0,0,0,0,0,0,0,0,0,0,0,0,0,0,0,0,0,0,0,0,0,0,0,0,0,0,0,0,0,0,0,0,0,0,0,0,0,0,0,0,0,0,0,0,0,0,0,0,0,0,0,0,0,0,0,0,0,0,0,0,0,0,0,0,0,0,0,0,0,0,0,0,0,0,0,0,0,0,0,0,0,0,0,0,0,0,0,0,0,0,0,0,0,0,0,0,0,0,0,0,0,0,0,0,0,0,0,0,0,0,0,0,0,0,0,0,0,0,0,0,0,0,0,0,0,0,0,0,0,0,0,0,0,0,0,0,0,0,0,0,0,0,0,0,0,0,0,0,0,0,0,0,0,0,0,0,0,0,0,0,0,0,0,0,0,0,0,0,0,0,0,0,0,0,0,0,0,0,0,0,0,0,0,0,0,0,0,0,0,0,0,0,0,0,0,0,0,0,0,0,0,0,0,0,0,0,0,0,0,0,0,0,0,0,0,0,0,0,0,0,0,0,0,0,0,0,0,0,0,0,0,0,0,0,0,0,0,0,0,0,0,0,0,0,0,0,0,0,0,0,0,0,0,0,0,0,0,0,0,0,0,0,0,0,0,0,0,0,0,0,0,0,0,0,0,0,0,0,0,0,0,0,0,0,0,0,0,0,0,0,0,0,0,0,0,0,0,0,0,0,0,0,0,0,0,0,0,0,0,0,0,0,0,0,0,0,0,0,0,0,0,0,0,0,0,0,0,0,0,0,0,0,0,0,0,0,0,0,0,0,0,0
"104",360.4712,361.65045,362.35715,362.419775,364.476725,364.872925,364.97575,365.751925,366.943825,367.06125,367.745125,368.400175,368.86925,369.32165,369.665675,369.9387,369.956275,370.527175,370.626725,370.680875,370.721375,370.7572,370.7831,370.954825,371.2475,371.52765,371.555725,371.589875,371.63455,371.70025,371.780425,371.8496,371.869525,372.401675,372.590725,372.79455,372.887225,372.95525,373.166675,373.346125,373.423275,373.5304,373.5855,373.608475,373.733675,373.9298,374.4042,374.49425,374.54885,374.679925,374.873825,375.059925,375.375125,375.4088,375.48315,375.549325,375.97585,376.453125,377.608825,377.65895,377.971675,377.9768,378.0821,378.420475,378.61195,378.6934,379.0885,379.2219,379.786975,379.9628,380.38965,380.5663,380.753175,381.350975,381.4364,381.875075,381.9939,383.0679,384.20135,387.356225,390.73225,396.555425,0,0,0,0,0,0,0,0,0,0,0,0,0,0,0,0,0,0,0,0,0,0,0,0,0,0,0,0,0,0,0,0,0,0,0,0,0,0,0,0,0,0,0,0,0,0,0,0,0,0,0,0,0,0,0,0,0,0,0,0,0,0,0,0,0,0,0,0,0,0,0,0,0,0,0,0,0,0,0,0,0,0,0,0,0,0,0,0,0,0,0,0,0,0,0,0,0,0,0,0,0,0,0,0,0,0,0,0,0,0,0,0,0,0,0,0,0,0,0,0,0,0,0,0,0,0,0,0,0,0,0,0,0,0,0,0,0,0,0,0,0,0,0,0,0,0,0,0,0,0,0,0,0,0,0,0,0,0,0,0,0,0,0,0,0,0,0,0,0,0,0,0,0,0,0,0,0,0,0,0,0,0,0,0,0,0,0,0,0,0,0,0,0,0,0,0,0,0,0,0,0,0,0,0,0,0,0,0,0,0,0,0,0,0,0,0,0,0,0,0,0,0,0,0,0,0,0,0,0,0,0,0,0,0,0,0,0,0,0,0,0,0,0,0,0,0,0,0,0,0,0,0,0,0,0,0,0,0,0,0,0,0,0,0,0,0,0,0,0,0,0,0,0,0,0,0,0,0,0,0,0,0,0,0,0,0,0,0,0,0,0,0,0,0,0,0,0,0,0,0,0,0,0,0,0,0,0,0,0,0,0,0,0,0,0,0,0,0,0,0,0,0,0,0,0,0,0,0,0,0,0,0,0,0,0,0,0,0,0,0,0,0,0,0,0,0,0,0,0,0,0,0
"105",371.8158,372.947175,375.581125,375.974825,376.20435,379.81995,0,0,0,0,0,0,0,0,0,0,0,0,0,0,0,0,0,0,0,0,0,0,0,0,0,0,0,0,0,0,0,0,0,0,0,0,0,0,0,0,0,0,0,0,0,0,0,0,0,0,0,0,0,0,0,0,0,0,0,0,0,0,0,0,0,0,0,0,0,0,0,0,0,0,0,0,0,0,0,0,0,0,0,0,0,0,0,0,0,0,0,0,0,0,0,0,0,0,0,0,0,0,0,0,0,0,0,0,0,0,0,0,0,0,0,0,0,0,0,0,0,0,0,0,0,0,0,0,0,0,0,0,0,0,0,0,0,0,0,0,0,0,0,0,0,0,0,0,0,0,0,0,0,0,0,0,0,0,0,0,0,0,0,0,0,0,0,0,0,0,0,0,0,0,0,0,0,0,0,0,0,0,0,0,0,0,0,0,0,0,0,0,0,0,0,0,0,0,0,0,0,0,0,0,0,0,0,0,0,0,0,0,0,0,0,0,0,0,0,0,0,0,0,0,0,0,0,0,0,0,0,0,0,0,0,0,0,0,0,0,0,0,0,0,0,0,0,0,0,0,0,0,0,0,0,0,0,0,0,0,0,0,0,0,0,0,0,0,0,0,0,0,0,0,0,0,0,0,0,0,0,0,0,0,0,0,0,0,0,0,0,0,0,0,0,0,0,0,0,0,0,0,0,0,0,0,0,0,0,0,0,0,0,0,0,0,0,0,0,0,0,0,0,0,0,0,0,0,0,0,0,0,0,0,0,0,0,0,0,0,0,0,0,0,0,0,0,0,0,0,0,0,0,0,0,0,0,0,0,0,0,0,0,0,0,0,0,0,0,0,0,0,0,0,0,0,0,0,0,0,0,0,0,0,0,0,0,0,0,0,0,0,0,0,0,0,0,0,0,0,0,0,0,0,0,0,0,0,0,0,0,0,0,0,0,0,0,0,0,0,0,0,0,0,0,0,0,0
"106",369.780525,369.914575,370.0108,370.043825,370.709225,370.771975,370.8509,370.8899,371.047075,371.2138,371.326225,371.600475,371.66045,371.83835,371.90555,372.014525,372.039575,372.22225,372.3421,372.377325,372.41935,372.46475,372.5165,372.5375,372.716725,373.06145,373.1039,373.59175,375.142775,375.29235,375.631975,375.8711,376.9202,377.556825,377.9235,378.4767,378.540025,378.647075,378.779325,379.06,380.8453,381.067675,381.2284,381.6113,381.663625,382.7724,383.017025,383.306,383.37095,383.415125,383.5399,383.657325,383.706675,383.7659,383.836825,383.892725,383.9427,384.090975,384.44635,0,0,0,0,0,0,0,0,0,0,0,0,0,0,0,0,0,0,0,0,0,0,0,0,0,0,0,0,0,0,0,0,0,0,0,0,0,0,0,0,0,0,0,0,0,0,0,0,0,0,0,0,0,0,0,0,0,0,0,0,0,0,0,0,0,0,0,0,0,0,0,0,0,0,0,0,0,0,0,0,0,0,0,0,0,0,0,0,0,0,0,0,0,0,0,0,0,0,0,0,0,0,0,0,0,0,0,0,0,0,0,0,0,0,0,0,0,0,0,0,0,0,0,0,0,0,0,0,0,0,0,0,0,0,0,0,0,0,0,0,0,0,0,0,0,0,0,0,0,0,0,0,0,0,0,0,0,0,0,0,0,0,0,0,0,0,0,0,0,0,0,0,0,0,0,0,0,0,0,0,0,0,0,0,0,0,0,0,0,0,0,0,0,0,0,0,0,0,0,0,0,0,0,0,0,0,0,0,0,0,0,0,0,0,0,0,0,0,0,0,0,0,0,0,0,0,0,0,0,0,0,0,0,0,0,0,0,0,0,0,0,0,0,0,0,0,0,0,0,0,0,0,0,0,0,0,0,0,0,0,0,0,0,0,0,0,0,0,0,0,0,0,0,0,0,0,0,0,0,0,0,0,0,0,0,0,0,0,0,0,0,0,0,0,0,0,0,0,0,0,0,0,0,0,0,0,0,0,0,0,0,0,0,0,0,0,0,0,0,0,0,0,0,0,0,0,0,0,0,0,0,0,0,0,0,0,0,0,0,0,0,0,0,0,0,0,0,0,0,0,0,0,0,0,0,0,0,0,0,0,0,0,0,0,0,0,0,0,0,0,0,0,0,0,0
"107",361.61885,369.8308,369.93475,370.12445,370.3193,370.6583,370.6895,370.798675,370.9253,370.93375,370.995825,371.041425,371.0458,371.0583,371.085125,371.1185,371.1227,371.14505,371.212375,371.248225,371.27275,371.393725,371.655675,371.6844,371.71255,372.2283,372.380325,372.4019,372.4381,372.44735,372.554875,372.628325,372.756375,372.808475,372.969275,373.020175,373.059075,373.1508,373.19165,373.22385,373.37705,373.44115,373.4651,373.479475,373.63835,373.7101,374.02,374.08035,374.24775,374.362925,374.38575,374.4426,374.463025,374.616525,375.051775,375.1986,375.535225,375.634275,375.688525,375.724275,375.75705,375.8215,375.887375,376.1182,376.197725,376.273675,376.35735,376.405925,376.4592,376.54545,376.635325,376.85115,376.913275,377.013375,377.077775,377.1046,377.18965,377.4384,377.5071,377.54375,377.656,377.749425,377.8194,377.84885,377.940325,378.101725,378.1545,378.2598,378.273825,378.573175,378.732925,378.76645,378.793625,378.863325,379.369925,379.48945,379.495875,379.776325,379.898175,380.02825,380.068525,380.17025,380.223875,380.28655,380.30875,380.416625,380.5618,380.6359,380.70045,381.268725,381.416625,381.52435,381.555175,381.90935,381.918425,381.967025,382.2709,382.487825,382.80285,383.91765,386.8515,387.149975,388.327875,388.956625,389.930275,0,0,0,0,0,0,0,0,0,0,0,0,0,0,0,0,0,0,0,0,0,0,0,0,0,0,0,0,0,0,0,0,0,0,0,0,0,0,0,0,0,0,0,0,0,0,0,0,0,0,0,0,0,0,0,0,0,0,0,0,0,0,0,0,0,0,0,0,0,0,0,0,0,0,0,0,0,0,0,0,0,0,0,0,0,0,0,0,0,0,0,0,0,0,0,0,0,0,0,0,0,0,0,0,0,0,0,0,0,0,0,0,0,0,0,0,0,0,0,0,0,0,0,0,0,0,0,0,0,0,0,0,0,0,0,0,0,0,0,0,0,0,0,0,0,0,0,0,0,0,0,0,0,0,0,0,0,0,0,0,0,0,0,0,0,0,0,0,0,0,0,0,0,0,0,0,0,0,0,0,0,0,0,0,0,0,0,0,0,0,0,0,0,0,0,0,0,0,0,0,0,0,0,0,0,0,0,0,0,0,0,0,0,0,0,0,0,0,0,0,0,0,0,0,0,0,0,0,0,0,0,0,0,0,0,0,0,0,0,0,0,0,0,0,0,0,0,0,0,0,0,0,0,0,0,0,0,0,0,0,0,0,0,0,0,0,0,0,0,0,0,0,0,0,0,0,0,0,0,0,0,0,0,0,0,0,0,0,0,0,0,0,0,0,0,0,0,0,0,0,0,0,0,0,0,0,0,0,0
"108",370.001625,370.02735,370.144975,370.19985,370.551725,370.611075,0,0,0,0,0,0,0,0,0,0,0,0,0,0,0,0,0,0,0,0,0,0,0,0,0,0,0,0,0,0,0,0,0,0,0,0,0,0,0,0,0,0,0,0,0,0,0,0,0,0,0,0,0,0,0,0,0,0,0,0,0,0,0,0,0,0,0,0,0,0,0,0,0,0,0,0,0,0,0,0,0,0,0,0,0,0,0,0,0,0,0,0,0,0,0,0,0,0,0,0,0,0,0,0,0,0,0,0,0,0,0,0,0,0,0,0,0,0,0,0,0,0,0,0,0,0,0,0,0,0,0,0,0,0,0,0,0,0,0,0,0,0,0,0,0,0,0,0,0,0,0,0,0,0,0,0,0,0,0,0,0,0,0,0,0,0,0,0,0,0,0,0,0,0,0,0,0,0,0,0,0,0,0,0,0,0,0,0,0,0,0,0,0,0,0,0,0,0,0,0,0,0,0,0,0,0,0,0,0,0,0,0,0,0,0,0,0,0,0,0,0,0,0,0,0,0,0,0,0,0,0,0,0,0,0,0,0,0,0,0,0,0,0,0,0,0,0,0,0,0,0,0,0,0,0,0,0,0,0,0,0,0,0,0,0,0,0,0,0,0,0,0,0,0,0,0,0,0,0,0,0,0,0,0,0,0,0,0,0,0,0,0,0,0,0,0,0,0,0,0,0,0,0,0,0,0,0,0,0,0,0,0,0,0,0,0,0,0,0,0,0,0,0,0,0,0,0,0,0,0,0,0,0,0,0,0,0,0,0,0,0,0,0,0,0,0,0,0,0,0,0,0,0,0,0,0,0,0,0,0,0,0,0,0,0,0,0,0,0,0,0,0,0,0,0,0,0,0,0,0,0,0,0,0,0,0,0,0,0,0,0,0,0,0,0,0,0,0,0,0,0,0,0,0,0,0,0,0,0,0,0,0,0,0,0,0,0,0,0,0,0,0,0,0,0,0,0,0
"109",370.146825,370.249425,371.139475,372.00325,372.09065,373.4368,373.501425,373.518075,373.646325,375.738375,378.42165,378.9096,381.866925,0,0,0,0,0,0,0,0,0,0,0,0,0,0,0,0,0,0,0,0,0,0,0,0,0,0,0,0,0,0,0,0,0,0,0,0,0,0,0,0,0,0,0,0,0,0,0,0,0,0,0,0,0,0,0,0,0,0,0,0,0,0,0,0,0,0,0,0,0,0,0,0,0,0,0,0,0,0,0,0,0,0,0,0,0,0,0,0,0,0,0,0,0,0,0,0,0,0,0,0,0,0,0,0,0,0,0,0,0,0,0,0,0,0,0,0,0,0,0,0,0,0,0,0,0,0,0,0,0,0,0,0,0,0,0,0,0,0,0,0,0,0,0,0,0,0,0,0,0,0,0,0,0,0,0,0,0,0,0,0,0,0,0,0,0,0,0,0,0,0,0,0,0,0,0,0,0,0,0,0,0,0,0,0,0,0,0,0,0,0,0,0,0,0,0,0,0,0,0,0,0,0,0,0,0,0,0,0,0,0,0,0,0,0,0,0,0,0,0,0,0,0,0,0,0,0,0,0,0,0,0,0,0,0,0,0,0,0,0,0,0,0,0,0,0,0,0,0,0,0,0,0,0,0,0,0,0,0,0,0,0,0,0,0,0,0,0,0,0,0,0,0,0,0,0,0,0,0,0,0,0,0,0,0,0,0,0,0,0,0,0,0,0,0,0,0,0,0,0,0,0,0,0,0,0,0,0,0,0,0,0,0,0,0,0,0,0,0,0,0,0,0,0,0,0,0,0,0,0,0,0,0,0,0,0,0,0,0,0,0,0,0,0,0,0,0,0,0,0,0,0,0,0,0,0,0,0,0,0,0,0,0,0,0,0,0,0,0,0,0,0,0,0,0,0,0,0,0,0,0,0,0,0,0,0,0,0,0,0,0,0,0,0,0,0,0,0,0,0,0,0,0,0,0,0,0,0,0,0,0,0,0,0,0,0,0,0,0,0,0,0
"110",372.031225,372.167725,373.78455,374.37505,374.88655,376.37285,378.317975,379.7478,379.8588,380.136575,383.08145,385.051375,385.22335,385.4553,385.63815,385.903475,386.2475,386.4926,386.6962,386.91445,387.24835,387.49035,387.824075,388.0943,389.37325,390.58145,391.323425,392.091175,392.832675,393.771125,394.2502,394.656925,395.176225,395.472225,395.85675,396.308325,396.65715,397.084675,397.468475,397.844925,398.245425,0,0,0,0,0,0,0,0,0,0,0,0,0,0,0,0,0,0,0,0,0,0,0,0,0,0,0,0,0,0,0,0,0,0,0,0,0,0,0,0,0,0,0,0,0,0,0,0,0,0,0,0,0,0,0,0,0,0,0,0,0,0,0,0,0,0,0,0,0,0,0,0,0,0,0,0,0,0,0,0,0,0,0,0,0,0,0,0,0,0,0,0,0,0,0,0,0,0,0,0,0,0,0,0,0,0,0,0,0,0,0,0,0,0,0,0,0,0,0,0,0,0,0,0,0,0,0,0,0,0,0,0,0,0,0,0,0,0,0,0,0,0,0,0,0,0,0,0,0,0,0,0,0,0,0,0,0,0,0,0,0,0,0,0,0,0,0,0,0,0,0,0,0,0,0,0,0,0,0,0,0,0,0,0,0,0,0,0,0,0,0,0,0,0,0,0,0,0,0,0,0,0,0,0,0,0,0,0,0,0,0,0,0,0,0,0,0,0,0,0,0,0,0,0,0,0,0,0,0,0,0,0,0,0,0,0,0,0,0,0,0,0,0,0,0,0,0,0,0,0,0,0,0,0,0,0,0,0,0,0,0,0,0,0,0,0,0,0,0,0,0,0,0,0,0,0,0,0,0,0,0,0,0,0,0,0,0,0,0,0,0,0,0,0,0,0,0,0,0,0,0,0,0,0,0,0,0,0,0,0,0,0,0,0,0,0,0,0,0,0,0,0,0,0,0,0,0,0,0,0,0,0,0,0,0,0,0,0,0,0,0,0,0,0,0,0,0,0,0,0,0,0,0,0,0,0,0,0,0,0,0,0,0,0,0,0,0,0,0,0,0,0,0,0,0,0,0,0,0,0,0,0,0,0,0,0,0,0,0,0,0,0,0
"111",369.566425,369.74545,369.821325,369.866125,369.9298,370.1188,370.204425,370.278775,370.3542,370.512575,370.53915,370.5983,370.9897,371.111,371.14435,371.184925,371.246825,371.30325,371.419925,371.63275,371.77095,371.90725,371.91055,371.993425,372.02765,372.0681,372.10545,372.1548,372.28335,372.319525,372.3486,372.412725,372.442325,372.59985,372.69225,372.7513,372.898675,372.940225,373.11965,373.317025,373.346275,373.849475,373.92565,374.0195,374.31745,374.3951,374.464475,374.51915,374.657375,374.8675,374.982275,375.015425,375.0559,375.08955,375.272225,375.384025,375.4768,376.115925,376.2181,376.265675,376.372975,376.568925,376.621,376.6762,376.860625,376.916625,376.971225,376.99745,377.02405,377.19935,377.4006,377.551825,378.097375,378.137525,378.17125,378.207425,378.533225,378.862425,378.907725,379.23435,379.268825,379.417725,379.877175,379.92675,380.031875,380.2014,380.508725,381.431925,381.74465,382.19205,382.292425,382.3666,382.4778,382.7017,383.20375,383.279025,383.30165,383.597925,384.012675,384.127,384.2799,384.63755,384.8455,384.852675,385.02215,385.2262,385.55315,386.106975,387.415625,387.89725,0,0,0,0,0,0,0,0,0,0,0,0,0,0,0,0,0,0,0,0,0,0,0,0,0,0,0,0,0,0,0,0,0,0,0,0,0,0,0,0,0,0,0,0,0,0,0,0,0,0,0,0,0,0,0,0,0,0,0,0,0,0,0,0,0,0,0,0,0,0,0,0,0,0,0,0,0,0,0,0,0,0,0,0,0,0,0,0,0,0,0,0,0,0,0,0,0,0,0,0,0,0,0,0,0,0,0,0,0,0,0,0,0,0,0,0,0,0,0,0,0,0,0,0,0,0,0,0,0,0,0,0,0,0,0,0,0,0,0,0,0,0,0,0,0,0,0,0,0,0,0,0,0,0,0,0,0,0,0,0,0,0,0,0,0,0,0,0,0,0,0,0,0,0,0,0,0,0,0,0,0,0,0,0,0,0,0,0,0,0,0,0,0,0,0,0,0,0,0,0,0,0,0,0,0,0,0,0,0,0,0,0,0,0,0,0,0,0,0,0,0,0,0,0,0,0,0,0,0,0,0,0,0,0,0,0,0,0,0,0,0,0,0,0,0,0,0,0,0,0,0,0,0,0,0,0,0,0,0,0,0,0,0,0,0,0,0,0,0,0,0,0,0,0,0,0,0,0,0,0,0,0,0,0,0,0,0,0,0,0,0,0,0,0,0,0,0,0,0,0,0,0,0,0,0,0,0,0,0,0,0,0,0,0,0,0,0,0,0,0,0,0,0,0
"112",369.990225,370.55375,371.25685,371.29915,371.44035,371.52455,371.599075,371.994425,372.0859,372.11105,372.146875,372.25675,372.3829,372.457075,372.6053,372.767575,373.350525,373.4462,373.562975,373.650375,373.72305,373.85745,374.041975,374.069575,374.2566,374.280325,374.333525,374.360825,374.4271,374.484925,374.517025,374.736275,374.9233,374.98545,375.027775,375.065725,375.2013,375.2369,375.950175,376.18725,376.263325,376.701475,376.765475,377.9808,378.44235,378.4896,378.599075,378.9508,379.040675,381.1137,381.473875,0,0,0,0,0,0,0,0,0,0,0,0,0,0,0,0,0,0,0,0,0,0,0,0,0,0,0,0,0,0,0,0,0,0,0,0,0,0,0,0,0,0,0,0,0,0,0,0,0,0,0,0,0,0,0,0,0,0,0,0,0,0,0,0,0,0,0,0,0,0,0,0,0,0,0,0,0,0,0,0,0,0,0,0,0,0,0,0,0,0,0,0,0,0,0,0,0,0,0,0,0,0,0,0,0,0,0,0,0,0,0,0,0,0,0,0,0,0,0,0,0,0,0,0,0,0,0,0,0,0,0,0,0,0,0,0,0,0,0,0,0,0,0,0,0,0,0,0,0,0,0,0,0,0,0,0,0,0,0,0,0,0,0,0,0,0,0,0,0,0,0,0,0,0,0,0,0,0,0,0,0,0,0,0,0,0,0,0,0,0,0,0,0,0,0,0,0,0,0,0,0,0,0,0,0,0,0,0,0,0,0,0,0,0,0,0,0,0,0,0,0,0,0,0,0,0,0,0,0,0,0,0,0,0,0,0,0,0,0,0,0,0,0,0,0,0,0,0,0,0,0,0,0,0,0,0,0,0,0,0,0,0,0,0,0,0,0,0,0,0,0,0,0,0,0,0,0,0,0,0,0,0,0,0,0,0,0,0,0,0,0,0,0,0,0,0,0,0,0,0,0,0,0,0,0,0,0,0,0,0,0,0,0,0,0,0,0,0,0,0,0,0,0,0,0,0,0,0,0,0,0,0,0,0,0,0,0,0,0,0,0,0,0,0,0,0,0,0,0,0,0,0,0,0,0,0,0,0,0,0,0,0,0,0,0,0,0,0,0,0,0,0,0,0,0,0,0,0,0,0,0,0,0
"113",360.024625,360.211225,360.280125,360.725025,360.8362,360.9519,361.004075,361.182575,361.353175,361.607875,361.66915,361.9498,361.99965,362.076225,362.173125,362.2302,362.29815,362.56285,362.66975,363.292775,363.4925,363.74955,363.826525,363.87195,364.038025,364.283325,364.43245,364.537775,364.6186,364.802525,364.93775,364.996825,365.0916,365.3361,365.499925,365.722525,365.895375,366.01915,366.1109,366.190925,366.379775,366.6397,366.847675,367.069825,367.219825,367.326325,367.425725,367.536125,367.595675,367.783075,367.9079,367.95115,368.009125,368.083175,368.1923,368.2687,368.3183,368.689625,368.788075,369.1098,369.2522,369.3489,369.47515,369.946025,370.9526,371.612375,372.098125,372.46735,372.7636,372.853575,373.013875,373.192075,373.51605,374.727825,374.7737,374.904375,375.16815,375.71665,375.766525,375.803275,375.8808,377.373175,377.5044,377.624975,377.67795,377.802275,378.35045,378.502075,378.526125,378.552175,378.605325,379.602775,379.63215,379.667025,379.8435,379.9586,379.97995,380.00125,380.09425,380.192725,380.222275,380.462925,381.11515,381.565875,381.7051,381.765075,381.96895,382.14655,382.351075,382.379375,382.444425,382.48885,382.600075,382.680725,382.747675,382.7717,382.825175,382.924025,383.006575,383.057675,383.136925,383.342975,383.461375,383.5641,383.5973,383.61685,383.68175,383.915,384.001,384.12685,384.232475,384.57325,384.991175,385.073025,385.105975,385.3127,385.364825,385.3921,385.507925,385.603,385.641225,385.7201,385.772325,385.904125,386.162075,386.533975,386.6327,386.81595,387.4887,388.615975,388.9418,389.160575,390.162975,390.297275,390.787625,391.02995,391.64215,392.3748,393.10715,393.667975,396.224775,0,0,0,0,0,0,0,0,0,0,0,0,0,0,0,0,0,0,0,0,0,0,0,0,0,0,0,0,0,0,0,0,0,0,0,0,0,0,0,0,0,0,0,0,0,0,0,0,0,0,0,0,0,0,0,0,0,0,0,0,0,0,0,0,0,0,0,0,0,0,0,0,0,0,0,0,0,0,0,0,0,0,0,0,0,0,0,0,0,0,0,0,0,0,0,0,0,0,0,0,0,0,0,0,0,0,0,0,0,0,0,0,0,0,0,0,0,0,0,0,0,0,0,0,0,0,0,0,0,0,0,0,0,0,0,0,0,0,0,0,0,0,0,0,0,0,0,0,0,0,0,0,0,0,0,0,0,0,0,0,0,0,0,0,0,0,0,0,0,0,0,0,0,0,0,0,0,0,0,0,0,0,0,0,0,0,0,0,0,0,0,0,0,0,0,0,0,0,0,0,0,0,0,0,0,0,0,0,0,0,0,0,0,0,0,0,0,0,0,0,0,0,0,0,0,0,0,0,0,0,0,0,0,0,0,0,0,0,0,0,0,0,0,0,0,0,0,0,0,0,0,0,0,0,0,0,0,0,0,0,0,0,0,0,0,0,0,0,0,0,0,0,0
"114",370.919625,371.045425,371.7325,371.798975,371.903525,372.209325,372.967625,373.237025,373.830475,373.9996,374.0221,374.079925,374.659975,374.67595,374.83985,374.88675,375.00775,375.6653,376.172275,376.303475,376.373925,376.456125,376.779975,377.379525,377.4179,377.4436,377.485075,377.53815,377.685675,377.849475,378.058925,378.219275,378.3626,378.42705,378.5206,378.582925,379.639375,379.7005,379.720325,379.815175,379.8631,379.90195,380.0483,380.118425,380.209725,380.359925,381.295975,383.079,383.190975,383.29265,383.417925,0,0,0,0,0,0,0,0,0,0,0,0,0,0,0,0,0,0,0,0,0,0,0,0,0,0,0,0,0,0,0,0,0,0,0,0,0,0,0,0,0,0,0,0,0,0,0,0,0,0,0,0,0,0,0,0,0,0,0,0,0,0,0,0,0,0,0,0,0,0,0,0,0,0,0,0,0,0,0,0,0,0,0,0,0,0,0,0,0,0,0,0,0,0,0,0,0,0,0,0,0,0,0,0,0,0,0,0,0,0,0,0,0,0,0,0,0,0,0,0,0,0,0,0,0,0,0,0,0,0,0,0,0,0,0,0,0,0,0,0,0,0,0,0,0,0,0,0,0,0,0,0,0,0,0,0,0,0,0,0,0,0,0,0,0,0,0,0,0,0,0,0,0,0,0,0,0,0,0,0,0,0,0,0,0,0,0,0,0,0,0,0,0,0,0,0,0,0,0,0,0,0,0,0,0,0,0,0,0,0,0,0,0,0,0,0,0,0,0,0,0,0,0,0,0,0,0,0,0,0,0,0,0,0,0,0,0,0,0,0,0,0,0,0,0,0,0,0,0,0,0,0,0,0,0,0,0,0,0,0,0,0,0,0,0,0,0,0,0,0,0,0,0,0,0,0,0,0,0,0,0,0,0,0,0,0,0,0,0,0,0,0,0,0,0,0,0,0,0,0,0,0,0,0,0,0,0,0,0,0,0,0,0,0,0,0,0,0,0,0,0,0,0,0,0,0,0,0,0,0,0,0,0,0,0,0,0,0,0,0,0,0,0,0,0,0,0,0,0,0,0,0,0,0,0,0,0,0,0,0,0,0,0,0,0,0,0,0,0,0,0,0,0,0,0,0,0,0,0,0,0,0,0
"115",369.49525,369.509925,369.556475,369.575325,369.593825,369.599825,369.671475,369.69775,369.750125,369.80165,369.808875,369.87065,369.9687,369.9987,370.012725,370.075775,370.2005,370.268225,370.341975,370.411575,370.450525,370.456525,370.4829,370.50055,370.538875,370.566175,370.72595,370.764925,370.810425,370.90915,370.94925,370.9834,371.014125,371.06005,371.0822,371.10325,371.130925,371.14465,371.147075,371.162325,371.200975,371.224325,371.238325,371.252675,371.261425,371.273575,371.284175,371.29535,371.306375,371.3172,371.33915,371.351075,371.370525,371.39425,371.4829,371.51615,371.583425,371.658125,371.8859,372.559525,372.653175,372.722925,372.771375,372.81325,372.823525,373.56285,374.47895,374.514425,374.5662,374.600475,374.750225,375.1833,375.27705,375.313575,375.412675,375.438725,375.47425,375.517925,377.05935,377.1993,379.1552,379.29485,379.3051,381.94875,0,0,0,0,0,0,0,0,0,0,0,0,0,0,0,0,0,0,0,0,0,0,0,0,0,0,0,0,0,0,0,0,0,0,0,0,0,0,0,0,0,0,0,0,0,0,0,0,0,0,0,0,0,0,0,0,0,0,0,0,0,0,0,0,0,0,0,0,0,0,0,0,0,0,0,0,0,0,0,0,0,0,0,0,0,0,0,0,0,0,0,0,0,0,0,0,0,0,0,0,0,0,0,0,0,0,0,0,0,0,0,0,0,0,0,0,0,0,0,0,0,0,0,0,0,0,0,0,0,0,0,0,0,0,0,0,0,0,0,0,0,0,0,0,0,0,0,0,0,0,0,0,0,0,0,0,0,0,0,0,0,0,0,0,0,0,0,0,0,0,0,0,0,0,0,0,0,0,0,0,0,0,0,0,0,0,0,0,0,0,0,0,0,0,0,0,0,0,0,0,0,0,0,0,0,0,0,0,0,0,0,0,0,0,0,0,0,0,0,0,0,0,0,0,0,0,0,0,0,0,0,0,0,0,0,0,0,0,0,0,0,0,0,0,0,0,0,0,0,0,0,0,0,0,0,0,0,0,0,0,0,0,0,0,0,0,0,0,0,0,0,0,0,0,0,0,0,0,0,0,0,0,0,0,0,0,0,0,0,0,0,0,0,0,0,0,0,0,0,0,0,0,0,0,0,0,0,0,0,0,0,0,0,0,0,0,0,0,0,0,0,0,0,0,0,0,0,0,0,0,0,0,0,0,0,0,0,0,0,0,0,0,0,0,0,0,0,0,0,0
"116",360.05235,360.3002,360.413575,360.5433,360.752225,360.912025,361.032175,361.1726,361.363525,361.553725,361.805075,361.886525,362.072925,362.25785,362.408175,362.536725,362.83805,363.116125,363.361,363.574475,363.727025,364.017925,364.3011,364.448875,364.564175,364.74815,364.88945,365.0706,365.25865,365.47,365.804725,365.907,366.10485,366.2794,366.4496,366.624375,366.77225,366.867325,367.112075,367.378075,367.595125,367.74375,367.9494,368.34285,368.47315,368.60075,368.727675,369.034625,369.13705,369.3355,370.9167,370.933575,371.1743,374.603725,388.486225,388.929,389.849175,390.194725,391.17075,391.481475,392.220675,392.764725,393.129225,393.635175,393.8894,394.120325,394.501775,394.72845,395.27185,395.664425,396.367625,396.8014,397.122725,397.5267,398.04465,0,0,0,0,0,0,0,0,0,0,0,0,0,0,0,0,0,0,0,0,0,0,0,0,0,0,0,0,0,0,0,0,0,0,0,0,0,0,0,0,0,0,0,0,0,0,0,0,0,0,0,0,0,0,0,0,0,0,0,0,0,0,0,0,0,0,0,0,0,0,0,0,0,0,0,0,0,0,0,0,0,0,0,0,0,0,0,0,0,0,0,0,0,0,0,0,0,0,0,0,0,0,0,0,0,0,0,0,0,0,0,0,0,0,0,0,0,0,0,0,0,0,0,0,0,0,0,0,0,0,0,0,0,0,0,0,0,0,0,0,0,0,0,0,0,0,0,0,0,0,0,0,0,0,0,0,0,0,0,0,0,0,0,0,0,0,0,0,0,0,0,0,0,0,0,0,0,0,0,0,0,0,0,0,0,0,0,0,0,0,0,0,0,0,0,0,0,0,0,0,0,0,0,0,0,0,0,0,0,0,0,0,0,0,0,0,0,0,0,0,0,0,0,0,0,0,0,0,0,0,0,0,0,0,0,0,0,0,0,0,0,0,0,0,0,0,0,0,0,0,0,0,0,0,0,0,0,0,0,0,0,0,0,0,0,0,0,0,0,0,0,0,0,0,0,0,0,0,0,0,0,0,0,0,0,0,0,0,0,0,0,0,0,0,0,0,0,0,0,0,0,0,0,0,0,0,0,0,0,0,0,0,0,0,0,0,0,0,0,0,0,0,0,0,0,0,0,0,0,0,0,0,0,0,0,0,0,0,0,0,0,0,0,0,0,0,0,0,0,0,0,0,0,0,0,0,0,0,0
"117",369.612225,371.005775,371.669,371.69915,371.80595,371.89755,371.95195,372.032675,372.276275,373.2554,374.05005,375.125375,375.85995,376.00135,376.512475,377.399925,377.4461,377.772575,377.91435,377.96335,378.3043,379.85485,381.29435,382.977675,383.09495,383.412125,383.5246,387.2856,0,0,0,0,0,0,0,0,0,0,0,0,0,0,0,0,0,0,0,0,0,0,0,0,0,0,0,0,0,0,0,0,0,0,0,0,0,0,0,0,0,0,0,0,0,0,0,0,0,0,0,0,0,0,0,0,0,0,0,0,0,0,0,0,0,0,0,0,0,0,0,0,0,0,0,0,0,0,0,0,0,0,0,0,0,0,0,0,0,0,0,0,0,0,0,0,0,0,0,0,0,0,0,0,0,0,0,0,0,0,0,0,0,0,0,0,0,0,0,0,0,0,0,0,0,0,0,0,0,0,0,0,0,0,0,0,0,0,0,0,0,0,0,0,0,0,0,0,0,0,0,0,0,0,0,0,0,0,0,0,0,0,0,0,0,0,0,0,0,0,0,0,0,0,0,0,0,0,0,0,0,0,0,0,0,0,0,0,0,0,0,0,0,0,0,0,0,0,0,0,0,0,0,0,0,0,0,0,0,0,0,0,0,0,0,0,0,0,0,0,0,0,0,0,0,0,0,0,0,0,0,0,0,0,0,0,0,0,0,0,0,0,0,0,0,0,0,0,0,0,0,0,0,0,0,0,0,0,0,0,0,0,0,0,0,0,0,0,0,0,0,0,0,0,0,0,0,0,0,0,0,0,0,0,0,0,0,0,0,0,0,0,0,0,0,0,0,0,0,0,0,0,0,0,0,0,0,0,0,0,0,0,0,0,0,0,0,0,0,0,0,0,0,0,0,0,0,0,0,0,0,0,0,0,0,0,0,0,0,0,0,0,0,0,0,0,0,0,0,0,0,0,0,0,0,0,0,0,0,0,0,0,0,0,0,0,0,0,0,0,0,0,0,0,0,0,0,0,0,0,0,0,0,0,0,0,0,0,0,0,0,0,0,0,0,0,0,0,0,0,0,0,0,0,0,0
"118",371.723425,372.35795,374.947825,379.70415,379.757175,382.876625,383.004375,383.08475,383.167475,383.2105,383.267725,383.311775,383.42525,383.4631,383.531825,385.187075,385.29635,385.505275,0,0,0,0,0,0,0,0,0,0,0,0,0,0,0,0,0,0,0,0,0,0,0,0,0,0,0,0,0,0,0,0,0,0,0,0,0,0,0,0,0,0,0,0,0,0,0,0,0,0,0,0,0,0,0,0,0,0,0,0,0,0,0,0,0,0,0,0,0,0,0,0,0,0,0,0,0,0,0,0,0,0,0,0,0,0,0,0,0,0,0,0,0,0,0,0,0,0,0,0,0,0,0,0,0,0,0,0,0,0,0,0,0,0,0,0,0,0,0,0,0,0,0,0,0,0,0,0,0,0,0,0,0,0,0,0,0,0,0,0,0,0,0,0,0,0,0,0,0,0,0,0,0,0,0,0,0,0,0,0,0,0,0,0,0,0,0,0,0,0,0,0,0,0,0,0,0,0,0,0,0,0,0,0,0,0,0,0,0,0,0,0,0,0,0,0,0,0,0,0,0,0,0,0,0,0,0,0,0,0,0,0,0,0,0,0,0,0,0,0,0,0,0,0,0,0,0,0,0,0,0,0,0,0,0,0,0,0,0,0,0,0,0,0,0,0,0,0,0,0,0,0,0,0,0,0,0,0,0,0,0,0,0,0,0,0,0,0,0,0,0,0,0,0,0,0,0,0,0,0,0,0,0,0,0,0,0,0,0,0,0,0,0,0,0,0,0,0,0,0,0,0,0,0,0,0,0,0,0,0,0,0,0,0,0,0,0,0,0,0,0,0,0,0,0,0,0,0,0,0,0,0,0,0,0,0,0,0,0,0,0,0,0,0,0,0,0,0,0,0,0,0,0,0,0,0,0,0,0,0,0,0,0,0,0,0,0,0,0,0,0,0,0,0,0,0,0,0,0,0,0,0,0,0,0,0,0,0,0,0,0,0,0,0,0,0,0,0,0,0,0,0,0,0,0,0,0,0,0,0,0,0,0,0,0,0
"119",371.961875,371.999075,372.0465,372.088025,372.138275,372.169925,372.218475,372.335925,376.152675,0,0,0,0,0,0,0,0,0,0,0,0,0,0,0,0,0,0,0,0,0,0,0,0,0,0,0,0,0,0,0,0,0,0,0,0,0,0,0,0,0,0,0,0,0,0,0,0,0,0,0,0,0,0,0,0,0,0,0,0,0,0,0,0,0,0,0,0,0,0,0,0,0,0,0,0,0,0,0,0,0,0,0,0,0,0,0,0,0,0,0,0,0,0,0,0,0,0,0,0,0,0,0,0,0,0,0,0,0,0,0,0,0,0,0,0,0,0,0,0,0,0,0,0,0,0,0,0,0,0,0,0,0,0,0,0,0,0,0,0,0,0,0,0,0,0,0,0,0,0,0,0,0,0,0,0,0,0,0,0,0,0,0,0,0,0,0,0,0,0,0,0,0,0,0,0,0,0,0,0,0,0,0,0,0,0,0,0,0,0,0,0,0,0,0,0,0,0,0,0,0,0,0,0,0,0,0,0,0,0,0,0,0,0,0,0,0,0,0,0,0,0,0,0,0,0,0,0,0,0,0,0,0,0,0,0,0,0,0,0,0,0,0,0,0,0,0,0,0,0,0,0,0,0,0,0,0,0,0,0,0,0,0,0,0,0,0,0,0,0,0,0,0,0,0,0,0,0,0,0,0,0,0,0,0,0,0,0,0,0,0,0,0,0,0,0,0,0,0,0,0,0,0,0,0,0,0,0,0,0,0,0,0,0,0,0,0,0,0,0,0,0,0,0,0,0,0,0,0,0,0,0,0,0,0,0,0,0,0,0,0,0,0,0,0,0,0,0,0,0,0,0,0,0,0,0,0,0,0,0,0,0,0,0,0,0,0,0,0,0,0,0,0,0,0,0,0,0,0,0,0,0,0,0,0,0,0,0,0,0,0,0,0,0,0,0,0,0,0,0,0,0,0,0,0,0,0,0,0,0,0,0,0,0,0,0,0,0,0,0,0,0,0,0,0
"120",372.106525,372.131675,372.1513,372.209325,372.242825,372.38665,373.086575,373.23415,373.32775,373.43565,373.57205,373.60665,373.63725,373.664525,373.678675,373.74195,373.756775,373.790125,373.8297,373.85705,373.897075,373.956,373.976325,374.040175,374.070825,374.1156,374.169775,374.233275,374.761125,374.872725,374.926325,374.945525,374.973425,375.920875,376.029375,376.094525,376.203075,376.2786,376.29705,376.3317,376.40105,376.426975,376.574925,376.601275,376.7059,376.72645,377.49945,377.66915,377.767075,377.8517,377.916825,377.9276,377.9531,377.984975,378.018475,378.03255,378.052225,378.0705,378.096925,378.131675,378.16745,378.1792,378.19245,378.2527,378.276725,378.329775,378.39325,378.446375,378.565,378.609425,378.6847,378.767075,379.65195,379.730875,379.77775,379.8098,380.0725,380.117325,380.232925,380.299775,380.3715,380.398675,380.41345,380.454125,380.500075,380.52465,380.554375,380.571225,380.6019,380.6336,380.664825,380.72315,380.762475,380.802275,380.8742,380.913625,381.04855,381.103075,381.2456,381.41175,383.06395,383.18985,383.3258,0,0,0,0,0,0,0,0,0,0,0,0,0,0,0,0,0,0,0,0,0,0,0,0,0,0,0,0,0,0,0,0,0,0,0,0,0,0,0,0,0,0,0,0,0,0,0,0,0,0,0,0,0,0,0,0,0,0,0,0,0,0,0,0,0,0,0,0,0,0,0,0,0,0,0,0,0,0,0,0,0,0,0,0,0,0,0,0,0,0,0,0,0,0,0,0,0,0,0,0,0,0,0,0,0,0,0,0,0,0,0,0,0,0,0,0,0,0,0,0,0,0,0,0,0,0,0,0,0,0,0,0,0,0,0,0,0,0,0,0,0,0,0,0,0,0,0,0,0,0,0,0,0,0,0,0,0,0,0,0,0,0,0,0,0,0,0,0,0,0,0,0,0,0,0,0,0,0,0,0,0,0,0,0,0,0,0,0,0,0,0,0,0,0,0,0,0,0,0,0,0,0,0,0,0,0,0,0,0,0,0,0,0,0,0,0,0,0,0,0,0,0,0,0,0,0,0,0,0,0,0,0,0,0,0,0,0,0,0,0,0,0,0,0,0,0,0,0,0,0,0,0,0,0,0,0,0,0,0,0,0,0,0,0,0,0,0,0,0,0,0,0,0,0,0,0,0,0,0,0,0,0,0,0,0,0,0,0,0,0,0,0,0,0,0,0,0,0,0,0,0,0,0,0,0,0,0,0,0,0,0,0,0,0,0,0,0,0,0,0,0,0,0,0,0,0,0,0,0,0,0
"121",369.96735,370.03665,370.064075,370.135825,370.1926,370.24285,370.334975,370.3882,370.4257,370.494875,370.829325,371.265525,371.34885,371.396725,371.533875,371.590625,372.588925,373.648,373.670325,373.915375,374.147675,374.221825,374.493625,374.866525,375.77925,375.817175,375.84895,376.184275,376.2954,376.757675,376.82815,376.89965,376.94795,376.995475,377.061375,378.1424,378.153875,378.1827,378.60695,379.358425,380.224175,380.319925,380.356875,380.473225,380.526275,380.878525,381.088325,381.244725,381.431325,381.463825,381.5691,381.6893,382.0521,383.2224,383.272825,383.49855,383.946975,384.048475,384.13185,384.287525,384.4306,384.5189,384.609275,384.931525,385.081625,386.10275,0,0,0,0,0,0,0,0,0,0,0,0,0,0,0,0,0,0,0,0,0,0,0,0,0,0,0,0,0,0,0,0,0,0,0,0,0,0,0,0,0,0,0,0,0,0,0,0,0,0,0,0,0,0,0,0,0,0,0,0,0,0,0,0,0,0,0,0,0,0,0,0,0,0,0,0,0,0,0,0,0,0,0,0,0,0,0,0,0,0,0,0,0,0,0,0,0,0,0,0,0,0,0,0,0,0,0,0,0,0,0,0,0,0,0,0,0,0,0,0,0,0,0,0,0,0,0,0,0,0,0,0,0,0,0,0,0,0,0,0,0,0,0,0,0,0,0,0,0,0,0,0,0,0,0,0,0,0,0,0,0,0,0,0,0,0,0,0,0,0,0,0,0,0,0,0,0,0,0,0,0,0,0,0,0,0,0,0,0,0,0,0,0,0,0,0,0,0,0,0,0,0,0,0,0,0,0,0,0,0,0,0,0,0,0,0,0,0,0,0,0,0,0,0,0,0,0,0,0,0,0,0,0,0,0,0,0,0,0,0,0,0,0,0,0,0,0,0,0,0,0,0,0,0,0,0,0,0,0,0,0,0,0,0,0,0,0,0,0,0,0,0,0,0,0,0,0,0,0,0,0,0,0,0,0,0,0,0,0,0,0,0,0,0,0,0,0,0,0,0,0,0,0,0,0,0,0,0,0,0,0,0,0,0,0,0,0,0,0,0,0,0,0,0,0,0,0,0,0,0,0,0,0,0,0,0,0,0,0,0,0,0,0,0,0,0,0,0,0,0,0,0,0,0,0,0,0,0,0,0,0,0,0,0,0,0,0,0
"122",371.971,372.33055,373.503625,373.6955,374.83765,375.97375,376.130375,376.232925,376.382975,376.4645,377.4059,377.59695,378.20835,380.0017,0,0,0,0,0,0,0,0,0,0,0,0,0,0,0,0,0,0,0,0,0,0,0,0,0,0,0,0,0,0,0,0,0,0,0,0,0,0,0,0,0,0,0,0,0,0,0,0,0,0,0,0,0,0,0,0,0,0,0,0,0,0,0,0,0,0,0,0,0,0,0,0,0,0,0,0,0,0,0,0,0,0,0,0,0,0,0,0,0,0,0,0,0,0,0,0,0,0,0,0,0,0,0,0,0,0,0,0,0,0,0,0,0,0,0,0,0,0,0,0,0,0,0,0,0,0,0,0,0,0,0,0,0,0,0,0,0,0,0,0,0,0,0,0,0,0,0,0,0,0,0,0,0,0,0,0,0,0,0,0,0,0,0,0,0,0,0,0,0,0,0,0,0,0,0,0,0,0,0,0,0,0,0,0,0,0,0,0,0,0,0,0,0,0,0,0,0,0,0,0,0,0,0,0,0,0,0,0,0,0,0,0,0,0,0,0,0,0,0,0,0,0,0,0,0,0,0,0,0,0,0,0,0,0,0,0,0,0,0,0,0,0,0,0,0,0,0,0,0,0,0,0,0,0,0,0,0,0,0,0,0,0,0,0,0,0,0,0,0,0,0,0,0,0,0,0,0,0,0,0,0,0,0,0,0,0,0,0,0,0,0,0,0,0,0,0,0,0,0,0,0,0,0,0,0,0,0,0,0,0,0,0,0,0,0,0,0,0,0,0,0,0,0,0,0,0,0,0,0,0,0,0,0,0,0,0,0,0,0,0,0,0,0,0,0,0,0,0,0,0,0,0,0,0,0,0,0,0,0,0,0,0,0,0,0,0,0,0,0,0,0,0,0,0,0,0,0,0,0,0,0,0,0,0,0,0,0,0,0,0,0,0,0,0,0,0,0,0,0,0,0,0,0,0,0,0,0,0,0,0,0,0,0,0,0,0,0,0,0,0
"123",371.902525,371.9316,371.95975,371.980075,372.0002,372.071625,372.141925,372.176025,372.317575,373.3934,373.48605,373.52485,373.577875,373.861575,373.996825,375.912475,375.968175,375.99525,376.0434,376.10695,376.149875,376.264975,0,0,0,0,0,0,0,0,0,0,0,0,0,0,0,0,0,0,0,0,0,0,0,0,0,0,0,0,0,0,0,0,0,0,0,0,0,0,0,0,0,0,0,0,0,0,0,0,0,0,0,0,0,0,0,0,0,0,0,0,0,0,0,0,0,0,0,0,0,0,0,0,0,0,0,0,0,0,0,0,0,0,0,0,0,0,0,0,0,0,0,0,0,0,0,0,0,0,0,0,0,0,0,0,0,0,0,0,0,0,0,0,0,0,0,0,0,0,0,0,0,0,0,0,0,0,0,0,0,0,0,0,0,0,0,0,0,0,0,0,0,0,0,0,0,0,0,0,0,0,0,0,0,0,0,0,0,0,0,0,0,0,0,0,0,0,0,0,0,0,0,0,0,0,0,0,0,0,0,0,0,0,0,0,0,0,0,0,0,0,0,0,0,0,0,0,0,0,0,0,0,0,0,0,0,0,0,0,0,0,0,0,0,0,0,0,0,0,0,0,0,0,0,0,0,0,0,0,0,0,0,0,0,0,0,0,0,0,0,0,0,0,0,0,0,0,0,0,0,0,0,0,0,0,0,0,0,0,0,0,0,0,0,0,0,0,0,0,0,0,0,0,0,0,0,0,0,0,0,0,0,0,0,0,0,0,0,0,0,0,0,0,0,0,0,0,0,0,0,0,0,0,0,0,0,0,0,0,0,0,0,0,0,0,0,0,0,0,0,0,0,0,0,0,0,0,0,0,0,0,0,0,0,0,0,0,0,0,0,0,0,0,0,0,0,0,0,0,0,0,0,0,0,0,0,0,0,0,0,0,0,0,0,0,0,0,0,0,0,0,0,0,0,0,0,0,0,0,0,0,0,0,0,0,0,0,0,0,0,0,0,0,0,0,0,0,0,0,0,0,0,0,0,0,0,0,0,0,0,0,0,0
"124",0,0,0,0,0,0,0,0,0,0,0,0,0,0,0,0,0,0,0,0,0,0,0,0,0,0,0,0,0,0,0,0,0,0,0,0,0,0,0,0,0,0,0,0,0,0,0,0,0,0,0,0,0,0,0,0,0,0,0,0,0,0,0,0,0,0,0,0,0,0,0,0,0,0,0,0,0,0,0,0,0,0,0,0,0,0,0,0,0,0,0,0,0,0,0,0,0,0,0,0,0,0,0,0,0,0,0,0,0,0,0,0,0,0,0,0,0,0,0,0,0,0,0,0,0,0,0,0,0,0,0,0,0,0,0,0,0,0,0,0,0,0,0,0,0,0,0,0,0,0,0,0,0,0,0,0,0,0,0,0,0,0,0,0,0,0,0,0,0,0,0,0,0,0,0,0,0,0,0,0,0,0,0,0,0,0,0,0,0,0,0,0,0,0,0,0,0,0,0,0,0,0,0,0,0,0,0,0,0,0,0,0,0,0,0,0,0,0,0,0,0,0,0,0,0,0,0,0,0,0,0,0,0,0,0,0,0,0,0,0,0,0,0,0,0,0,0,0,0,0,0,0,0,0,0,0,0,0,0,0,0,0,0,0,0,0,0,0,0,0,0,0,0,0,0,0,0,0,0,0,0,0,0,0,0,0,0,0,0,0,0,0,0,0,0,0,0,0,0,0,0,0,0,0,0,0,0,0,0,0,0,0,0,0,0,0,0,0,0,0,0,0,0,0,0,0,0,0,0,0,0,0,0,0,0,0,0,0,0,0,0,0,0,0,0,0,0,0,0,0,0,0,0,0,0,0,0,0,0,0,0,0,0,0,0,0,0,0,0,0,0,0,0,0,0,0,0,0,0,0,0,0,0,0,0,0,0,0,0,0,0,0,0,0,0,0,0,0,0,0,0,0,0,0,0,0,0,0,0,0,0,0,0,0,0,0,0,0,0,0,0,0,0,0,0,0,0,0,0,0,0,0,0,0
"125",372.284425,373.789,373.90245,374.004225,374.256525,374.715075,374.887375,374.9443,374.977625,376.70265,379.64095,379.750375,381.31965,383.16905,383.44655,385.2811,385.668525,0,0,0,0,0,0,0,0,0,0,0,0,0,0,0,0,0,0,0,0,0,0,0,0,0,0,0,0,0,0,0,0,0,0,0,0,0,0,0,0,0,0,0,0,0,0,0,0,0,0,0,0,0,0,0,0,0,0,0,0,0,0,0,0,0,0,0,0,0,0,0,0,0,0,0,0,0,0,0,0,0,0,0,0,0,0,0,0,0,0,0,0,0,0,0,0,0,0,0,0,0,0,0,0,0,0,0,0,0,0,0,0,0,0,0,0,0,0,0,0,0,0,0,0,0,0,0,0,0,0,0,0,0,0,0,0,0,0,0,0,0,0,0,0,0,0,0,0,0,0,0,0,0,0,0,0,0,0,0,0,0,0,0,0,0,0,0,0,0,0,0,0,0,0,0,0,0,0,0,0,0,0,0,0,0,0,0,0,0,0,0,0,0,0,0,0,0,0,0,0,0,0,0,0,0,0,0,0,0,0,0,0,0,0,0,0,0,0,0,0,0,0,0,0,0,0,0,0,0,0,0,0,0,0,0,0,0,0,0,0,0,0,0,0,0,0,0,0,0,0,0,0,0,0,0,0,0,0,0,0,0,0,0,0,0,0,0,0,0,0,0,0,0,0,0,0,0,0,0,0,0,0,0,0,0,0,0,0,0,0,0,0,0,0,0,0,0,0,0,0,0,0,0,0,0,0,0,0,0,0,0,0,0,0,0,0,0,0,0,0,0,0,0,0,0,0,0,0,0,0,0,0,0,0,0,0,0,0,0,0,0,0,0,0,0,0,0,0,0,0,0,0,0,0,0,0,0,0,0,0,0,0,0,0,0,0,0,0,0,0,0,0,0,0,0,0,0,0,0,0,0,0,0,0,0,0,0,0,0,0,0,0,0,0,0,0,0,0,0,0,0,0,0,0,0,0,0,0,0,0,0,0,0,0,0,0,0
"126",369.466975,369.835175,369.92435,370.0134,370.08915,370.1716,370.636,370.7265,370.866475,371.07265,371.1762,372.01195,372.360175,372.721675,373.62715,373.85135,375.27625,377.37475,377.384425,378.2158,378.30605,379.265675,379.283575,379.60345,379.614925,379.69545,380.663675,380.87965,380.918675,381.08665,381.273225,381.449075,382.660225,382.73,382.810175,382.835675,382.875125,382.95765,382.999875,383.102875,383.214975,383.274525,383.310075,383.382075,383.5104,383.584525,383.6669,384.8261,384.90655,384.960175,385.0204,385.055525,385.1145,385.16235,385.1923,385.2481,385.286775,385.35055,385.4063,385.45925,385.489275,385.557125,385.6489,385.7541,385.84795,386.03735,386.071425,386.16105,386.25735,386.31895,386.4976,386.696475,386.766175,387.04725,387.50765,0,0,0,0,0,0,0,0,0,0,0,0,0,0,0,0,0,0,0,0,0,0,0,0,0,0,0,0,0,0,0,0,0,0,0,0,0,0,0,0,0,0,0,0,0,0,0,0,0,0,0,0,0,0,0,0,0,0,0,0,0,0,0,0,0,0,0,0,0,0,0,0,0,0,0,0,0,0,0,0,0,0,0,0,0,0,0,0,0,0,0,0,0,0,0,0,0,0,0,0,0,0,0,0,0,0,0,0,0,0,0,0,0,0,0,0,0,0,0,0,0,0,0,0,0,0,0,0,0,0,0,0,0,0,0,0,0,0,0,0,0,0,0,0,0,0,0,0,0,0,0,0,0,0,0,0,0,0,0,0,0,0,0,0,0,0,0,0,0,0,0,0,0,0,0,0,0,0,0,0,0,0,0,0,0,0,0,0,0,0,0,0,0,0,0,0,0,0,0,0,0,0,0,0,0,0,0,0,0,0,0,0,0,0,0,0,0,0,0,0,0,0,0,0,0,0,0,0,0,0,0,0,0,0,0,0,0,0,0,0,0,0,0,0,0,0,0,0,0,0,0,0,0,0,0,0,0,0,0,0,0,0,0,0,0,0,0,0,0,0,0,0,0,0,0,0,0,0,0,0,0,0,0,0,0,0,0,0,0,0,0,0,0,0,0,0,0,0,0,0,0,0,0,0,0,0,0,0,0,0,0,0,0,0,0,0,0,0,0,0,0,0,0,0,0,0,0,0,0,0,0,0,0,0,0,0,0,0,0,0,0,0,0,0,0,0,0,0,0,0,0,0,0,0,0,0,0,0,0
"127",360.42415,360.617175,360.758175,361.1053,361.255975,361.5212,361.6772,361.938175,362.041825,362.2902,362.527425,362.629525,362.718225,362.965325,363.439025,363.81015,364.009025,364.60435,364.854575,366.1939,366.482875,367.0589,367.38405,368.142525,368.437325,369.10805,369.4914,369.6079,369.671475,370.802925,370.8804,370.91805,370.944225,370.959075,371.017475,371.03595,371.059675,371.12345,371.162825,371.51445,371.590475,371.631325,371.668075,371.699275,371.71035,371.7222,371.748475,371.756325,371.786275,371.84725,371.871825,371.89035,371.906,371.98565,372.01495,372.02875,372.14385,372.3062,372.3826,372.517925,372.874875,372.920025,372.965925,372.988975,373.032125,373.0559,373.0848,373.11095,373.1368,373.18515,373.2079,373.236,373.332225,373.440225,373.51685,374.0188,374.536925,374.679125,374.857725,374.995225,375.499575,375.5403,375.581,375.6046,375.642275,375.669725,375.704,375.727225,375.752175,375.766975,375.794,375.8131,375.82075,375.8339,375.88345,375.9151,376.014275,376.0266,376.05045,376.12925,376.1769,377.331825,377.3589,377.391075,377.423075,377.4539,377.48305,377.50655,377.5172,377.578375,377.60175,377.650175,377.70265,377.74125,377.793225,377.83795,377.86135,377.957925,379.5952,379.6621,379.68665,379.77655,379.809725,379.841075,379.94925,380.04575,380.074275,380.12245,380.17695,380.30365,382.81725,382.86775,382.9382,383.02355,383.0762,383.14965,383.21765,383.258275,383.4282,383.5912,384.884,384.970775,385.01025,385.234775,385.373825,385.527025,385.6751,385.816775,0,0,0,0,0,0,0,0,0,0,0,0,0,0,0,0,0,0,0,0,0,0,0,0,0,0,0,0,0,0,0,0,0,0,0,0,0,0,0,0,0,0,0,0,0,0,0,0,0,0,0,0,0,0,0,0,0,0,0,0,0,0,0,0,0,0,0,0,0,0,0,0,0,0,0,0,0,0,0,0,0,0,0,0,0,0,0,0,0,0,0,0,0,0,0,0,0,0,0,0,0,0,0,0,0,0,0,0,0,0,0,0,0,0,0,0,0,0,0,0,0,0,0,0,0,0,0,0,0,0,0,0,0,0,0,0,0,0,0,0,0,0,0,0,0,0,0,0,0,0,0,0,0,0,0,0,0,0,0,0,0,0,0,0,0,0,0,0,0,0,0,0,0,0,0,0,0,0,0,0,0,0,0,0,0,0,0,0,0,0,0,0,0,0,0,0,0,0,0,0,0,0,0,0,0,0,0,0,0,0,0,0,0,0,0,0,0,0,0,0,0,0,0,0,0,0,0,0,0,0,0,0,0,0,0,0,0,0,0,0,0,0,0,0,0,0,0,0,0,0,0,0,0,0,0,0,0,0,0,0,0,0,0,0,0,0,0,0,0,0,0,0,0,0,0,0,0,0,0,0,0,0,0,0,0,0
"128",371.9144,372.519875,373.399075,373.59555,373.9108,375.76415,377.7704,0,0,0,0,0,0,0,0,0,0,0,0,0,0,0,0,0,0,0,0,0,0,0,0,0,0,0,0,0,0,0,0,0,0,0,0,0,0,0,0,0,0,0,0,0,0,0,0,0,0,0,0,0,0,0,0,0,0,0,0,0,0,0,0,0,0,0,0,0,0,0,0,0,0,0,0,0,0,0,0,0,0,0,0,0,0,0,0,0,0,0,0,0,0,0,0,0,0,0,0,0,0,0,0,0,0,0,0,0,0,0,0,0,0,0,0,0,0,0,0,0,0,0,0,0,0,0,0,0,0,0,0,0,0,0,0,0,0,0,0,0,0,0,0,0,0,0,0,0,0,0,0,0,0,0,0,0,0,0,0,0,0,0,0,0,0,0,0,0,0,0,0,0,0,0,0,0,0,0,0,0,0,0,0,0,0,0,0,0,0,0,0,0,0,0,0,0,0,0,0,0,0,0,0,0,0,0,0,0,0,0,0,0,0,0,0,0,0,0,0,0,0,0,0,0,0,0,0,0,0,0,0,0,0,0,0,0,0,0,0,0,0,0,0,0,0,0,0,0,0,0,0,0,0,0,0,0,0,0,0,0,0,0,0,0,0,0,0,0,0,0,0,0,0,0,0,0,0,0,0,0,0,0,0,0,0,0,0,0,0,0,0,0,0,0,0,0,0,0,0,0,0,0,0,0,0,0,0,0,0,0,0,0,0,0,0,0,0,0,0,0,0,0,0,0,0,0,0,0,0,0,0,0,0,0,0,0,0,0,0,0,0,0,0,0,0,0,0,0,0,0,0,0,0,0,0,0,0,0,0,0,0,0,0,0,0,0,0,0,0,0,0,0,0,0,0,0,0,0,0,0,0,0,0,0,0,0,0,0,0,0,0,0,0,0,0,0,0,0,0,0,0,0,0,0,0,0,0,0,0,0,0,0,0,0,0,0,0,0,0,0,0,0,0,0,0,0
"129",369.535875,369.6251,369.778875,369.8792,369.95495,370.00435,370.2813,370.4189,370.557825,370.70845,370.761525,370.857125,370.8901,371.049075,371.053725,371.1157,371.1878,371.2205,371.23395,371.3548,371.407175,371.45325,371.520025,371.544825,371.61785,371.688875,371.74415,371.87565,372.040475,372.055475,372.244125,372.268975,372.562175,372.619925,372.6593,372.6775,372.701675,372.75985,372.7752,372.970625,373.019125,373.067625,373.11285,373.126275,373.312875,373.382625,373.396625,373.46205,373.6151,373.681625,373.945925,374.253675,374.5988,374.637975,374.82905,374.920275,374.991325,375.115075,375.22115,375.35035,375.4148,375.508975,375.530325,375.56275,375.577225,375.593375,375.69075,375.759425,375.964325,375.966375,376.1078,376.1559,376.63985,376.94955,377.1848,377.234825,377.4015,377.404225,377.604475,377.67565,377.721375,377.809475,377.847075,377.88865,378.0523,379.105825,379.15425,379.231325,379.5417,379.888275,380.08595,380.12075,380.255175,380.3657,380.43265,382.871,383.4305,386.462125,0,0,0,0,0,0,0,0,0,0,0,0,0,0,0,0,0,0,0,0,0,0,0,0,0,0,0,0,0,0,0,0,0,0,0,0,0,0,0,0,0,0,0,0,0,0,0,0,0,0,0,0,0,0,0,0,0,0,0,0,0,0,0,0,0,0,0,0,0,0,0,0,0,0,0,0,0,0,0,0,0,0,0,0,0,0,0,0,0,0,0,0,0,0,0,0,0,0,0,0,0,0,0,0,0,0,0,0,0,0,0,0,0,0,0,0,0,0,0,0,0,0,0,0,0,0,0,0,0,0,0,0,0,0,0,0,0,0,0,0,0,0,0,0,0,0,0,0,0,0,0,0,0,0,0,0,0,0,0,0,0,0,0,0,0,0,0,0,0,0,0,0,0,0,0,0,0,0,0,0,0,0,0,0,0,0,0,0,0,0,0,0,0,0,0,0,0,0,0,0,0,0,0,0,0,0,0,0,0,0,0,0,0,0,0,0,0,0,0,0,0,0,0,0,0,0,0,0,0,0,0,0,0,0,0,0,0,0,0,0,0,0,0,0,0,0,0,0,0,0,0,0,0,0,0,0,0,0,0,0,0,0,0,0,0,0,0,0,0,0,0,0,0,0,0,0,0,0,0,0,0,0,0,0,0,0,0,0,0,0,0,0,0,0,0,0,0,0,0,0,0,0,0,0,0,0,0,0,0,0,0,0,0,0,0,0,0,0,0,0,0,0,0,0,0,0,0,0,0,0,0,0,0,0,0,0
"130",360.7882,362.58045,363.512125,364.207125,364.42925,364.725225,364.991725,365.430075,365.682175,366.124375,366.339225,366.77525,367.0982,367.635475,367.894475,368.164225,368.481225,368.766175,369.222075,369.4796,369.770775,369.9005,370.005175,370.046425,370.086225,370.108275,370.1346,370.16505,370.1961,370.2192,370.24255,370.27005,370.30435,370.32515,370.35205,370.39215,370.416575,370.4522,370.502425,370.540625,371.828775,376.95355,377.000075,379.216475,381.549325,381.66725,381.7373,381.8697,381.9446,382.07535,383.846875,383.964775,384.16805,384.37895,386.13795,386.372325,386.672725,386.85095,387.0443,387.224575,387.59875,387.879125,388.124625,388.374925,388.660975,388.881475,391.48745,393.352675,395.778525,396.20085,396.8105,397.248425,397.793825,0,0,0,0,0,0,0,0,0,0,0,0,0,0,0,0,0,0,0,0,0,0,0,0,0,0,0,0,0,0,0,0,0,0,0,0,0,0,0,0,0,0,0,0,0,0,0,0,0,0,0,0,0,0,0,0,0,0,0,0,0,0,0,0,0,0,0,0,0,0,0,0,0,0,0,0,0,0,0,0,0,0,0,0,0,0,0,0,0,0,0,0,0,0,0,0,0,0,0,0,0,0,0,0,0,0,0,0,0,0,0,0,0,0,0,0,0,0,0,0,0,0,0,0,0,0,0,0,0,0,0,0,0,0,0,0,0,0,0,0,0,0,0,0,0,0,0,0,0,0,0,0,0,0,0,0,0,0,0,0,0,0,0,0,0,0,0,0,0,0,0,0,0,0,0,0,0,0,0,0,0,0,0,0,0,0,0,0,0,0,0,0,0,0,0,0,0,0,0,0,0,0,0,0,0,0,0,0,0,0,0,0,0,0,0,0,0,0,0,0,0,0,0,0,0,0,0,0,0,0,0,0,0,0,0,0,0,0,0,0,0,0,0,0,0,0,0,0,0,0,0,0,0,0,0,0,0,0,0,0,0,0,0,0,0,0,0,0,0,0,0,0,0,0,0,0,0,0,0,0,0,0,0,0,0,0,0,0,0,0,0,0,0,0,0,0,0,0,0,0,0,0,0,0,0,0,0,0,0,0,0,0,0,0,0,0,0,0,0,0,0,0,0,0,0,0,0,0,0,0,0,0,0,0,0,0,0,0,0,0,0,0,0,0,0,0,0,0,0,0,0,0,0,0,0,0,0,0,0,0,0
"131",361.90985,363.9922,364.3844,365.1995,366.32675,366.958425,367.2946,367.7507,368.3057,369.570725,369.64995,369.685375,369.782325,369.89305,370.949275,371.170125,372.0101,372.319,372.40245,372.45275,372.561825,373.6218,373.7459,373.820625,376.61385,377.511525,377.541375,377.5712,378.0355,378.134325,378.64685,378.93785,379.119525,379.5299,379.634575,379.65005,379.75875,379.994925,380.1675,380.193275,380.252225,380.406325,381.0963,381.4547,381.708875,382.376725,382.885725,383.021525,383.374425,384.6678,386.093325,386.231475,386.789175,386.856375,386.99995,387.25155,387.513125,387.9364,388.52405,389.5043,390.07845,390.9389,391.255525,392.117925,393.33445,393.927225,394.7006,395.10115,395.923875,396.8549,398.119075,398.31895,0,0,0,0,0,0,0,0,0,0,0,0,0,0,0,0,0,0,0,0,0,0,0,0,0,0,0,0,0,0,0,0,0,0,0,0,0,0,0,0,0,0,0,0,0,0,0,0,0,0,0,0,0,0,0,0,0,0,0,0,0,0,0,0,0,0,0,0,0,0,0,0,0,0,0,0,0,0,0,0,0,0,0,0,0,0,0,0,0,0,0,0,0,0,0,0,0,0,0,0,0,0,0,0,0,0,0,0,0,0,0,0,0,0,0,0,0,0,0,0,0,0,0,0,0,0,0,0,0,0,0,0,0,0,0,0,0,0,0,0,0,0,0,0,0,0,0,0,0,0,0,0,0,0,0,0,0,0,0,0,0,0,0,0,0,0,0,0,0,0,0,0,0,0,0,0,0,0,0,0,0,0,0,0,0,0,0,0,0,0,0,0,0,0,0,0,0,0,0,0,0,0,0,0,0,0,0,0,0,0,0,0,0,0,0,0,0,0,0,0,0,0,0,0,0,0,0,0,0,0,0,0,0,0,0,0,0,0,0,0,0,0,0,0,0,0,0,0,0,0,0,0,0,0,0,0,0,0,0,0,0,0,0,0,0,0,0,0,0,0,0,0,0,0,0,0,0,0,0,0,0,0,0,0,0,0,0,0,0,0,0,0,0,0,0,0,0,0,0,0,0,0,0,0,0,0,0,0,0,0,0,0,0,0,0,0,0,0,0,0,0,0,0,0,0,0,0,0,0,0,0,0,0,0,0,0,0,0,0,0,0,0,0,0,0,0,0,0,0,0,0,0,0,0,0,0,0,0,0,0,0,0
"132",371.72575,371.7506,371.839175,371.932725,372.10165,372.131425,372.149325,373.081075,373.3107,373.42755,374.0535,375.921525,375.968375,375.973625,376.00565,376.073425,376.103875,376.1481,376.1916,377.53025,377.559175,377.873075,0,0,0,0,0,0,0,0,0,0,0,0,0,0,0,0,0,0,0,0,0,0,0,0,0,0,0,0,0,0,0,0,0,0,0,0,0,0,0,0,0,0,0,0,0,0,0,0,0,0,0,0,0,0,0,0,0,0,0,0,0,0,0,0,0,0,0,0,0,0,0,0,0,0,0,0,0,0,0,0,0,0,0,0,0,0,0,0,0,0,0,0,0,0,0,0,0,0,0,0,0,0,0,0,0,0,0,0,0,0,0,0,0,0,0,0,0,0,0,0,0,0,0,0,0,0,0,0,0,0,0,0,0,0,0,0,0,0,0,0,0,0,0,0,0,0,0,0,0,0,0,0,0,0,0,0,0,0,0,0,0,0,0,0,0,0,0,0,0,0,0,0,0,0,0,0,0,0,0,0,0,0,0,0,0,0,0,0,0,0,0,0,0,0,0,0,0,0,0,0,0,0,0,0,0,0,0,0,0,0,0,0,0,0,0,0,0,0,0,0,0,0,0,0,0,0,0,0,0,0,0,0,0,0,0,0,0,0,0,0,0,0,0,0,0,0,0,0,0,0,0,0,0,0,0,0,0,0,0,0,0,0,0,0,0,0,0,0,0,0,0,0,0,0,0,0,0,0,0,0,0,0,0,0,0,0,0,0,0,0,0,0,0,0,0,0,0,0,0,0,0,0,0,0,0,0,0,0,0,0,0,0,0,0,0,0,0,0,0,0,0,0,0,0,0,0,0,0,0,0,0,0,0,0,0,0,0,0,0,0,0,0,0,0,0,0,0,0,0,0,0,0,0,0,0,0,0,0,0,0,0,0,0,0,0,0,0,0,0,0,0,0,0,0,0,0,0,0,0,0,0,0,0,0,0,0,0,0,0,0,0,0,0,0,0,0,0,0,0,0,0,0,0,0,0,0,0,0,0,0,0,0
"133",365.022625,370.5611,370.6237,370.824225,371.676925,371.767825,371.78825,372.442275,372.9163,373.05495,373.251125,374.736225,374.75315,374.976275,375.70465,377.080725,377.271,377.9551,377.963975,378.0309,379.848525,379.935775,380.707025,383.147425,383.6205,384.918625,385.57195,390.269925,394.559225,0,0,0,0,0,0,0,0,0,0,0,0,0,0,0,0,0,0,0,0,0,0,0,0,0,0,0,0,0,0,0,0,0,0,0,0,0,0,0,0,0,0,0,0,0,0,0,0,0,0,0,0,0,0,0,0,0,0,0,0,0,0,0,0,0,0,0,0,0,0,0,0,0,0,0,0,0,0,0,0,0,0,0,0,0,0,0,0,0,0,0,0,0,0,0,0,0,0,0,0,0,0,0,0,0,0,0,0,0,0,0,0,0,0,0,0,0,0,0,0,0,0,0,0,0,0,0,0,0,0,0,0,0,0,0,0,0,0,0,0,0,0,0,0,0,0,0,0,0,0,0,0,0,0,0,0,0,0,0,0,0,0,0,0,0,0,0,0,0,0,0,0,0,0,0,0,0,0,0,0,0,0,0,0,0,0,0,0,0,0,0,0,0,0,0,0,0,0,0,0,0,0,0,0,0,0,0,0,0,0,0,0,0,0,0,0,0,0,0,0,0,0,0,0,0,0,0,0,0,0,0,0,0,0,0,0,0,0,0,0,0,0,0,0,0,0,0,0,0,0,0,0,0,0,0,0,0,0,0,0,0,0,0,0,0,0,0,0,0,0,0,0,0,0,0,0,0,0,0,0,0,0,0,0,0,0,0,0,0,0,0,0,0,0,0,0,0,0,0,0,0,0,0,0,0,0,0,0,0,0,0,0,0,0,0,0,0,0,0,0,0,0,0,0,0,0,0,0,0,0,0,0,0,0,0,0,0,0,0,0,0,0,0,0,0,0,0,0,0,0,0,0,0,0,0,0,0,0,0,0,0,0,0,0,0,0,0,0,0,0,0,0,0,0,0,0,0,0,0,0,0,0,0,0,0,0,0,0,0,0,0,0,0,0,0,0,0,0,0,0,0,0,0,0,0
"134",369.5906,371.94715,373.0707,373.43625,373.51855,374.39005,374.483475,374.8067,374.911875,375.021875,376.28105,376.413975,376.473975,377.585575,377.99755,378.163025,378.19975,378.240775,378.462175,379.583975,380.030925,380.095725,380.28705,380.446125,380.4865,380.551225,380.619225,380.678875,380.7066,380.757875,380.7885,380.9844,0,0,0,0,0,0,0,0,0,0,0,0,0,0,0,0,0,0,0,0,0,0,0,0,0,0,0,0,0,0,0,0,0,0,0,0,0,0,0,0,0,0,0,0,0,0,0,0,0,0,0,0,0,0,0,0,0,0,0,0,0,0,0,0,0,0,0,0,0,0,0,0,0,0,0,0,0,0,0,0,0,0,0,0,0,0,0,0,0,0,0,0,0,0,0,0,0,0,0,0,0,0,0,0,0,0,0,0,0,0,0,0,0,0,0,0,0,0,0,0,0,0,0,0,0,0,0,0,0,0,0,0,0,0,0,0,0,0,0,0,0,0,0,0,0,0,0,0,0,0,0,0,0,0,0,0,0,0,0,0,0,0,0,0,0,0,0,0,0,0,0,0,0,0,0,0,0,0,0,0,0,0,0,0,0,0,0,0,0,0,0,0,0,0,0,0,0,0,0,0,0,0,0,0,0,0,0,0,0,0,0,0,0,0,0,0,0,0,0,0,0,0,0,0,0,0,0,0,0,0,0,0,0,0,0,0,0,0,0,0,0,0,0,0,0,0,0,0,0,0,0,0,0,0,0,0,0,0,0,0,0,0,0,0,0,0,0,0,0,0,0,0,0,0,0,0,0,0,0,0,0,0,0,0,0,0,0,0,0,0,0,0,0,0,0,0,0,0,0,0,0,0,0,0,0,0,0,0,0,0,0,0,0,0,0,0,0,0,0,0,0,0,0,0,0,0,0,0,0,0,0,0,0,0,0,0,0,0,0,0,0,0,0,0,0,0,0,0,0,0,0,0,0,0,0,0,0,0,0,0,0,0,0,0,0,0,0,0,0,0,0,0,0,0,0,0,0,0,0,0,0,0,0,0,0,0,0,0,0,0,0,0,0,0,0,0,0,0,0,0,0,0
"135",371.775875,371.8176,371.867275,371.9927,372.059025,372.392975,373.196925,373.399875,373.6479,373.9405,374.024225,374.171175,374.1996,374.964475,375.788,375.83335,375.88755,375.9069,375.949225,375.9937,376.009575,376.048525,376.0671,376.286325,377.60745,377.610725,377.642,379.704375,0,0,0,0,0,0,0,0,0,0,0,0,0,0,0,0,0,0,0,0,0,0,0,0,0,0,0,0,0,0,0,0,0,0,0,0,0,0,0,0,0,0,0,0,0,0,0,0,0,0,0,0,0,0,0,0,0,0,0,0,0,0,0,0,0,0,0,0,0,0,0,0,0,0,0,0,0,0,0,0,0,0,0,0,0,0,0,0,0,0,0,0,0,0,0,0,0,0,0,0,0,0,0,0,0,0,0,0,0,0,0,0,0,0,0,0,0,0,0,0,0,0,0,0,0,0,0,0,0,0,0,0,0,0,0,0,0,0,0,0,0,0,0,0,0,0,0,0,0,0,0,0,0,0,0,0,0,0,0,0,0,0,0,0,0,0,0,0,0,0,0,0,0,0,0,0,0,0,0,0,0,0,0,0,0,0,0,0,0,0,0,0,0,0,0,0,0,0,0,0,0,0,0,0,0,0,0,0,0,0,0,0,0,0,0,0,0,0,0,0,0,0,0,0,0,0,0,0,0,0,0,0,0,0,0,0,0,0,0,0,0,0,0,0,0,0,0,0,0,0,0,0,0,0,0,0,0,0,0,0,0,0,0,0,0,0,0,0,0,0,0,0,0,0,0,0,0,0,0,0,0,0,0,0,0,0,0,0,0,0,0,0,0,0,0,0,0,0,0,0,0,0,0,0,0,0,0,0,0,0,0,0,0,0,0,0,0,0,0,0,0,0,0,0,0,0,0,0,0,0,0,0,0,0,0,0,0,0,0,0,0,0,0,0,0,0,0,0,0,0,0,0,0,0,0,0,0,0,0,0,0,0,0,0,0,0,0,0,0,0,0,0,0,0,0,0,0,0,0,0,0,0,0,0,0,0,0,0,0,0,0,0,0,0,0,0,0,0,0,0,0,0,0,0,0,0
"136",373.651375,373.707225,373.75145,373.852675,373.86655,373.895675,373.916675,373.958725,373.99915,374.035575,374.12355,375.977625,376.02205,376.02325,376.037325,376.05095,376.07985,376.115075,376.164275,376.203525,376.231075,376.27105,376.319,376.3698,376.4089,376.488875,378.57945,0,0,0,0,0,0,0,0,0,0,0,0,0,0,0,0,0,0,0,0,0,0,0,0,0,0,0,0,0,0,0,0,0,0,0,0,0,0,0,0,0,0,0,0,0,0,0,0,0,0,0,0,0,0,0,0,0,0,0,0,0,0,0,0,0,0,0,0,0,0,0,0,0,0,0,0,0,0,0,0,0,0,0,0,0,0,0,0,0,0,0,0,0,0,0,0,0,0,0,0,0,0,0,0,0,0,0,0,0,0,0,0,0,0,0,0,0,0,0,0,0,0,0,0,0,0,0,0,0,0,0,0,0,0,0,0,0,0,0,0,0,0,0,0,0,0,0,0,0,0,0,0,0,0,0,0,0,0,0,0,0,0,0,0,0,0,0,0,0,0,0,0,0,0,0,0,0,0,0,0,0,0,0,0,0,0,0,0,0,0,0,0,0,0,0,0,0,0,0,0,0,0,0,0,0,0,0,0,0,0,0,0,0,0,0,0,0,0,0,0,0,0,0,0,0,0,0,0,0,0,0,0,0,0,0,0,0,0,0,0,0,0,0,0,0,0,0,0,0,0,0,0,0,0,0,0,0,0,0,0,0,0,0,0,0,0,0,0,0,0,0,0,0,0,0,0,0,0,0,0,0,0,0,0,0,0,0,0,0,0,0,0,0,0,0,0,0,0,0,0,0,0,0,0,0,0,0,0,0,0,0,0,0,0,0,0,0,0,0,0,0,0,0,0,0,0,0,0,0,0,0,0,0,0,0,0,0,0,0,0,0,0,0,0,0,0,0,0,0,0,0,0,0,0,0,0,0,0,0,0,0,0,0,0,0,0,0,0,0,0,0,0,0,0,0,0,0,0,0,0,0,0,0,0,0,0,0,0,0,0,0,0,0,0,0,0,0,0,0,0,0,0,0,0,0,0,0
"137",370.865175,370.990975,371.100725,371.642725,371.80235,372.132075,373.40155,373.496675,373.694825,375.74495,375.8506,375.956925,375.9782,0,0,0,0,0,0,0,0,0,0,0,0,0,0,0,0,0,0,0,0,0,0,0,0,0,0,0,0,0,0,0,0,0,0,0,0,0,0,0,0,0,0,0,0,0,0,0,0,0,0,0,0,0,0,0,0,0,0,0,0,0,0,0,0,0,0,0,0,0,0,0,0,0,0,0,0,0,0,0,0,0,0,0,0,0,0,0,0,0,0,0,0,0,0,0,0,0,0,0,0,0,0,0,0,0,0,0,0,0,0,0,0,0,0,0,0,0,0,0,0,0,0,0,0,0,0,0,0,0,0,0,0,0,0,0,0,0,0,0,0,0,0,0,0,0,0,0,0,0,0,0,0,0,0,0,0,0,0,0,0,0,0,0,0,0,0,0,0,0,0,0,0,0,0,0,0,0,0,0,0,0,0,0,0,0,0,0,0,0,0,0,0,0,0,0,0,0,0,0,0,0,0,0,0,0,0,0,0,0,0,0,0,0,0,0,0,0,0,0,0,0,0,0,0,0,0,0,0,0,0,0,0,0,0,0,0,0,0,0,0,0,0,0,0,0,0,0,0,0,0,0,0,0,0,0,0,0,0,0,0,0,0,0,0,0,0,0,0,0,0,0,0,0,0,0,0,0,0,0,0,0,0,0,0,0,0,0,0,0,0,0,0,0,0,0,0,0,0,0,0,0,0,0,0,0,0,0,0,0,0,0,0,0,0,0,0,0,0,0,0,0,0,0,0,0,0,0,0,0,0,0,0,0,0,0,0,0,0,0,0,0,0,0,0,0,0,0,0,0,0,0,0,0,0,0,0,0,0,0,0,0,0,0,0,0,0,0,0,0,0,0,0,0,0,0,0,0,0,0,0,0,0,0,0,0,0,0,0,0,0,0,0,0,0,0,0,0,0,0,0,0,0,0,0,0,0,0,0,0,0,0,0,0,0,0,0,0,0,0,0,0
"138",388.36105,388.738725,389.0003,389.241075,389.437225,0,0,0,0,0,0,0,0,0,0,0,0,0,0,0,0,0,0,0,0,0,0,0,0,0,0,0,0,0,0,0,0,0,0,0,0,0,0,0,0,0,0,0,0,0,0,0,0,0,0,0,0,0,0,0,0,0,0,0,0,0,0,0,0,0,0,0,0,0,0,0,0,0,0,0,0,0,0,0,0,0,0,0,0,0,0,0,0,0,0,0,0,0,0,0,0,0,0,0,0,0,0,0,0,0,0,0,0,0,0,0,0,0,0,0,0,0,0,0,0,0,0,0,0,0,0,0,0,0,0,0,0,0,0,0,0,0,0,0,0,0,0,0,0,0,0,0,0,0,0,0,0,0,0,0,0,0,0,0,0,0,0,0,0,0,0,0,0,0,0,0,0,0,0,0,0,0,0,0,0,0,0,0,0,0,0,0,0,0,0,0,0,0,0,0,0,0,0,0,0,0,0,0,0,0,0,0,0,0,0,0,0,0,0,0,0,0,0,0,0,0,0,0,0,0,0,0,0,0,0,0,0,0,0,0,0,0,0,0,0,0,0,0,0,0,0,0,0,0,0,0,0,0,0,0,0,0,0,0,0,0,0,0,0,0,0,0,0,0,0,0,0,0,0,0,0,0,0,0,0,0,0,0,0,0,0,0,0,0,0,0,0,0,0,0,0,0,0,0,0,0,0,0,0,0,0,0,0,0,0,0,0,0,0,0,0,0,0,0,0,0,0,0,0,0,0,0,0,0,0,0,0,0,0,0,0,0,0,0,0,0,0,0,0,0,0,0,0,0,0,0,0,0,0,0,0,0,0,0,0,0,0,0,0,0,0,0,0,0,0,0,0,0,0,0,0,0,0,0,0,0,0,0,0,0,0,0,0,0,0,0,0,0,0,0,0,0,0,0,0,0,0,0,0,0,0,0,0,0,0,0,0,0,0,0,0,0,0,0,0,0,0,0,0,0,0,0,0,0
"139",376.04115,389.736875,0,0,0,0,0,0,0,0,0,0,0,0,0,0,0,0,0,0,0,0,0,0,0,0,0,0,0,0,0,0,0,0,0,0,0,0,0,0,0,0,0,0,0,0,0,0,0,0,0,0,0,0,0,0,0,0,0,0,0,0,0,0,0,0,0,0,0,0,0,0,0,0,0,0,0,0,0,0,0,0,0,0,0,0,0,0,0,0,0,0,0,0,0,0,0,0,0,0,0,0,0,0,0,0,0,0,0,0,0,0,0,0,0,0,0,0,0,0,0,0,0,0,0,0,0,0,0,0,0,0,0,0,0,0,0,0,0,0,0,0,0,0,0,0,0,0,0,0,0,0,0,0,0,0,0,0,0,0,0,0,0,0,0,0,0,0,0,0,0,0,0,0,0,0,0,0,0,0,0,0,0,0,0,0,0,0,0,0,0,0,0,0,0,0,0,0,0,0,0,0,0,0,0,0,0,0,0,0,0,0,0,0,0,0,0,0,0,0,0,0,0,0,0,0,0,0,0,0,0,0,0,0,0,0,0,0,0,0,0,0,0,0,0,0,0,0,0,0,0,0,0,0,0,0,0,0,0,0,0,0,0,0,0,0,0,0,0,0,0,0,0,0,0,0,0,0,0,0,0,0,0,0,0,0,0,0,0,0,0,0,0,0,0,0,0,0,0,0,0,0,0,0,0,0,0,0,0,0,0,0,0,0,0,0,0,0,0,0,0,0,0,0,0,0,0,0,0,0,0,0,0,0,0,0,0,0,0,0,0,0,0,0,0,0,0,0,0,0,0,0,0,0,0,0,0,0,0,0,0,0,0,0,0,0,0,0,0,0,0,0,0,0,0,0,0,0,0,0,0,0,0,0,0,0,0,0,0,0,0,0,0,0,0,0,0,0,0,0,0,0,0,0,0,0,0,0,0,0,0,0,0,0,0,0,0,0,0,0,0,0,0,0,0,0,0,0,0,0,0,0,0,0
"140",371.8976,371.954475,371.970875,371.977525,372.008175,372.03375,372.061975,372.07925,373.3981,373.535425,373.78085,373.809925,373.838625,373.8871,374.944375,375.829375,375.875975,375.947675,376.0393,376.336725,377.7393,377.81075,0,0,0,0,0,0,0,0,0,0,0,0,0,0,0,0,0,0,0,0,0,0,0,0,0,0,0,0,0,0,0,0,0,0,0,0,0,0,0,0,0,0,0,0,0,0,0,0,0,0,0,0,0,0,0,0,0,0,0,0,0,0,0,0,0,0,0,0,0,0,0,0,0,0,0,0,0,0,0,0,0,0,0,0,0,0,0,0,0,0,0,0,0,0,0,0,0,0,0,0,0,0,0,0,0,0,0,0,0,0,0,0,0,0,0,0,0,0,0,0,0,0,0,0,0,0,0,0,0,0,0,0,0,0,0,0,0,0,0,0,0,0,0,0,0,0,0,0,0,0,0,0,0,0,0,0,0,0,0,0,0,0,0,0,0,0,0,0,0,0,0,0,0,0,0,0,0,0,0,0,0,0,0,0,0,0,0,0,0,0,0,0,0,0,0,0,0,0,0,0,0,0,0,0,0,0,0,0,0,0,0,0,0,0,0,0,0,0,0,0,0,0,0,0,0,0,0,0,0,0,0,0,0,0,0,0,0,0,0,0,0,0,0,0,0,0,0,0,0,0,0,0,0,0,0,0,0,0,0,0,0,0,0,0,0,0,0,0,0,0,0,0,0,0,0,0,0,0,0,0,0,0,0,0,0,0,0,0,0,0,0,0,0,0,0,0,0,0,0,0,0,0,0,0,0,0,0,0,0,0,0,0,0,0,0,0,0,0,0,0,0,0,0,0,0,0,0,0,0,0,0,0,0,0,0,0,0,0,0,0,0,0,0,0,0,0,0,0,0,0,0,0,0,0,0,0,0,0,0,0,0,0,0,0,0,0,0,0,0,0,0,0,0,0,0,0,0,0,0,0,0,0,0,0,0,0,0,0,0,0,0,0,0,0,0,0,0,0,0,0,0,0,0,0,0,0,0,0,0,0,0,0
"141",369.6018,371.5021,371.6573,372.53085,373.058125,373.595425,373.62265,373.694325,373.71375,373.7361,373.968675,373.99835,374.026525,374.206375,374.296425,374.598625,374.87965,374.896675,375.0209,375.477475,375.540825,375.61715,376.5245,376.65685,377.9692,378.00115,378.04445,378.16335,378.27175,378.567975,378.831625,378.8586,379.612575,380.23405,380.349425,380.52375,380.629225,380.662875,380.7016,380.76,380.7867,380.840625,380.936575,381.057425,381.2824,381.407175,0,0,0,0,0,0,0,0,0,0,0,0,0,0,0,0,0,0,0,0,0,0,0,0,0,0,0,0,0,0,0,0,0,0,0,0,0,0,0,0,0,0,0,0,0,0,0,0,0,0,0,0,0,0,0,0,0,0,0,0,0,0,0,0,0,0,0,0,0,0,0,0,0,0,0,0,0,0,0,0,0,0,0,0,0,0,0,0,0,0,0,0,0,0,0,0,0,0,0,0,0,0,0,0,0,0,0,0,0,0,0,0,0,0,0,0,0,0,0,0,0,0,0,0,0,0,0,0,0,0,0,0,0,0,0,0,0,0,0,0,0,0,0,0,0,0,0,0,0,0,0,0,0,0,0,0,0,0,0,0,0,0,0,0,0,0,0,0,0,0,0,0,0,0,0,0,0,0,0,0,0,0,0,0,0,0,0,0,0,0,0,0,0,0,0,0,0,0,0,0,0,0,0,0,0,0,0,0,0,0,0,0,0,0,0,0,0,0,0,0,0,0,0,0,0,0,0,0,0,0,0,0,0,0,0,0,0,0,0,0,0,0,0,0,0,0,0,0,0,0,0,0,0,0,0,0,0,0,0,0,0,0,0,0,0,0,0,0,0,0,0,0,0,0,0,0,0,0,0,0,0,0,0,0,0,0,0,0,0,0,0,0,0,0,0,0,0,0,0,0,0,0,0,0,0,0,0,0,0,0,0,0,0,0,0,0,0,0,0,0,0,0,0,0,0,0,0,0,0,0,0,0,0,0,0,0,0,0,0,0,0,0,0,0,0,0,0,0,0,0,0,0,0,0,0,0,0,0,0,0,0,0,0,0,0,0,0,0,0,0,0,0,0,0,0,0,0,0,0,0,0,0,0,0,0,0,0,0
"142",371.68515,371.77595,371.7932,371.816325,371.8923,371.95125,371.981025,372.02235,372.065425,372.13315,372.8009,372.935025,372.962175,373.038125,373.070925,373.1005,373.1256,373.1478,373.2064,373.2125,373.23525,373.245575,373.254575,373.28365,373.317675,373.343025,373.4393,373.52205,373.562125,373.57145,373.60055,373.64205,373.743225,373.850425,374.029125,374.145475,374.49405,374.5475,374.68355,374.850175,375.604,375.62665,375.666525,375.704375,375.715225,375.744975,375.775175,375.809375,375.84045,375.861525,375.937075,375.96875,376.026225,376.10745,376.1514,376.1808,376.2728,376.432225,377.35035,377.4841,377.58015,377.6044,377.636125,377.6549,377.688775,377.740125,377.7805,377.8249,377.854025,377.87265,377.920625,377.943375,377.996975,378.014225,378.05325,378.100325,378.14935,378.1835,378.219025,378.25555,379.568475,379.63205,379.684,379.749875,379.776925,379.8135,379.846075,379.883425,379.9068,379.931075,379.989825,380.00685,380.047425,380.08145,380.1107,380.1193,380.14705,380.180025,380.1982,380.222825,380.2493,380.260875,380.279775,380.323175,380.34295,380.36075,380.377775,380.39365,380.448825,380.471325,380.49535,380.5123,380.54385,380.572075,380.6391,380.73095,0,0,0,0,0,0,0,0,0,0,0,0,0,0,0,0,0,0,0,0,0,0,0,0,0,0,0,0,0,0,0,0,0,0,0,0,0,0,0,0,0,0,0,0,0,0,0,0,0,0,0,0,0,0,0,0,0,0,0,0,0,0,0,0,0,0,0,0,0,0,0,0,0,0,0,0,0,0,0,0,0,0,0,0,0,0,0,0,0,0,0,0,0,0,0,0,0,0,0,0,0,0,0,0,0,0,0,0,0,0,0,0,0,0,0,0,0,0,0,0,0,0,0,0,0,0,0,0,0,0,0,0,0,0,0,0,0,0,0,0,0,0,0,0,0,0,0,0,0,0,0,0,0,0,0,0,0,0,0,0,0,0,0,0,0,0,0,0,0,0,0,0,0,0,0,0,0,0,0,0,0,0,0,0,0,0,0,0,0,0,0,0,0,0,0,0,0,0,0,0,0,0,0,0,0,0,0,0,0,0,0,0,0,0,0,0,0,0,0,0,0,0,0,0,0,0,0,0,0,0,0,0,0,0,0,0,0,0,0,0,0,0,0,0,0,0,0,0,0,0,0,0,0,0,0,0,0,0,0,0,0,0,0,0,0,0,0,0,0,0,0,0,0,0,0,0,0,0,0,0,0,0,0,0,0,0,0,0,0,0,0,0,0,0,0,0,0,0,0,0,0,0,0,0,0,0,0,0,0,0,0,0,0,0,0,0,0,0
"143",360.4328,360.564425,361.11745,361.843325,362.0681,362.51005,363.769825,364.010025,364.61355,365.024775,367.60025,367.916875,369.618275,369.93075,370.56055,370.83875,370.8977,370.92355,370.9548,370.9653,371.00345,371.0731,371.133425,371.1785,371.2338,371.67775,371.749375,371.76435,371.83175,371.850375,371.923525,371.967175,372.01025,372.0295,372.159775,372.1801,372.300775,372.345925,372.454425,372.467925,372.491525,372.503225,372.528325,372.62975,372.672075,372.725225,372.833275,372.8529,372.878425,372.902725,372.979025,372.98205,373.008575,373.028925,373.109175,373.208575,373.2513,373.2665,373.3065,373.33395,373.3487,373.38415,373.41345,373.48155,373.513875,373.5569,373.6327,373.648425,373.707975,373.758225,373.821775,373.83265,373.9776,374.000875,374.188875,374.19295,374.274775,374.29345,374.390875,374.47725,374.551025,374.575225,374.602925,374.620225,374.673425,374.700275,374.739775,374.78665,374.8975,375.07965,375.201875,375.203675,375.2676,375.34335,375.465075,375.52075,375.569825,375.61995,375.69135,375.726625,375.79475,375.825675,375.8319,375.865525,375.949225,375.9748,376.0399,376.0437,376.057475,376.07525,376.11325,376.1399,376.15615,376.239325,376.269225,376.521225,376.5542,376.68515,376.706475,377.255375,377.32805,377.441425,377.4596,377.476,377.51585,377.555325,377.599275,377.6504,377.7277,377.7422,377.762275,377.7985,377.840725,377.8569,377.889275,377.9155,377.93315,377.944325,377.97935,378.32035,378.362925,378.4141,378.4561,378.49245,378.534875,378.579425,378.625175,378.67355,378.8518,379.4801,379.87645,379.9646,379.990325,380.039275,380.06215,380.087125,380.187275,380.4042,380.606,380.792525,380.93785,381.35615,381.9335,382.333525,382.454,382.5299,382.676875,382.7552,382.8112,382.854825,382.976175,383.076925,383.19925,383.224325,383.254025,383.352475,383.39065,383.46575,383.646075,384.360025,384.5325,384.79615,384.8956,385.1144,385.252775,385.4255,385.4969,385.7209,0,0,0,0,0,0,0,0,0,0,0,0,0,0,0,0,0,0,0,0,0,0,0,0,0,0,0,0,0,0,0,0,0,0,0,0,0,0,0,0,0,0,0,0,0,0,0,0,0,0,0,0,0,0,0,0,0,0,0,0,0,0,0,0,0,0,0,0,0,0,0,0,0,0,0,0,0,0,0,0,0,0,0,0,0,0,0,0,0,0,0,0,0,0,0,0,0,0,0,0,0,0,0,0,0,0,0,0,0,0,0,0,0,0,0,0,0,0,0,0,0,0,0,0,0,0,0,0,0,0,0,0,0,0,0,0,0,0,0,0,0,0,0,0,0,0,0,0,0,0,0,0,0,0,0,0,0,0,0,0,0,0,0,0,0,0,0,0,0,0,0,0,0,0,0,0,0,0,0,0,0,0,0,0,0,0,0,0,0,0,0,0,0,0,0,0,0,0,0,0,0,0,0,0,0,0,0,0,0,0,0,0,0,0,0,0,0,0,0,0,0,0,0,0,0,0,0,0,0,0,0,0,0,0,0,0,0,0,0,0,0,0,0,0,0,0
"144",361.824725,362.700275,370.584175,370.610075,371.45685,371.5058,371.603825,372.00525,372.898475,373.2869,373.630125,374.130625,374.286375,374.84825,374.911025,376.351725,377.209425,377.27725,377.334325,377.812725,379.230675,379.311,379.371475,379.50825,379.779075,380.67615,380.8082,0,0,0,0,0,0,0,0,0,0,0,0,0,0,0,0,0,0,0,0,0,0,0,0,0,0,0,0,0,0,0,0,0,0,0,0,0,0,0,0,0,0,0,0,0,0,0,0,0,0,0,0,0,0,0,0,0,0,0,0,0,0,0,0,0,0,0,0,0,0,0,0,0,0,0,0,0,0,0,0,0,0,0,0,0,0,0,0,0,0,0,0,0,0,0,0,0,0,0,0,0,0,0,0,0,0,0,0,0,0,0,0,0,0,0,0,0,0,0,0,0,0,0,0,0,0,0,0,0,0,0,0,0,0,0,0,0,0,0,0,0,0,0,0,0,0,0,0,0,0,0,0,0,0,0,0,0,0,0,0,0,0,0,0,0,0,0,0,0,0,0,0,0,0,0,0,0,0,0,0,0,0,0,0,0,0,0,0,0,0,0,0,0,0,0,0,0,0,0,0,0,0,0,0,0,0,0,0,0,0,0,0,0,0,0,0,0,0,0,0,0,0,0,0,0,0,0,0,0,0,0,0,0,0,0,0,0,0,0,0,0,0,0,0,0,0,0,0,0,0,0,0,0,0,0,0,0,0,0,0,0,0,0,0,0,0,0,0,0,0,0,0,0,0,0,0,0,0,0,0,0,0,0,0,0,0,0,0,0,0,0,0,0,0,0,0,0,0,0,0,0,0,0,0,0,0,0,0,0,0,0,0,0,0,0,0,0,0,0,0,0,0,0,0,0,0,0,0,0,0,0,0,0,0,0,0,0,0,0,0,0,0,0,0,0,0,0,0,0,0,0,0,0,0,0,0,0,0,0,0,0,0,0,0,0,0,0,0,0,0,0,0,0,0,0,0,0,0,0,0,0,0,0,0,0,0,0,0,0,0,0,0,0,0,0,0,0,0,0,0,0,0,0,0,0,0,0
"145",382.922625,0,0,0,0,0,0,0,0,0,0,0,0,0,0,0,0,0,0,0,0,0,0,0,0,0,0,0,0,0,0,0,0,0,0,0,0,0,0,0,0,0,0,0,0,0,0,0,0,0,0,0,0,0,0,0,0,0,0,0,0,0,0,0,0,0,0,0,0,0,0,0,0,0,0,0,0,0,0,0,0,0,0,0,0,0,0,0,0,0,0,0,0,0,0,0,0,0,0,0,0,0,0,0,0,0,0,0,0,0,0,0,0,0,0,0,0,0,0,0,0,0,0,0,0,0,0,0,0,0,0,0,0,0,0,0,0,0,0,0,0,0,0,0,0,0,0,0,0,0,0,0,0,0,0,0,0,0,0,0,0,0,0,0,0,0,0,0,0,0,0,0,0,0,0,0,0,0,0,0,0,0,0,0,0,0,0,0,0,0,0,0,0,0,0,0,0,0,0,0,0,0,0,0,0,0,0,0,0,0,0,0,0,0,0,0,0,0,0,0,0,0,0,0,0,0,0,0,0,0,0,0,0,0,0,0,0,0,0,0,0,0,0,0,0,0,0,0,0,0,0,0,0,0,0,0,0,0,0,0,0,0,0,0,0,0,0,0,0,0,0,0,0,0,0,0,0,0,0,0,0,0,0,0,0,0,0,0,0,0,0,0,0,0,0,0,0,0,0,0,0,0,0,0,0,0,0,0,0,0,0,0,0,0,0,0,0,0,0,0,0,0,0,0,0,0,0,0,0,0,0,0,0,0,0,0,0,0,0,0,0,0,0,0,0,0,0,0,0,0,0,0,0,0,0,0,0,0,0,0,0,0,0,0,0,0,0,0,0,0,0,0,0,0,0,0,0,0,0,0,0,0,0,0,0,0,0,0,0,0,0,0,0,0,0,0,0,0,0,0,0,0,0,0,0,0,0,0,0,0,0,0,0,0,0,0,0,0,0,0,0,0,0,0,0,0,0,0,0,0,0,0,0,0
"146",375.0486,377.356975,380.145425,0,0,0,0,0,0,0,0,0,0,0,0,0,0,0,0,0,0,0,0,0,0,0,0,0,0,0,0,0,0,0,0,0,0,0,0,0,0,0,0,0,0,0,0,0,0,0,0,0,0,0,0,0,0,0,0,0,0,0,0,0,0,0,0,0,0,0,0,0,0,0,0,0,0,0,0,0,0,0,0,0,0,0,0,0,0,0,0,0,0,0,0,0,0,0,0,0,0,0,0,0,0,0,0,0,0,0,0,0,0,0,0,0,0,0,0,0,0,0,0,0,0,0,0,0,0,0,0,0,0,0,0,0,0,0,0,0,0,0,0,0,0,0,0,0,0,0,0,0,0,0,0,0,0,0,0,0,0,0,0,0,0,0,0,0,0,0,0,0,0,0,0,0,0,0,0,0,0,0,0,0,0,0,0,0,0,0,0,0,0,0,0,0,0,0,0,0,0,0,0,0,0,0,0,0,0,0,0,0,0,0,0,0,0,0,0,0,0,0,0,0,0,0,0,0,0,0,0,0,0,0,0,0,0,0,0,0,0,0,0,0,0,0,0,0,0,0,0,0,0,0,0,0,0,0,0,0,0,0,0,0,0,0,0,0,0,0,0,0,0,0,0,0,0,0,0,0,0,0,0,0,0,0,0,0,0,0,0,0,0,0,0,0,0,0,0,0,0,0,0,0,0,0,0,0,0,0,0,0,0,0,0,0,0,0,0,0,0,0,0,0,0,0,0,0,0,0,0,0,0,0,0,0,0,0,0,0,0,0,0,0,0,0,0,0,0,0,0,0,0,0,0,0,0,0,0,0,0,0,0,0,0,0,0,0,0,0,0,0,0,0,0,0,0,0,0,0,0,0,0,0,0,0,0,0,0,0,0,0,0,0,0,0,0,0,0,0,0,0,0,0,0,0,0,0,0,0,0,0,0,0,0,0,0,0,0,0,0,0,0,0,0,0,0,0,0,0,0,0,0,0
"147",371.7382,371.88525,371.95615,371.97215,371.9978,372.012075,372.0285,372.054,373.250325,373.29615,373.384925,373.459625,380.346775,0,0,0,0,0,0,0,0,0,0,0,0,0,0,0,0,0,0,0,0,0,0,0,0,0,0,0,0,0,0,0,0,0,0,0,0,0,0,0,0,0,0,0,0,0,0,0,0,0,0,0,0,0,0,0,0,0,0,0,0,0,0,0,0,0,0,0,0,0,0,0,0,0,0,0,0,0,0,0,0,0,0,0,0,0,0,0,0,0,0,0,0,0,0,0,0,0,0,0,0,0,0,0,0,0,0,0,0,0,0,0,0,0,0,0,0,0,0,0,0,0,0,0,0,0,0,0,0,0,0,0,0,0,0,0,0,0,0,0,0,0,0,0,0,0,0,0,0,0,0,0,0,0,0,0,0,0,0,0,0,0,0,0,0,0,0,0,0,0,0,0,0,0,0,0,0,0,0,0,0,0,0,0,0,0,0,0,0,0,0,0,0,0,0,0,0,0,0,0,0,0,0,0,0,0,0,0,0,0,0,0,0,0,0,0,0,0,0,0,0,0,0,0,0,0,0,0,0,0,0,0,0,0,0,0,0,0,0,0,0,0,0,0,0,0,0,0,0,0,0,0,0,0,0,0,0,0,0,0,0,0,0,0,0,0,0,0,0,0,0,0,0,0,0,0,0,0,0,0,0,0,0,0,0,0,0,0,0,0,0,0,0,0,0,0,0,0,0,0,0,0,0,0,0,0,0,0,0,0,0,0,0,0,0,0,0,0,0,0,0,0,0,0,0,0,0,0,0,0,0,0,0,0,0,0,0,0,0,0,0,0,0,0,0,0,0,0,0,0,0,0,0,0,0,0,0,0,0,0,0,0,0,0,0,0,0,0,0,0,0,0,0,0,0,0,0,0,0,0,0,0,0,0,0,0,0,0,0,0,0,0,0,0,0,0,0,0,0,0,0,0,0,0,0,0,0,0,0,0,0,0,0,0,0,0,0,0,0,0,0,0
"148",369.8479,369.953875,370.006225,370.0617,370.374075,370.461225,370.5282,370.55615,371.118425,371.168475,371.2388,371.33465,371.597325,371.637225,372.1265,372.1845,372.3893,372.6655,372.905525,372.974375,373.039975,373.247125,373.31665,373.534575,373.8872,374.29815,374.430975,374.461825,374.560375,374.63515,374.706,374.88765,374.962675,375.3699,375.48865,375.575675,375.6846,375.746125,375.8985,375.921275,375.939325,375.954575,376.00115,376.1314,376.540625,376.6676,376.7184,376.869525,377.086075,377.1604,377.35475,377.406025,377.440275,377.456225,377.520375,377.595425,377.806825,378.367175,378.531475,378.641025,378.745,378.85355,379.6218,379.872625,379.922475,379.942525,382.594025,382.69625,382.9823,383.4082,385.337625,385.9235,386.049325,0,0,0,0,0,0,0,0,0,0,0,0,0,0,0,0,0,0,0,0,0,0,0,0,0,0,0,0,0,0,0,0,0,0,0,0,0,0,0,0,0,0,0,0,0,0,0,0,0,0,0,0,0,0,0,0,0,0,0,0,0,0,0,0,0,0,0,0,0,0,0,0,0,0,0,0,0,0,0,0,0,0,0,0,0,0,0,0,0,0,0,0,0,0,0,0,0,0,0,0,0,0,0,0,0,0,0,0,0,0,0,0,0,0,0,0,0,0,0,0,0,0,0,0,0,0,0,0,0,0,0,0,0,0,0,0,0,0,0,0,0,0,0,0,0,0,0,0,0,0,0,0,0,0,0,0,0,0,0,0,0,0,0,0,0,0,0,0,0,0,0,0,0,0,0,0,0,0,0,0,0,0,0,0,0,0,0,0,0,0,0,0,0,0,0,0,0,0,0,0,0,0,0,0,0,0,0,0,0,0,0,0,0,0,0,0,0,0,0,0,0,0,0,0,0,0,0,0,0,0,0,0,0,0,0,0,0,0,0,0,0,0,0,0,0,0,0,0,0,0,0,0,0,0,0,0,0,0,0,0,0,0,0,0,0,0,0,0,0,0,0,0,0,0,0,0,0,0,0,0,0,0,0,0,0,0,0,0,0,0,0,0,0,0,0,0,0,0,0,0,0,0,0,0,0,0,0,0,0,0,0,0,0,0,0,0,0,0,0,0,0,0,0,0,0,0,0,0,0,0,0,0,0,0,0,0,0,0,0,0,0,0,0,0,0,0,0,0,0,0,0,0,0,0,0,0,0,0,0,0,0
"149",371.757625,371.829325,371.8472,371.8937,371.906125,371.9703,372.049375,372.06805,372.14875,372.153575,372.2554,372.30985,372.38415,372.423175,372.482775,372.6883,373.143775,373.312175,373.3608,373.400025,373.4186,373.54395,373.5703,373.604775,373.626825,373.86505,373.96085,373.985725,374.167225,374.8213,374.90665,375.0531,375.72485,375.918075,375.934675,376.0566,376.12185,376.146725,376.23265,376.312075,376.3622,376.451375,376.4929,376.53775,376.59925,376.686925,377.43235,377.498675,377.5286,377.750275,377.8803,378.0214,378.10315,378.1516,378.225625,378.3182,378.3616,379.7516,379.879625,380.022225,380.06685,380.10545,380.1418,380.17215,380.213625,380.2481,380.3739,380.4219,380.5294,381.109775,383.444125,0,0,0,0,0,0,0,0,0,0,0,0,0,0,0,0,0,0,0,0,0,0,0,0,0,0,0,0,0,0,0,0,0,0,0,0,0,0,0,0,0,0,0,0,0,0,0,0,0,0,0,0,0,0,0,0,0,0,0,0,0,0,0,0,0,0,0,0,0,0,0,0,0,0,0,0,0,0,0,0,0,0,0,0,0,0,0,0,0,0,0,0,0,0,0,0,0,0,0,0,0,0,0,0,0,0,0,0,0,0,0,0,0,0,0,0,0,0,0,0,0,0,0,0,0,0,0,0,0,0,0,0,0,0,0,0,0,0,0,0,0,0,0,0,0,0,0,0,0,0,0,0,0,0,0,0,0,0,0,0,0,0,0,0,0,0,0,0,0,0,0,0,0,0,0,0,0,0,0,0,0,0,0,0,0,0,0,0,0,0,0,0,0,0,0,0,0,0,0,0,0,0,0,0,0,0,0,0,0,0,0,0,0,0,0,0,0,0,0,0,0,0,0,0,0,0,0,0,0,0,0,0,0,0,0,0,0,0,0,0,0,0,0,0,0,0,0,0,0,0,0,0,0,0,0,0,0,0,0,0,0,0,0,0,0,0,0,0,0,0,0,0,0,0,0,0,0,0,0,0,0,0,0,0,0,0,0,0,0,0,0,0,0,0,0,0,0,0,0,0,0,0,0,0,0,0,0,0,0,0,0,0,0,0,0,0,0,0,0,0,0,0,0,0,0,0,0,0,0,0,0,0,0,0,0,0,0,0,0,0,0,0,0,0,0,0,0,0,0,0,0,0,0,0,0,0,0,0,0,0,0,0,0
"150",370.835825,370.892425,371.664625,371.844725,372.2146,372.36235,373.2237,373.809775,374.176575,374.621825,374.687775,376.5011,377.697425,377.98915,380.0907,381.288075,383.0538,0,0,0,0,0,0,0,0,0,0,0,0,0,0,0,0,0,0,0,0,0,0,0,0,0,0,0,0,0,0,0,0,0,0,0,0,0,0,0,0,0,0,0,0,0,0,0,0,0,0,0,0,0,0,0,0,0,0,0,0,0,0,0,0,0,0,0,0,0,0,0,0,0,0,0,0,0,0,0,0,0,0,0,0,0,0,0,0,0,0,0,0,0,0,0,0,0,0,0,0,0,0,0,0,0,0,0,0,0,0,0,0,0,0,0,0,0,0,0,0,0,0,0,0,0,0,0,0,0,0,0,0,0,0,0,0,0,0,0,0,0,0,0,0,0,0,0,0,0,0,0,0,0,0,0,0,0,0,0,0,0,0,0,0,0,0,0,0,0,0,0,0,0,0,0,0,0,0,0,0,0,0,0,0,0,0,0,0,0,0,0,0,0,0,0,0,0,0,0,0,0,0,0,0,0,0,0,0,0,0,0,0,0,0,0,0,0,0,0,0,0,0,0,0,0,0,0,0,0,0,0,0,0,0,0,0,0,0,0,0,0,0,0,0,0,0,0,0,0,0,0,0,0,0,0,0,0,0,0,0,0,0,0,0,0,0,0,0,0,0,0,0,0,0,0,0,0,0,0,0,0,0,0,0,0,0,0,0,0,0,0,0,0,0,0,0,0,0,0,0,0,0,0,0,0,0,0,0,0,0,0,0,0,0,0,0,0,0,0,0,0,0,0,0,0,0,0,0,0,0,0,0,0,0,0,0,0,0,0,0,0,0,0,0,0,0,0,0,0,0,0,0,0,0,0,0,0,0,0,0,0,0,0,0,0,0,0,0,0,0,0,0,0,0,0,0,0,0,0,0,0,0,0,0,0,0,0,0,0,0,0,0,0,0,0,0,0,0,0,0,0,0,0,0,0,0,0,0,0,0,0,0,0,0,0,0,0
"151",368.301325,368.353775,369.44325,369.454125,369.4594,369.463975,369.469025,369.472775,369.477725,369.49685,369.501375,369.50595,369.509975,369.5203,369.52525,369.5326,370.520525,370.543375,370.59435,370.62095,370.6277,370.638475,370.668025,370.683475,370.690225,370.7285,370.76285,370.79295,370.83195,370.848375,370.863775,370.871725,370.90455,370.92065,370.952975,371.070325,371.1312,371.14345,371.5415,371.588925,371.61315,371.668125,371.757125,372.01805,372.48785,372.843375,372.869925,372.88095,372.958,372.98865,373.0038,373.00975,373.25795,373.27365,373.328625,373.4332,373.47235,374.469275,374.4799,374.489875,374.49915,374.50545,374.5235,374.61615,374.691625,374.747775,374.8339,375.22245,375.467125,375.5071,375.558325,375.564775,375.612025,375.622125,375.654525,375.6928,376.201875,377.2172,377.245675,377.26965,377.27845,377.30245,377.30785,377.332075,377.370875,377.40455,377.426125,377.541725,379.480975,379.494775,379.509575,379.5409,379.551825,379.56625,379.581375,379.703,379.75595,379.791325,379.8183,379.8352,379.842575,382.727775,382.741425,382.817675,382.943,383.12075,383.22545,384.75895,384.82715,384.97055,384.9812,385.008625,0,0,0,0,0,0,0,0,0,0,0,0,0,0,0,0,0,0,0,0,0,0,0,0,0,0,0,0,0,0,0,0,0,0,0,0,0,0,0,0,0,0,0,0,0,0,0,0,0,0,0,0,0,0,0,0,0,0,0,0,0,0,0,0,0,0,0,0,0,0,0,0,0,0,0,0,0,0,0,0,0,0,0,0,0,0,0,0,0,0,0,0,0,0,0,0,0,0,0,0,0,0,0,0,0,0,0,0,0,0,0,0,0,0,0,0,0,0,0,0,0,0,0,0,0,0,0,0,0,0,0,0,0,0,0,0,0,0,0,0,0,0,0,0,0,0,0,0,0,0,0,0,0,0,0,0,0,0,0,0,0,0,0,0,0,0,0,0,0,0,0,0,0,0,0,0,0,0,0,0,0,0,0,0,0,0,0,0,0,0,0,0,0,0,0,0,0,0,0,0,0,0,0,0,0,0,0,0,0,0,0,0,0,0,0,0,0,0,0,0,0,0,0,0,0,0,0,0,0,0,0,0,0,0,0,0,0,0,0,0,0,0,0,0,0,0,0,0,0,0,0,0,0,0,0,0,0,0,0,0,0,0,0,0,0,0,0,0,0,0,0,0,0,0,0,0,0,0,0,0,0,0,0,0,0,0,0,0,0,0,0,0,0,0,0,0,0,0,0,0,0,0,0,0,0,0,0,0,0,0,0,0,0,0,0,0,0,0,0,0,0,0
"152",370.947475,371.07245,371.358875,371.4614,371.857225,372.033925,372.4306,372.6704,372.904625,375.173975,375.19955,375.345775,375.459,375.5011,375.651775,375.768775,376.93865,377.18815,380.304575,397.54055,0,0,0,0,0,0,0,0,0,0,0,0,0,0,0,0,0,0,0,0,0,0,0,0,0,0,0,0,0,0,0,0,0,0,0,0,0,0,0,0,0,0,0,0,0,0,0,0,0,0,0,0,0,0,0,0,0,0,0,0,0,0,0,0,0,0,0,0,0,0,0,0,0,0,0,0,0,0,0,0,0,0,0,0,0,0,0,0,0,0,0,0,0,0,0,0,0,0,0,0,0,0,0,0,0,0,0,0,0,0,0,0,0,0,0,0,0,0,0,0,0,0,0,0,0,0,0,0,0,0,0,0,0,0,0,0,0,0,0,0,0,0,0,0,0,0,0,0,0,0,0,0,0,0,0,0,0,0,0,0,0,0,0,0,0,0,0,0,0,0,0,0,0,0,0,0,0,0,0,0,0,0,0,0,0,0,0,0,0,0,0,0,0,0,0,0,0,0,0,0,0,0,0,0,0,0,0,0,0,0,0,0,0,0,0,0,0,0,0,0,0,0,0,0,0,0,0,0,0,0,0,0,0,0,0,0,0,0,0,0,0,0,0,0,0,0,0,0,0,0,0,0,0,0,0,0,0,0,0,0,0,0,0,0,0,0,0,0,0,0,0,0,0,0,0,0,0,0,0,0,0,0,0,0,0,0,0,0,0,0,0,0,0,0,0,0,0,0,0,0,0,0,0,0,0,0,0,0,0,0,0,0,0,0,0,0,0,0,0,0,0,0,0,0,0,0,0,0,0,0,0,0,0,0,0,0,0,0,0,0,0,0,0,0,0,0,0,0,0,0,0,0,0,0,0,0,0,0,0,0,0,0,0,0,0,0,0,0,0,0,0,0,0,0,0,0,0,0,0,0,0,0,0,0,0,0,0,0,0,0,0,0,0,0,0,0,0,0,0,0,0,0,0,0,0,0,0,0,0,0,0,0,0,0
"153",377.609975,380.925975,381.18885,382.9237,383.266425,383.413675,384.96755,385.1583,385.30445,385.41515,385.513375,385.811325,386.14825,0,0,0,0,0,0,0,0,0,0,0,0,0,0,0,0,0,0,0,0,0,0,0,0,0,0,0,0,0,0,0,0,0,0,0,0,0,0,0,0,0,0,0,0,0,0,0,0,0,0,0,0,0,0,0,0,0,0,0,0,0,0,0,0,0,0,0,0,0,0,0,0,0,0,0,0,0,0,0,0,0,0,0,0,0,0,0,0,0,0,0,0,0,0,0,0,0,0,0,0,0,0,0,0,0,0,0,0,0,0,0,0,0,0,0,0,0,0,0,0,0,0,0,0,0,0,0,0,0,0,0,0,0,0,0,0,0,0,0,0,0,0,0,0,0,0,0,0,0,0,0,0,0,0,0,0,0,0,0,0,0,0,0,0,0,0,0,0,0,0,0,0,0,0,0,0,0,0,0,0,0,0,0,0,0,0,0,0,0,0,0,0,0,0,0,0,0,0,0,0,0,0,0,0,0,0,0,0,0,0,0,0,0,0,0,0,0,0,0,0,0,0,0,0,0,0,0,0,0,0,0,0,0,0,0,0,0,0,0,0,0,0,0,0,0,0,0,0,0,0,0,0,0,0,0,0,0,0,0,0,0,0,0,0,0,0,0,0,0,0,0,0,0,0,0,0,0,0,0,0,0,0,0,0,0,0,0,0,0,0,0,0,0,0,0,0,0,0,0,0,0,0,0,0,0,0,0,0,0,0,0,0,0,0,0,0,0,0,0,0,0,0,0,0,0,0,0,0,0,0,0,0,0,0,0,0,0,0,0,0,0,0,0,0,0,0,0,0,0,0,0,0,0,0,0,0,0,0,0,0,0,0,0,0,0,0,0,0,0,0,0,0,0,0,0,0,0,0,0,0,0,0,0,0,0,0,0,0,0,0,0,0,0,0,0,0,0,0,0,0,0,0,0,0,0,0,0,0,0,0,0,0,0,0,0,0,0,0,0,0,0
"154",371.04025,371.7258,371.789525,371.811175,371.9831,372.1129,372.278775,372.3528,373.0147,373.051925,373.074975,373.799125,374.7271,375.804925,375.843525,377.844475,379.636675,379.912125,379.993125,380.80115,380.990475,381.342875,383.0987,383.32785,383.57085,0,0,0,0,0,0,0,0,0,0,0,0,0,0,0,0,0,0,0,0,0,0,0,0,0,0,0,0,0,0,0,0,0,0,0,0,0,0,0,0,0,0,0,0,0,0,0,0,0,0,0,0,0,0,0,0,0,0,0,0,0,0,0,0,0,0,0,0,0,0,0,0,0,0,0,0,0,0,0,0,0,0,0,0,0,0,0,0,0,0,0,0,0,0,0,0,0,0,0,0,0,0,0,0,0,0,0,0,0,0,0,0,0,0,0,0,0,0,0,0,0,0,0,0,0,0,0,0,0,0,0,0,0,0,0,0,0,0,0,0,0,0,0,0,0,0,0,0,0,0,0,0,0,0,0,0,0,0,0,0,0,0,0,0,0,0,0,0,0,0,0,0,0,0,0,0,0,0,0,0,0,0,0,0,0,0,0,0,0,0,0,0,0,0,0,0,0,0,0,0,0,0,0,0,0,0,0,0,0,0,0,0,0,0,0,0,0,0,0,0,0,0,0,0,0,0,0,0,0,0,0,0,0,0,0,0,0,0,0,0,0,0,0,0,0,0,0,0,0,0,0,0,0,0,0,0,0,0,0,0,0,0,0,0,0,0,0,0,0,0,0,0,0,0,0,0,0,0,0,0,0,0,0,0,0,0,0,0,0,0,0,0,0,0,0,0,0,0,0,0,0,0,0,0,0,0,0,0,0,0,0,0,0,0,0,0,0,0,0,0,0,0,0,0,0,0,0,0,0,0,0,0,0,0,0,0,0,0,0,0,0,0,0,0,0,0,0,0,0,0,0,0,0,0,0,0,0,0,0,0,0,0,0,0,0,0,0,0,0,0,0,0,0,0,0,0,0,0,0,0,0,0,0,0,0,0,0,0,0,0,0,0,0,0,0,0,0,0,0,0,0,0,0,0,0,0,0,0,0
"155",369.4893,370.21875,370.724575,370.75945,370.7895,370.8467,370.8667,370.957275,371.027,371.09235,371.475275,371.507,371.515325,371.55335,371.5757,371.6018,371.604625,371.61215,371.660025,371.66815,371.68135,371.687875,371.698225,371.742575,371.86175,371.8716,371.9025,371.90845,371.98145,372.031725,372.100625,372.110825,372.126425,372.2586,372.871775,372.879075,372.88865,372.893275,372.9567,372.984575,373.00845,373.056,373.173975,373.2009,373.21935,373.237775,373.312525,373.4052,373.480775,373.4967,373.5422,373.567,373.639825,373.660425,373.680475,373.7468,373.779625,374.738825,375.627475,375.678825,375.69005,375.715975,375.75805,375.765325,375.774575,375.780175,375.803575,375.811475,375.813025,375.89045,375.907025,375.941025,375.94545,376.009425,376.0397,376.066825,376.129475,376.154425,376.23465,376.307775,376.358825,376.41965,376.455775,376.466625,377.284425,377.362125,377.45815,377.47585,377.498325,377.515075,377.5388,377.581675,377.5997,377.630575,377.670075,377.77035,377.83605,377.851,377.858,377.883725,377.89765,377.9094,377.940875,377.9516,378.0539,378.062,378.102825,378.1611,378.2436,379.5536,379.557925,379.582325,379.610825,379.623,379.635475,379.6761,379.735625,379.754375,379.779875,379.8396,379.849725,379.908575,379.94115,380.00225,380.131425,380.1861,380.20925,380.2331,380.307225,380.335225,380.386025,380.405425,380.424,380.434375,380.445775,380.522075,380.5945,380.613825,380.7752,380.82095,381.129325,382.904975,383.222025,383.254825,384.333225,385.028075,385.09085,385.28805,385.423,385.5189,385.674,0,0,0,0,0,0,0,0,0,0,0,0,0,0,0,0,0,0,0,0,0,0,0,0,0,0,0,0,0,0,0,0,0,0,0,0,0,0,0,0,0,0,0,0,0,0,0,0,0,0,0,0,0,0,0,0,0,0,0,0,0,0,0,0,0,0,0,0,0,0,0,0,0,0,0,0,0,0,0,0,0,0,0,0,0,0,0,0,0,0,0,0,0,0,0,0,0,0,0,0,0,0,0,0,0,0,0,0,0,0,0,0,0,0,0,0,0,0,0,0,0,0,0,0,0,0,0,0,0,0,0,0,0,0,0,0,0,0,0,0,0,0,0,0,0,0,0,0,0,0,0,0,0,0,0,0,0,0,0,0,0,0,0,0,0,0,0,0,0,0,0,0,0,0,0,0,0,0,0,0,0,0,0,0,0,0,0,0,0,0,0,0,0,0,0,0,0,0,0,0,0,0,0,0,0,0,0,0,0,0,0,0,0,0,0,0,0,0,0,0,0,0,0,0,0,0,0,0,0,0,0,0,0,0,0,0,0,0,0,0,0,0,0,0,0,0,0,0,0,0,0,0,0,0,0,0,0,0,0,0,0,0,0,0,0,0,0,0,0,0,0,0,0,0,0,0,0,0,0,0,0,0,0
"156",371.040875,371.08145,371.62675,371.8738,372.398075,372.429175,372.510725,372.69715,372.996525,373.3768,373.46725,373.623,373.81245,374.15235,374.322175,374.491975,374.545225,374.56925,374.620375,374.6736,374.7112,374.77785,374.85435,374.926625,375.239325,375.509775,375.588625,375.68275,375.707325,375.82445,375.992075,377.5063,378.412575,378.59515,379.8015,0,0,0,0,0,0,0,0,0,0,0,0,0,0,0,0,0,0,0,0,0,0,0,0,0,0,0,0,0,0,0,0,0,0,0,0,0,0,0,0,0,0,0,0,0,0,0,0,0,0,0,0,0,0,0,0,0,0,0,0,0,0,0,0,0,0,0,0,0,0,0,0,0,0,0,0,0,0,0,0,0,0,0,0,0,0,0,0,0,0,0,0,0,0,0,0,0,0,0,0,0,0,0,0,0,0,0,0,0,0,0,0,0,0,0,0,0,0,0,0,0,0,0,0,0,0,0,0,0,0,0,0,0,0,0,0,0,0,0,0,0,0,0,0,0,0,0,0,0,0,0,0,0,0,0,0,0,0,0,0,0,0,0,0,0,0,0,0,0,0,0,0,0,0,0,0,0,0,0,0,0,0,0,0,0,0,0,0,0,0,0,0,0,0,0,0,0,0,0,0,0,0,0,0,0,0,0,0,0,0,0,0,0,0,0,0,0,0,0,0,0,0,0,0,0,0,0,0,0,0,0,0,0,0,0,0,0,0,0,0,0,0,0,0,0,0,0,0,0,0,0,0,0,0,0,0,0,0,0,0,0,0,0,0,0,0,0,0,0,0,0,0,0,0,0,0,0,0,0,0,0,0,0,0,0,0,0,0,0,0,0,0,0,0,0,0,0,0,0,0,0,0,0,0,0,0,0,0,0,0,0,0,0,0,0,0,0,0,0,0,0,0,0,0,0,0,0,0,0,0,0,0,0,0,0,0,0,0,0,0,0,0,0,0,0,0,0,0,0,0,0,0,0,0,0,0,0,0,0,0,0,0,0,0,0,0,0,0,0,0,0,0,0,0,0,0,0,0,0,0,0,0,0,0,0,0,0,0,0,0,0,0,0,0,0,0,0,0,0
"157",369.94755,369.981225,370.067925,370.536425,370.5556,370.569525,370.6164,370.71215,370.747975,370.761225,370.86885,370.888325,370.89935,370.90935,370.946875,370.969825,370.99535,371.0236,371.051425,371.064725,371.0854,371.12975,371.15565,371.190525,371.210275,371.2417,371.260825,371.274425,371.519975,371.652675,371.7183,371.835675,371.844575,371.879475,371.9082,372.0543,372.11175,372.124975,372.25085,372.29585,372.321825,372.365525,372.4065,372.427375,372.438575,372.4718,372.516525,372.551525,372.58995,372.613575,372.627775,372.633325,372.638225,372.66715,372.682925,372.699125,372.76655,372.824425,372.8521,372.874775,372.94845,372.99985,373.0364,373.100875,373.11465,373.134725,373.162025,373.2105,373.558075,373.599225,373.7503,373.81145,373.8633,373.9135,373.99145,374.009675,374.034625,374.073125,374.246375,374.2924,374.3058,374.364975,374.389775,374.405725,374.4569,374.469925,374.48645,374.50385,374.54645,374.5532,374.56465,374.5796,374.6119,374.643425,374.71125,374.737525,374.798775,374.806875,374.838975,374.856175,374.8655,374.914625,374.938025,374.957425,374.964575,374.97645,375.025225,375.04525,375.08545,375.177275,375.193075,375.2404,375.2719,375.336875,375.356175,375.368075,375.3845,375.445475,375.489525,375.5058,375.51795,375.53705,375.5881,375.61285,375.641875,375.656525,375.69295,375.76335,375.890675,375.959325,376.07505,376.084475,376.142875,376.494675,376.5455,376.59295,376.682625,376.8119,376.865025,377.078675,377.1875,377.3992,377.482025,377.5472,377.571275,377.582,377.6455,377.661075,377.711675,377.745075,377.7828,377.855375,378.4154,378.481925,378.535125,378.56145,378.59525,378.6686,378.702425,378.755225,378.838975,378.872525,379.307525,379.595275,379.6947,379.722825,379.752225,379.853125,379.89535,379.9896,380.1246,380.192525,380.226725,380.425325,380.9585,381.0615,381.25945,382.6601,382.870525,382.902075,382.968125,383.0661,383.10235,383.164575,383.230475,383.278725,383.33125,383.39205,383.4595,383.5138,385.40145,0,0,0,0,0,0,0,0,0,0,0,0,0,0,0,0,0,0,0,0,0,0,0,0,0,0,0,0,0,0,0,0,0,0,0,0,0,0,0,0,0,0,0,0,0,0,0,0,0,0,0,0,0,0,0,0,0,0,0,0,0,0,0,0,0,0,0,0,0,0,0,0,0,0,0,0,0,0,0,0,0,0,0,0,0,0,0,0,0,0,0,0,0,0,0,0,0,0,0,0,0,0,0,0,0,0,0,0,0,0,0,0,0,0,0,0,0,0,0,0,0,0,0,0,0,0,0,0,0,0,0,0,0,0,0,0,0,0,0,0,0,0,0,0,0,0,0,0,0,0,0,0,0,0,0,0,0,0,0,0,0,0,0,0,0,0,0,0,0,0,0,0,0,0,0,0,0,0,0,0,0,0,0,0,0,0,0,0,0,0,0,0,0,0,0,0,0,0,0,0,0,0,0,0,0,0,0,0,0,0,0,0,0,0,0,0,0,0,0,0,0,0,0,0,0,0,0,0,0,0,0,0,0,0,0,0,0,0,0,0,0,0,0
"158",369.48235,369.656,369.708,369.76405,369.79745,369.830325,369.864275,369.8768,369.8979,369.93975,369.9547,369.98665,370.026025,370.042825,370.056225,370.075075,370.10415,370.14065,370.164425,370.180325,370.19765,370.219225,370.2343,370.256625,370.274125,370.300475,370.314825,370.344925,370.402,370.43485,370.490425,371.2676,371.405925,372.194625,372.750325,375.230125,375.2899,375.31435,376.525225,376.684725,376.755625,376.814775,376.85835,376.89735,377.0229,378.979575,379.111025,379.171225,379.28225,379.40525,381.265325,381.393825,381.447975,381.49975,381.5619,381.6571,381.6841,381.721025,381.81495,381.8554,381.906325,381.955825,381.992125,382.00725,382.06525,382.096925,382.1418,382.17305,382.22165,382.3532,383.705975,383.774725,383.83735,383.9319,384.005075,384.055,384.150625,384.2906,384.42715,386.27815,386.3602,386.46435,386.5713,386.65705,386.78915,386.919625,387.1668,387.34155,387.482575,387.7963,387.924225,388.010175,388.11395,388.218875,388.50905,388.8003,389.030825,389.15015,389.334125,389.491575,389.668525,389.870025,390.00345,390.3471,390.5769,390.815625,391.02755,391.18195,391.313475,391.596575,391.930925,392.129775,392.37845,392.664075,392.8918,393.074525,393.240775,393.45325,393.693225,393.918825,394.20675,394.521125,394.725025,395.1309,395.3585,395.5708,395.95395,396.2763,396.64505,396.865,397.1412,397.55845,397.731175,397.8757,398.211575,0,0,0,0,0,0,0,0,0,0,0,0,0,0,0,0,0,0,0,0,0,0,0,0,0,0,0,0,0,0,0,0,0,0,0,0,0,0,0,0,0,0,0,0,0,0,0,0,0,0,0,0,0,0,0,0,0,0,0,0,0,0,0,0,0,0,0,0,0,0,0,0,0,0,0,0,0,0,0,0,0,0,0,0,0,0,0,0,0,0,0,0,0,0,0,0,0,0,0,0,0,0,0,0,0,0,0,0,0,0,0,0,0,0,0,0,0,0,0,0,0,0,0,0,0,0,0,0,0,0,0,0,0,0,0,0,0,0,0,0,0,0,0,0,0,0,0,0,0,0,0,0,0,0,0,0,0,0,0,0,0,0,0,0,0,0,0,0,0,0,0,0,0,0,0,0,0,0,0,0,0,0,0,0,0,0,0,0,0,0,0,0,0,0,0,0,0,0,0,0,0,0,0,0,0,0,0,0,0,0,0,0,0,0,0,0,0,0,0,0,0,0,0,0,0,0,0,0,0,0,0,0,0,0,0,0,0,0,0,0,0,0,0,0,0,0,0,0,0,0,0,0,0,0,0,0,0,0,0,0,0,0,0,0,0,0,0,0,0,0,0,0,0,0,0,0,0,0,0,0,0,0,0,0,0,0,0,0,0,0,0,0,0,0,0,0,0,0,0
"159",370.799975,371.6403,371.70325,371.7583,371.796025,372.13805,372.97815,372.9795,373.0817,373.141475,373.36425,373.63915,373.667725,373.699675,373.7913,373.81975,373.851175,373.8611,373.909175,373.940725,373.970175,374.089175,374.126125,374.1939,374.747925,374.9882,375.87025,375.88325,375.91465,375.9711,376.003775,376.029575,376.04725,376.067625,376.095675,376.1219,376.14425,376.16665,376.182375,377.347925,377.536225,378.058175,379.70155,380.1204,0,0,0,0,0,0,0,0,0,0,0,0,0,0,0,0,0,0,0,0,0,0,0,0,0,0,0,0,0,0,0,0,0,0,0,0,0,0,0,0,0,0,0,0,0,0,0,0,0,0,0,0,0,0,0,0,0,0,0,0,0,0,0,0,0,0,0,0,0,0,0,0,0,0,0,0,0,0,0,0,0,0,0,0,0,0,0,0,0,0,0,0,0,0,0,0,0,0,0,0,0,0,0,0,0,0,0,0,0,0,0,0,0,0,0,0,0,0,0,0,0,0,0,0,0,0,0,0,0,0,0,0,0,0,0,0,0,0,0,0,0,0,0,0,0,0,0,0,0,0,0,0,0,0,0,0,0,0,0,0,0,0,0,0,0,0,0,0,0,0,0,0,0,0,0,0,0,0,0,0,0,0,0,0,0,0,0,0,0,0,0,0,0,0,0,0,0,0,0,0,0,0,0,0,0,0,0,0,0,0,0,0,0,0,0,0,0,0,0,0,0,0,0,0,0,0,0,0,0,0,0,0,0,0,0,0,0,0,0,0,0,0,0,0,0,0,0,0,0,0,0,0,0,0,0,0,0,0,0,0,0,0,0,0,0,0,0,0,0,0,0,0,0,0,0,0,0,0,0,0,0,0,0,0,0,0,0,0,0,0,0,0,0,0,0,0,0,0,0,0,0,0,0,0,0,0,0,0,0,0,0,0,0,0,0,0,0,0,0,0,0,0,0,0,0,0,0,0,0,0,0,0,0,0,0,0,0,0,0,0,0,0,0,0,0,0,0,0,0,0,0,0,0,0,0,0,0,0,0,0,0,0,0,0,0,0,0,0,0,0,0,0,0,0,0,0,0,0,0,0,0,0,0,0,0,0,0,0,0,0
"160",372.0145,372.07345,372.106775,372.17005,372.293025,373.482975,373.54735,373.83755,375.996075,376.100575,376.102375,376.179725,0,0,0,0,0,0,0,0,0,0,0,0,0,0,0,0,0,0,0,0,0,0,0,0,0,0,0,0,0,0,0,0,0,0,0,0,0,0,0,0,0,0,0,0,0,0,0,0,0,0,0,0,0,0,0,0,0,0,0,0,0,0,0,0,0,0,0,0,0,0,0,0,0,0,0,0,0,0,0,0,0,0,0,0,0,0,0,0,0,0,0,0,0,0,0,0,0,0,0,0,0,0,0,0,0,0,0,0,0,0,0,0,0,0,0,0,0,0,0,0,0,0,0,0,0,0,0,0,0,0,0,0,0,0,0,0,0,0,0,0,0,0,0,0,0,0,0,0,0,0,0,0,0,0,0,0,0,0,0,0,0,0,0,0,0,0,0,0,0,0,0,0,0,0,0,0,0,0,0,0,0,0,0,0,0,0,0,0,0,0,0,0,0,0,0,0,0,0,0,0,0,0,0,0,0,0,0,0,0,0,0,0,0,0,0,0,0,0,0,0,0,0,0,0,0,0,0,0,0,0,0,0,0,0,0,0,0,0,0,0,0,0,0,0,0,0,0,0,0,0,0,0,0,0,0,0,0,0,0,0,0,0,0,0,0,0,0,0,0,0,0,0,0,0,0,0,0,0,0,0,0,0,0,0,0,0,0,0,0,0,0,0,0,0,0,0,0,0,0,0,0,0,0,0,0,0,0,0,0,0,0,0,0,0,0,0,0,0,0,0,0,0,0,0,0,0,0,0,0,0,0,0,0,0,0,0,0,0,0,0,0,0,0,0,0,0,0,0,0,0,0,0,0,0,0,0,0,0,0,0,0,0,0,0,0,0,0,0,0,0,0,0,0,0,0,0,0,0,0,0,0,0,0,0,0,0,0,0,0,0,0,0,0,0,0,0,0,0,0,0,0,0,0,0,0,0,0,0,0,0,0,0,0,0,0,0,0,0,0,0,0,0
"161",371.7656,371.7895,371.80965,371.840225,371.94125,372.00555,372.34955,373.423325,373.519075,373.627,373.685725,373.7092,373.753275,373.830725,374.0087,376.0114,376.157825,376.5643,377.568625,377.6091,377.993975,0,0,0,0,0,0,0,0,0,0,0,0,0,0,0,0,0,0,0,0,0,0,0,0,0,0,0,0,0,0,0,0,0,0,0,0,0,0,0,0,0,0,0,0,0,0,0,0,0,0,0,0,0,0,0,0,0,0,0,0,0,0,0,0,0,0,0,0,0,0,0,0,0,0,0,0,0,0,0,0,0,0,0,0,0,0,0,0,0,0,0,0,0,0,0,0,0,0,0,0,0,0,0,0,0,0,0,0,0,0,0,0,0,0,0,0,0,0,0,0,0,0,0,0,0,0,0,0,0,0,0,0,0,0,0,0,0,0,0,0,0,0,0,0,0,0,0,0,0,0,0,0,0,0,0,0,0,0,0,0,0,0,0,0,0,0,0,0,0,0,0,0,0,0,0,0,0,0,0,0,0,0,0,0,0,0,0,0,0,0,0,0,0,0,0,0,0,0,0,0,0,0,0,0,0,0,0,0,0,0,0,0,0,0,0,0,0,0,0,0,0,0,0,0,0,0,0,0,0,0,0,0,0,0,0,0,0,0,0,0,0,0,0,0,0,0,0,0,0,0,0,0,0,0,0,0,0,0,0,0,0,0,0,0,0,0,0,0,0,0,0,0,0,0,0,0,0,0,0,0,0,0,0,0,0,0,0,0,0,0,0,0,0,0,0,0,0,0,0,0,0,0,0,0,0,0,0,0,0,0,0,0,0,0,0,0,0,0,0,0,0,0,0,0,0,0,0,0,0,0,0,0,0,0,0,0,0,0,0,0,0,0,0,0,0,0,0,0,0,0,0,0,0,0,0,0,0,0,0,0,0,0,0,0,0,0,0,0,0,0,0,0,0,0,0,0,0,0,0,0,0,0,0,0,0,0,0,0,0,0,0,0,0,0,0,0,0,0,0,0,0,0,0,0,0,0,0,0,0,0,0,0,0
"162",371.743375,371.826675,371.8991,371.9989,372.046625,372.0793,372.11055,372.175125,372.353175,373.377525,373.43765,373.488175,373.523525,373.526925,373.528675,373.560125,373.606375,373.6406,373.707325,373.7956,373.83225,373.96,373.987375,374.02835,374.9174,375.77515,375.806875,375.833075,375.861075,375.889575,375.924825,375.980725,375.991225,376.015975,376.017775,376.11695,376.30975,377.5339,377.606025,377.653375,377.7319,377.7803,377.823675,377.904125,377.991575,0,0,0,0,0,0,0,0,0,0,0,0,0,0,0,0,0,0,0,0,0,0,0,0,0,0,0,0,0,0,0,0,0,0,0,0,0,0,0,0,0,0,0,0,0,0,0,0,0,0,0,0,0,0,0,0,0,0,0,0,0,0,0,0,0,0,0,0,0,0,0,0,0,0,0,0,0,0,0,0,0,0,0,0,0,0,0,0,0,0,0,0,0,0,0,0,0,0,0,0,0,0,0,0,0,0,0,0,0,0,0,0,0,0,0,0,0,0,0,0,0,0,0,0,0,0,0,0,0,0,0,0,0,0,0,0,0,0,0,0,0,0,0,0,0,0,0,0,0,0,0,0,0,0,0,0,0,0,0,0,0,0,0,0,0,0,0,0,0,0,0,0,0,0,0,0,0,0,0,0,0,0,0,0,0,0,0,0,0,0,0,0,0,0,0,0,0,0,0,0,0,0,0,0,0,0,0,0,0,0,0,0,0,0,0,0,0,0,0,0,0,0,0,0,0,0,0,0,0,0,0,0,0,0,0,0,0,0,0,0,0,0,0,0,0,0,0,0,0,0,0,0,0,0,0,0,0,0,0,0,0,0,0,0,0,0,0,0,0,0,0,0,0,0,0,0,0,0,0,0,0,0,0,0,0,0,0,0,0,0,0,0,0,0,0,0,0,0,0,0,0,0,0,0,0,0,0,0,0,0,0,0,0,0,0,0,0,0,0,0,0,0,0,0,0,0,0,0,0,0,0,0,0,0,0,0,0,0,0,0,0,0,0,0,0,0,0,0,0,0,0,0,0,0,0,0,0,0,0,0,0,0,0,0,0,0,0,0,0,0,0,0,0,0,0,0,0,0,0,0,0,0,0,0,0,0,0,0,0
"163",371.706575,371.791375,371.84995,371.871225,371.951575,372.0502,372.094175,373.178675,373.8096,374.925725,375.78785,375.7932,375.892475,377.4953,377.530125,377.564125,377.81055,0,0,0,0,0,0,0,0,0,0,0,0,0,0,0,0,0,0,0,0,0,0,0,0,0,0,0,0,0,0,0,0,0,0,0,0,0,0,0,0,0,0,0,0,0,0,0,0,0,0,0,0,0,0,0,0,0,0,0,0,0,0,0,0,0,0,0,0,0,0,0,0,0,0,0,0,0,0,0,0,0,0,0,0,0,0,0,0,0,0,0,0,0,0,0,0,0,0,0,0,0,0,0,0,0,0,0,0,0,0,0,0,0,0,0,0,0,0,0,0,0,0,0,0,0,0,0,0,0,0,0,0,0,0,0,0,0,0,0,0,0,0,0,0,0,0,0,0,0,0,0,0,0,0,0,0,0,0,0,0,0,0,0,0,0,0,0,0,0,0,0,0,0,0,0,0,0,0,0,0,0,0,0,0,0,0,0,0,0,0,0,0,0,0,0,0,0,0,0,0,0,0,0,0,0,0,0,0,0,0,0,0,0,0,0,0,0,0,0,0,0,0,0,0,0,0,0,0,0,0,0,0,0,0,0,0,0,0,0,0,0,0,0,0,0,0,0,0,0,0,0,0,0,0,0,0,0,0,0,0,0,0,0,0,0,0,0,0,0,0,0,0,0,0,0,0,0,0,0,0,0,0,0,0,0,0,0,0,0,0,0,0,0,0,0,0,0,0,0,0,0,0,0,0,0,0,0,0,0,0,0,0,0,0,0,0,0,0,0,0,0,0,0,0,0,0,0,0,0,0,0,0,0,0,0,0,0,0,0,0,0,0,0,0,0,0,0,0,0,0,0,0,0,0,0,0,0,0,0,0,0,0,0,0,0,0,0,0,0,0,0,0,0,0,0,0,0,0,0,0,0,0,0,0,0,0,0,0,0,0,0,0,0,0,0,0,0,0,0,0,0,0,0,0,0,0,0,0,0,0,0,0,0,0,0,0,0
"164",367.548,369.48795,369.663825,369.7502,369.860425,369.8922,371.086475,371.16495,371.95905,371.9916,372.16445,372.2534,372.304425,373.327475,373.4772,373.4932,373.5549,373.593375,373.740225,373.927325,373.950025,374.156775,374.676325,374.75305,374.8487,374.9694,375.66495,375.97155,376.077525,376.143125,376.15805,377.9365,379.98595,380.1036,380.297975,380.48545,380.79125,382.254725,0,0,0,0,0,0,0,0,0,0,0,0,0,0,0,0,0,0,0,0,0,0,0,0,0,0,0,0,0,0,0,0,0,0,0,0,0,0,0,0,0,0,0,0,0,0,0,0,0,0,0,0,0,0,0,0,0,0,0,0,0,0,0,0,0,0,0,0,0,0,0,0,0,0,0,0,0,0,0,0,0,0,0,0,0,0,0,0,0,0,0,0,0,0,0,0,0,0,0,0,0,0,0,0,0,0,0,0,0,0,0,0,0,0,0,0,0,0,0,0,0,0,0,0,0,0,0,0,0,0,0,0,0,0,0,0,0,0,0,0,0,0,0,0,0,0,0,0,0,0,0,0,0,0,0,0,0,0,0,0,0,0,0,0,0,0,0,0,0,0,0,0,0,0,0,0,0,0,0,0,0,0,0,0,0,0,0,0,0,0,0,0,0,0,0,0,0,0,0,0,0,0,0,0,0,0,0,0,0,0,0,0,0,0,0,0,0,0,0,0,0,0,0,0,0,0,0,0,0,0,0,0,0,0,0,0,0,0,0,0,0,0,0,0,0,0,0,0,0,0,0,0,0,0,0,0,0,0,0,0,0,0,0,0,0,0,0,0,0,0,0,0,0,0,0,0,0,0,0,0,0,0,0,0,0,0,0,0,0,0,0,0,0,0,0,0,0,0,0,0,0,0,0,0,0,0,0,0,0,0,0,0,0,0,0,0,0,0,0,0,0,0,0,0,0,0,0,0,0,0,0,0,0,0,0,0,0,0,0,0,0,0,0,0,0,0,0,0,0,0,0,0,0,0,0,0,0,0,0,0,0,0,0,0,0,0,0,0,0,0,0,0,0,0,0,0,0,0,0,0,0,0,0,0,0,0,0,0,0,0,0,0,0,0,0,0
"165",360.019025,360.069575,360.130225,360.315425,360.4357,360.6117,360.8281,360.884675,360.991,361.06385,361.148125,361.22565,361.450275,361.533125,361.593375,361.7081,361.77825,361.85485,361.919225,362.03405,362.1685,362.258425,362.389675,362.46645,362.559625,362.6913,362.85145,363.009225,363.196475,363.31865,363.4207,363.548825,363.72445,363.8901,364.052075,364.165475,364.346425,364.559475,364.6435,364.79405,365.24905,365.35705,365.520825,365.770225,365.897225,365.99425,366.244625,366.51045,366.883675,367.12355,367.393425,367.534925,367.841825,367.996025,368.138575,368.31455,368.46925,368.7195,368.835725,369.0266,369.165325,369.537825,369.5626,369.597625,369.63905,369.69705,369.76655,370.103425,370.1786,370.3358,370.3838,370.4152,370.452925,370.465725,370.49915,370.524225,370.559825,370.58315,370.6528,370.727775,370.7583,370.78685,370.8184,370.8467,370.9192,370.94,370.95285,370.968225,370.996925,371.012075,371.0301,371.057525,371.1035,371.10485,371.116725,371.129175,371.150225,371.178725,371.1988,371.242175,371.286475,371.31195,371.333175,371.362825,371.387975,371.4193,371.445275,371.485625,371.517225,371.52265,371.63665,371.6387,371.685225,371.72855,371.77195,371.777225,371.8214,371.853275,372.02885,372.19345,372.241925,372.323475,372.3621,372.47045,372.478225,372.552775,372.578375,372.599375,372.615,372.663125,372.676575,372.70535,372.71035,372.7531,372.824125,372.84065,372.863675,372.968825,372.996325,373.044375,373.463175,373.74815,373.78475,373.922125,374.031925,374.26585,374.30245,374.3259,374.426075,374.45705,374.48715,374.519075,374.5314,374.5901,374.657675,374.6832,374.6851,374.718125,374.730525,374.75255,374.765175,374.77425,374.7915,374.799975,374.82015,374.835525,374.90655,374.941275,374.984075,375.009175,375.075775,375.0797,375.1639,375.203475,375.240425,375.27255,375.306025,375.331275,375.37675,375.406475,375.46225,375.5073,375.50835,375.513125,375.5674,375.5798,375.60975,375.61855,375.645775,375.692075,375.7259,375.74905,375.80375,375.82895,375.880325,375.920725,375.94615,376.333025,376.4829,376.5275,376.642875,376.675525,376.722925,376.815625,376.831225,376.878125,376.8805,376.904925,376.915275,376.93065,376.9885,377.019025,377.038075,377.086175,377.141875,377.170025,377.282425,377.2867,377.2899,377.30285,377.32845,377.35805,377.38285,377.392125,377.407725,377.4373,377.442125,377.468425,377.529775,377.5645,377.584725,378.242575,378.335525,378.93325,378.97975,379.026975,379.08945,379.114025,379.156425,379.19925,379.2334,379.280225,379.298525,379.337475,379.418925,379.4283,379.47915,379.53805,379.57495,379.611825,379.6717,379.691175,379.77155,379.81455,379.8908,379.9203,380.0188,380.617625,380.744275,380.841925,381.045275,381.136025,381.22405,381.32095,381.4062,381.498075,381.57375,381.64665,381.7126,381.75505,381.821175,381.89385,381.9609,381.9632,382.022025,382.055775,382.12725,382.171325,382.224825,382.3072,382.377775,382.467525,382.469875,382.5282,382.57495,382.60495,382.648325,382.6711,382.690425,382.7284,382.76965,382.854225,382.9216,382.951775,382.9753,382.98305,383.04785,383.0755,383.115375,383.116475,383.18795,383.24605,383.285775,383.337425,383.382275,383.405575,383.469175,383.61595,383.701875,384.73605,384.8201,384.8914,384.93365,384.9748,385.0733,385.1349,385.1754,385.24425,385.296675,385.350775,385.4419,385.54985,385.6853,386.4805,386.947725,0,0,0,0,0,0,0,0,0,0,0,0,0,0,0,0,0,0,0,0,0,0,0,0,0,0,0,0,0,0,0,0,0,0,0,0,0,0,0,0,0,0,0,0,0,0,0,0,0,0,0,0,0,0,0,0,0,0,0,0,0,0,0,0,0,0,0,0,0,0,0,0,0,0,0,0,0,0,0,0,0,0,0,0,0,0,0,0,0,0,0,0,0,0,0,0,0,0,0,0,0,0,0,0,0,0,0,0,0
"166",371.825325,371.961825,372.022225,372.085125,372.1113,372.13775,372.177175,372.2092,372.253975,372.281325,372.33335,372.4424,372.9925,373.059,373.1257,373.175475,373.228025,373.260875,373.384175,373.412475,373.5355,373.776675,373.817325,373.9361,374.1617,374.191025,374.219225,374.3058,374.385975,374.862175,375.119975,375.222225,375.278575,375.708825,376.0766,376.1719,376.257675,376.2887,376.33435,376.363575,376.388325,376.4209,376.46225,376.55895,376.6109,376.686775,376.706075,376.765625,377.008175,377.6371,377.7431,377.782775,377.8394,377.8855,377.95395,377.97175,377.998625,378.0107,378.07545,378.249725,378.55275,378.660025,378.8074,378.875525,378.989775,379.456025,379.613525,379.789075,379.967225,380.01585,380.101975,380.234275,380.298575,380.323175,380.66475,381.3972,381.494025,381.82015,381.937075,382.17195,0,0,0,0,0,0,0,0,0,0,0,0,0,0,0,0,0,0,0,0,0,0,0,0,0,0,0,0,0,0,0,0,0,0,0,0,0,0,0,0,0,0,0,0,0,0,0,0,0,0,0,0,0,0,0,0,0,0,0,0,0,0,0,0,0,0,0,0,0,0,0,0,0,0,0,0,0,0,0,0,0,0,0,0,0,0,0,0,0,0,0,0,0,0,0,0,0,0,0,0,0,0,0,0,0,0,0,0,0,0,0,0,0,0,0,0,0,0,0,0,0,0,0,0,0,0,0,0,0,0,0,0,0,0,0,0,0,0,0,0,0,0,0,0,0,0,0,0,0,0,0,0,0,0,0,0,0,0,0,0,0,0,0,0,0,0,0,0,0,0,0,0,0,0,0,0,0,0,0,0,0,0,0,0,0,0,0,0,0,0,0,0,0,0,0,0,0,0,0,0,0,0,0,0,0,0,0,0,0,0,0,0,0,0,0,0,0,0,0,0,0,0,0,0,0,0,0,0,0,0,0,0,0,0,0,0,0,0,0,0,0,0,0,0,0,0,0,0,0,0,0,0,0,0,0,0,0,0,0,0,0,0,0,0,0,0,0,0,0,0,0,0,0,0,0,0,0,0,0,0,0,0,0,0,0,0,0,0,0,0,0,0,0,0,0,0,0,0,0,0,0,0,0,0,0,0,0,0,0,0,0,0,0,0,0,0,0,0,0,0,0,0,0,0,0,0,0,0,0,0,0,0,0,0,0,0,0,0,0,0,0,0,0,0,0,0,0,0,0,0,0,0,0,0
"167",371.818725,371.933525,371.9725,372.421025,373.0885,373.1466,373.16245,373.43005,373.443,373.79215,374.0368,374.663725,374.71215,374.737225,374.80645,374.863675,374.9476,375.74955,375.8867,376.133725,376.214125,377.476525,377.508225,377.544175,377.5942,377.624,377.708575,377.812925,377.83845,377.9593,377.97935,378.021025,378.09435,378.20425,378.531725,379.816425,379.875375,379.919075,380.023125,380.0684,380.11365,380.191275,380.2168,380.36775,380.417025,380.435575,380.502375,380.53735,380.61185,380.6923,0,0,0,0,0,0,0,0,0,0,0,0,0,0,0,0,0,0,0,0,0,0,0,0,0,0,0,0,0,0,0,0,0,0,0,0,0,0,0,0,0,0,0,0,0,0,0,0,0,0,0,0,0,0,0,0,0,0,0,0,0,0,0,0,0,0,0,0,0,0,0,0,0,0,0,0,0,0,0,0,0,0,0,0,0,0,0,0,0,0,0,0,0,0,0,0,0,0,0,0,0,0,0,0,0,0,0,0,0,0,0,0,0,0,0,0,0,0,0,0,0,0,0,0,0,0,0,0,0,0,0,0,0,0,0,0,0,0,0,0,0,0,0,0,0,0,0,0,0,0,0,0,0,0,0,0,0,0,0,0,0,0,0,0,0,0,0,0,0,0,0,0,0,0,0,0,0,0,0,0,0,0,0,0,0,0,0,0,0,0,0,0,0,0,0,0,0,0,0,0,0,0,0,0,0,0,0,0,0,0,0,0,0,0,0,0,0,0,0,0,0,0,0,0,0,0,0,0,0,0,0,0,0,0,0,0,0,0,0,0,0,0,0,0,0,0,0,0,0,0,0,0,0,0,0,0,0,0,0,0,0,0,0,0,0,0,0,0,0,0,0,0,0,0,0,0,0,0,0,0,0,0,0,0,0,0,0,0,0,0,0,0,0,0,0,0,0,0,0,0,0,0,0,0,0,0,0,0,0,0,0,0,0,0,0,0,0,0,0,0,0,0,0,0,0,0,0,0,0,0,0,0,0,0,0,0,0,0,0,0,0,0,0,0,0,0,0,0,0,0,0,0,0,0,0,0,0,0,0,0,0,0,0,0,0,0,0,0,0,0,0,0,0,0,0,0,0,0,0,0,0,0,0,0
"168",370.965725,371.022675,371.1295,371.461975,371.555225,371.59695,371.62245,371.653725,371.686275,371.740325,371.753375,371.7723,371.7807,371.803875,371.83145,371.84405,371.8551,371.8688,371.882,371.90195,371.91245,371.936975,371.94345,371.97445,372.0173,372.027225,372.0476,372.058825,372.079925,372.093975,372.108625,372.126275,372.13615,372.179475,372.188975,372.2445,372.28085,372.3634,372.4112,372.83465,372.883325,372.9655,372.98135,373.02395,373.045875,373.07625,373.094675,373.112425,373.121475,373.15385,373.16795,373.193725,373.21035,373.23055,373.2412,373.26955,373.27945,373.292075,373.30215,373.3037,373.321775,373.33365,373.34305,373.35365,373.3741,373.400825,373.4091,373.418525,373.42905,373.4452,373.454475,373.47005,373.5214,373.534025,373.545675,373.590325,373.596225,373.618275,373.6385,373.66345,373.69005,373.746675,373.79905,373.820175,373.93945,373.983025,374.1039,374.20845,374.81465,375.03875,375.085825,375.102575,375.6622,375.698225,375.7262,375.748175,375.76945,375.78235,375.8088,375.829425,375.8444,375.87225,375.89215,375.914975,375.925025,375.9363,375.9473,375.960475,375.9816,375.994875,376.011075,376.02465,376.035325,376.0559,376.0865,376.0971,376.10725,376.120325,376.129,376.16895,376.18595,376.194525,376.205075,376.2145,376.23045,376.241575,376.2569,376.2707,376.285175,376.301625,376.331675,376.34285,376.3603,376.370575,376.3975,376.425775,376.458325,376.630575,376.6913,377.4714,377.519225,377.535175,377.58155,377.60785,377.62025,377.6543,377.666275,377.689275,377.7153,377.726925,377.738325,377.751325,377.7803,377.798225,377.813825,377.83285,377.851975,377.864075,377.8806,377.90355,377.920125,377.9663,377.980275,377.990225,378.001775,378.0234,378.032575,378.048775,378.060525,378.0793,378.088525,378.11355,378.126175,378.144525,378.1721,378.189425,378.229575,378.276925,378.38775,378.553575,379.6784,379.730625,379.806425,379.83035,379.848925,379.883825,379.90715,379.92665,379.9536,379.969325,380.003625,380.02375,380.038825,380.061525,380.075425,380.09255,380.120125,380.13615,380.1477,380.166925,380.177975,380.19015,380.207975,380.222825,380.235325,380.24785,380.26175,380.2763,380.288175,380.30875,380.324875,380.34365,380.354675,380.36385,380.373975,380.4022,380.412525,380.42285,380.43675,380.453375,380.464125,380.4754,380.501175,380.515425,380.531275,380.55045,380.56735,380.57745,380.595375,380.6055,380.619625,380.63115,380.645925,380.6585,380.667975,380.680425,380.6969,380.706175,380.72255,380.737825,380.749725,380.762525,380.8173,380.8469,380.9285,0,0,0,0,0,0,0,0,0,0,0,0,0,0,0,0,0,0,0,0,0,0,0,0,0,0,0,0,0,0,0,0,0,0,0,0,0,0,0,0,0,0,0,0,0,0,0,0,0,0,0,0,0,0,0,0,0,0,0,0,0,0,0,0,0,0,0,0,0,0,0,0,0,0,0,0,0,0,0,0,0,0,0,0,0,0,0,0,0,0,0,0,0,0,0,0,0,0,0,0,0,0,0,0,0,0,0,0,0,0,0,0,0,0,0,0,0,0,0,0,0,0,0,0,0,0,0,0,0,0,0,0,0,0,0,0,0,0,0,0,0,0,0,0,0,0,0,0,0,0,0,0,0,0,0,0,0,0,0,0,0,0,0,0,0,0,0,0,0,0,0,0,0,0,0,0,0,0,0,0,0,0,0,0,0,0,0,0,0
"169",370.2685,370.356875,370.455775,376.375325,376.41525,376.8375,376.885575,376.931925,376.94795,376.973025,376.998125,377.014925,377.051475,377.08295,377.11585,377.147725,377.178425,379.0046,379.0992,379.2037,379.3275,0,0,0,0,0,0,0,0,0,0,0,0,0,0,0,0,0,0,0,0,0,0,0,0,0,0,0,0,0,0,0,0,0,0,0,0,0,0,0,0,0,0,0,0,0,0,0,0,0,0,0,0,0,0,0,0,0,0,0,0,0,0,0,0,0,0,0,0,0,0,0,0,0,0,0,0,0,0,0,0,0,0,0,0,0,0,0,0,0,0,0,0,0,0,0,0,0,0,0,0,0,0,0,0,0,0,0,0,0,0,0,0,0,0,0,0,0,0,0,0,0,0,0,0,0,0,0,0,0,0,0,0,0,0,0,0,0,0,0,0,0,0,0,0,0,0,0,0,0,0,0,0,0,0,0,0,0,0,0,0,0,0,0,0,0,0,0,0,0,0,0,0,0,0,0,0,0,0,0,0,0,0,0,0,0,0,0,0,0,0,0,0,0,0,0,0,0,0,0,0,0,0,0,0,0,0,0,0,0,0,0,0,0,0,0,0,0,0,0,0,0,0,0,0,0,0,0,0,0,0,0,0,0,0,0,0,0,0,0,0,0,0,0,0,0,0,0,0,0,0,0,0,0,0,0,0,0,0,0,0,0,0,0,0,0,0,0,0,0,0,0,0,0,0,0,0,0,0,0,0,0,0,0,0,0,0,0,0,0,0,0,0,0,0,0,0,0,0,0,0,0,0,0,0,0,0,0,0,0,0,0,0,0,0,0,0,0,0,0,0,0,0,0,0,0,0,0,0,0,0,0,0,0,0,0,0,0,0,0,0,0,0,0,0,0,0,0,0,0,0,0,0,0,0,0,0,0,0,0,0,0,0,0,0,0,0,0,0,0,0,0,0,0,0,0,0,0,0,0,0,0,0,0,0,0,0,0,0,0,0,0,0,0,0,0,0,0,0,0,0,0,0,0,0,0,0,0,0,0,0,0,0,0
"170",370.88415,370.977175,371.717325,371.745575,371.754,371.814125,371.8347,371.889525,372.0576,372.1519,372.998725,373.012375,373.062975,374.02365,374.235575,374.8478,375.103175,375.65865,375.683375,375.769925,375.84585,375.959975,376.26635,376.32535,376.41695,376.4742,376.590625,377.3864,377.4256,377.505075,377.600675,377.6116,377.645175,377.939925,378.1906,378.3635,378.45905,379.6208,379.6341,379.71465,379.747575,379.8229,379.8558,379.902375,379.95245,379.97845,380.0914,380.2247,380.420475,380.487275,380.95295,381.109725,382.826875,382.92255,383.043825,383.097125,383.22565,383.29875,383.37755,383.516525,385.06385,385.215175,385.331575,385.42,385.47545,385.640125,0,0,0,0,0,0,0,0,0,0,0,0,0,0,0,0,0,0,0,0,0,0,0,0,0,0,0,0,0,0,0,0,0,0,0,0,0,0,0,0,0,0,0,0,0,0,0,0,0,0,0,0,0,0,0,0,0,0,0,0,0,0,0,0,0,0,0,0,0,0,0,0,0,0,0,0,0,0,0,0,0,0,0,0,0,0,0,0,0,0,0,0,0,0,0,0,0,0,0,0,0,0,0,0,0,0,0,0,0,0,0,0,0,0,0,0,0,0,0,0,0,0,0,0,0,0,0,0,0,0,0,0,0,0,0,0,0,0,0,0,0,0,0,0,0,0,0,0,0,0,0,0,0,0,0,0,0,0,0,0,0,0,0,0,0,0,0,0,0,0,0,0,0,0,0,0,0,0,0,0,0,0,0,0,0,0,0,0,0,0,0,0,0,0,0,0,0,0,0,0,0,0,0,0,0,0,0,0,0,0,0,0,0,0,0,0,0,0,0,0,0,0,0,0,0,0,0,0,0,0,0,0,0,0,0,0,0,0,0,0,0,0,0,0,0,0,0,0,0,0,0,0,0,0,0,0,0,0,0,0,0,0,0,0,0,0,0,0,0,0,0,0,0,0,0,0,0,0,0,0,0,0,0,0,0,0,0,0,0,0,0,0,0,0,0,0,0,0,0,0,0,0,0,0,0,0,0,0,0,0,0,0,0,0,0,0,0,0,0,0,0,0,0,0,0,0,0,0,0,0,0,0,0,0,0,0,0,0,0,0,0,0,0,0,0,0,0,0,0,0,0,0,0,0,0,0,0,0,0,0,0,0,0,0,0,0,0,0
"171",372.037025,372.14965,373.068075,373.16445,373.236075,373.472575,374.6293,376.5692,377.4725,377.580375,377.7634,379.835675,380.19315,0,0,0,0,0,0,0,0,0,0,0,0,0,0,0,0,0,0,0,0,0,0,0,0,0,0,0,0,0,0,0,0,0,0,0,0,0,0,0,0,0,0,0,0,0,0,0,0,0,0,0,0,0,0,0,0,0,0,0,0,0,0,0,0,0,0,0,0,0,0,0,0,0,0,0,0,0,0,0,0,0,0,0,0,0,0,0,0,0,0,0,0,0,0,0,0,0,0,0,0,0,0,0,0,0,0,0,0,0,0,0,0,0,0,0,0,0,0,0,0,0,0,0,0,0,0,0,0,0,0,0,0,0,0,0,0,0,0,0,0,0,0,0,0,0,0,0,0,0,0,0,0,0,0,0,0,0,0,0,0,0,0,0,0,0,0,0,0,0,0,0,0,0,0,0,0,0,0,0,0,0,0,0,0,0,0,0,0,0,0,0,0,0,0,0,0,0,0,0,0,0,0,0,0,0,0,0,0,0,0,0,0,0,0,0,0,0,0,0,0,0,0,0,0,0,0,0,0,0,0,0,0,0,0,0,0,0,0,0,0,0,0,0,0,0,0,0,0,0,0,0,0,0,0,0,0,0,0,0,0,0,0,0,0,0,0,0,0,0,0,0,0,0,0,0,0,0,0,0,0,0,0,0,0,0,0,0,0,0,0,0,0,0,0,0,0,0,0,0,0,0,0,0,0,0,0,0,0,0,0,0,0,0,0,0,0,0,0,0,0,0,0,0,0,0,0,0,0,0,0,0,0,0,0,0,0,0,0,0,0,0,0,0,0,0,0,0,0,0,0,0,0,0,0,0,0,0,0,0,0,0,0,0,0,0,0,0,0,0,0,0,0,0,0,0,0,0,0,0,0,0,0,0,0,0,0,0,0,0,0,0,0,0,0,0,0,0,0,0,0,0,0,0,0,0,0,0,0,0,0,0,0,0,0,0,0,0,0,0,0,0
"172",376.801275,376.930225,377.001275,377.0811,382.025275,0,0,0,0,0,0,0,0,0,0,0,0,0,0,0,0,0,0,0,0,0,0,0,0,0,0,0,0,0,0,0,0,0,0,0,0,0,0,0,0,0,0,0,0,0,0,0,0,0,0,0,0,0,0,0,0,0,0,0,0,0,0,0,0,0,0,0,0,0,0,0,0,0,0,0,0,0,0,0,0,0,0,0,0,0,0,0,0,0,0,0,0,0,0,0,0,0,0,0,0,0,0,0,0,0,0,0,0,0,0,0,0,0,0,0,0,0,0,0,0,0,0,0,0,0,0,0,0,0,0,0,0,0,0,0,0,0,0,0,0,0,0,0,0,0,0,0,0,0,0,0,0,0,0,0,0,0,0,0,0,0,0,0,0,0,0,0,0,0,0,0,0,0,0,0,0,0,0,0,0,0,0,0,0,0,0,0,0,0,0,0,0,0,0,0,0,0,0,0,0,0,0,0,0,0,0,0,0,0,0,0,0,0,0,0,0,0,0,0,0,0,0,0,0,0,0,0,0,0,0,0,0,0,0,0,0,0,0,0,0,0,0,0,0,0,0,0,0,0,0,0,0,0,0,0,0,0,0,0,0,0,0,0,0,0,0,0,0,0,0,0,0,0,0,0,0,0,0,0,0,0,0,0,0,0,0,0,0,0,0,0,0,0,0,0,0,0,0,0,0,0,0,0,0,0,0,0,0,0,0,0,0,0,0,0,0,0,0,0,0,0,0,0,0,0,0,0,0,0,0,0,0,0,0,0,0,0,0,0,0,0,0,0,0,0,0,0,0,0,0,0,0,0,0,0,0,0,0,0,0,0,0,0,0,0,0,0,0,0,0,0,0,0,0,0,0,0,0,0,0,0,0,0,0,0,0,0,0,0,0,0,0,0,0,0,0,0,0,0,0,0,0,0,0,0,0,0,0,0,0,0,0,0,0,0,0,0,0,0,0,0,0,0,0,0,0,0,0,0
"173",371.0055,371.633025,371.68305,371.7189,371.7352,371.79015,371.80815,371.850925,371.921075,371.99085,372.061875,372.1144,372.174725,372.367975,372.3949,372.952925,372.9877,373.0014,373.027,373.183475,373.2136,373.2909,373.309325,373.351675,373.371175,373.57675,373.6729,373.831925,374.0043,374.393875,374.579725,374.6245,374.75515,374.93115,375.022375,375.630375,375.65285,375.67405,375.799175,375.98235,376.023925,376.26015,376.40375,376.518475,377.373175,377.399625,377.439975,377.46045,377.570775,377.664625,377.6816,377.929275,378.256675,378.427925,378.472675,378.59875,378.68995,379.656875,379.684625,379.719925,379.75335,379.79085,379.8454,379.946575,379.999875,383.121075,383.15805,383.390675,0,0,0,0,0,0,0,0,0,0,0,0,0,0,0,0,0,0,0,0,0,0,0,0,0,0,0,0,0,0,0,0,0,0,0,0,0,0,0,0,0,0,0,0,0,0,0,0,0,0,0,0,0,0,0,0,0,0,0,0,0,0,0,0,0,0,0,0,0,0,0,0,0,0,0,0,0,0,0,0,0,0,0,0,0,0,0,0,0,0,0,0,0,0,0,0,0,0,0,0,0,0,0,0,0,0,0,0,0,0,0,0,0,0,0,0,0,0,0,0,0,0,0,0,0,0,0,0,0,0,0,0,0,0,0,0,0,0,0,0,0,0,0,0,0,0,0,0,0,0,0,0,0,0,0,0,0,0,0,0,0,0,0,0,0,0,0,0,0,0,0,0,0,0,0,0,0,0,0,0,0,0,0,0,0,0,0,0,0,0,0,0,0,0,0,0,0,0,0,0,0,0,0,0,0,0,0,0,0,0,0,0,0,0,0,0,0,0,0,0,0,0,0,0,0,0,0,0,0,0,0,0,0,0,0,0,0,0,0,0,0,0,0,0,0,0,0,0,0,0,0,0,0,0,0,0,0,0,0,0,0,0,0,0,0,0,0,0,0,0,0,0,0,0,0,0,0,0,0,0,0,0,0,0,0,0,0,0,0,0,0,0,0,0,0,0,0,0,0,0,0,0,0,0,0,0,0,0,0,0,0,0,0,0,0,0,0,0,0,0,0,0,0,0,0,0,0,0,0,0,0,0,0,0,0,0,0,0,0,0,0,0,0,0,0,0,0,0,0,0,0,0,0,0,0,0,0,0,0,0,0,0,0,0,0,0
"174",370.184975,373.340825,373.447175,373.485125,373.58535,373.64115,373.682,374.21165,376.0951,376.4397,378.120225,378.139975,378.3668,379.0901,380.31195,380.360825,380.40855,380.49065,380.51475,380.701,380.7656,380.823275,380.91635,380.962175,381.03175,383.9999,0,0,0,0,0,0,0,0,0,0,0,0,0,0,0,0,0,0,0,0,0,0,0,0,0,0,0,0,0,0,0,0,0,0,0,0,0,0,0,0,0,0,0,0,0,0,0,0,0,0,0,0,0,0,0,0,0,0,0,0,0,0,0,0,0,0,0,0,0,0,0,0,0,0,0,0,0,0,0,0,0,0,0,0,0,0,0,0,0,0,0,0,0,0,0,0,0,0,0,0,0,0,0,0,0,0,0,0,0,0,0,0,0,0,0,0,0,0,0,0,0,0,0,0,0,0,0,0,0,0,0,0,0,0,0,0,0,0,0,0,0,0,0,0,0,0,0,0,0,0,0,0,0,0,0,0,0,0,0,0,0,0,0,0,0,0,0,0,0,0,0,0,0,0,0,0,0,0,0,0,0,0,0,0,0,0,0,0,0,0,0,0,0,0,0,0,0,0,0,0,0,0,0,0,0,0,0,0,0,0,0,0,0,0,0,0,0,0,0,0,0,0,0,0,0,0,0,0,0,0,0,0,0,0,0,0,0,0,0,0,0,0,0,0,0,0,0,0,0,0,0,0,0,0,0,0,0,0,0,0,0,0,0,0,0,0,0,0,0,0,0,0,0,0,0,0,0,0,0,0,0,0,0,0,0,0,0,0,0,0,0,0,0,0,0,0,0,0,0,0,0,0,0,0,0,0,0,0,0,0,0,0,0,0,0,0,0,0,0,0,0,0,0,0,0,0,0,0,0,0,0,0,0,0,0,0,0,0,0,0,0,0,0,0,0,0,0,0,0,0,0,0,0,0,0,0,0,0,0,0,0,0,0,0,0,0,0,0,0,0,0,0,0,0,0,0,0,0,0,0,0,0,0,0,0,0,0,0,0,0,0,0,0,0,0,0,0,0,0,0,0,0,0,0,0,0,0,0
"175",370.071275,370.12435,370.178125,370.19765,370.22795,370.258725,370.28,370.315075,370.343725,370.4666,370.486375,376.7945,376.84175,376.97485,377.009525,378.151825,378.993975,379.014825,379.130225,379.176775,379.232475,379.265425,380.235875,380.67805,381.4073,381.557325,381.601725,381.747475,381.916,381.9718,382.010475,382.125725,382.231725,383.98175,384.413275,0,0,0,0,0,0,0,0,0,0,0,0,0,0,0,0,0,0,0,0,0,0,0,0,0,0,0,0,0,0,0,0,0,0,0,0,0,0,0,0,0,0,0,0,0,0,0,0,0,0,0,0,0,0,0,0,0,0,0,0,0,0,0,0,0,0,0,0,0,0,0,0,0,0,0,0,0,0,0,0,0,0,0,0,0,0,0,0,0,0,0,0,0,0,0,0,0,0,0,0,0,0,0,0,0,0,0,0,0,0,0,0,0,0,0,0,0,0,0,0,0,0,0,0,0,0,0,0,0,0,0,0,0,0,0,0,0,0,0,0,0,0,0,0,0,0,0,0,0,0,0,0,0,0,0,0,0,0,0,0,0,0,0,0,0,0,0,0,0,0,0,0,0,0,0,0,0,0,0,0,0,0,0,0,0,0,0,0,0,0,0,0,0,0,0,0,0,0,0,0,0,0,0,0,0,0,0,0,0,0,0,0,0,0,0,0,0,0,0,0,0,0,0,0,0,0,0,0,0,0,0,0,0,0,0,0,0,0,0,0,0,0,0,0,0,0,0,0,0,0,0,0,0,0,0,0,0,0,0,0,0,0,0,0,0,0,0,0,0,0,0,0,0,0,0,0,0,0,0,0,0,0,0,0,0,0,0,0,0,0,0,0,0,0,0,0,0,0,0,0,0,0,0,0,0,0,0,0,0,0,0,0,0,0,0,0,0,0,0,0,0,0,0,0,0,0,0,0,0,0,0,0,0,0,0,0,0,0,0,0,0,0,0,0,0,0,0,0,0,0,0,0,0,0,0,0,0,0,0,0,0,0,0,0,0,0,0,0,0,0,0,0,0,0,0,0,0,0,0,0,0,0,0,0,0,0,0,0,0,0,0,0,0,0,0,0,0,0,0
"176",371.8571,371.9422,371.997025,372.0193,373.12915,373.22015,373.367325,373.4643,373.517175,373.754025,375.8887,376.034375,376.1169,377.4652,377.527675,377.873525,380.18335,380.3147,0,0,0,0,0,0,0,0,0,0,0,0,0,0,0,0,0,0,0,0,0,0,0,0,0,0,0,0,0,0,0,0,0,0,0,0,0,0,0,0,0,0,0,0,0,0,0,0,0,0,0,0,0,0,0,0,0,0,0,0,0,0,0,0,0,0,0,0,0,0,0,0,0,0,0,0,0,0,0,0,0,0,0,0,0,0,0,0,0,0,0,0,0,0,0,0,0,0,0,0,0,0,0,0,0,0,0,0,0,0,0,0,0,0,0,0,0,0,0,0,0,0,0,0,0,0,0,0,0,0,0,0,0,0,0,0,0,0,0,0,0,0,0,0,0,0,0,0,0,0,0,0,0,0,0,0,0,0,0,0,0,0,0,0,0,0,0,0,0,0,0,0,0,0,0,0,0,0,0,0,0,0,0,0,0,0,0,0,0,0,0,0,0,0,0,0,0,0,0,0,0,0,0,0,0,0,0,0,0,0,0,0,0,0,0,0,0,0,0,0,0,0,0,0,0,0,0,0,0,0,0,0,0,0,0,0,0,0,0,0,0,0,0,0,0,0,0,0,0,0,0,0,0,0,0,0,0,0,0,0,0,0,0,0,0,0,0,0,0,0,0,0,0,0,0,0,0,0,0,0,0,0,0,0,0,0,0,0,0,0,0,0,0,0,0,0,0,0,0,0,0,0,0,0,0,0,0,0,0,0,0,0,0,0,0,0,0,0,0,0,0,0,0,0,0,0,0,0,0,0,0,0,0,0,0,0,0,0,0,0,0,0,0,0,0,0,0,0,0,0,0,0,0,0,0,0,0,0,0,0,0,0,0,0,0,0,0,0,0,0,0,0,0,0,0,0,0,0,0,0,0,0,0,0,0,0,0,0,0,0,0,0,0,0,0,0,0,0,0,0,0,0,0,0,0,0,0,0,0,0,0,0,0,0,0,0
"177",372.00685,372.0087,372.069175,372.08405,372.1183,372.2303,372.260075,372.3279,372.364925,372.426775,372.475025,373.281025,373.387275,373.43145,373.5374,373.59555,373.683775,373.696975,373.75165,373.806675,373.828325,373.89585,373.978375,374.00805,374.07345,374.085425,374.123425,374.187775,374.257,374.75745,374.825525,374.8753,374.895775,374.981175,375.814725,375.883425,375.90365,375.93455,375.96785,375.97735,376.039625,376.0926,376.14135,376.162975,376.186525,376.229275,376.24935,376.284075,376.33595,376.409025,376.708675,377.70035,377.79735,377.82555,377.868875,377.892925,377.95155,378.01975,378.1291,378.33975,378.44525,380.268475,380.338225,380.38625,380.45925,380.51055,380.602775,380.6476,380.688175,380.73115,0,0,0,0,0,0,0,0,0,0,0,0,0,0,0,0,0,0,0,0,0,0,0,0,0,0,0,0,0,0,0,0,0,0,0,0,0,0,0,0,0,0,0,0,0,0,0,0,0,0,0,0,0,0,0,0,0,0,0,0,0,0,0,0,0,0,0,0,0,0,0,0,0,0,0,0,0,0,0,0,0,0,0,0,0,0,0,0,0,0,0,0,0,0,0,0,0,0,0,0,0,0,0,0,0,0,0,0,0,0,0,0,0,0,0,0,0,0,0,0,0,0,0,0,0,0,0,0,0,0,0,0,0,0,0,0,0,0,0,0,0,0,0,0,0,0,0,0,0,0,0,0,0,0,0,0,0,0,0,0,0,0,0,0,0,0,0,0,0,0,0,0,0,0,0,0,0,0,0,0,0,0,0,0,0,0,0,0,0,0,0,0,0,0,0,0,0,0,0,0,0,0,0,0,0,0,0,0,0,0,0,0,0,0,0,0,0,0,0,0,0,0,0,0,0,0,0,0,0,0,0,0,0,0,0,0,0,0,0,0,0,0,0,0,0,0,0,0,0,0,0,0,0,0,0,0,0,0,0,0,0,0,0,0,0,0,0,0,0,0,0,0,0,0,0,0,0,0,0,0,0,0,0,0,0,0,0,0,0,0,0,0,0,0,0,0,0,0,0,0,0,0,0,0,0,0,0,0,0,0,0,0,0,0,0,0,0,0,0,0,0,0,0,0,0,0,0,0,0,0,0,0,0,0,0,0,0,0,0,0,0,0,0,0,0,0,0,0,0,0,0,0,0,0,0,0,0,0,0,0,0,0,0,0
"178",372.04525,372.103725,372.136475,372.16245,372.19545,372.290225,372.313475,372.3699,372.421525,373.259925,373.45495,373.483575,373.533025,373.565525,373.601475,373.67575,373.6893,373.726375,373.798275,373.8179,373.82995,373.84125,373.8557,373.8903,373.90145,373.915775,373.9685,373.990925,374.003,374.0551,374.089425,374.1156,374.16955,374.221875,374.824575,375.00225,375.918025,375.9356,376.023925,376.081,376.12315,376.1503,376.179875,376.20995,376.230575,376.264025,376.280825,376.308,376.343525,376.3791,376.399525,376.457125,376.4862,376.5071,376.536875,376.57225,376.60175,376.688525,377.50605,377.65255,377.698175,377.7575,377.8094,377.825175,377.8532,377.877725,377.93305,377.953975,377.9738,377.99075,378.014025,378.0296,378.056075,378.0783,378.105525,378.12415,378.1484,378.16465,378.18955,378.21945,378.29155,378.334875,378.380275,378.438975,378.5063,380.02985,380.165,380.215425,380.26975,380.307525,380.35795,380.38525,380.417525,380.4458,380.475175,380.511,380.579075,380.605875,380.660725,380.712825,380.740375,380.789625,380.843975,380.9494,0,0,0,0,0,0,0,0,0,0,0,0,0,0,0,0,0,0,0,0,0,0,0,0,0,0,0,0,0,0,0,0,0,0,0,0,0,0,0,0,0,0,0,0,0,0,0,0,0,0,0,0,0,0,0,0,0,0,0,0,0,0,0,0,0,0,0,0,0,0,0,0,0,0,0,0,0,0,0,0,0,0,0,0,0,0,0,0,0,0,0,0,0,0,0,0,0,0,0,0,0,0,0,0,0,0,0,0,0,0,0,0,0,0,0,0,0,0,0,0,0,0,0,0,0,0,0,0,0,0,0,0,0,0,0,0,0,0,0,0,0,0,0,0,0,0,0,0,0,0,0,0,0,0,0,0,0,0,0,0,0,0,0,0,0,0,0,0,0,0,0,0,0,0,0,0,0,0,0,0,0,0,0,0,0,0,0,0,0,0,0,0,0,0,0,0,0,0,0,0,0,0,0,0,0,0,0,0,0,0,0,0,0,0,0,0,0,0,0,0,0,0,0,0,0,0,0,0,0,0,0,0,0,0,0,0,0,0,0,0,0,0,0,0,0,0,0,0,0,0,0,0,0,0,0,0,0,0,0,0,0,0,0,0,0,0,0,0,0,0,0,0,0,0,0,0,0,0,0,0,0,0,0,0,0,0,0,0,0,0,0,0,0,0,0,0,0,0,0,0,0,0,0,0,0,0,0,0,0,0,0,0,0,0,0,0,0,0,0,0,0,0,0,0,0,0,0,0,0,0
"179",371.97365,371.994175,372.035475,372.11845,372.24655,372.276075,373.231375,373.374125,373.433575,373.51755,373.55205,373.641675,373.6649,373.70395,373.780475,373.94475,374.715275,374.83975,374.876225,374.9312,375.9812,375.9936,376.0602,376.329775,377.441075,377.9083,378.24105,379.7565,379.811,380.5479,380.63545,0,0,0,0,0,0,0,0,0,0,0,0,0,0,0,0,0,0,0,0,0,0,0,0,0,0,0,0,0,0,0,0,0,0,0,0,0,0,0,0,0,0,0,0,0,0,0,0,0,0,0,0,0,0,0,0,0,0,0,0,0,0,0,0,0,0,0,0,0,0,0,0,0,0,0,0,0,0,0,0,0,0,0,0,0,0,0,0,0,0,0,0,0,0,0,0,0,0,0,0,0,0,0,0,0,0,0,0,0,0,0,0,0,0,0,0,0,0,0,0,0,0,0,0,0,0,0,0,0,0,0,0,0,0,0,0,0,0,0,0,0,0,0,0,0,0,0,0,0,0,0,0,0,0,0,0,0,0,0,0,0,0,0,0,0,0,0,0,0,0,0,0,0,0,0,0,0,0,0,0,0,0,0,0,0,0,0,0,0,0,0,0,0,0,0,0,0,0,0,0,0,0,0,0,0,0,0,0,0,0,0,0,0,0,0,0,0,0,0,0,0,0,0,0,0,0,0,0,0,0,0,0,0,0,0,0,0,0,0,0,0,0,0,0,0,0,0,0,0,0,0,0,0,0,0,0,0,0,0,0,0,0,0,0,0,0,0,0,0,0,0,0,0,0,0,0,0,0,0,0,0,0,0,0,0,0,0,0,0,0,0,0,0,0,0,0,0,0,0,0,0,0,0,0,0,0,0,0,0,0,0,0,0,0,0,0,0,0,0,0,0,0,0,0,0,0,0,0,0,0,0,0,0,0,0,0,0,0,0,0,0,0,0,0,0,0,0,0,0,0,0,0,0,0,0,0,0,0,0,0,0,0,0,0,0,0,0,0,0,0,0,0,0,0,0,0,0,0,0,0,0,0,0,0,0,0,0,0,0,0,0,0,0,0,0,0,0,0,0,0,0,0,0
"180",370.088975,370.124875,370.167325,370.205775,370.32705,370.351375,370.388525,370.465425,370.76645,376.824975,376.935125,379.01785,379.30275,381.804075,382.069425,382.2218,383.832,383.962825,384.63715,0,0,0,0,0,0,0,0,0,0,0,0,0,0,0,0,0,0,0,0,0,0,0,0,0,0,0,0,0,0,0,0,0,0,0,0,0,0,0,0,0,0,0,0,0,0,0,0,0,0,0,0,0,0,0,0,0,0,0,0,0,0,0,0,0,0,0,0,0,0,0,0,0,0,0,0,0,0,0,0,0,0,0,0,0,0,0,0,0,0,0,0,0,0,0,0,0,0,0,0,0,0,0,0,0,0,0,0,0,0,0,0,0,0,0,0,0,0,0,0,0,0,0,0,0,0,0,0,0,0,0,0,0,0,0,0,0,0,0,0,0,0,0,0,0,0,0,0,0,0,0,0,0,0,0,0,0,0,0,0,0,0,0,0,0,0,0,0,0,0,0,0,0,0,0,0,0,0,0,0,0,0,0,0,0,0,0,0,0,0,0,0,0,0,0,0,0,0,0,0,0,0,0,0,0,0,0,0,0,0,0,0,0,0,0,0,0,0,0,0,0,0,0,0,0,0,0,0,0,0,0,0,0,0,0,0,0,0,0,0,0,0,0,0,0,0,0,0,0,0,0,0,0,0,0,0,0,0,0,0,0,0,0,0,0,0,0,0,0,0,0,0,0,0,0,0,0,0,0,0,0,0,0,0,0,0,0,0,0,0,0,0,0,0,0,0,0,0,0,0,0,0,0,0,0,0,0,0,0,0,0,0,0,0,0,0,0,0,0,0,0,0,0,0,0,0,0,0,0,0,0,0,0,0,0,0,0,0,0,0,0,0,0,0,0,0,0,0,0,0,0,0,0,0,0,0,0,0,0,0,0,0,0,0,0,0,0,0,0,0,0,0,0,0,0,0,0,0,0,0,0,0,0,0,0,0,0,0,0,0,0,0,0,0,0,0,0,0,0,0,0,0,0,0,0,0,0,0,0,0,0,0,0,0,0
"181",371.75765,371.8591,371.9374,372.01275,372.077675,372.1762,372.2179,372.230375,372.445425,372.46345,373.04115,373.072175,373.11685,373.341075,373.62165,374.77555,374.945475,375.732325,375.8167,375.8475,377.464425,377.584425,377.62455,379.951825,380.070725,380.123675,0,0,0,0,0,0,0,0,0,0,0,0,0,0,0,0,0,0,0,0,0,0,0,0,0,0,0,0,0,0,0,0,0,0,0,0,0,0,0,0,0,0,0,0,0,0,0,0,0,0,0,0,0,0,0,0,0,0,0,0,0,0,0,0,0,0,0,0,0,0,0,0,0,0,0,0,0,0,0,0,0,0,0,0,0,0,0,0,0,0,0,0,0,0,0,0,0,0,0,0,0,0,0,0,0,0,0,0,0,0,0,0,0,0,0,0,0,0,0,0,0,0,0,0,0,0,0,0,0,0,0,0,0,0,0,0,0,0,0,0,0,0,0,0,0,0,0,0,0,0,0,0,0,0,0,0,0,0,0,0,0,0,0,0,0,0,0,0,0,0,0,0,0,0,0,0,0,0,0,0,0,0,0,0,0,0,0,0,0,0,0,0,0,0,0,0,0,0,0,0,0,0,0,0,0,0,0,0,0,0,0,0,0,0,0,0,0,0,0,0,0,0,0,0,0,0,0,0,0,0,0,0,0,0,0,0,0,0,0,0,0,0,0,0,0,0,0,0,0,0,0,0,0,0,0,0,0,0,0,0,0,0,0,0,0,0,0,0,0,0,0,0,0,0,0,0,0,0,0,0,0,0,0,0,0,0,0,0,0,0,0,0,0,0,0,0,0,0,0,0,0,0,0,0,0,0,0,0,0,0,0,0,0,0,0,0,0,0,0,0,0,0,0,0,0,0,0,0,0,0,0,0,0,0,0,0,0,0,0,0,0,0,0,0,0,0,0,0,0,0,0,0,0,0,0,0,0,0,0,0,0,0,0,0,0,0,0,0,0,0,0,0,0,0,0,0,0,0,0,0,0,0,0,0,0,0,0,0,0,0,0,0,0,0,0,0,0,0,0,0,0,0,0,0,0,0,0,0
"182",370.795875,370.872975,370.888425,370.9678,371.006725,371.021475,371.072725,371.641425,371.686075,371.714125,371.733025,371.7934,371.871225,371.898125,371.941475,372.25065,372.30945,372.940975,372.951975,373.019975,373.31135,374.4767,375.5992,375.658925,375.753625,376.106325,376.220325,376.613875,376.686725,377.355325,377.37225,377.450925,378.6212,379.596675,379.710125,380.04845,382.8705,383.0739,383.14435,383.295475,383.4411,385.0191,385.1634,385.2335,385.3068,385.949725,0,0,0,0,0,0,0,0,0,0,0,0,0,0,0,0,0,0,0,0,0,0,0,0,0,0,0,0,0,0,0,0,0,0,0,0,0,0,0,0,0,0,0,0,0,0,0,0,0,0,0,0,0,0,0,0,0,0,0,0,0,0,0,0,0,0,0,0,0,0,0,0,0,0,0,0,0,0,0,0,0,0,0,0,0,0,0,0,0,0,0,0,0,0,0,0,0,0,0,0,0,0,0,0,0,0,0,0,0,0,0,0,0,0,0,0,0,0,0,0,0,0,0,0,0,0,0,0,0,0,0,0,0,0,0,0,0,0,0,0,0,0,0,0,0,0,0,0,0,0,0,0,0,0,0,0,0,0,0,0,0,0,0,0,0,0,0,0,0,0,0,0,0,0,0,0,0,0,0,0,0,0,0,0,0,0,0,0,0,0,0,0,0,0,0,0,0,0,0,0,0,0,0,0,0,0,0,0,0,0,0,0,0,0,0,0,0,0,0,0,0,0,0,0,0,0,0,0,0,0,0,0,0,0,0,0,0,0,0,0,0,0,0,0,0,0,0,0,0,0,0,0,0,0,0,0,0,0,0,0,0,0,0,0,0,0,0,0,0,0,0,0,0,0,0,0,0,0,0,0,0,0,0,0,0,0,0,0,0,0,0,0,0,0,0,0,0,0,0,0,0,0,0,0,0,0,0,0,0,0,0,0,0,0,0,0,0,0,0,0,0,0,0,0,0,0,0,0,0,0,0,0,0,0,0,0,0,0,0,0,0,0,0,0,0,0,0,0,0,0,0,0,0,0,0,0,0,0,0,0,0,0,0,0,0,0,0,0,0,0,0,0,0,0,0,0,0,0,0,0,0,0,0,0,0,0,0,0
"183",371.725475,371.813375,371.841875,371.874525,371.902775,371.98435,372.040575,372.063175,372.272025,372.3495,372.476925,373.00335,373.00955,373.0946,373.152475,373.16785,373.2176,373.29885,373.303375,373.502875,375.008625,375.7392,375.871725,376.2887,377.483625,377.65675,377.720875,377.76705,377.894875,379.92465,380.013675,380.083575,380.159425,380.302175,0,0,0,0,0,0,0,0,0,0,0,0,0,0,0,0,0,0,0,0,0,0,0,0,0,0,0,0,0,0,0,0,0,0,0,0,0,0,0,0,0,0,0,0,0,0,0,0,0,0,0,0,0,0,0,0,0,0,0,0,0,0,0,0,0,0,0,0,0,0,0,0,0,0,0,0,0,0,0,0,0,0,0,0,0,0,0,0,0,0,0,0,0,0,0,0,0,0,0,0,0,0,0,0,0,0,0,0,0,0,0,0,0,0,0,0,0,0,0,0,0,0,0,0,0,0,0,0,0,0,0,0,0,0,0,0,0,0,0,0,0,0,0,0,0,0,0,0,0,0,0,0,0,0,0,0,0,0,0,0,0,0,0,0,0,0,0,0,0,0,0,0,0,0,0,0,0,0,0,0,0,0,0,0,0,0,0,0,0,0,0,0,0,0,0,0,0,0,0,0,0,0,0,0,0,0,0,0,0,0,0,0,0,0,0,0,0,0,0,0,0,0,0,0,0,0,0,0,0,0,0,0,0,0,0,0,0,0,0,0,0,0,0,0,0,0,0,0,0,0,0,0,0,0,0,0,0,0,0,0,0,0,0,0,0,0,0,0,0,0,0,0,0,0,0,0,0,0,0,0,0,0,0,0,0,0,0,0,0,0,0,0,0,0,0,0,0,0,0,0,0,0,0,0,0,0,0,0,0,0,0,0,0,0,0,0,0,0,0,0,0,0,0,0,0,0,0,0,0,0,0,0,0,0,0,0,0,0,0,0,0,0,0,0,0,0,0,0,0,0,0,0,0,0,0,0,0,0,0,0,0,0,0,0,0,0,0,0,0,0,0,0,0,0,0,0,0,0,0,0,0,0,0,0,0,0,0,0,0,0,0,0,0,0,0,0,0,0,0,0
"184",369.954725,370.86425,370.96505,370.989325,371.039825,371.06615,371.101675,371.138125,371.173775,371.205925,371.303,371.436675,371.4887,371.528475,371.54615,371.595075,371.6335,371.658475,371.696175,371.7127,371.7405,371.7505,371.7665,371.7964,371.83625,371.852775,371.86435,371.91045,371.929475,371.951775,372.00675,372.0535,372.270375,372.32555,372.376225,372.3977,372.4479,372.4607,372.5114,372.53545,372.5808,372.66355,372.7032,372.762975,372.848375,372.9279,372.963625,373.01285,373.032925,373.096825,373.150725,373.206825,373.22055,373.2966,373.3077,373.325,373.367975,373.4152,373.470875,373.50495,373.567975,373.5808,373.9168,374.016175,374.18415,374.20155,374.3727,374.7449,374.9623,375.000775,375.161325,375.575625,375.64535,375.67665,375.70535,375.750025,375.762225,375.8259,375.834625,375.845525,375.862825,375.894875,375.904625,375.9155,375.9237,375.933975,375.9599,375.971425,375.9919,376.0145,376.037425,376.079175,376.647,377.5089,377.557425,377.587325,377.60445,377.61545,377.629125,377.6749,377.693575,377.7267,377.761825,377.8026,377.9051,377.959,378.5899,378.699275,378.774075,379.707275,379.829925,379.87155,379.89775,379.912025,379.97865,380.0782,380.251,380.341225,383.054925,383.1508,383.240375,383.28435,383.397225,383.431025,383.5106,383.592075,383.643375,383.677625,383.7754,383.854025,383.955125,385.2739,385.3603,385.3887,385.4505,385.4815,385.53985,385.585825,385.63835,385.70245,385.76715,0,0,0,0,0,0,0,0,0,0,0,0,0,0,0,0,0,0,0,0,0,0,0,0,0,0,0,0,0,0,0,0,0,0,0,0,0,0,0,0,0,0,0,0,0,0,0,0,0,0,0,0,0,0,0,0,0,0,0,0,0,0,0,0,0,0,0,0,0,0,0,0,0,0,0,0,0,0,0,0,0,0,0,0,0,0,0,0,0,0,0,0,0,0,0,0,0,0,0,0,0,0,0,0,0,0,0,0,0,0,0,0,0,0,0,0,0,0,0,0,0,0,0,0,0,0,0,0,0,0,0,0,0,0,0,0,0,0,0,0,0,0,0,0,0,0,0,0,0,0,0,0,0,0,0,0,0,0,0,0,0,0,0,0,0,0,0,0,0,0,0,0,0,0,0,0,0,0,0,0,0,0,0,0,0,0,0,0,0,0,0,0,0,0,0,0,0,0,0,0,0,0,0,0,0,0,0,0,0,0,0,0,0,0,0,0,0,0,0,0,0,0,0,0,0,0,0,0,0,0,0,0,0,0,0,0,0,0,0,0,0,0,0,0,0,0,0,0,0,0,0,0,0,0,0,0,0,0,0,0,0,0,0,0,0,0,0,0,0,0,0,0,0,0,0,0,0,0,0,0,0,0,0,0,0,0,0,0,0,0,0,0,0
"185",372.1267,373.491875,373.527575,373.548625,373.573075,373.597675,373.61735,373.64375,373.6718,373.696825,373.715175,373.746625,373.811825,373.835575,373.875525,373.972625,374.024375,375.878325,375.925125,375.964325,375.983175,376.006575,376.028225,376.048025,376.075825,376.10815,376.19535,0,0,0,0,0,0,0,0,0,0,0,0,0,0,0,0,0,0,0,0,0,0,0,0,0,0,0,0,0,0,0,0,0,0,0,0,0,0,0,0,0,0,0,0,0,0,0,0,0,0,0,0,0,0,0,0,0,0,0,0,0,0,0,0,0,0,0,0,0,0,0,0,0,0,0,0,0,0,0,0,0,0,0,0,0,0,0,0,0,0,0,0,0,0,0,0,0,0,0,0,0,0,0,0,0,0,0,0,0,0,0,0,0,0,0,0,0,0,0,0,0,0,0,0,0,0,0,0,0,0,0,0,0,0,0,0,0,0,0,0,0,0,0,0,0,0,0,0,0,0,0,0,0,0,0,0,0,0,0,0,0,0,0,0,0,0,0,0,0,0,0,0,0,0,0,0,0,0,0,0,0,0,0,0,0,0,0,0,0,0,0,0,0,0,0,0,0,0,0,0,0,0,0,0,0,0,0,0,0,0,0,0,0,0,0,0,0,0,0,0,0,0,0,0,0,0,0,0,0,0,0,0,0,0,0,0,0,0,0,0,0,0,0,0,0,0,0,0,0,0,0,0,0,0,0,0,0,0,0,0,0,0,0,0,0,0,0,0,0,0,0,0,0,0,0,0,0,0,0,0,0,0,0,0,0,0,0,0,0,0,0,0,0,0,0,0,0,0,0,0,0,0,0,0,0,0,0,0,0,0,0,0,0,0,0,0,0,0,0,0,0,0,0,0,0,0,0,0,0,0,0,0,0,0,0,0,0,0,0,0,0,0,0,0,0,0,0,0,0,0,0,0,0,0,0,0,0,0,0,0,0,0,0,0,0,0,0,0,0,0,0,0,0,0,0,0,0,0,0,0,0,0,0,0,0,0,0,0,0,0,0,0,0,0,0,0,0,0,0,0,0,0,0,0,0,0,0
"186",371.8936,371.971075,372.01685,372.09805,372.16855,372.32055,373.512775,376.053425,0,0,0,0,0,0,0,0,0,0,0,0,0,0,0,0,0,0,0,0,0,0,0,0,0,0,0,0,0,0,0,0,0,0,0,0,0,0,0,0,0,0,0,0,0,0,0,0,0,0,0,0,0,0,0,0,0,0,0,0,0,0,0,0,0,0,0,0,0,0,0,0,0,0,0,0,0,0,0,0,0,0,0,0,0,0,0,0,0,0,0,0,0,0,0,0,0,0,0,0,0,0,0,0,0,0,0,0,0,0,0,0,0,0,0,0,0,0,0,0,0,0,0,0,0,0,0,0,0,0,0,0,0,0,0,0,0,0,0,0,0,0,0,0,0,0,0,0,0,0,0,0,0,0,0,0,0,0,0,0,0,0,0,0,0,0,0,0,0,0,0,0,0,0,0,0,0,0,0,0,0,0,0,0,0,0,0,0,0,0,0,0,0,0,0,0,0,0,0,0,0,0,0,0,0,0,0,0,0,0,0,0,0,0,0,0,0,0,0,0,0,0,0,0,0,0,0,0,0,0,0,0,0,0,0,0,0,0,0,0,0,0,0,0,0,0,0,0,0,0,0,0,0,0,0,0,0,0,0,0,0,0,0,0,0,0,0,0,0,0,0,0,0,0,0,0,0,0,0,0,0,0,0,0,0,0,0,0,0,0,0,0,0,0,0,0,0,0,0,0,0,0,0,0,0,0,0,0,0,0,0,0,0,0,0,0,0,0,0,0,0,0,0,0,0,0,0,0,0,0,0,0,0,0,0,0,0,0,0,0,0,0,0,0,0,0,0,0,0,0,0,0,0,0,0,0,0,0,0,0,0,0,0,0,0,0,0,0,0,0,0,0,0,0,0,0,0,0,0,0,0,0,0,0,0,0,0,0,0,0,0,0,0,0,0,0,0,0,0,0,0,0,0,0,0,0,0,0,0,0,0,0,0,0,0,0,0,0,0,0,0,0,0,0,0,0
"187",370.59995,370.728975,370.738325,370.747525,370.7767,370.7981,370.81865,370.882425,370.894075,370.930825,370.9772,371.037675,371.1041,371.11985,371.451825,371.485675,371.536975,371.54705,371.558825,371.580825,371.6167,371.63785,371.649525,371.677925,371.69515,371.697,371.7066,371.7714,371.797175,371.82335,371.8299,371.833225,371.835675,371.8516,371.854825,371.856975,371.863725,371.89285,371.8971,371.93275,371.985025,372.009175,372.024525,372.03305,372.05775,372.085675,372.11455,372.128225,372.1519,372.188675,372.264975,372.26625,372.274975,372.32465,372.346125,372.36605,372.368725,372.3815,372.39905,372.40635,372.4115,372.434075,372.452075,372.4674,372.475325,372.480575,372.506975,372.530375,372.57355,372.70905,372.767175,372.795575,372.818675,372.83535,372.860375,372.88255,372.898225,372.926675,372.949925,372.9587,372.9666,372.97645,373.016325,373.0176,373.0341,373.03555,373.0534,373.06055,373.083,373.09555,373.10165,373.113975,373.123575,373.133125,373.1629,373.187575,373.197325,373.218775,373.2219,373.2371,373.239925,373.242625,373.2857,373.301,373.35285,373.408625,373.418925,373.424375,373.4396,373.4663,373.5079,373.540325,373.6259,373.64665,373.66385,373.679575,373.698525,373.76205,373.7791,373.8002,373.802425,373.867725,373.88605,373.8998,373.923325,373.9318,373.973925,373.980025,374.0276,374.071175,374.073575,374.098475,374.16345,374.2041,374.23555,374.491375,374.513075,374.5399,374.6029,374.6347,374.643475,374.69435,374.72975,374.74605,374.777775,374.79325,374.802175,374.8091,374.815125,374.843875,374.86035,374.8849,374.912525,374.92325,374.952775,375.0207,375.038775,375.05005,375.05155,375.10965,375.4572,375.486,375.511475,375.52575,375.57155,375.585875,375.615775,375.626625,375.629025,375.6459,375.655775,375.673475,375.6776,375.6979,375.757575,375.75945,375.78955,375.8841,375.8892,375.9123,375.920375,375.95095,375.9678,375.978,376.020225,376.113775,376.1427,376.15235,376.19885,376.21725,376.22925,376.2493,376.26025,376.2983,376.319975,376.355575,376.361825,376.387125,376.3889,376.43745,376.490225,376.54905,376.5542,376.589675,377.17045,377.362575,377.40645,377.41015,377.43655,377.443475,377.447975,377.49025,377.512775,377.542275,377.5605,377.56275,377.58205,377.59535,377.6028,377.611675,377.62615,377.63595,377.6438,377.64775,377.67065,377.68465,377.709625,377.719375,377.73045,377.7488,377.76325,377.78225,377.79345,377.814925,377.8236,377.840625,377.850325,377.922725,377.92905,377.942475,377.97065,377.9794,377.98685,377.9989,378.022975,378.0665,378.0708,378.094525,378.17365,378.181325,378.19855,378.201725,378.275925,378.320775,378.3285,378.360775,378.415375,378.461325,378.497025,378.56205,378.596025,378.5988,379.623175,379.680025,379.6963,379.7185,379.796,379.801425,379.832775,379.84075,379.856975,379.867325,379.9008,379.9042,379.94365,379.979825,379.9823,380.026225,380.039025,380.066225,380.101875,380.109475,380.144375,380.158575,380.18075,380.24925,380.280425,380.297125,380.332425,380.380775,380.392325,380.427525,380.4499,380.466575,380.490525,380.512425,380.543375,380.545025,380.689025,380.737125,380.74395,380.83355,380.894775,382.85525,383.381875,386.539925,0,0,0,0,0,0,0,0,0,0,0,0,0,0,0,0,0,0,0,0,0,0,0,0,0,0,0,0,0,0,0,0,0,0,0,0,0,0,0,0,0,0,0,0,0,0,0,0,0,0,0,0,0,0,0,0,0,0,0,0,0,0,0,0,0,0,0,0,0,0,0,0,0,0,0,0,0,0,0,0,0,0,0,0,0,0,0,0,0,0,0,0,0,0,0,0,0,0,0,0,0,0,0,0,0,0,0,0,0,0,0,0,0,0,0,0,0,0,0,0,0,0,0,0,0,0,0,0
"188",369.582675,369.756725,369.86985,369.931475,369.988275,370.01905,370.0489,370.085175,370.0982,370.120875,370.13825,370.17085,370.1815,370.200925,370.22735,370.241225,370.260575,370.3052,370.3515,370.37025,370.398925,370.42215,370.449075,370.476925,370.497725,370.52495,370.566375,370.60025,370.6624,370.7391,370.807925,371.191975,371.272,371.33265,371.490475,371.9066,372.26455,372.33085,372.368625,372.42595,372.5032,372.59065,372.6434,372.7127,372.74265,372.79005,374.3191,374.39465,374.4791,375.25395,375.2926,375.308525,375.33485,375.36915,375.408375,375.43085,375.478875,375.565125,376.197675,376.27015,376.443475,376.4762,376.519125,376.5498,376.629575,376.662375,376.699325,376.717375,376.731025,376.76575,376.790675,376.8321,376.848825,376.851025,376.863025,376.9242,376.96595,377.01295,377.027475,377.04285,377.099825,377.164875,377.193725,377.253325,377.292925,377.33075,378.293625,378.444725,378.59965,378.898925,378.9655,379.0191,379.0492,379.071375,379.101725,379.15635,379.17225,379.194225,379.223875,379.254625,379.283,379.306025,379.346425,379.386625,379.430525,379.599175,380.179275,380.8158,381.01965,381.148725,381.22655,381.26705,381.301725,381.334325,381.375775,381.419475,381.445225,381.482975,381.52275,381.5679,381.62045,381.73905,381.7727,381.812175,381.83155,381.88655,381.893,381.928525,381.9524,381.97545,381.991775,382.026625,382.054825,382.083875,382.107875,382.139225,382.158775,382.204525,382.23995,382.273075,382.31505,382.3954,382.445825,382.70605,382.792775,383.18675,383.26695,383.4523,383.5221,383.587475,383.669925,383.718425,383.77955,383.82335,383.8783,383.957275,384.148725,384.201075,384.2871,384.372275,384.4292,384.52315,384.655125,385.4208,385.582625,385.841175,386.80045,0,0,0,0,0,0,0,0,0,0,0,0,0,0,0,0,0,0,0,0,0,0,0,0,0,0,0,0,0,0,0,0,0,0,0,0,0,0,0,0,0,0,0,0,0,0,0,0,0,0,0,0,0,0,0,0,0,0,0,0,0,0,0,0,0,0,0,0,0,0,0,0,0,0,0,0,0,0,0,0,0,0,0,0,0,0,0,0,0,0,0,0,0,0,0,0,0,0,0,0,0,0,0,0,0,0,0,0,0,0,0,0,0,0,0,0,0,0,0,0,0,0,0,0,0,0,0,0,0,0,0,0,0,0,0,0,0,0,0,0,0,0,0,0,0,0,0,0,0,0,0,0,0,0,0,0,0,0,0,0,0,0,0,0,0,0,0,0,0,0,0,0,0,0,0,0,0,0,0,0,0,0,0,0,0,0,0,0,0,0,0,0,0,0,0,0,0,0,0,0,0,0,0,0,0,0,0,0,0,0,0,0,0,0,0,0,0,0,0,0,0,0,0,0,0,0,0,0,0,0,0,0,0,0,0,0,0,0,0,0,0,0,0,0,0,0,0,0,0,0,0,0,0,0,0,0,0,0,0,0,0,0,0,0,0,0,0
"189",370.335975,371.7109,371.744775,371.807175,371.9367,371.949175,371.969225,372.019375,372.049025,372.067075,372.11855,372.1325,372.23065,372.232,372.350725,372.377275,372.423825,372.499425,373.0473,373.2046,373.2576,373.33265,373.379875,373.544,373.61915,373.8029,373.941575,374.133175,374.7441,374.770825,374.827,375.073575,375.721925,375.790625,375.8184,375.83515,375.8655,375.88315,375.90605,376.5358,377.5318,377.595125,377.650325,377.69885,377.857275,377.96095,380.04845,380.15845,0,0,0,0,0,0,0,0,0,0,0,0,0,0,0,0,0,0,0,0,0,0,0,0,0,0,0,0,0,0,0,0,0,0,0,0,0,0,0,0,0,0,0,0,0,0,0,0,0,0,0,0,0,0,0,0,0,0,0,0,0,0,0,0,0,0,0,0,0,0,0,0,0,0,0,0,0,0,0,0,0,0,0,0,0,0,0,0,0,0,0,0,0,0,0,0,0,0,0,0,0,0,0,0,0,0,0,0,0,0,0,0,0,0,0,0,0,0,0,0,0,0,0,0,0,0,0,0,0,0,0,0,0,0,0,0,0,0,0,0,0,0,0,0,0,0,0,0,0,0,0,0,0,0,0,0,0,0,0,0,0,0,0,0,0,0,0,0,0,0,0,0,0,0,0,0,0,0,0,0,0,0,0,0,0,0,0,0,0,0,0,0,0,0,0,0,0,0,0,0,0,0,0,0,0,0,0,0,0,0,0,0,0,0,0,0,0,0,0,0,0,0,0,0,0,0,0,0,0,0,0,0,0,0,0,0,0,0,0,0,0,0,0,0,0,0,0,0,0,0,0,0,0,0,0,0,0,0,0,0,0,0,0,0,0,0,0,0,0,0,0,0,0,0,0,0,0,0,0,0,0,0,0,0,0,0,0,0,0,0,0,0,0,0,0,0,0,0,0,0,0,0,0,0,0,0,0,0,0,0,0,0,0,0,0,0,0,0,0,0,0,0,0,0,0,0,0,0,0,0,0,0,0,0,0,0,0,0,0,0,0,0,0,0,0,0,0,0,0,0,0,0,0,0,0,0,0,0,0,0,0,0,0,0,0,0,0,0,0,0,0,0,0,0,0,0,0,0,0,0,0,0,0,0,0,0
"190",370.072925,374.089675,377.005475,381.543725,381.77085,382.052075,0,0,0,0,0,0,0,0,0,0,0,0,0,0,0,0,0,0,0,0,0,0,0,0,0,0,0,0,0,0,0,0,0,0,0,0,0,0,0,0,0,0,0,0,0,0,0,0,0,0,0,0,0,0,0,0,0,0,0,0,0,0,0,0,0,0,0,0,0,0,0,0,0,0,0,0,0,0,0,0,0,0,0,0,0,0,0,0,0,0,0,0,0,0,0,0,0,0,0,0,0,0,0,0,0,0,0,0,0,0,0,0,0,0,0,0,0,0,0,0,0,0,0,0,0,0,0,0,0,0,0,0,0,0,0,0,0,0,0,0,0,0,0,0,0,0,0,0,0,0,0,0,0,0,0,0,0,0,0,0,0,0,0,0,0,0,0,0,0,0,0,0,0,0,0,0,0,0,0,0,0,0,0,0,0,0,0,0,0,0,0,0,0,0,0,0,0,0,0,0,0,0,0,0,0,0,0,0,0,0,0,0,0,0,0,0,0,0,0,0,0,0,0,0,0,0,0,0,0,0,0,0,0,0,0,0,0,0,0,0,0,0,0,0,0,0,0,0,0,0,0,0,0,0,0,0,0,0,0,0,0,0,0,0,0,0,0,0,0,0,0,0,0,0,0,0,0,0,0,0,0,0,0,0,0,0,0,0,0,0,0,0,0,0,0,0,0,0,0,0,0,0,0,0,0,0,0,0,0,0,0,0,0,0,0,0,0,0,0,0,0,0,0,0,0,0,0,0,0,0,0,0,0,0,0,0,0,0,0,0,0,0,0,0,0,0,0,0,0,0,0,0,0,0,0,0,0,0,0,0,0,0,0,0,0,0,0,0,0,0,0,0,0,0,0,0,0,0,0,0,0,0,0,0,0,0,0,0,0,0,0,0,0,0,0,0,0,0,0,0,0,0,0,0,0,0,0,0,0,0,0,0,0,0,0,0,0,0,0,0,0,0,0,0,0,0,0,0
"191",370.0426,370.111075,370.1353,370.168775,370.179725,370.188425,370.245675,370.2659,370.28465,370.35575,370.379,370.405075,370.45955,370.495575,370.520175,370.55645,371.382,375.0844,375.33155,376.746525,376.747925,376.859225,376.879775,376.893375,376.937325,376.97575,377.007125,377.020725,377.10295,377.220475,378.9099,378.971275,379.041375,379.059325,379.105625,379.12675,379.229,379.24655,379.28555,379.32075,379.343475,379.381475,379.451325,381.5151,381.546675,381.671225,381.694075,381.721475,381.755825,381.7883,381.842625,381.84415,381.909075,382.044075,382.077675,382.123725,382.15545,382.19045,382.236375,383.269175,0,0,0,0,0,0,0,0,0,0,0,0,0,0,0,0,0,0,0,0,0,0,0,0,0,0,0,0,0,0,0,0,0,0,0,0,0,0,0,0,0,0,0,0,0,0,0,0,0,0,0,0,0,0,0,0,0,0,0,0,0,0,0,0,0,0,0,0,0,0,0,0,0,0,0,0,0,0,0,0,0,0,0,0,0,0,0,0,0,0,0,0,0,0,0,0,0,0,0,0,0,0,0,0,0,0,0,0,0,0,0,0,0,0,0,0,0,0,0,0,0,0,0,0,0,0,0,0,0,0,0,0,0,0,0,0,0,0,0,0,0,0,0,0,0,0,0,0,0,0,0,0,0,0,0,0,0,0,0,0,0,0,0,0,0,0,0,0,0,0,0,0,0,0,0,0,0,0,0,0,0,0,0,0,0,0,0,0,0,0,0,0,0,0,0,0,0,0,0,0,0,0,0,0,0,0,0,0,0,0,0,0,0,0,0,0,0,0,0,0,0,0,0,0,0,0,0,0,0,0,0,0,0,0,0,0,0,0,0,0,0,0,0,0,0,0,0,0,0,0,0,0,0,0,0,0,0,0,0,0,0,0,0,0,0,0,0,0,0,0,0,0,0,0,0,0,0,0,0,0,0,0,0,0,0,0,0,0,0,0,0,0,0,0,0,0,0,0,0,0,0,0,0,0,0,0,0,0,0,0,0,0,0,0,0,0,0,0,0,0,0,0,0,0,0,0,0,0,0,0,0,0,0,0,0,0,0,0,0,0,0,0,0,0,0,0,0,0,0,0,0,0,0,0,0,0,0,0,0,0,0,0,0,0,0,0,0,0,0,0,0,0,0,0
"192",371.812,371.841375,371.863275,373.09155,373.207825,373.27405,373.346975,373.44325,375.8485,375.877325,375.90545,375.938,375.954125,376.024675,376.0785,376.105125,376.1428,376.160425,376.22395,377.75035,377.793475,377.86005,377.900275,380.35235,0,0,0,0,0,0,0,0,0,0,0,0,0,0,0,0,0,0,0,0,0,0,0,0,0,0,0,0,0,0,0,0,0,0,0,0,0,0,0,0,0,0,0,0,0,0,0,0,0,0,0,0,0,0,0,0,0,0,0,0,0,0,0,0,0,0,0,0,0,0,0,0,0,0,0,0,0,0,0,0,0,0,0,0,0,0,0,0,0,0,0,0,0,0,0,0,0,0,0,0,0,0,0,0,0,0,0,0,0,0,0,0,0,0,0,0,0,0,0,0,0,0,0,0,0,0,0,0,0,0,0,0,0,0,0,0,0,0,0,0,0,0,0,0,0,0,0,0,0,0,0,0,0,0,0,0,0,0,0,0,0,0,0,0,0,0,0,0,0,0,0,0,0,0,0,0,0,0,0,0,0,0,0,0,0,0,0,0,0,0,0,0,0,0,0,0,0,0,0,0,0,0,0,0,0,0,0,0,0,0,0,0,0,0,0,0,0,0,0,0,0,0,0,0,0,0,0,0,0,0,0,0,0,0,0,0,0,0,0,0,0,0,0,0,0,0,0,0,0,0,0,0,0,0,0,0,0,0,0,0,0,0,0,0,0,0,0,0,0,0,0,0,0,0,0,0,0,0,0,0,0,0,0,0,0,0,0,0,0,0,0,0,0,0,0,0,0,0,0,0,0,0,0,0,0,0,0,0,0,0,0,0,0,0,0,0,0,0,0,0,0,0,0,0,0,0,0,0,0,0,0,0,0,0,0,0,0,0,0,0,0,0,0,0,0,0,0,0,0,0,0,0,0,0,0,0,0,0,0,0,0,0,0,0,0,0,0,0,0,0,0,0,0,0,0,0,0,0,0,0,0,0,0,0,0,0,0,0,0,0,0,0,0,0,0,0,0,0,0,0,0,0,0,0,0,0,0,0,0,0
"193",370.1306,370.27045,370.36845,370.5274,376.4179,376.822375,376.857025,376.910025,376.929025,377.092325,377.150375,377.21585,379.078325,379.11995,379.209575,379.2386,379.315525,379.364,0,0,0,0,0,0,0,0,0,0,0,0,0,0,0,0,0,0,0,0,0,0,0,0,0,0,0,0,0,0,0,0,0,0,0,0,0,0,0,0,0,0,0,0,0,0,0,0,0,0,0,0,0,0,0,0,0,0,0,0,0,0,0,0,0,0,0,0,0,0,0,0,0,0,0,0,0,0,0,0,0,0,0,0,0,0,0,0,0,0,0,0,0,0,0,0,0,0,0,0,0,0,0,0,0,0,0,0,0,0,0,0,0,0,0,0,0,0,0,0,0,0,0,0,0,0,0,0,0,0,0,0,0,0,0,0,0,0,0,0,0,0,0,0,0,0,0,0,0,0,0,0,0,0,0,0,0,0,0,0,0,0,0,0,0,0,0,0,0,0,0,0,0,0,0,0,0,0,0,0,0,0,0,0,0,0,0,0,0,0,0,0,0,0,0,0,0,0,0,0,0,0,0,0,0,0,0,0,0,0,0,0,0,0,0,0,0,0,0,0,0,0,0,0,0,0,0,0,0,0,0,0,0,0,0,0,0,0,0,0,0,0,0,0,0,0,0,0,0,0,0,0,0,0,0,0,0,0,0,0,0,0,0,0,0,0,0,0,0,0,0,0,0,0,0,0,0,0,0,0,0,0,0,0,0,0,0,0,0,0,0,0,0,0,0,0,0,0,0,0,0,0,0,0,0,0,0,0,0,0,0,0,0,0,0,0,0,0,0,0,0,0,0,0,0,0,0,0,0,0,0,0,0,0,0,0,0,0,0,0,0,0,0,0,0,0,0,0,0,0,0,0,0,0,0,0,0,0,0,0,0,0,0,0,0,0,0,0,0,0,0,0,0,0,0,0,0,0,0,0,0,0,0,0,0,0,0,0,0,0,0,0,0,0,0,0,0,0,0,0,0,0,0,0,0,0,0,0,0,0,0,0,0,0,0,0
"194",370.842175,370.84385,370.872975,370.90575,370.9315,370.980875,371.6192,371.63275,371.6341,372.524475,375.635875,377.37905,377.3971,379.65385,379.73375,0,0,0,0,0,0,0,0,0,0,0,0,0,0,0,0,0,0,0,0,0,0,0,0,0,0,0,0,0,0,0,0,0,0,0,0,0,0,0,0,0,0,0,0,0,0,0,0,0,0,0,0,0,0,0,0,0,0,0,0,0,0,0,0,0,0,0,0,0,0,0,0,0,0,0,0,0,0,0,0,0,0,0,0,0,0,0,0,0,0,0,0,0,0,0,0,0,0,0,0,0,0,0,0,0,0,0,0,0,0,0,0,0,0,0,0,0,0,0,0,0,0,0,0,0,0,0,0,0,0,0,0,0,0,0,0,0,0,0,0,0,0,0,0,0,0,0,0,0,0,0,0,0,0,0,0,0,0,0,0,0,0,0,0,0,0,0,0,0,0,0,0,0,0,0,0,0,0,0,0,0,0,0,0,0,0,0,0,0,0,0,0,0,0,0,0,0,0,0,0,0,0,0,0,0,0,0,0,0,0,0,0,0,0,0,0,0,0,0,0,0,0,0,0,0,0,0,0,0,0,0,0,0,0,0,0,0,0,0,0,0,0,0,0,0,0,0,0,0,0,0,0,0,0,0,0,0,0,0,0,0,0,0,0,0,0,0,0,0,0,0,0,0,0,0,0,0,0,0,0,0,0,0,0,0,0,0,0,0,0,0,0,0,0,0,0,0,0,0,0,0,0,0,0,0,0,0,0,0,0,0,0,0,0,0,0,0,0,0,0,0,0,0,0,0,0,0,0,0,0,0,0,0,0,0,0,0,0,0,0,0,0,0,0,0,0,0,0,0,0,0,0,0,0,0,0,0,0,0,0,0,0,0,0,0,0,0,0,0,0,0,0,0,0,0,0,0,0,0,0,0,0,0,0,0,0,0,0,0,0,0,0,0,0,0,0,0,0,0,0,0,0,0,0,0,0,0,0,0,0,0,0,0,0,0,0,0,0,0
"195",374.257175,376.2698,376.422525,376.5063,376.580525,376.791,377.1951,378.201475,379.370975,381.58225,381.8718,382.10975,0,0,0,0,0,0,0,0,0,0,0,0,0,0,0,0,0,0,0,0,0,0,0,0,0,0,0,0,0,0,0,0,0,0,0,0,0,0,0,0,0,0,0,0,0,0,0,0,0,0,0,0,0,0,0,0,0,0,0,0,0,0,0,0,0,0,0,0,0,0,0,0,0,0,0,0,0,0,0,0,0,0,0,0,0,0,0,0,0,0,0,0,0,0,0,0,0,0,0,0,0,0,0,0,0,0,0,0,0,0,0,0,0,0,0,0,0,0,0,0,0,0,0,0,0,0,0,0,0,0,0,0,0,0,0,0,0,0,0,0,0,0,0,0,0,0,0,0,0,0,0,0,0,0,0,0,0,0,0,0,0,0,0,0,0,0,0,0,0,0,0,0,0,0,0,0,0,0,0,0,0,0,0,0,0,0,0,0,0,0,0,0,0,0,0,0,0,0,0,0,0,0,0,0,0,0,0,0,0,0,0,0,0,0,0,0,0,0,0,0,0,0,0,0,0,0,0,0,0,0,0,0,0,0,0,0,0,0,0,0,0,0,0,0,0,0,0,0,0,0,0,0,0,0,0,0,0,0,0,0,0,0,0,0,0,0,0,0,0,0,0,0,0,0,0,0,0,0,0,0,0,0,0,0,0,0,0,0,0,0,0,0,0,0,0,0,0,0,0,0,0,0,0,0,0,0,0,0,0,0,0,0,0,0,0,0,0,0,0,0,0,0,0,0,0,0,0,0,0,0,0,0,0,0,0,0,0,0,0,0,0,0,0,0,0,0,0,0,0,0,0,0,0,0,0,0,0,0,0,0,0,0,0,0,0,0,0,0,0,0,0,0,0,0,0,0,0,0,0,0,0,0,0,0,0,0,0,0,0,0,0,0,0,0,0,0,0,0,0,0,0,0,0,0,0,0,0,0,0,0,0,0,0,0,0,0,0,0,0,0,0,0
"196",372.100475,372.139575,372.220775,372.2776,373.51655,373.561025,373.5845,373.60325,373.622875,373.658175,373.674875,373.696575,373.716775,373.7449,373.786525,373.81545,373.84095,373.885875,373.92625,373.99875,375.8473,375.89855,375.93685,375.9765,375.98755,376.011575,376.033375,376.04915,376.0706,376.1214,376.1397,376.16135,376.18705,376.21345,376.251525,376.3249,377.8138,377.815525,377.89295,377.947025,377.99,378.0405,378.113175,0,0,0,0,0,0,0,0,0,0,0,0,0,0,0,0,0,0,0,0,0,0,0,0,0,0,0,0,0,0,0,0,0,0,0,0,0,0,0,0,0,0,0,0,0,0,0,0,0,0,0,0,0,0,0,0,0,0,0,0,0,0,0,0,0,0,0,0,0,0,0,0,0,0,0,0,0,0,0,0,0,0,0,0,0,0,0,0,0,0,0,0,0,0,0,0,0,0,0,0,0,0,0,0,0,0,0,0,0,0,0,0,0,0,0,0,0,0,0,0,0,0,0,0,0,0,0,0,0,0,0,0,0,0,0,0,0,0,0,0,0,0,0,0,0,0,0,0,0,0,0,0,0,0,0,0,0,0,0,0,0,0,0,0,0,0,0,0,0,0,0,0,0,0,0,0,0,0,0,0,0,0,0,0,0,0,0,0,0,0,0,0,0,0,0,0,0,0,0,0,0,0,0,0,0,0,0,0,0,0,0,0,0,0,0,0,0,0,0,0,0,0,0,0,0,0,0,0,0,0,0,0,0,0,0,0,0,0,0,0,0,0,0,0,0,0,0,0,0,0,0,0,0,0,0,0,0,0,0,0,0,0,0,0,0,0,0,0,0,0,0,0,0,0,0,0,0,0,0,0,0,0,0,0,0,0,0,0,0,0,0,0,0,0,0,0,0,0,0,0,0,0,0,0,0,0,0,0,0,0,0,0,0,0,0,0,0,0,0,0,0,0,0,0,0,0,0,0,0,0,0,0,0,0,0,0,0,0,0,0,0,0,0,0,0,0,0,0,0,0,0,0,0,0,0,0,0,0,0,0,0,0,0,0,0,0,0,0,0,0,0,0,0,0,0,0,0,0,0,0,0,0,0,0,0,0,0,0,0,0,0
"197",370.60585,370.868,371.26955,371.3245,371.3602,371.488,371.59285,371.61365,371.6643,371.9804,371.994525,372.0966,372.33485,372.613625,372.674025,373.088675,373.134925,373.3677,373.4938,374.015925,374.41135,374.484675,374.559425,374.8201,375.013575,375.09925,375.184225,375.24065,375.2916,375.333,375.3753,375.41165,375.492775,375.523025,375.557325,375.77835,375.959825,376.065025,376.08215,376.174175,376.234025,377.691275,379.9757,380.008725,380.296375,380.490575,381.67005,0,0,0,0,0,0,0,0,0,0,0,0,0,0,0,0,0,0,0,0,0,0,0,0,0,0,0,0,0,0,0,0,0,0,0,0,0,0,0,0,0,0,0,0,0,0,0,0,0,0,0,0,0,0,0,0,0,0,0,0,0,0,0,0,0,0,0,0,0,0,0,0,0,0,0,0,0,0,0,0,0,0,0,0,0,0,0,0,0,0,0,0,0,0,0,0,0,0,0,0,0,0,0,0,0,0,0,0,0,0,0,0,0,0,0,0,0,0,0,0,0,0,0,0,0,0,0,0,0,0,0,0,0,0,0,0,0,0,0,0,0,0,0,0,0,0,0,0,0,0,0,0,0,0,0,0,0,0,0,0,0,0,0,0,0,0,0,0,0,0,0,0,0,0,0,0,0,0,0,0,0,0,0,0,0,0,0,0,0,0,0,0,0,0,0,0,0,0,0,0,0,0,0,0,0,0,0,0,0,0,0,0,0,0,0,0,0,0,0,0,0,0,0,0,0,0,0,0,0,0,0,0,0,0,0,0,0,0,0,0,0,0,0,0,0,0,0,0,0,0,0,0,0,0,0,0,0,0,0,0,0,0,0,0,0,0,0,0,0,0,0,0,0,0,0,0,0,0,0,0,0,0,0,0,0,0,0,0,0,0,0,0,0,0,0,0,0,0,0,0,0,0,0,0,0,0,0,0,0,0,0,0,0,0,0,0,0,0,0,0,0,0,0,0,0,0,0,0,0,0,0,0,0,0,0,0,0,0,0,0,0,0,0,0,0,0,0,0,0,0,0,0,0,0,0,0,0,0,0,0,0,0,0,0,0,0,0,0,0,0,0,0,0,0,0,0,0,0,0,0,0,0,0,0,0,0,0
"198",370.879,370.896825,370.9151,370.994575,371.0136,371.061225,371.5129,371.608875,371.844,371.8724,372.18685,372.67995,372.726925,372.7998,372.83315,372.8625,372.88305,372.896325,372.96425,372.996425,373.050575,373.19005,373.22,373.64615,373.664875,373.75395,374.549775,374.56245,374.6007,374.7153,374.80895,374.83265,374.887925,375.035075,375.171175,375.4485,375.995225,376.179325,376.3523,377.392575,377.42775,377.4645,377.524075,378.1068,379.803025,379.855725,379.884625,379.96615,379.9824,380.022375,380.03945,380.177325,380.19625,380.223525,380.259625,380.447325,380.638025,0,0,0,0,0,0,0,0,0,0,0,0,0,0,0,0,0,0,0,0,0,0,0,0,0,0,0,0,0,0,0,0,0,0,0,0,0,0,0,0,0,0,0,0,0,0,0,0,0,0,0,0,0,0,0,0,0,0,0,0,0,0,0,0,0,0,0,0,0,0,0,0,0,0,0,0,0,0,0,0,0,0,0,0,0,0,0,0,0,0,0,0,0,0,0,0,0,0,0,0,0,0,0,0,0,0,0,0,0,0,0,0,0,0,0,0,0,0,0,0,0,0,0,0,0,0,0,0,0,0,0,0,0,0,0,0,0,0,0,0,0,0,0,0,0,0,0,0,0,0,0,0,0,0,0,0,0,0,0,0,0,0,0,0,0,0,0,0,0,0,0,0,0,0,0,0,0,0,0,0,0,0,0,0,0,0,0,0,0,0,0,0,0,0,0,0,0,0,0,0,0,0,0,0,0,0,0,0,0,0,0,0,0,0,0,0,0,0,0,0,0,0,0,0,0,0,0,0,0,0,0,0,0,0,0,0,0,0,0,0,0,0,0,0,0,0,0,0,0,0,0,0,0,0,0,0,0,0,0,0,0,0,0,0,0,0,0,0,0,0,0,0,0,0,0,0,0,0,0,0,0,0,0,0,0,0,0,0,0,0,0,0,0,0,0,0,0,0,0,0,0,0,0,0,0,0,0,0,0,0,0,0,0,0,0,0,0,0,0,0,0,0,0,0,0,0,0,0,0,0,0,0,0,0,0,0,0,0,0,0,0,0,0,0,0,0,0,0,0,0,0,0,0,0,0,0,0,0,0,0,0,0,0,0,0,0,0,0,0,0,0,0,0,0,0,0,0
"199",370.27985,370.31575,370.39735,370.434975,370.457075,370.493875,370.51025,370.53925,370.57145,370.615275,371.2943,372.5912,372.7989,374.2558,374.35265,374.491825,374.9571,375.111725,375.20255,375.206475,375.304275,375.3776,375.983175,376.860425,376.93125,376.9597,377.040375,377.0706,377.652475,377.8279,378.429775,378.8823,378.9577,378.987825,379.034525,379.0736,379.093375,379.10705,379.170225,379.232075,379.252825,379.309475,379.3769,379.443025,380.7556,381.5615,381.8793,382.069325,382.15705,382.825925,382.947025,383.558825,383.962725,0,0,0,0,0,0,0,0,0,0,0,0,0,0,0,0,0,0,0,0,0,0,0,0,0,0,0,0,0,0,0,0,0,0,0,0,0,0,0,0,0,0,0,0,0,0,0,0,0,0,0,0,0,0,0,0,0,0,0,0,0,0,0,0,0,0,0,0,0,0,0,0,0,0,0,0,0,0,0,0,0,0,0,0,0,0,0,0,0,0,0,0,0,0,0,0,0,0,0,0,0,0,0,0,0,0,0,0,0,0,0,0,0,0,0,0,0,0,0,0,0,0,0,0,0,0,0,0,0,0,0,0,0,0,0,0,0,0,0,0,0,0,0,0,0,0,0,0,0,0,0,0,0,0,0,0,0,0,0,0,0,0,0,0,0,0,0,0,0,0,0,0,0,0,0,0,0,0,0,0,0,0,0,0,0,0,0,0,0,0,0,0,0,0,0,0,0,0,0,0,0,0,0,0,0,0,0,0,0,0,0,0,0,0,0,0,0,0,0,0,0,0,0,0,0,0,0,0,0,0,0,0,0,0,0,0,0,0,0,0,0,0,0,0,0,0,0,0,0,0,0,0,0,0,0,0,0,0,0,0,0,0,0,0,0,0,0,0,0,0,0,0,0,0,0,0,0,0,0,0,0,0,0,0,0,0,0,0,0,0,0,0,0,0,0,0,0,0,0,0,0,0,0,0,0,0,0,0,0,0,0,0,0,0,0,0,0,0,0,0,0,0,0,0,0,0,0,0,0,0,0,0,0,0,0,0,0,0,0,0,0,0,0,0,0,0,0,0,0,0,0,0,0,0,0,0,0,0,0,0,0,0,0,0,0,0,0,0,0,0,0,0,0,0,0,0,0,0,0,0,0
"200",370.2125,370.25545,370.79785,370.867175,370.937625,371.00045,371.0538,371.153625,371.179375,371.255575,371.618025,371.6569,371.790875,371.840575,371.8712,371.981875,372.1018,372.157325,372.281025,372.3006,372.336125,372.353575,372.364925,372.4646,372.568675,372.57945,372.625175,372.684575,372.7629,372.8229,372.826875,372.95865,373.0163,373.052875,373.164975,373.219,373.3084,373.340175,373.46515,373.53665,373.610275,373.6797,373.7212,373.764525,373.773625,373.791175,373.836725,373.8954,373.9518,373.9724,374.065275,374.091975,374.11215,374.145975,374.191225,374.204075,374.230575,374.2648,374.2918,374.3168,374.33925,374.37705,374.39805,374.429975,374.499125,374.611175,374.6176,374.673,374.7098,374.866575,374.898125,374.949175,374.955725,375.009225,375.04505,375.0716,375.0758,375.10185,375.1061,375.1357,375.141525,375.512275,375.524875,375.582075,375.678575,375.696575,375.7077,375.843075,375.867025,375.93465,375.9849,376.084525,376.2709,376.405175,376.527,376.56055,376.607925,376.66515,376.67975,376.75555,376.862175,376.935025,377.214025,377.232025,377.29975,377.321275,377.324525,377.366625,377.5215,377.58375,377.6222,377.6688,377.71065,377.8,377.83995,378.35495,378.383225,378.54425,378.645625,378.7782,378.841875,379.13995,379.2628,379.302675,379.5125,379.56125,379.683175,379.75065,379.7983,379.83965,379.937125,379.966725,380.03275,380.22215,380.3241,380.6499,380.9454,381.11405,381.2038,381.3745,381.452175,381.56315,381.948775,382.33475,382.4487,382.517575,382.60615,382.664625,382.711925,382.774575,382.805625,382.929175,382.9904,383.02875,383.1006,383.151775,383.183675,383.22535,383.2797,383.3222,383.45475,383.50675,383.616875,383.651425,383.787925,384.77605,384.855275,384.940975,384.973625,385.0503,385.10005,385.159725,385.2147,385.281075,385.349425,385.440125,385.547925,385.642775,385.743,0,0,0,0,0,0,0,0,0,0,0,0,0,0,0,0,0,0,0,0,0,0,0,0,0,0,0,0,0,0,0,0,0,0,0,0,0,0,0,0,0,0,0,0,0,0,0,0,0,0,0,0,0,0,0,0,0,0,0,0,0,0,0,0,0,0,0,0,0,0,0,0,0,0,0,0,0,0,0,0,0,0,0,0,0,0,0,0,0,0,0,0,0,0,0,0,0,0,0,0,0,0,0,0,0,0,0,0,0,0,0,0,0,0,0,0,0,0,0,0,0,0,0,0,0,0,0,0,0,0,0,0,0,0,0,0,0,0,0,0,0,0,0,0,0,0,0,0,0,0,0,0,0,0,0,0,0,0,0,0,0,0,0,0,0,0,0,0,0,0,0,0,0,0,0,0,0,0,0,0,0,0,0,0,0,0,0,0,0,0,0,0,0,0,0,0,0,0,0,0,0,0,0,0,0,0,0,0,0,0,0,0,0,0,0,0,0,0,0,0,0,0,0,0,0,0,0,0,0,0,0,0,0,0,0,0,0,0,0,0,0,0,0,0,0,0,0,0,0,0,0,0,0,0,0
"201",370.095575,370.211525,370.26715,370.439,373.903475,375.398525,376.7947,376.810675,376.8262,376.90045,376.91515,376.920425,376.933525,377.1457,377.184275,378.992925,379.025,379.0822,379.179925,379.20535,381.971475,382.0016,382.009925,382.265775,0,0,0,0,0,0,0,0,0,0,0,0,0,0,0,0,0,0,0,0,0,0,0,0,0,0,0,0,0,0,0,0,0,0,0,0,0,0,0,0,0,0,0,0,0,0,0,0,0,0,0,0,0,0,0,0,0,0,0,0,0,0,0,0,0,0,0,0,0,0,0,0,0,0,0,0,0,0,0,0,0,0,0,0,0,0,0,0,0,0,0,0,0,0,0,0,0,0,0,0,0,0,0,0,0,0,0,0,0,0,0,0,0,0,0,0,0,0,0,0,0,0,0,0,0,0,0,0,0,0,0,0,0,0,0,0,0,0,0,0,0,0,0,0,0,0,0,0,0,0,0,0,0,0,0,0,0,0,0,0,0,0,0,0,0,0,0,0,0,0,0,0,0,0,0,0,0,0,0,0,0,0,0,0,0,0,0,0,0,0,0,0,0,0,0,0,0,0,0,0,0,0,0,0,0,0,0,0,0,0,0,0,0,0,0,0,0,0,0,0,0,0,0,0,0,0,0,0,0,0,0,0,0,0,0,0,0,0,0,0,0,0,0,0,0,0,0,0,0,0,0,0,0,0,0,0,0,0,0,0,0,0,0,0,0,0,0,0,0,0,0,0,0,0,0,0,0,0,0,0,0,0,0,0,0,0,0,0,0,0,0,0,0,0,0,0,0,0,0,0,0,0,0,0,0,0,0,0,0,0,0,0,0,0,0,0,0,0,0,0,0,0,0,0,0,0,0,0,0,0,0,0,0,0,0,0,0,0,0,0,0,0,0,0,0,0,0,0,0,0,0,0,0,0,0,0,0,0,0,0,0,0,0,0,0,0,0,0,0,0,0,0,0,0,0,0,0,0,0,0,0,0,0,0,0,0,0,0,0,0,0,0,0,0,0,0,0,0,0,0,0,0,0,0,0,0,0,0,0,0
"202",370.899625,371.059775,371.667125,375.593575,379.669775,0,0,0,0,0,0,0,0,0,0,0,0,0,0,0,0,0,0,0,0,0,0,0,0,0,0,0,0,0,0,0,0,0,0,0,0,0,0,0,0,0,0,0,0,0,0,0,0,0,0,0,0,0,0,0,0,0,0,0,0,0,0,0,0,0,0,0,0,0,0,0,0,0,0,0,0,0,0,0,0,0,0,0,0,0,0,0,0,0,0,0,0,0,0,0,0,0,0,0,0,0,0,0,0,0,0,0,0,0,0,0,0,0,0,0,0,0,0,0,0,0,0,0,0,0,0,0,0,0,0,0,0,0,0,0,0,0,0,0,0,0,0,0,0,0,0,0,0,0,0,0,0,0,0,0,0,0,0,0,0,0,0,0,0,0,0,0,0,0,0,0,0,0,0,0,0,0,0,0,0,0,0,0,0,0,0,0,0,0,0,0,0,0,0,0,0,0,0,0,0,0,0,0,0,0,0,0,0,0,0,0,0,0,0,0,0,0,0,0,0,0,0,0,0,0,0,0,0,0,0,0,0,0,0,0,0,0,0,0,0,0,0,0,0,0,0,0,0,0,0,0,0,0,0,0,0,0,0,0,0,0,0,0,0,0,0,0,0,0,0,0,0,0,0,0,0,0,0,0,0,0,0,0,0,0,0,0,0,0,0,0,0,0,0,0,0,0,0,0,0,0,0,0,0,0,0,0,0,0,0,0,0,0,0,0,0,0,0,0,0,0,0,0,0,0,0,0,0,0,0,0,0,0,0,0,0,0,0,0,0,0,0,0,0,0,0,0,0,0,0,0,0,0,0,0,0,0,0,0,0,0,0,0,0,0,0,0,0,0,0,0,0,0,0,0,0,0,0,0,0,0,0,0,0,0,0,0,0,0,0,0,0,0,0,0,0,0,0,0,0,0,0,0,0,0,0,0,0,0,0,0,0,0,0,0,0,0,0,0,0,0,0,0,0,0,0,0,0,0
"203",371.09115,371.5623,371.579525,371.775025,371.817575,372.0721,372.985425,373.103975,373.29665,373.325425,373.353225,373.404925,373.52325,373.572225,373.68035,374.1092,375.0671,375.486,375.50555,375.55885,375.65045,375.6749,375.761775,376.2829,377.3722,377.49205,377.50445,377.588025,377.63725,377.7476,377.824425,377.9272,377.95135,378.001175,378.213475,380.14035,380.160225,380.469075,380.529775,380.675125,380.748625,0,0,0,0,0,0,0,0,0,0,0,0,0,0,0,0,0,0,0,0,0,0,0,0,0,0,0,0,0,0,0,0,0,0,0,0,0,0,0,0,0,0,0,0,0,0,0,0,0,0,0,0,0,0,0,0,0,0,0,0,0,0,0,0,0,0,0,0,0,0,0,0,0,0,0,0,0,0,0,0,0,0,0,0,0,0,0,0,0,0,0,0,0,0,0,0,0,0,0,0,0,0,0,0,0,0,0,0,0,0,0,0,0,0,0,0,0,0,0,0,0,0,0,0,0,0,0,0,0,0,0,0,0,0,0,0,0,0,0,0,0,0,0,0,0,0,0,0,0,0,0,0,0,0,0,0,0,0,0,0,0,0,0,0,0,0,0,0,0,0,0,0,0,0,0,0,0,0,0,0,0,0,0,0,0,0,0,0,0,0,0,0,0,0,0,0,0,0,0,0,0,0,0,0,0,0,0,0,0,0,0,0,0,0,0,0,0,0,0,0,0,0,0,0,0,0,0,0,0,0,0,0,0,0,0,0,0,0,0,0,0,0,0,0,0,0,0,0,0,0,0,0,0,0,0,0,0,0,0,0,0,0,0,0,0,0,0,0,0,0,0,0,0,0,0,0,0,0,0,0,0,0,0,0,0,0,0,0,0,0,0,0,0,0,0,0,0,0,0,0,0,0,0,0,0,0,0,0,0,0,0,0,0,0,0,0,0,0,0,0,0,0,0,0,0,0,0,0,0,0,0,0,0,0,0,0,0,0,0,0,0,0,0,0,0,0,0,0,0,0,0,0,0,0,0,0,0,0,0,0,0,0,0,0,0,0,0,0,0,0,0,0,0,0,0,0,0,0,0,0,0,0,0,0,0,0,0,0,0,0,0,0,0
"204",372.91485,372.945125,373.0135,373.1383,373.176225,373.39005,373.497025,373.507825,373.839225,374.53,374.653225,374.66985,375.518425,375.573925,375.60465,375.61745,375.88835,376.0776,376.431875,377.55445,377.769125,377.80965,377.841,377.966025,378.018,378.134525,379.920075,380.2989,380.612275,380.85155,0,0,0,0,0,0,0,0,0,0,0,0,0,0,0,0,0,0,0,0,0,0,0,0,0,0,0,0,0,0,0,0,0,0,0,0,0,0,0,0,0,0,0,0,0,0,0,0,0,0,0,0,0,0,0,0,0,0,0,0,0,0,0,0,0,0,0,0,0,0,0,0,0,0,0,0,0,0,0,0,0,0,0,0,0,0,0,0,0,0,0,0,0,0,0,0,0,0,0,0,0,0,0,0,0,0,0,0,0,0,0,0,0,0,0,0,0,0,0,0,0,0,0,0,0,0,0,0,0,0,0,0,0,0,0,0,0,0,0,0,0,0,0,0,0,0,0,0,0,0,0,0,0,0,0,0,0,0,0,0,0,0,0,0,0,0,0,0,0,0,0,0,0,0,0,0,0,0,0,0,0,0,0,0,0,0,0,0,0,0,0,0,0,0,0,0,0,0,0,0,0,0,0,0,0,0,0,0,0,0,0,0,0,0,0,0,0,0,0,0,0,0,0,0,0,0,0,0,0,0,0,0,0,0,0,0,0,0,0,0,0,0,0,0,0,0,0,0,0,0,0,0,0,0,0,0,0,0,0,0,0,0,0,0,0,0,0,0,0,0,0,0,0,0,0,0,0,0,0,0,0,0,0,0,0,0,0,0,0,0,0,0,0,0,0,0,0,0,0,0,0,0,0,0,0,0,0,0,0,0,0,0,0,0,0,0,0,0,0,0,0,0,0,0,0,0,0,0,0,0,0,0,0,0,0,0,0,0,0,0,0,0,0,0,0,0,0,0,0,0,0,0,0,0,0,0,0,0,0,0,0,0,0,0,0,0,0,0,0,0,0,0,0,0,0,0,0,0,0,0,0,0,0,0,0,0,0,0,0,0,0,0,0,0,0,0,0,0,0,0,0,0,0,0
"205",369.57475,369.5787,370.16485,370.25405,370.2681,370.427825,370.428675,370.53505,370.82355,370.8839,370.90055,370.9585,371.089,371.3092,371.35055,371.51905,371.7146,371.802275,371.843175,371.880625,371.97065,372.0066,372.1188,372.1498,372.204375,372.228875,372.2645,372.2781,372.295925,372.350725,372.416,372.471025,372.531075,372.566975,372.661225,372.83115,372.939575,372.997625,373.054475,373.1047,373.14035,373.192275,373.2287,373.251625,373.28045,373.29755,373.34145,373.3579,373.3785,373.460175,373.499,373.509275,373.530925,373.54175,373.55975,373.57425,373.58245,373.611625,373.633225,373.661725,373.6815,373.7062,373.757825,373.76705,373.796225,373.813925,373.8416,373.8894,373.9354,374.0068,374.031375,374.080975,374.0846,374.0928,374.243275,374.277425,374.33845,374.454675,374.512925,374.528075,374.651525,374.68425,374.811025,374.841575,374.88425,374.918825,374.938125,375.018475,375.023475,375.05755,375.059575,375.076825,375.154925,375.2309,375.300375,375.4592,375.496675,375.64545,375.7407,376.041825,376.069775,376.137775,376.1878,376.29845,376.324775,376.3623,376.370675,376.443675,376.47755,376.6122,376.66355,376.7299,376.79005,377.380025,377.5318,377.6648,377.6656,377.7907,377.89305,377.93185,377.961875,377.986275,377.99265,378.00555,378.064125,378.072425,378.090475,378.1054,378.12895,378.15615,378.183,378.213175,378.252,378.269275,378.2961,378.41675,378.515875,379.25335,379.609475,379.71615,379.756875,379.806775,379.90215,379.9562,379.9827,380.085725,380.1144,380.1357,380.1598,380.186775,380.254575,380.272425,380.287075,380.312125,380.324975,380.3534,380.42255,380.4575,380.462575,380.489125,380.50175,380.5335,380.56645,380.599725,380.6096,380.6384,380.702425,380.7347,380.774125,380.811,382.497375,382.7234,0,0,0,0,0,0,0,0,0,0,0,0,0,0,0,0,0,0,0,0,0,0,0,0,0,0,0,0,0,0,0,0,0,0,0,0,0,0,0,0,0,0,0,0,0,0,0,0,0,0,0,0,0,0,0,0,0,0,0,0,0,0,0,0,0,0,0,0,0,0,0,0,0,0,0,0,0,0,0,0,0,0,0,0,0,0,0,0,0,0,0,0,0,0,0,0,0,0,0,0,0,0,0,0,0,0,0,0,0,0,0,0,0,0,0,0,0,0,0,0,0,0,0,0,0,0,0,0,0,0,0,0,0,0,0,0,0,0,0,0,0,0,0,0,0,0,0,0,0,0,0,0,0,0,0,0,0,0,0,0,0,0,0,0,0,0,0,0,0,0,0,0,0,0,0,0,0,0,0,0,0,0,0,0,0,0,0,0,0,0,0,0,0,0,0,0,0,0,0,0,0,0,0,0,0,0,0,0,0,0,0,0,0,0,0,0,0,0,0,0,0,0,0,0,0,0,0,0,0,0,0,0,0,0,0,0,0,0,0,0,0,0,0,0,0,0,0,0,0,0,0,0,0,0,0,0,0,0,0,0,0,0
"206",369.57795,369.602825,369.61815,369.652425,369.67105,369.691775,369.73855,369.7932,369.814825,369.8358,369.852825,369.9008,369.914275,369.937725,369.957575,369.96905,370.03295,370.050475,370.0654,370.11695,370.25595,370.661725,370.674475,370.698275,370.7248,370.745275,370.77555,370.802925,370.81845,370.8398,370.8488,370.859175,370.876775,370.89565,370.9094,370.917125,370.940125,370.953275,370.990925,371.000925,371.030125,371.064825,371.071775,371.08265,371.1389,371.160125,371.1713,371.18725,371.1995,371.214925,371.242375,371.2561,371.273175,371.292175,371.32885,371.341325,371.3535,371.384525,371.393775,371.474525,371.50115,371.545,371.562175,371.590675,371.623075,371.668375,371.6835,371.728275,371.741475,371.759525,371.834075,371.849225,371.903275,371.961125,371.98595,372.035525,372.065375,372.110075,372.130225,372.160725,372.22215,372.323975,372.345875,372.3949,372.457875,372.5019,372.576825,372.610025,372.8466,372.896025,372.9703,373.977275,374.142425,374.513475,374.688125,374.7476,375.302625,375.8244,375.868975,375.921225,375.99185,376.0807,376.94875,379.975775,380.2497,380.892775,385.460825,0,0,0,0,0,0,0,0,0,0,0,0,0,0,0,0,0,0,0,0,0,0,0,0,0,0,0,0,0,0,0,0,0,0,0,0,0,0,0,0,0,0,0,0,0,0,0,0,0,0,0,0,0,0,0,0,0,0,0,0,0,0,0,0,0,0,0,0,0,0,0,0,0,0,0,0,0,0,0,0,0,0,0,0,0,0,0,0,0,0,0,0,0,0,0,0,0,0,0,0,0,0,0,0,0,0,0,0,0,0,0,0,0,0,0,0,0,0,0,0,0,0,0,0,0,0,0,0,0,0,0,0,0,0,0,0,0,0,0,0,0,0,0,0,0,0,0,0,0,0,0,0,0,0,0,0,0,0,0,0,0,0,0,0,0,0,0,0,0,0,0,0,0,0,0,0,0,0,0,0,0,0,0,0,0,0,0,0,0,0,0,0,0,0,0,0,0,0,0,0,0,0,0,0,0,0,0,0,0,0,0,0,0,0,0,0,0,0,0,0,0,0,0,0,0,0,0,0,0,0,0,0,0,0,0,0,0,0,0,0,0,0,0,0,0,0,0,0,0,0,0,0,0,0,0,0,0,0,0,0,0,0,0,0,0,0,0,0,0,0,0,0,0,0,0,0,0,0,0,0,0,0,0,0,0,0,0,0,0,0,0,0,0,0,0,0,0,0,0,0,0,0,0,0,0,0,0,0,0,0,0,0,0,0,0,0,0,0,0,0,0,0,0,0,0,0,0
"207",369.58425,369.61145,369.751825,369.876575,369.949975,369.96685,370.07055,370.099825,370.360075,370.453525,370.49755,370.527725,370.576075,370.59695,370.614175,370.75325,370.861375,370.894725,370.9948,371.033025,371.1014,371.193225,371.2728,371.300325,371.390225,371.418225,371.454775,371.573225,371.60235,371.611625,371.672175,371.675425,371.70675,371.828475,371.882625,371.937975,371.940725,371.958325,371.976025,371.9843,372.016,372.189525,372.2232,372.304725,372.335425,372.3679,372.46285,372.543525,372.564475,372.6032,372.66675,372.778875,372.7861,372.80175,372.820525,372.889,372.904675,372.973375,373.0348,373.040275,373.0539,373.09835,373.106875,373.128375,373.15635,373.164425,373.18365,373.27365,373.29895,373.318525,373.36745,373.3805,373.4163,373.456775,373.550325,373.716,373.71795,373.7501,373.787875,373.8159,373.875325,373.99205,374.007975,374.0362,374.07245,374.08415,374.09935,374.1307,374.23305,374.296875,374.3237,374.398175,374.450425,374.48175,374.559125,374.566625,374.60855,374.645775,374.69675,374.7168,374.7522,374.7862,374.83245,374.85905,374.902075,374.92255,374.9647,374.98955,375.081075,375.1484,375.256675,375.34735,375.4088,375.464775,375.495275,375.5089,375.62975,375.652875,375.688875,375.72895,375.76315,375.792625,375.816975,375.834525,375.85675,375.896425,375.94425,375.9699,376.056875,376.072275,376.084075,376.1571,376.218125,376.23005,376.28595,376.32305,376.4742,376.569475,376.628725,376.6949,376.79615,377.235075,377.408725,377.424725,377.441625,377.4434,377.486225,377.505875,377.52495,377.569125,377.5933,377.6226,377.631925,377.689825,377.791925,377.825525,377.875425,377.8787,377.899625,377.932825,377.972575,378.0544,378.125175,378.190825,378.20975,378.227175,378.359575,378.38045,378.4044,378.41955,378.47825,378.5497,378.58605,378.696,378.758875,378.808625,378.8635,379.157075,379.4314,379.51135,379.588275,379.709175,379.7723,379.776775,379.797275,379.831625,379.85035,379.920775,379.96845,379.976,380.006975,380.016875,380.06825,380.096425,380.121425,380.181275,380.3424,380.421325,380.47325,380.48835,380.4992,380.6015,380.6548,0,0,0,0,0,0,0,0,0,0,0,0,0,0,0,0,0,0,0,0,0,0,0,0,0,0,0,0,0,0,0,0,0,0,0,0,0,0,0,0,0,0,0,0,0,0,0,0,0,0,0,0,0,0,0,0,0,0,0,0,0,0,0,0,0,0,0,0,0,0,0,0,0,0,0,0,0,0,0,0,0,0,0,0,0,0,0,0,0,0,0,0,0,0,0,0,0,0,0,0,0,0,0,0,0,0,0,0,0,0,0,0,0,0,0,0,0,0,0,0,0,0,0,0,0,0,0,0,0,0,0,0,0,0,0,0,0,0,0,0,0,0,0,0,0,0,0,0,0,0,0,0,0,0,0,0,0,0,0,0,0,0,0,0,0,0,0,0,0,0,0,0,0,0,0,0,0,0,0,0,0,0,0,0,0,0,0,0,0,0,0,0,0,0,0,0,0,0,0,0,0,0,0,0,0,0,0,0,0,0,0,0,0,0,0,0,0,0,0,0,0,0,0,0,0,0,0,0,0,0,0
"208",369.9782,370.047475,370.07805,370.11075,370.153925,370.23225,370.298425,370.347475,370.381875,370.4355,370.46355,370.5093,370.524225,370.544075,370.56405,370.57555,370.6948,370.9837,371.283825,371.31765,371.373725,371.381625,371.429875,371.45675,371.490825,371.536075,371.549275,372.52995,372.608775,374.20285,374.230525,374.268425,374.328625,375.15955,375.22975,375.2674,375.31595,375.356375,375.379575,375.399425,375.42875,375.461325,375.496225,376.5838,376.82075,376.845475,376.882425,376.90285,376.947875,376.969175,376.984925,376.99925,377.0394,377.067075,377.0817,377.1113,377.132525,377.1605,377.199025,378.886875,378.93405,378.98245,379.096725,379.144575,379.260525,379.290675,381.724675,384.3842,0,0,0,0,0,0,0,0,0,0,0,0,0,0,0,0,0,0,0,0,0,0,0,0,0,0,0,0,0,0,0,0,0,0,0,0,0,0,0,0,0,0,0,0,0,0,0,0,0,0,0,0,0,0,0,0,0,0,0,0,0,0,0,0,0,0,0,0,0,0,0,0,0,0,0,0,0,0,0,0,0,0,0,0,0,0,0,0,0,0,0,0,0,0,0,0,0,0,0,0,0,0,0,0,0,0,0,0,0,0,0,0,0,0,0,0,0,0,0,0,0,0,0,0,0,0,0,0,0,0,0,0,0,0,0,0,0,0,0,0,0,0,0,0,0,0,0,0,0,0,0,0,0,0,0,0,0,0,0,0,0,0,0,0,0,0,0,0,0,0,0,0,0,0,0,0,0,0,0,0,0,0,0,0,0,0,0,0,0,0,0,0,0,0,0,0,0,0,0,0,0,0,0,0,0,0,0,0,0,0,0,0,0,0,0,0,0,0,0,0,0,0,0,0,0,0,0,0,0,0,0,0,0,0,0,0,0,0,0,0,0,0,0,0,0,0,0,0,0,0,0,0,0,0,0,0,0,0,0,0,0,0,0,0,0,0,0,0,0,0,0,0,0,0,0,0,0,0,0,0,0,0,0,0,0,0,0,0,0,0,0,0,0,0,0,0,0,0,0,0,0,0,0,0,0,0,0,0,0,0,0,0,0,0,0,0,0,0,0,0,0,0,0,0,0,0,0,0,0,0,0,0,0,0,0,0,0,0,0,0,0,0,0,0,0,0,0,0,0,0,0,0,0,0,0,0,0,0,0,0,0,0,0,0,0,0
"209",372.0017,372.04435,372.069825,372.10425,372.137775,372.1791,372.227725,373.42955,373.47715,373.502425,373.51705,373.5405,373.562725,373.577275,373.600075,373.617325,373.641425,373.664825,373.688025,373.705675,373.7282,373.8077,373.83125,373.861025,373.8848,373.9046,374.0006,374.067,375.8848,375.9246,375.955025,375.996175,376.02105,376.045175,376.11395,376.1445,376.19465,376.253425,377.767675,377.8278,377.864025,377.945775,377.978275,378.024475,0,0,0,0,0,0,0,0,0,0,0,0,0,0,0,0,0,0,0,0,0,0,0,0,0,0,0,0,0,0,0,0,0,0,0,0,0,0,0,0,0,0,0,0,0,0,0,0,0,0,0,0,0,0,0,0,0,0,0,0,0,0,0,0,0,0,0,0,0,0,0,0,0,0,0,0,0,0,0,0,0,0,0,0,0,0,0,0,0,0,0,0,0,0,0,0,0,0,0,0,0,0,0,0,0,0,0,0,0,0,0,0,0,0,0,0,0,0,0,0,0,0,0,0,0,0,0,0,0,0,0,0,0,0,0,0,0,0,0,0,0,0,0,0,0,0,0,0,0,0,0,0,0,0,0,0,0,0,0,0,0,0,0,0,0,0,0,0,0,0,0,0,0,0,0,0,0,0,0,0,0,0,0,0,0,0,0,0,0,0,0,0,0,0,0,0,0,0,0,0,0,0,0,0,0,0,0,0,0,0,0,0,0,0,0,0,0,0,0,0,0,0,0,0,0,0,0,0,0,0,0,0,0,0,0,0,0,0,0,0,0,0,0,0,0,0,0,0,0,0,0,0,0,0,0,0,0,0,0,0,0,0,0,0,0,0,0,0,0,0,0,0,0,0,0,0,0,0,0,0,0,0,0,0,0,0,0,0,0,0,0,0,0,0,0,0,0,0,0,0,0,0,0,0,0,0,0,0,0,0,0,0,0,0,0,0,0,0,0,0,0,0,0,0,0,0,0,0,0,0,0,0,0,0,0,0,0,0,0,0,0,0,0,0,0,0,0,0,0,0,0,0,0,0,0,0,0,0,0,0,0,0,0,0,0,0,0,0,0,0,0,0,0,0,0,0,0,0,0,0,0,0,0,0,0,0,0,0,0,0
"210",370.927475,371.675175,371.711425,371.746125,371.8026,371.937775,372.046275,372.487025,373.04,373.149575,373.1971,373.3327,373.4161,375.728625,375.792425,376.0838,376.148875,376.2298,376.2857,377.524725,377.56885,377.689575,377.79165,377.8338,377.878425,377.899375,379.772125,379.855825,379.920525,380.02815,380.09395,380.181075,380.228075,380.317,380.368825,380.4881,0,0,0,0,0,0,0,0,0,0,0,0,0,0,0,0,0,0,0,0,0,0,0,0,0,0,0,0,0,0,0,0,0,0,0,0,0,0,0,0,0,0,0,0,0,0,0,0,0,0,0,0,0,0,0,0,0,0,0,0,0,0,0,0,0,0,0,0,0,0,0,0,0,0,0,0,0,0,0,0,0,0,0,0,0,0,0,0,0,0,0,0,0,0,0,0,0,0,0,0,0,0,0,0,0,0,0,0,0,0,0,0,0,0,0,0,0,0,0,0,0,0,0,0,0,0,0,0,0,0,0,0,0,0,0,0,0,0,0,0,0,0,0,0,0,0,0,0,0,0,0,0,0,0,0,0,0,0,0,0,0,0,0,0,0,0,0,0,0,0,0,0,0,0,0,0,0,0,0,0,0,0,0,0,0,0,0,0,0,0,0,0,0,0,0,0,0,0,0,0,0,0,0,0,0,0,0,0,0,0,0,0,0,0,0,0,0,0,0,0,0,0,0,0,0,0,0,0,0,0,0,0,0,0,0,0,0,0,0,0,0,0,0,0,0,0,0,0,0,0,0,0,0,0,0,0,0,0,0,0,0,0,0,0,0,0,0,0,0,0,0,0,0,0,0,0,0,0,0,0,0,0,0,0,0,0,0,0,0,0,0,0,0,0,0,0,0,0,0,0,0,0,0,0,0,0,0,0,0,0,0,0,0,0,0,0,0,0,0,0,0,0,0,0,0,0,0,0,0,0,0,0,0,0,0,0,0,0,0,0,0,0,0,0,0,0,0,0,0,0,0,0,0,0,0,0,0,0,0,0,0,0,0,0,0,0,0,0,0,0,0,0,0,0,0,0,0,0,0,0,0,0,0,0,0,0,0,0,0,0,0,0,0,0,0,0,0,0
"211",369.568175,369.59755,369.885925,369.979325,370.000625,370.07715,370.132975,370.218125,370.297475,370.374775,370.50275,370.52525,370.5423,370.60435,370.644175,370.736075,370.7776,370.855825,370.9729,370.98315,371.01845,371.040375,371.113175,371.1226,371.180475,371.2487,371.278875,371.3083,371.325825,371.392275,371.408225,371.425375,371.42605,371.4683,371.488875,371.760625,371.872925,371.9084,372.299325,372.514125,372.5276,372.605625,372.675025,372.7908,372.81395,372.837725,372.891525,372.926025,372.98055,372.9973,373.340175,374.417775,374.44935,374.49615,374.6061,374.636775,374.79945,374.80415,375.0724,375.1212,375.15245,375.215725,375.43985,375.446125,375.4855,375.5535,375.79595,375.9157,376.7029,376.865475,376.945325,377.016275,377.041975,377.055875,377.0766,377.109575,377.188825,377.22175,378.42985,378.75615,378.869425,378.9423,379.023575,379.101525,379.12085,379.143625,379.166125,379.18585,379.2127,379.304025,379.354325,379.398325,379.441075,379.868475,379.98075,380.319275,380.454525,380.62045,380.661925,380.8382,380.97055,381.07135,381.178425,381.288775,381.3558,381.523425,381.561725,381.621275,381.665625,381.7399,381.786225,381.868075,381.936325,382.011375,382.0781,382.1396,382.21735,382.3548,382.790275,382.974,383.038475,383.16355,383.24295,383.3351,383.416475,383.49135,383.49415,383.5599,383.611925,383.6749,383.803875,383.8408,383.9271,383.991825,384.0698,384.120825,384.200275,384.311975,384.4392,384.591575,384.865275,385.54485,385.647275,385.71405,385.774975,385.8409,385.913325,385.997275,386.08225,386.170525,386.276175,386.346925,386.420525,386.520875,386.71,386.898575,0,0,0,0,0,0,0,0,0,0,0,0,0,0,0,0,0,0,0,0,0,0,0,0,0,0,0,0,0,0,0,0,0,0,0,0,0,0,0,0,0,0,0,0,0,0,0,0,0,0,0,0,0,0,0,0,0,0,0,0,0,0,0,0,0,0,0,0,0,0,0,0,0,0,0,0,0,0,0,0,0,0,0,0,0,0,0,0,0,0,0,0,0,0,0,0,0,0,0,0,0,0,0,0,0,0,0,0,0,0,0,0,0,0,0,0,0,0,0,0,0,0,0,0,0,0,0,0,0,0,0,0,0,0,0,0,0,0,0,0,0,0,0,0,0,0,0,0,0,0,0,0,0,0,0,0,0,0,0,0,0,0,0,0,0,0,0,0,0,0,0,0,0,0,0,0,0,0,0,0,0,0,0,0,0,0,0,0,0,0,0,0,0,0,0,0,0,0,0,0,0,0,0,0,0,0,0,0,0,0,0,0,0,0,0,0,0,0,0,0,0,0,0,0,0,0,0,0,0,0,0,0,0,0,0,0,0,0,0,0,0,0,0,0,0,0,0,0,0,0,0,0,0,0,0,0,0,0,0,0,0,0,0,0,0,0,0,0,0,0,0,0,0,0,0,0,0,0
"212",370.0376,370.110375,370.137225,370.17615,370.2733,370.39225,370.4211,370.443675,371.751425,373.5514,373.639425,373.680075,373.681675,375.31905,376.762325,376.794425,376.8659,376.8904,376.969975,376.9821,377.0063,377.08885,377.1435,378.110175,378.1615,378.21455,378.293775,378.990375,379.013275,379.05235,379.096,379.1132,379.20155,379.2288,379.266325,379.404325,380.447725,380.5056,380.535075,380.55225,380.56755,380.5964,380.702525,380.72335,380.745,380.76915,0,0,0,0,0,0,0,0,0,0,0,0,0,0,0,0,0,0,0,0,0,0,0,0,0,0,0,0,0,0,0,0,0,0,0,0,0,0,0,0,0,0,0,0,0,0,0,0,0,0,0,0,0,0,0,0,0,0,0,0,0,0,0,0,0,0,0,0,0,0,0,0,0,0,0,0,0,0,0,0,0,0,0,0,0,0,0,0,0,0,0,0,0,0,0,0,0,0,0,0,0,0,0,0,0,0,0,0,0,0,0,0,0,0,0,0,0,0,0,0,0,0,0,0,0,0,0,0,0,0,0,0,0,0,0,0,0,0,0,0,0,0,0,0,0,0,0,0,0,0,0,0,0,0,0,0,0,0,0,0,0,0,0,0,0,0,0,0,0,0,0,0,0,0,0,0,0,0,0,0,0,0,0,0,0,0,0,0,0,0,0,0,0,0,0,0,0,0,0,0,0,0,0,0,0,0,0,0,0,0,0,0,0,0,0,0,0,0,0,0,0,0,0,0,0,0,0,0,0,0,0,0,0,0,0,0,0,0,0,0,0,0,0,0,0,0,0,0,0,0,0,0,0,0,0,0,0,0,0,0,0,0,0,0,0,0,0,0,0,0,0,0,0,0,0,0,0,0,0,0,0,0,0,0,0,0,0,0,0,0,0,0,0,0,0,0,0,0,0,0,0,0,0,0,0,0,0,0,0,0,0,0,0,0,0,0,0,0,0,0,0,0,0,0,0,0,0,0,0,0,0,0,0,0,0,0,0,0,0,0,0,0,0,0,0,0,0,0,0,0,0,0,0,0,0,0,0,0,0,0,0,0,0,0,0,0,0,0,0,0,0,0,0,0,0,0,0,0,0,0,0,0,0,0,0,0,0,0
"213",360.716,361.079475,362.013225,362.627375,367.509125,370.112275,370.17145,370.203875,370.269125,370.3213,370.386575,370.494575,370.612875,370.737775,371.710975,371.982075,372.8642,374.340175,374.405425,374.4375,374.702225,375.1844,375.2782,376.364725,376.86035,378.13805,379.02135,379.051625,379.157625,379.198725,379.20535,380.43695,381.000075,381.790125,385.942575,394.3073,0,0,0,0,0,0,0,0,0,0,0,0,0,0,0,0,0,0,0,0,0,0,0,0,0,0,0,0,0,0,0,0,0,0,0,0,0,0,0,0,0,0,0,0,0,0,0,0,0,0,0,0,0,0,0,0,0,0,0,0,0,0,0,0,0,0,0,0,0,0,0,0,0,0,0,0,0,0,0,0,0,0,0,0,0,0,0,0,0,0,0,0,0,0,0,0,0,0,0,0,0,0,0,0,0,0,0,0,0,0,0,0,0,0,0,0,0,0,0,0,0,0,0,0,0,0,0,0,0,0,0,0,0,0,0,0,0,0,0,0,0,0,0,0,0,0,0,0,0,0,0,0,0,0,0,0,0,0,0,0,0,0,0,0,0,0,0,0,0,0,0,0,0,0,0,0,0,0,0,0,0,0,0,0,0,0,0,0,0,0,0,0,0,0,0,0,0,0,0,0,0,0,0,0,0,0,0,0,0,0,0,0,0,0,0,0,0,0,0,0,0,0,0,0,0,0,0,0,0,0,0,0,0,0,0,0,0,0,0,0,0,0,0,0,0,0,0,0,0,0,0,0,0,0,0,0,0,0,0,0,0,0,0,0,0,0,0,0,0,0,0,0,0,0,0,0,0,0,0,0,0,0,0,0,0,0,0,0,0,0,0,0,0,0,0,0,0,0,0,0,0,0,0,0,0,0,0,0,0,0,0,0,0,0,0,0,0,0,0,0,0,0,0,0,0,0,0,0,0,0,0,0,0,0,0,0,0,0,0,0,0,0,0,0,0,0,0,0,0,0,0,0,0,0,0,0,0,0,0,0,0,0,0,0,0,0,0,0,0,0,0,0,0,0,0,0,0,0,0,0,0,0,0,0,0,0,0,0,0,0,0,0,0,0,0,0,0,0
"214",373.327725,373.397425,373.44245,373.4553,373.531375,373.57545,373.58655,378.0445,378.084525,378.106675,378.14115,378.1923,378.240825,380.34765,380.39965,380.4917,380.509475,380.6785,0,0,0,0,0,0,0,0,0,0,0,0,0,0,0,0,0,0,0,0,0,0,0,0,0,0,0,0,0,0,0,0,0,0,0,0,0,0,0,0,0,0,0,0,0,0,0,0,0,0,0,0,0,0,0,0,0,0,0,0,0,0,0,0,0,0,0,0,0,0,0,0,0,0,0,0,0,0,0,0,0,0,0,0,0,0,0,0,0,0,0,0,0,0,0,0,0,0,0,0,0,0,0,0,0,0,0,0,0,0,0,0,0,0,0,0,0,0,0,0,0,0,0,0,0,0,0,0,0,0,0,0,0,0,0,0,0,0,0,0,0,0,0,0,0,0,0,0,0,0,0,0,0,0,0,0,0,0,0,0,0,0,0,0,0,0,0,0,0,0,0,0,0,0,0,0,0,0,0,0,0,0,0,0,0,0,0,0,0,0,0,0,0,0,0,0,0,0,0,0,0,0,0,0,0,0,0,0,0,0,0,0,0,0,0,0,0,0,0,0,0,0,0,0,0,0,0,0,0,0,0,0,0,0,0,0,0,0,0,0,0,0,0,0,0,0,0,0,0,0,0,0,0,0,0,0,0,0,0,0,0,0,0,0,0,0,0,0,0,0,0,0,0,0,0,0,0,0,0,0,0,0,0,0,0,0,0,0,0,0,0,0,0,0,0,0,0,0,0,0,0,0,0,0,0,0,0,0,0,0,0,0,0,0,0,0,0,0,0,0,0,0,0,0,0,0,0,0,0,0,0,0,0,0,0,0,0,0,0,0,0,0,0,0,0,0,0,0,0,0,0,0,0,0,0,0,0,0,0,0,0,0,0,0,0,0,0,0,0,0,0,0,0,0,0,0,0,0,0,0,0,0,0,0,0,0,0,0,0,0,0,0,0,0,0,0,0,0,0,0,0,0,0,0,0,0,0,0,0,0,0,0,0,0,0,0
"215",370.903275,370.998125,371.0787,371.72495,371.748275,371.7814,371.8017,371.81775,371.8379,371.876125,371.900675,371.927175,371.943525,371.9854,372.011875,372.03225,372.0604,372.1066,372.18335,372.22965,372.290325,372.336275,372.411975,373.042925,373.080325,373.179925,373.2453,373.30465,373.352425,373.38995,373.420425,373.47105,373.5058,373.567475,373.594675,373.69665,373.768825,373.867375,374.01455,374.70925,374.86565,375.679225,375.7597,375.849175,375.94815,375.971425,376.007425,376.1173,376.188725,376.24325,376.337125,376.49865,377.470825,377.522425,377.57995,377.6217,377.771675,377.82,377.877125,377.922875,378.042675,378.59995,379.814125,379.9317,379.985375,380.1169,380.246925,380.40375,0,0,0,0,0,0,0,0,0,0,0,0,0,0,0,0,0,0,0,0,0,0,0,0,0,0,0,0,0,0,0,0,0,0,0,0,0,0,0,0,0,0,0,0,0,0,0,0,0,0,0,0,0,0,0,0,0,0,0,0,0,0,0,0,0,0,0,0,0,0,0,0,0,0,0,0,0,0,0,0,0,0,0,0,0,0,0,0,0,0,0,0,0,0,0,0,0,0,0,0,0,0,0,0,0,0,0,0,0,0,0,0,0,0,0,0,0,0,0,0,0,0,0,0,0,0,0,0,0,0,0,0,0,0,0,0,0,0,0,0,0,0,0,0,0,0,0,0,0,0,0,0,0,0,0,0,0,0,0,0,0,0,0,0,0,0,0,0,0,0,0,0,0,0,0,0,0,0,0,0,0,0,0,0,0,0,0,0,0,0,0,0,0,0,0,0,0,0,0,0,0,0,0,0,0,0,0,0,0,0,0,0,0,0,0,0,0,0,0,0,0,0,0,0,0,0,0,0,0,0,0,0,0,0,0,0,0,0,0,0,0,0,0,0,0,0,0,0,0,0,0,0,0,0,0,0,0,0,0,0,0,0,0,0,0,0,0,0,0,0,0,0,0,0,0,0,0,0,0,0,0,0,0,0,0,0,0,0,0,0,0,0,0,0,0,0,0,0,0,0,0,0,0,0,0,0,0,0,0,0,0,0,0,0,0,0,0,0,0,0,0,0,0,0,0,0,0,0,0,0,0,0,0,0,0,0,0,0,0,0,0,0,0,0,0,0,0,0,0,0,0,0,0,0,0,0,0,0,0,0,0,0,0,0,0,0
"216",369.5958,369.60705,369.60835,369.638275,369.665575,369.6739,369.719,369.77315,369.86265,369.901025,369.9502,369.95765,369.975525,370.00925,370.058225,370.160975,370.2197,370.2766,370.36805,370.49425,370.528975,370.561025,370.5878,370.6026,370.6355,370.658775,370.707025,370.7267,370.736375,370.744725,370.7866,370.793125,370.80335,370.82965,370.85175,370.8593,370.877375,370.8843,370.8999,370.915475,370.92435,370.93,370.9383,370.985575,371.009375,371.01665,371.0224,371.0297,371.04725,371.052925,371.08065,371.088925,371.1119,371.147125,371.154425,371.170425,371.199925,371.2454,371.258475,371.2727,371.296175,371.315225,371.333525,371.381375,371.3827,371.392925,371.410975,371.44435,371.471725,371.4736,371.482875,371.50075,371.511475,371.517,371.55895,371.566625,371.581625,371.58885,371.59655,371.6087,371.6114,371.6268,371.631775,371.653075,371.67055,371.69295,371.7043,371.711425,371.727025,371.746775,371.77245,371.805175,371.83025,371.855875,371.85985,371.871575,371.893075,371.924775,371.951625,372.0336,372.0492,372.076525,372.124825,372.187075,372.255775,372.267175,372.31195,372.335975,372.35385,372.3731,372.3997,372.411475,372.431675,372.451575,372.484225,372.517875,372.52755,372.557325,372.59385,372.603925,372.6226,372.6509,372.658875,372.7229,372.724775,372.747825,372.7542,372.7732,372.788475,372.807975,372.819875,372.8631,372.88565,372.897475,372.9092,372.921375,372.9521,373.0252,373.044225,373.059125,373.076425,373.089075,373.1092,373.1518,373.17385,373.214225,373.2369,373.2713,373.27345,373.314425,373.327,373.3346,373.34105,373.3481,373.349575,373.359525,373.3911,373.405025,373.4245,373.4346,373.47705,373.4933,373.4996,373.507575,373.5169,373.548525,373.58085,373.5938,373.6109,373.616675,373.680075,373.689125,373.739175,373.766125,373.778275,373.789925,373.7948,373.886,373.915,373.939875,373.9617,373.96445,373.9744,373.992375,374.0078,374.0117,374.0224,374.076,374.1037,374.106975,374.11845,374.120725,374.142825,374.154275,374.1789,374.1936,374.219825,374.263025,374.27295,374.350075,374.35335,374.41025,374.434575,374.4524,374.469,374.479875,374.50455,374.522525,374.558575,374.594575,374.641725,374.653725,374.666325,374.693875,374.70795,374.751275,374.7559,374.799,374.8143,374.83925,374.8698,374.94255,374.951725,374.982925,374.996575,375.07075,375.089425,375.1229,375.1268,375.1379,375.173075,375.206375,375.29695,375.347,375.35585,375.35765,375.377925,375.424075,375.426675,375.47545,375.512475,375.538475,375.547625,375.57245,375.602975,375.623375,375.63885,375.6654,375.69975,375.72125,375.73395,375.761775,375.783275,375.818975,375.834275,375.953875,375.96955,375.987025,376.033925,376.06135,376.18205,376.288125,376.291925,376.322775,376.36845,376.3806,376.59995,376.67765,376.7882,376.885475,377.064825,377.107575,377.234775,377.26415,377.353125,377.396275,377.428475,377.4414,377.47855,377.568075,377.584725,377.600725,377.632075,377.6876,377.699325,377.7111,377.762025,377.797125,377.8202,377.822275,377.8374,377.863275,377.8846,377.930525,377.949675,378.021125,378.03695,378.04075,378.141125,378.154125,378.224325,378.241,378.3221,378.3592,378.367375,378.4021,378.4242,378.465025,378.490575,378.50635,378.51485,378.5436,378.596875,378.63765,378.650175,378.750175,378.76255,378.83595,378.897275,378.95395,379.1539,379.29585,379.57985,379.606125,379.630275,379.648075,379.672025,379.754875,379.79945,379.830525,379.85545,379.904025,379.93595,379.946725,379.960725,379.96825,379.98005,380.015625,380.030325,380.054925,380.095725,380.132525,380.1522,380.175525,380.213075,380.235075,380.25215,380.25785,380.303175,380.322675,380.3586,380.39375,380.43605,380.4665,380.48725,380.51415,380.60115,380.60385,380.7189,380.8241,380.9093,380.9689,381.0451,381.060125,381.1261,381.186925,381.268825,381.904775,381.9912,382.2332,382.4859,382.631375,382.763225,382.82335,382.87435,383.005725,383.0836,383.1569,383.3186,383.615475,384.33615,385.43415,385.70635,0,0,0,0,0,0,0,0,0,0,0,0,0,0,0,0,0,0,0,0,0,0,0,0,0,0,0,0,0,0,0,0,0,0,0,0,0,0,0,0,0,0,0,0,0,0,0,0,0,0,0
"217",369.523775,369.73185,369.902025,370.09845,370.409525,370.438475,370.6562,371.142625,371.306925,371.3343,371.375425,371.437875,371.791625,372.55275,372.6378,372.6551,372.75995,373.29075,373.489475,374.108175,374.16325,374.48455,374.573575,374.81895,374.878425,374.918375,375.1072,375.158575,375.1877,375.2727,375.345125,375.367775,375.3845,375.448525,375.772225,376.658175,376.968875,377.0472,378.117025,378.66365,378.870975,378.91115,378.9479,379.04235,379.07465,379.08515,379.104875,379.250175,379.274825,379.312175,379.362675,379.418625,379.452125,379.49025,380.1272,380.35415,382.277125,382.454575,382.556875,384.355075,384.444275,384.567875,384.600075,0,0,0,0,0,0,0,0,0,0,0,0,0,0,0,0,0,0,0,0,0,0,0,0,0,0,0,0,0,0,0,0,0,0,0,0,0,0,0,0,0,0,0,0,0,0,0,0,0,0,0,0,0,0,0,0,0,0,0,0,0,0,0,0,0,0,0,0,0,0,0,0,0,0,0,0,0,0,0,0,0,0,0,0,0,0,0,0,0,0,0,0,0,0,0,0,0,0,0,0,0,0,0,0,0,0,0,0,0,0,0,0,0,0,0,0,0,0,0,0,0,0,0,0,0,0,0,0,0,0,0,0,0,0,0,0,0,0,0,0,0,0,0,0,0,0,0,0,0,0,0,0,0,0,0,0,0,0,0,0,0,0,0,0,0,0,0,0,0,0,0,0,0,0,0,0,0,0,0,0,0,0,0,0,0,0,0,0,0,0,0,0,0,0,0,0,0,0,0,0,0,0,0,0,0,0,0,0,0,0,0,0,0,0,0,0,0,0,0,0,0,0,0,0,0,0,0,0,0,0,0,0,0,0,0,0,0,0,0,0,0,0,0,0,0,0,0,0,0,0,0,0,0,0,0,0,0,0,0,0,0,0,0,0,0,0,0,0,0,0,0,0,0,0,0,0,0,0,0,0,0,0,0,0,0,0,0,0,0,0,0,0,0,0,0,0,0,0,0,0,0,0,0,0,0,0,0,0,0,0,0,0,0,0,0,0,0,0,0,0,0,0,0,0,0,0,0,0,0,0,0,0,0,0,0,0,0,0,0,0,0,0,0,0,0,0,0,0,0,0,0,0,0,0,0,0,0,0,0,0,0,0,0,0,0,0,0,0,0,0,0
"218",369.637225,370.073325,370.725675,371.5861,371.6356,371.6588,371.706625,371.712925,371.77915,371.846,371.85905,371.9695,372.08705,372.1415,372.149725,372.217875,372.310125,372.35925,372.38095,372.470575,372.547725,372.613,372.642025,372.8943,372.990775,373.088,373.1343,373.1749,373.1985,373.2666,373.29815,373.307925,373.360525,373.43055,373.516025,373.590575,373.605425,373.680425,373.696425,373.756775,373.787075,374.12475,374.177175,374.3157,374.52745,374.600775,374.7678,374.833225,374.909625,374.99415,375.29095,375.654825,375.8685,376.18995,376.221175,376.32815,376.38005,376.449825,376.59275,376.635375,377.3567,377.515625,377.6658,377.70895,377.8397,377.878425,377.945975,378.051325,378.061925,378.12875,378.156075,378.1953,378.2722,378.30525,378.466275,378.539625,378.78495,379.683725,379.759775,379.8041,379.97495,379.976675,380.0186,380.07245,380.096425,380.125075,380.283025,380.317625,380.3341,380.34515,380.36795,380.508525,380.5848,380.621425,380.673725,380.705125,380.758675,380.796775,380.882325,380.954325,380.9981,381.20045,383.2792,0,0,0,0,0,0,0,0,0,0,0,0,0,0,0,0,0,0,0,0,0,0,0,0,0,0,0,0,0,0,0,0,0,0,0,0,0,0,0,0,0,0,0,0,0,0,0,0,0,0,0,0,0,0,0,0,0,0,0,0,0,0,0,0,0,0,0,0,0,0,0,0,0,0,0,0,0,0,0,0,0,0,0,0,0,0,0,0,0,0,0,0,0,0,0,0,0,0,0,0,0,0,0,0,0,0,0,0,0,0,0,0,0,0,0,0,0,0,0,0,0,0,0,0,0,0,0,0,0,0,0,0,0,0,0,0,0,0,0,0,0,0,0,0,0,0,0,0,0,0,0,0,0,0,0,0,0,0,0,0,0,0,0,0,0,0,0,0,0,0,0,0,0,0,0,0,0,0,0,0,0,0,0,0,0,0,0,0,0,0,0,0,0,0,0,0,0,0,0,0,0,0,0,0,0,0,0,0,0,0,0,0,0,0,0,0,0,0,0,0,0,0,0,0,0,0,0,0,0,0,0,0,0,0,0,0,0,0,0,0,0,0,0,0,0,0,0,0,0,0,0,0,0,0,0,0,0,0,0,0,0,0,0,0,0,0,0,0,0,0,0,0,0,0,0,0,0,0,0,0,0,0,0,0,0,0,0,0,0,0,0,0,0,0,0,0,0,0,0,0,0,0,0,0,0,0,0,0,0,0,0,0,0,0,0,0,0,0,0,0,0,0,0,0,0,0,0,0,0,0,0
"219",369.9316,370.840025,371.084375,371.185625,371.72495,371.81645,372.002325,372.1685,372.302125,372.3533,372.449775,372.515675,372.9642,373.02215,373.135275,373.1965,373.281225,373.338625,373.413975,373.62165,373.800525,373.899625,374.025175,374.061275,374.2284,374.296675,374.358525,374.5976,374.73285,374.909225,375.02155,375.76045,375.818275,375.973325,376.1138,376.1726,376.2873,376.381525,376.44625,376.6239,376.75485,377.3867,377.465725,377.503025,377.614475,377.76085,377.8695,378.007475,378.097025,378.354525,378.473425,378.54745,378.6448,378.860975,379.6284,379.71695,379.825875,379.902175,379.99905,380.116925,380.18585,380.4924,380.9252,381.2311,381.76025,382.729325,382.88485,383.07165,383.259625,383.4169,383.6416,385.171825,385.48645,0,0,0,0,0,0,0,0,0,0,0,0,0,0,0,0,0,0,0,0,0,0,0,0,0,0,0,0,0,0,0,0,0,0,0,0,0,0,0,0,0,0,0,0,0,0,0,0,0,0,0,0,0,0,0,0,0,0,0,0,0,0,0,0,0,0,0,0,0,0,0,0,0,0,0,0,0,0,0,0,0,0,0,0,0,0,0,0,0,0,0,0,0,0,0,0,0,0,0,0,0,0,0,0,0,0,0,0,0,0,0,0,0,0,0,0,0,0,0,0,0,0,0,0,0,0,0,0,0,0,0,0,0,0,0,0,0,0,0,0,0,0,0,0,0,0,0,0,0,0,0,0,0,0,0,0,0,0,0,0,0,0,0,0,0,0,0,0,0,0,0,0,0,0,0,0,0,0,0,0,0,0,0,0,0,0,0,0,0,0,0,0,0,0,0,0,0,0,0,0,0,0,0,0,0,0,0,0,0,0,0,0,0,0,0,0,0,0,0,0,0,0,0,0,0,0,0,0,0,0,0,0,0,0,0,0,0,0,0,0,0,0,0,0,0,0,0,0,0,0,0,0,0,0,0,0,0,0,0,0,0,0,0,0,0,0,0,0,0,0,0,0,0,0,0,0,0,0,0,0,0,0,0,0,0,0,0,0,0,0,0,0,0,0,0,0,0,0,0,0,0,0,0,0,0,0,0,0,0,0,0,0,0,0,0,0,0,0,0,0,0,0,0,0,0,0,0,0,0,0,0,0,0,0,0,0,0,0,0,0,0,0,0,0,0,0,0,0,0,0,0,0,0,0,0,0,0,0,0,0,0
"220",370.49735,370.8456,370.936,370.97165,371.01825,371.0506,371.105925,371.639,371.6737,371.689925,371.707975,371.72165,372.480525,372.81705,372.9978,373.52635,374.60425,374.649175,374.88785,375.639975,375.66265,377.381625,377.427575,377.48435,379.676975,379.701325,379.761675,379.7769,379.817625,379.978725,383.1492,383.261075,383.280275,383.3916,0,0,0,0,0,0,0,0,0,0,0,0,0,0,0,0,0,0,0,0,0,0,0,0,0,0,0,0,0,0,0,0,0,0,0,0,0,0,0,0,0,0,0,0,0,0,0,0,0,0,0,0,0,0,0,0,0,0,0,0,0,0,0,0,0,0,0,0,0,0,0,0,0,0,0,0,0,0,0,0,0,0,0,0,0,0,0,0,0,0,0,0,0,0,0,0,0,0,0,0,0,0,0,0,0,0,0,0,0,0,0,0,0,0,0,0,0,0,0,0,0,0,0,0,0,0,0,0,0,0,0,0,0,0,0,0,0,0,0,0,0,0,0,0,0,0,0,0,0,0,0,0,0,0,0,0,0,0,0,0,0,0,0,0,0,0,0,0,0,0,0,0,0,0,0,0,0,0,0,0,0,0,0,0,0,0,0,0,0,0,0,0,0,0,0,0,0,0,0,0,0,0,0,0,0,0,0,0,0,0,0,0,0,0,0,0,0,0,0,0,0,0,0,0,0,0,0,0,0,0,0,0,0,0,0,0,0,0,0,0,0,0,0,0,0,0,0,0,0,0,0,0,0,0,0,0,0,0,0,0,0,0,0,0,0,0,0,0,0,0,0,0,0,0,0,0,0,0,0,0,0,0,0,0,0,0,0,0,0,0,0,0,0,0,0,0,0,0,0,0,0,0,0,0,0,0,0,0,0,0,0,0,0,0,0,0,0,0,0,0,0,0,0,0,0,0,0,0,0,0,0,0,0,0,0,0,0,0,0,0,0,0,0,0,0,0,0,0,0,0,0,0,0,0,0,0,0,0,0,0,0,0,0,0,0,0,0,0,0,0,0,0,0,0,0,0,0,0,0,0,0,0,0,0,0,0,0,0,0,0,0,0,0,0,0,0,0,0,0,0
"221",370.68115,370.894525,370.976125,370.99475,371.101375,371.983275,372.678425,372.982475,373.156175,373.1835,373.222475,373.83245,373.836975,373.8751,374.6832,375.85145,376.7959,377.013025,377.593125,377.9078,377.9753,378.124975,380.068075,380.2643,380.5628,0,0,0,0,0,0,0,0,0,0,0,0,0,0,0,0,0,0,0,0,0,0,0,0,0,0,0,0,0,0,0,0,0,0,0,0,0,0,0,0,0,0,0,0,0,0,0,0,0,0,0,0,0,0,0,0,0,0,0,0,0,0,0,0,0,0,0,0,0,0,0,0,0,0,0,0,0,0,0,0,0,0,0,0,0,0,0,0,0,0,0,0,0,0,0,0,0,0,0,0,0,0,0,0,0,0,0,0,0,0,0,0,0,0,0,0,0,0,0,0,0,0,0,0,0,0,0,0,0,0,0,0,0,0,0,0,0,0,0,0,0,0,0,0,0,0,0,0,0,0,0,0,0,0,0,0,0,0,0,0,0,0,0,0,0,0,0,0,0,0,0,0,0,0,0,0,0,0,0,0,0,0,0,0,0,0,0,0,0,0,0,0,0,0,0,0,0,0,0,0,0,0,0,0,0,0,0,0,0,0,0,0,0,0,0,0,0,0,0,0,0,0,0,0,0,0,0,0,0,0,0,0,0,0,0,0,0,0,0,0,0,0,0,0,0,0,0,0,0,0,0,0,0,0,0,0,0,0,0,0,0,0,0,0,0,0,0,0,0,0,0,0,0,0,0,0,0,0,0,0,0,0,0,0,0,0,0,0,0,0,0,0,0,0,0,0,0,0,0,0,0,0,0,0,0,0,0,0,0,0,0,0,0,0,0,0,0,0,0,0,0,0,0,0,0,0,0,0,0,0,0,0,0,0,0,0,0,0,0,0,0,0,0,0,0,0,0,0,0,0,0,0,0,0,0,0,0,0,0,0,0,0,0,0,0,0,0,0,0,0,0,0,0,0,0,0,0,0,0,0,0,0,0,0,0,0,0,0,0,0,0,0,0,0,0,0,0,0,0,0,0,0,0,0,0,0,0,0,0
"222",360.054325,360.205975,360.270425,360.8058,360.902925,361.1771,361.2993,361.536775,361.752,361.999125,362.082425,362.3333,362.461475,362.6035,362.646875,362.788325,363.24605,363.409125,363.71175,363.94415,364.405625,364.563075,364.865275,365.110625,365.3399,365.70435,365.786825,366.10065,366.401625,366.4871,367.06525,367.2807,367.739825,368.263025,368.78955,369.1116,369.5257,369.6126,369.648475,369.69305,369.755175,369.83185,370.880625,371.1211,371.2433,371.545025,371.73685,371.759775,371.773625,371.845775,371.90725,371.93505,371.966475,372.022325,372.03845,372.0958,372.11785,372.158975,372.25175,372.41175,372.458175,373.076975,373.115925,373.1826,373.28175,373.3323,373.369825,373.50695,373.750825,373.80225,373.8518,373.956675,374.0158,374.963275,375.64475,375.67755,375.701375,375.7448,375.76445,375.790925,375.798,375.8466,375.858475,375.887,375.923675,375.935025,375.963125,376.0004,376.0141,376.0216,376.093425,377.38295,377.42115,377.480375,377.498075,377.54855,377.59115,377.615275,377.643425,377.660825,377.68675,377.732225,377.758225,377.805725,377.848125,378.681225,379.60945,379.637175,379.690575,379.754475,379.870625,379.91465,380.049775,381.116075,381.5329,382.4371,382.530075,382.5998,382.75,382.792625,382.8231,382.890575,382.944075,382.990825,383.0616,383.123,383.164325,383.252125,383.33965,383.454925,383.619525,383.6705,384.8807,384.9688,385.011525,385.064275,385.140275,385.21335,385.27385,385.367275,385.4139,385.522325,385.6637,385.779,385.88945,386.01165,386.123125,387.04385,0,0,0,0,0,0,0,0,0,0,0,0,0,0,0,0,0,0,0,0,0,0,0,0,0,0,0,0,0,0,0,0,0,0,0,0,0,0,0,0,0,0,0,0,0,0,0,0,0,0,0,0,0,0,0,0,0,0,0,0,0,0,0,0,0,0,0,0,0,0,0,0,0,0,0,0,0,0,0,0,0,0,0,0,0,0,0,0,0,0,0,0,0,0,0,0,0,0,0,0,0,0,0,0,0,0,0,0,0,0,0,0,0,0,0,0,0,0,0,0,0,0,0,0,0,0,0,0,0,0,0,0,0,0,0,0,0,0,0,0,0,0,0,0,0,0,0,0,0,0,0,0,0,0,0,0,0,0,0,0,0,0,0,0,0,0,0,0,0,0,0,0,0,0,0,0,0,0,0,0,0,0,0,0,0,0,0,0,0,0,0,0,0,0,0,0,0,0,0,0,0,0,0,0,0,0,0,0,0,0,0,0,0,0,0,0,0,0,0,0,0,0,0,0,0,0,0,0,0,0,0,0,0,0,0,0,0,0,0,0,0,0,0,0,0,0,0,0,0,0,0,0,0,0,0,0,0,0,0,0,0,0,0,0,0,0,0,0,0,0,0,0,0,0,0,0,0,0,0,0,0,0,0,0,0,0
"223",370.836625,370.8871,370.965175,370.966275,370.9908,371.080475,371.631075,371.7475,371.76615,371.8139,371.84675,371.857925,371.9246,371.9675,371.978725,372.28105,372.2895,372.3921,372.50315,372.891525,372.949775,373.01575,373.14315,373.214825,373.318225,373.34085,373.384775,373.39535,373.41455,373.4483,373.505525,373.548225,373.61025,373.63245,373.7437,373.806025,373.82865,373.86635,373.927325,374.0121,374.046325,374.072625,374.112775,374.1651,374.55815,374.586575,374.607775,374.740425,374.86825,374.901125,375.03485,375.654875,375.67755,375.8,375.8264,375.940275,375.9688,376.146,376.281625,376.335075,376.398425,376.469275,376.512525,376.63525,376.666625,376.825,377.460575,377.498325,377.559775,377.6268,377.78785,377.89625,377.909775,377.963,378.0333,378.126675,378.160925,378.228425,378.25515,378.277525,378.29585,378.329575,378.3911,378.435175,378.45135,378.508275,378.5749,378.58025,379.689825,379.743575,379.86635,379.87385,379.947875,380.043625,380.1993,380.275975,380.349875,380.42625,380.445,380.466,380.523475,380.55245,380.61005,380.63195,380.651275,380.668575,380.688775,380.746125,380.818575,380.8579,380.89305,380.910125,380.947425,380.984375,381.0225,381.0881,381.109875,381.139425,381.218125,381.280875,381.3334,381.400475,381.50185,381.564625,381.671225,381.757475,0,0,0,0,0,0,0,0,0,0,0,0,0,0,0,0,0,0,0,0,0,0,0,0,0,0,0,0,0,0,0,0,0,0,0,0,0,0,0,0,0,0,0,0,0,0,0,0,0,0,0,0,0,0,0,0,0,0,0,0,0,0,0,0,0,0,0,0,0,0,0,0,0,0,0,0,0,0,0,0,0,0,0,0,0,0,0,0,0,0,0,0,0,0,0,0,0,0,0,0,0,0,0,0,0,0,0,0,0,0,0,0,0,0,0,0,0,0,0,0,0,0,0,0,0,0,0,0,0,0,0,0,0,0,0,0,0,0,0,0,0,0,0,0,0,0,0,0,0,0,0,0,0,0,0,0,0,0,0,0,0,0,0,0,0,0,0,0,0,0,0,0,0,0,0,0,0,0,0,0,0,0,0,0,0,0,0,0,0,0,0,0,0,0,0,0,0,0,0,0,0,0,0,0,0,0,0,0,0,0,0,0,0,0,0,0,0,0,0,0,0,0,0,0,0,0,0,0,0,0,0,0,0,0,0,0,0,0,0,0,0,0,0,0,0,0,0,0,0,0,0,0,0,0,0,0,0,0,0,0,0,0,0,0,0,0,0,0,0,0,0,0,0,0,0,0,0,0,0,0,0,0,0,0,0,0,0,0,0,0,0,0,0,0,0,0,0,0,0,0,0,0,0,0,0,0,0,0
"224",370.93335,371.01,371.111725,371.59885,371.6854,371.71095,371.8284,371.870875,371.908825,372.023025,372.08175,372.3327,372.35955,372.4106,372.969575,372.996825,373.0345,373.049425,373.1232,373.181125,373.36405,373.714225,373.7924,374.098625,374.503275,374.7145,375.597175,375.627425,375.790025,375.910325,375.9509,377.359325,377.394825,377.45145,377.519325,377.5796,377.619625,377.635475,377.769975,377.889225,377.971775,378.048525,378.343175,378.3934,379.65075,379.71985,379.77745,379.9049,380.03515,380.464025,0,0,0,0,0,0,0,0,0,0,0,0,0,0,0,0,0,0,0,0,0,0,0,0,0,0,0,0,0,0,0,0,0,0,0,0,0,0,0,0,0,0,0,0,0,0,0,0,0,0,0,0,0,0,0,0,0,0,0,0,0,0,0,0,0,0,0,0,0,0,0,0,0,0,0,0,0,0,0,0,0,0,0,0,0,0,0,0,0,0,0,0,0,0,0,0,0,0,0,0,0,0,0,0,0,0,0,0,0,0,0,0,0,0,0,0,0,0,0,0,0,0,0,0,0,0,0,0,0,0,0,0,0,0,0,0,0,0,0,0,0,0,0,0,0,0,0,0,0,0,0,0,0,0,0,0,0,0,0,0,0,0,0,0,0,0,0,0,0,0,0,0,0,0,0,0,0,0,0,0,0,0,0,0,0,0,0,0,0,0,0,0,0,0,0,0,0,0,0,0,0,0,0,0,0,0,0,0,0,0,0,0,0,0,0,0,0,0,0,0,0,0,0,0,0,0,0,0,0,0,0,0,0,0,0,0,0,0,0,0,0,0,0,0,0,0,0,0,0,0,0,0,0,0,0,0,0,0,0,0,0,0,0,0,0,0,0,0,0,0,0,0,0,0,0,0,0,0,0,0,0,0,0,0,0,0,0,0,0,0,0,0,0,0,0,0,0,0,0,0,0,0,0,0,0,0,0,0,0,0,0,0,0,0,0,0,0,0,0,0,0,0,0,0,0,0,0,0,0,0,0,0,0,0,0,0,0,0,0,0,0,0,0,0,0,0,0,0,0,0,0,0,0,0,0,0,0,0,0,0,0,0,0,0,0,0,0,0,0,0,0,0,0,0,0,0,0,0,0,0,0,0,0,0
"225",369.868275,369.9303,370.003525,370.02295,370.070575,370.11705,370.15705,370.195975,370.21855,370.26445,370.28035,370.360125,370.38095,370.4429,371.494625,373.259225,376.8071,377.38905,381.19485,381.23345,381.306275,381.411025,381.459525,381.502675,381.53595,381.571475,381.66035,381.683925,381.7313,381.763675,381.788225,381.804975,381.8308,381.8746,381.899675,381.912075,381.958875,381.98465,382.006825,382.064025,382.096475,382.135975,382.159775,382.26325,383.578575,383.665275,383.73795,383.867225,383.927925,383.9634,384.00625,384.05335,384.099175,384.155175,384.2419,384.3059,384.34235,385.9809,386.12195,386.37755,386.508175,386.57115,386.7264,386.883625,387.254625,0,0,0,0,0,0,0,0,0,0,0,0,0,0,0,0,0,0,0,0,0,0,0,0,0,0,0,0,0,0,0,0,0,0,0,0,0,0,0,0,0,0,0,0,0,0,0,0,0,0,0,0,0,0,0,0,0,0,0,0,0,0,0,0,0,0,0,0,0,0,0,0,0,0,0,0,0,0,0,0,0,0,0,0,0,0,0,0,0,0,0,0,0,0,0,0,0,0,0,0,0,0,0,0,0,0,0,0,0,0,0,0,0,0,0,0,0,0,0,0,0,0,0,0,0,0,0,0,0,0,0,0,0,0,0,0,0,0,0,0,0,0,0,0,0,0,0,0,0,0,0,0,0,0,0,0,0,0,0,0,0,0,0,0,0,0,0,0,0,0,0,0,0,0,0,0,0,0,0,0,0,0,0,0,0,0,0,0,0,0,0,0,0,0,0,0,0,0,0,0,0,0,0,0,0,0,0,0,0,0,0,0,0,0,0,0,0,0,0,0,0,0,0,0,0,0,0,0,0,0,0,0,0,0,0,0,0,0,0,0,0,0,0,0,0,0,0,0,0,0,0,0,0,0,0,0,0,0,0,0,0,0,0,0,0,0,0,0,0,0,0,0,0,0,0,0,0,0,0,0,0,0,0,0,0,0,0,0,0,0,0,0,0,0,0,0,0,0,0,0,0,0,0,0,0,0,0,0,0,0,0,0,0,0,0,0,0,0,0,0,0,0,0,0,0,0,0,0,0,0,0,0,0,0,0,0,0,0,0,0,0,0,0,0,0,0,0,0,0,0,0,0,0,0,0,0,0,0,0,0,0,0,0,0,0,0,0,0,0
"226",363.62025,364.865775,365.34525,367.588425,367.880775,368.175275,368.38695,369.4393,369.494825,369.606425,369.66115,369.702975,370.831775,370.93935,371.0431,371.557825,371.7849,372.274675,372.355125,372.468075,374.2819,374.366575,374.708525,376.0721,380.9588,381.201225,0,0,0,0,0,0,0,0,0,0,0,0,0,0,0,0,0,0,0,0,0,0,0,0,0,0,0,0,0,0,0,0,0,0,0,0,0,0,0,0,0,0,0,0,0,0,0,0,0,0,0,0,0,0,0,0,0,0,0,0,0,0,0,0,0,0,0,0,0,0,0,0,0,0,0,0,0,0,0,0,0,0,0,0,0,0,0,0,0,0,0,0,0,0,0,0,0,0,0,0,0,0,0,0,0,0,0,0,0,0,0,0,0,0,0,0,0,0,0,0,0,0,0,0,0,0,0,0,0,0,0,0,0,0,0,0,0,0,0,0,0,0,0,0,0,0,0,0,0,0,0,0,0,0,0,0,0,0,0,0,0,0,0,0,0,0,0,0,0,0,0,0,0,0,0,0,0,0,0,0,0,0,0,0,0,0,0,0,0,0,0,0,0,0,0,0,0,0,0,0,0,0,0,0,0,0,0,0,0,0,0,0,0,0,0,0,0,0,0,0,0,0,0,0,0,0,0,0,0,0,0,0,0,0,0,0,0,0,0,0,0,0,0,0,0,0,0,0,0,0,0,0,0,0,0,0,0,0,0,0,0,0,0,0,0,0,0,0,0,0,0,0,0,0,0,0,0,0,0,0,0,0,0,0,0,0,0,0,0,0,0,0,0,0,0,0,0,0,0,0,0,0,0,0,0,0,0,0,0,0,0,0,0,0,0,0,0,0,0,0,0,0,0,0,0,0,0,0,0,0,0,0,0,0,0,0,0,0,0,0,0,0,0,0,0,0,0,0,0,0,0,0,0,0,0,0,0,0,0,0,0,0,0,0,0,0,0,0,0,0,0,0,0,0,0,0,0,0,0,0,0,0,0,0,0,0,0,0,0,0,0,0,0,0,0,0,0,0,0,0,0,0,0,0,0,0,0,0
"227",371.140475,371.408725,371.739525,371.834025,371.867525,371.91375,371.946,372.0263,372.05495,372.079525,372.138725,373.085375,373.295775,373.34685,373.376525,373.456625,373.51675,373.555575,373.64595,375.8578,375.986625,376.041925,376.098325,376.14235,376.169525,376.20275,376.223775,376.255925,376.304625,377.662825,377.764325,377.800875,377.861375,377.902,378.0031,378.078725,378.12485,379.785975,379.931475,380.000175,380.065175,380.11195,380.178625,380.2787,380.3653,380.627475,380.6762,0,0,0,0,0,0,0,0,0,0,0,0,0,0,0,0,0,0,0,0,0,0,0,0,0,0,0,0,0,0,0,0,0,0,0,0,0,0,0,0,0,0,0,0,0,0,0,0,0,0,0,0,0,0,0,0,0,0,0,0,0,0,0,0,0,0,0,0,0,0,0,0,0,0,0,0,0,0,0,0,0,0,0,0,0,0,0,0,0,0,0,0,0,0,0,0,0,0,0,0,0,0,0,0,0,0,0,0,0,0,0,0,0,0,0,0,0,0,0,0,0,0,0,0,0,0,0,0,0,0,0,0,0,0,0,0,0,0,0,0,0,0,0,0,0,0,0,0,0,0,0,0,0,0,0,0,0,0,0,0,0,0,0,0,0,0,0,0,0,0,0,0,0,0,0,0,0,0,0,0,0,0,0,0,0,0,0,0,0,0,0,0,0,0,0,0,0,0,0,0,0,0,0,0,0,0,0,0,0,0,0,0,0,0,0,0,0,0,0,0,0,0,0,0,0,0,0,0,0,0,0,0,0,0,0,0,0,0,0,0,0,0,0,0,0,0,0,0,0,0,0,0,0,0,0,0,0,0,0,0,0,0,0,0,0,0,0,0,0,0,0,0,0,0,0,0,0,0,0,0,0,0,0,0,0,0,0,0,0,0,0,0,0,0,0,0,0,0,0,0,0,0,0,0,0,0,0,0,0,0,0,0,0,0,0,0,0,0,0,0,0,0,0,0,0,0,0,0,0,0,0,0,0,0,0,0,0,0,0,0,0,0,0,0,0,0,0,0,0,0,0,0,0,0,0,0,0,0,0,0,0,0,0,0,0,0,0,0,0,0,0,0,0,0,0,0,0,0,0,0,0,0,0,0,0,0,0
"228",372.0473,372.0855,372.171025,372.226475,372.3389,372.38575,372.4517,372.783075,373.029175,373.1066,373.16305,373.17355,373.241175,373.30405,373.46935,373.557875,373.57295,373.72635,373.756225,373.8871,374.26755,374.38575,374.728275,374.960875,374.977225,375.14875,376.00755,376.35785,376.491575,376.55845,376.5991,376.7074,376.7707,376.90225,377.380825,377.57495,377.754825,377.792825,377.94465,377.9847,378.374575,378.525425,378.646975,378.737,378.866175,379.616225,379.99565,380.111375,0,0,0,0,0,0,0,0,0,0,0,0,0,0,0,0,0,0,0,0,0,0,0,0,0,0,0,0,0,0,0,0,0,0,0,0,0,0,0,0,0,0,0,0,0,0,0,0,0,0,0,0,0,0,0,0,0,0,0,0,0,0,0,0,0,0,0,0,0,0,0,0,0,0,0,0,0,0,0,0,0,0,0,0,0,0,0,0,0,0,0,0,0,0,0,0,0,0,0,0,0,0,0,0,0,0,0,0,0,0,0,0,0,0,0,0,0,0,0,0,0,0,0,0,0,0,0,0,0,0,0,0,0,0,0,0,0,0,0,0,0,0,0,0,0,0,0,0,0,0,0,0,0,0,0,0,0,0,0,0,0,0,0,0,0,0,0,0,0,0,0,0,0,0,0,0,0,0,0,0,0,0,0,0,0,0,0,0,0,0,0,0,0,0,0,0,0,0,0,0,0,0,0,0,0,0,0,0,0,0,0,0,0,0,0,0,0,0,0,0,0,0,0,0,0,0,0,0,0,0,0,0,0,0,0,0,0,0,0,0,0,0,0,0,0,0,0,0,0,0,0,0,0,0,0,0,0,0,0,0,0,0,0,0,0,0,0,0,0,0,0,0,0,0,0,0,0,0,0,0,0,0,0,0,0,0,0,0,0,0,0,0,0,0,0,0,0,0,0,0,0,0,0,0,0,0,0,0,0,0,0,0,0,0,0,0,0,0,0,0,0,0,0,0,0,0,0,0,0,0,0,0,0,0,0,0,0,0,0,0,0,0,0,0,0,0,0,0,0,0,0,0,0,0,0,0,0,0,0,0,0,0,0,0,0,0,0,0,0,0,0,0,0,0,0,0,0,0,0,0,0,0,0,0,0,0
"229",371.982275,373.60565,373.6491,373.732375,373.75455,373.7961,373.81765,373.8706,373.909975,375.937575,375.9733,375.995875,376.0242,376.07055,376.13035,376.149375,0,0,0,0,0,0,0,0,0,0,0,0,0,0,0,0,0,0,0,0,0,0,0,0,0,0,0,0,0,0,0,0,0,0,0,0,0,0,0,0,0,0,0,0,0,0,0,0,0,0,0,0,0,0,0,0,0,0,0,0,0,0,0,0,0,0,0,0,0,0,0,0,0,0,0,0,0,0,0,0,0,0,0,0,0,0,0,0,0,0,0,0,0,0,0,0,0,0,0,0,0,0,0,0,0,0,0,0,0,0,0,0,0,0,0,0,0,0,0,0,0,0,0,0,0,0,0,0,0,0,0,0,0,0,0,0,0,0,0,0,0,0,0,0,0,0,0,0,0,0,0,0,0,0,0,0,0,0,0,0,0,0,0,0,0,0,0,0,0,0,0,0,0,0,0,0,0,0,0,0,0,0,0,0,0,0,0,0,0,0,0,0,0,0,0,0,0,0,0,0,0,0,0,0,0,0,0,0,0,0,0,0,0,0,0,0,0,0,0,0,0,0,0,0,0,0,0,0,0,0,0,0,0,0,0,0,0,0,0,0,0,0,0,0,0,0,0,0,0,0,0,0,0,0,0,0,0,0,0,0,0,0,0,0,0,0,0,0,0,0,0,0,0,0,0,0,0,0,0,0,0,0,0,0,0,0,0,0,0,0,0,0,0,0,0,0,0,0,0,0,0,0,0,0,0,0,0,0,0,0,0,0,0,0,0,0,0,0,0,0,0,0,0,0,0,0,0,0,0,0,0,0,0,0,0,0,0,0,0,0,0,0,0,0,0,0,0,0,0,0,0,0,0,0,0,0,0,0,0,0,0,0,0,0,0,0,0,0,0,0,0,0,0,0,0,0,0,0,0,0,0,0,0,0,0,0,0,0,0,0,0,0,0,0,0,0,0,0,0,0,0,0,0,0,0,0,0,0,0,0,0,0,0,0,0,0,0,0
"230",371.728925,371.8195,371.900075,371.940525,372.0125,372.06685,372.175,373.301725,373.374875,373.4766,373.50785,375.806775,375.898275,375.932775,375.967225,376.012275,376.040575,376.18655,376.258975,377.803175,377.8652,0,0,0,0,0,0,0,0,0,0,0,0,0,0,0,0,0,0,0,0,0,0,0,0,0,0,0,0,0,0,0,0,0,0,0,0,0,0,0,0,0,0,0,0,0,0,0,0,0,0,0,0,0,0,0,0,0,0,0,0,0,0,0,0,0,0,0,0,0,0,0,0,0,0,0,0,0,0,0,0,0,0,0,0,0,0,0,0,0,0,0,0,0,0,0,0,0,0,0,0,0,0,0,0,0,0,0,0,0,0,0,0,0,0,0,0,0,0,0,0,0,0,0,0,0,0,0,0,0,0,0,0,0,0,0,0,0,0,0,0,0,0,0,0,0,0,0,0,0,0,0,0,0,0,0,0,0,0,0,0,0,0,0,0,0,0,0,0,0,0,0,0,0,0,0,0,0,0,0,0,0,0,0,0,0,0,0,0,0,0,0,0,0,0,0,0,0,0,0,0,0,0,0,0,0,0,0,0,0,0,0,0,0,0,0,0,0,0,0,0,0,0,0,0,0,0,0,0,0,0,0,0,0,0,0,0,0,0,0,0,0,0,0,0,0,0,0,0,0,0,0,0,0,0,0,0,0,0,0,0,0,0,0,0,0,0,0,0,0,0,0,0,0,0,0,0,0,0,0,0,0,0,0,0,0,0,0,0,0,0,0,0,0,0,0,0,0,0,0,0,0,0,0,0,0,0,0,0,0,0,0,0,0,0,0,0,0,0,0,0,0,0,0,0,0,0,0,0,0,0,0,0,0,0,0,0,0,0,0,0,0,0,0,0,0,0,0,0,0,0,0,0,0,0,0,0,0,0,0,0,0,0,0,0,0,0,0,0,0,0,0,0,0,0,0,0,0,0,0,0,0,0,0,0,0,0,0,0,0,0,0,0,0,0,0,0,0,0,0,0,0,0,0,0,0,0,0,0,0,0,0,0,0
"231",360.469225,360.724975,360.820325,362.5797,362.866575,362.875075,363.580775,363.750575,365.35455,367.80075,369.592375,370.140025,370.233975,370.4213,370.657,370.79705,370.80935,370.9502,370.9907,371.40175,371.579725,371.66505,371.84675,371.858575,371.875275,371.924625,371.931625,371.94835,371.957475,371.97045,371.97175,372.046325,372.058125,372.06795,372.073125,372.0958,372.1097,372.135375,372.1462,372.155025,372.1741,372.18645,372.2014,372.21425,372.23205,372.246675,372.262175,372.296525,372.30835,372.322075,372.34015,372.3425,372.37815,372.3901,372.392,372.413425,372.41425,372.4338,372.43705,372.441975,372.448975,372.47645,372.48575,372.4907,372.505975,372.52895,372.5687,372.59015,372.599325,372.6177,372.6424,372.70565,372.732775,372.74675,372.778675,372.799225,372.813075,372.950325,372.9636,373.000675,373.01485,373.015675,373.03935,373.050325,373.07245,373.083125,373.09995,373.1133,373.13735,373.143075,373.183,373.1931,373.222025,373.2675,373.275925,373.2972,373.306775,373.32355,373.335925,373.3385,373.35355,373.362425,373.377975,373.390225,373.394725,373.4059,373.434375,373.44435,373.45165,373.455975,373.5035,373.51215,373.520375,373.5288,373.54255,373.546275,373.55485,373.56315,373.5706,373.587,373.5958,373.608775,373.6192,373.62015,373.6375,373.644925,373.6586,373.661225,373.670625,373.6873,373.704775,373.72385,373.741,373.7707,373.771975,373.777575,373.7889,373.795125,373.810725,373.816675,373.851025,373.87635,373.882675,373.890825,373.895775,373.9107,373.918975,373.929575,373.9408,373.947375,373.956025,373.9631,373.975175,373.98705,373.99705,374.00425,374.01305,374.02105,374.028025,374.045025,374.057575,374.068075,374.07115,374.0765,374.08685,374.109,374.116725,374.125175,374.131825,374.142425,374.170575,374.1796,374.197125,374.207875,374.22065,374.237725,374.2514,374.277075,374.29505,374.303525,374.333775,374.355,374.370875,374.380575,374.40305,374.42935,374.4497,374.4675,374.49525,374.502125,374.52775,374.54,374.5528,374.572925,374.581975,374.599025,374.603125,374.6076,374.620925,374.634275,374.6559,374.6711,374.678775,374.68865,374.703225,374.710025,374.719925,374.7394,374.7484,374.755825,374.76675,374.775425,374.7898,374.802025,374.813325,374.8328,374.842875,374.855125,374.8638,374.8761,374.8841,374.9082,374.9204,374.930125,374.944525,374.95985,374.9746,374.986275,374.993225,374.998825,375.007375,375.023975,375.02915,375.03375,375.060275,375.070725,375.097175,375.117625,375.14985,375.160425,375.1944,375.244825,375.288925,375.296425,375.36835,375.436675,375.5172,375.71345,375.7538,375.8041,375.9555,375.968725,375.987825,376.0522,376.12455,376.1528,376.29405,376.423,376.455925,376.494575,376.5021,376.5577,376.61115,376.65985,376.76275,376.82755,377.03015,377.35115,377.3844,377.4452,377.4773,377.527825,377.55905,377.621175,377.652675,377.69495,377.721775,377.72665,377.752875,377.799875,377.840925,377.8468,377.864575,377.898475,377.912175,377.961175,377.99645,378.0121,378.020825,378.030575,378.07205,378.0942,378.098225,378.1068,378.121175,378.14765,378.168175,378.178375,378.208625,378.2196,378.23625,378.259975,378.283375,378.301175,378.325325,378.345475,378.353,378.368825,378.387825,378.404775,378.419,378.459625,378.487575,378.51275,378.537825,378.555925,378.572225,378.591525,378.611425,378.625875,378.648325,378.655425,378.683775,378.70935,378.731225,378.742375,378.766575,378.793575,378.8219,378.8448,378.859175,378.88825,378.907025,379.078325,379.169475,379.31145,379.575475,379.6673,379.6897,379.72625,379.7701,379.805375,379.80645,379.808125,379.84295,379.909975,379.935275,379.9653,379.980275,380.011,380.03735,380.077375,380.09095,380.104475,380.12265,380.125675,380.2015,380.2099,380.242425,380.255625,380.2632,380.274025,380.2918,380.3137,380.3165,380.33515,380.352575,380.355625,380.373875,380.400725,380.402675,380.419575,380.466875,380.476125,380.501175,380.505975,380.5168,380.54205,380.54935,380.5651,380.591725,380.6053,380.638975,380.6445,380.678075,380.681125,380.705075,380.71565,380.73345,380.75625,380.774275,380.77545,380.826525,380.838675,380.854625,380.8612,380.877725,380.91845,380.94385,381.04015,381.05055,381.121225,381.160775,381.209925,381.3226,381.43385,381.721975,381.897175,382.751075,382.82745,382.84985,382.89035,382.93855,383.0693,383.127425,383.131975,383.16625,383.229775,383.37435,383.47225,383.616825,383.634025,383.7609,383.8941,384.082125,384.319075,385.900725,391.5612,391.844625,393.3085,396.579775,396.825,398.018425,398.210625
"232",370.696975,370.85685,370.954575,371.084225,371.184125,371.29175,371.57335,371.993975,372.1526,372.566425,372.67015,372.763925,373.14525,373.57535,373.611075,374.63745,375.346225,375.699825,376.19475,376.1961,376.312875,376.355275,376.62005,378.001425,378.096,378.1515,378.18905,378.3176,380.031025,380.482275,380.506725,380.60325,380.714175,0,0,0,0,0,0,0,0,0,0,0,0,0,0,0,0,0,0,0,0,0,0,0,0,0,0,0,0,0,0,0,0,0,0,0,0,0,0,0,0,0,0,0,0,0,0,0,0,0,0,0,0,0,0,0,0,0,0,0,0,0,0,0,0,0,0,0,0,0,0,0,0,0,0,0,0,0,0,0,0,0,0,0,0,0,0,0,0,0,0,0,0,0,0,0,0,0,0,0,0,0,0,0,0,0,0,0,0,0,0,0,0,0,0,0,0,0,0,0,0,0,0,0,0,0,0,0,0,0,0,0,0,0,0,0,0,0,0,0,0,0,0,0,0,0,0,0,0,0,0,0,0,0,0,0,0,0,0,0,0,0,0,0,0,0,0,0,0,0,0,0,0,0,0,0,0,0,0,0,0,0,0,0,0,0,0,0,0,0,0,0,0,0,0,0,0,0,0,0,0,0,0,0,0,0,0,0,0,0,0,0,0,0,0,0,0,0,0,0,0,0,0,0,0,0,0,0,0,0,0,0,0,0,0,0,0,0,0,0,0,0,0,0,0,0,0,0,0,0,0,0,0,0,0,0,0,0,0,0,0,0,0,0,0,0,0,0,0,0,0,0,0,0,0,0,0,0,0,0,0,0,0,0,0,0,0,0,0,0,0,0,0,0,0,0,0,0,0,0,0,0,0,0,0,0,0,0,0,0,0,0,0,0,0,0,0,0,0,0,0,0,0,0,0,0,0,0,0,0,0,0,0,0,0,0,0,0,0,0,0,0,0,0,0,0,0,0,0,0,0,0,0,0,0,0,0,0,0,0,0,0,0,0,0,0,0,0,0,0,0,0,0,0,0,0,0,0,0,0,0,0,0,0,0,0,0,0,0,0,0,0,0,0,0,0,0,0,0,0,0,0
"233",372.16915,373.206475,373.2185,373.2523,373.323025,373.4784,373.543825,373.638725,373.6534,373.6657,373.68935,373.84755,374.049375,374.2189,376.218175,376.285725,376.347225,376.392025,376.404975,376.497475,376.67295,376.721575,376.97165,377.903775,378.0067,378.05905,378.10045,378.162125,378.1852,378.2398,378.275775,378.425225,380.282725,380.359925,380.3714,380.397425,380.53445,380.569325,380.587675,380.599375,380.798325,380.868375,380.894775,380.93165,380.980575,381.01165,381.051025,381.216175,0,0,0,0,0,0,0,0,0,0,0,0,0,0,0,0,0,0,0,0,0,0,0,0,0,0,0,0,0,0,0,0,0,0,0,0,0,0,0,0,0,0,0,0,0,0,0,0,0,0,0,0,0,0,0,0,0,0,0,0,0,0,0,0,0,0,0,0,0,0,0,0,0,0,0,0,0,0,0,0,0,0,0,0,0,0,0,0,0,0,0,0,0,0,0,0,0,0,0,0,0,0,0,0,0,0,0,0,0,0,0,0,0,0,0,0,0,0,0,0,0,0,0,0,0,0,0,0,0,0,0,0,0,0,0,0,0,0,0,0,0,0,0,0,0,0,0,0,0,0,0,0,0,0,0,0,0,0,0,0,0,0,0,0,0,0,0,0,0,0,0,0,0,0,0,0,0,0,0,0,0,0,0,0,0,0,0,0,0,0,0,0,0,0,0,0,0,0,0,0,0,0,0,0,0,0,0,0,0,0,0,0,0,0,0,0,0,0,0,0,0,0,0,0,0,0,0,0,0,0,0,0,0,0,0,0,0,0,0,0,0,0,0,0,0,0,0,0,0,0,0,0,0,0,0,0,0,0,0,0,0,0,0,0,0,0,0,0,0,0,0,0,0,0,0,0,0,0,0,0,0,0,0,0,0,0,0,0,0,0,0,0,0,0,0,0,0,0,0,0,0,0,0,0,0,0,0,0,0,0,0,0,0,0,0,0,0,0,0,0,0,0,0,0,0,0,0,0,0,0,0,0,0,0,0,0,0,0,0,0,0,0,0,0,0,0,0,0,0,0,0,0,0,0,0,0,0,0,0,0,0,0,0,0,0,0,0,0,0,0,0,0,0,0,0,0,0,0,0,0,0,0,0,0,0,0
"234",370.0008,372.423625,373.40775,373.4548,373.464025,373.758275,373.832375,374.152575,374.323775,377.6609,377.774525,377.92555,378.19765,378.468775,379.943875,380.173475,0,0,0,0,0,0,0,0,0,0,0,0,0,0,0,0,0,0,0,0,0,0,0,0,0,0,0,0,0,0,0,0,0,0,0,0,0,0,0,0,0,0,0,0,0,0,0,0,0,0,0,0,0,0,0,0,0,0,0,0,0,0,0,0,0,0,0,0,0,0,0,0,0,0,0,0,0,0,0,0,0,0,0,0,0,0,0,0,0,0,0,0,0,0,0,0,0,0,0,0,0,0,0,0,0,0,0,0,0,0,0,0,0,0,0,0,0,0,0,0,0,0,0,0,0,0,0,0,0,0,0,0,0,0,0,0,0,0,0,0,0,0,0,0,0,0,0,0,0,0,0,0,0,0,0,0,0,0,0,0,0,0,0,0,0,0,0,0,0,0,0,0,0,0,0,0,0,0,0,0,0,0,0,0,0,0,0,0,0,0,0,0,0,0,0,0,0,0,0,0,0,0,0,0,0,0,0,0,0,0,0,0,0,0,0,0,0,0,0,0,0,0,0,0,0,0,0,0,0,0,0,0,0,0,0,0,0,0,0,0,0,0,0,0,0,0,0,0,0,0,0,0,0,0,0,0,0,0,0,0,0,0,0,0,0,0,0,0,0,0,0,0,0,0,0,0,0,0,0,0,0,0,0,0,0,0,0,0,0,0,0,0,0,0,0,0,0,0,0,0,0,0,0,0,0,0,0,0,0,0,0,0,0,0,0,0,0,0,0,0,0,0,0,0,0,0,0,0,0,0,0,0,0,0,0,0,0,0,0,0,0,0,0,0,0,0,0,0,0,0,0,0,0,0,0,0,0,0,0,0,0,0,0,0,0,0,0,0,0,0,0,0,0,0,0,0,0,0,0,0,0,0,0,0,0,0,0,0,0,0,0,0,0,0,0,0,0,0,0,0,0,0,0,0,0,0,0,0,0,0,0,0,0,0,0,0,0,0
"235",370.032575,370.098075,370.1395,370.171625,370.2071,370.226525,370.26785,370.32045,370.337775,370.37905,370.420525,370.45375,370.491425,370.5501,370.5685,370.6218,370.66215,370.9742,371.08595,371.164875,371.29505,371.3233,371.38565,371.440725,371.904825,372.307525,372.373,372.417,372.484425,372.538,372.570425,372.604025,372.6356,372.658875,372.689675,372.7044,372.7439,372.766225,372.792225,372.8183,372.8341,372.8901,373.2526,373.32745,373.35425,373.853675,373.958625,374.024925,374.041775,374.057275,374.1284,374.209,374.24565,374.26725,374.29905,374.32525,374.33595,374.3543,374.38825,374.408825,374.423625,374.44885,374.4663,374.483275,374.5098,374.527275,374.54145,374.561725,374.582625,374.60305,374.6287,374.646125,374.683675,374.77555,374.889,374.927175,374.961525,374.997875,375.04375,375.077875,375.106975,375.126875,375.13985,375.16205,375.19645,375.221675,375.240525,375.249475,375.275975,375.2942,375.306025,375.325075,375.3433,375.355725,375.3676,375.37615,375.387125,375.398325,375.414075,375.42465,375.44415,375.456075,375.471375,375.504975,375.513,375.53065,375.7909,375.882525,376.252325,376.267225,376.3384,376.3925,376.415575,376.468175,376.493725,376.515575,376.54595,376.5781,376.6478,376.672175,376.70575,376.735825,376.760275,376.80755,376.82975,376.84845,376.870125,376.90125,376.91295,376.915525,376.92905,376.96375,376.981925,376.992775,377.009975,377.0207,377.0461,377.074875,377.089025,377.102175,377.1187,377.152075,377.1698,377.18965,377.224525,377.24235,377.28385,377.4253,377.8958,378.001175,378.05435,378.295025,378.3148,378.379575,378.415725,378.445275,378.49425,378.54625,378.565975,378.620375,378.667625,378.6936,378.725925,378.75045,378.789775,378.827525,378.863075,378.883925,378.909925,378.93385,378.957575,378.9792,378.998725,379.016125,379.0378,379.078225,379.097625,379.12015,379.1321,379.157825,379.19385,379.225375,379.239175,379.26085,379.28875,379.30025,379.316325,379.3523,379.38335,379.405575,379.436875,379.45665,379.514425,380.06265,380.1445,380.193975,380.297925,380.398275,380.966475,381.103275,381.1733,381.348925,381.390225,381.41755,381.447325,381.549175,381.591625,381.667275,381.713425,381.76535,381.82835,381.873275,381.949875,381.975675,382.03565,382.069625,382.1199,382.17825,382.20605,382.2364,382.254,382.278975,382.330725,382.364375,382.423625,382.47025,382.550775,382.566125,382.62015,382.741675,382.857475,382.974125,383.061375,383.664925,383.711075,383.876175,383.9961,384.296025,384.467925,384.561275,384.643225,384.7264,0,0,0,0,0,0,0,0,0,0,0,0,0,0,0,0,0,0,0,0,0,0,0,0,0,0,0,0,0,0,0,0,0,0,0,0,0,0,0,0,0,0,0,0,0,0,0,0,0,0,0,0,0,0,0,0,0,0,0,0,0,0,0,0,0,0,0,0,0,0,0,0,0,0,0,0,0,0,0,0,0,0,0,0,0,0,0,0,0,0,0,0,0,0,0,0,0,0,0,0,0,0,0,0,0,0,0,0,0,0,0,0,0,0,0,0,0,0,0,0,0,0,0,0,0,0,0,0,0,0,0,0,0,0,0,0,0,0,0,0,0,0,0,0,0,0,0,0,0,0,0,0,0,0,0,0,0,0,0,0,0,0,0,0,0,0,0,0,0,0,0,0,0,0,0,0,0,0,0,0,0,0,0,0,0,0,0,0,0,0,0,0
"236",372.0821,372.14415,372.363525,372.4334,373.01425,373.2011,373.301575,373.37485,373.42215,373.438725,373.6277,373.7539,373.777775,373.8479,373.878675,373.961775,374.02565,374.15615,374.35235,374.55655,374.595475,374.649025,374.67885,374.75625,374.78125,374.83715,374.848325,374.860725,374.878525,374.937225,375.006475,375.04065,375.684675,376.0355,376.168625,376.57,377.5191,377.570175,377.6096,377.6504,377.717,377.795925,377.84985,377.86405,377.903225,377.99635,378.205775,378.325975,378.344025,378.4655,378.49765,378.56665,378.6356,379.644425,379.6935,379.716575,379.784775,379.849425,379.9106,379.923375,380.048375,380.136275,380.243625,380.44005,380.49505,380.5685,380.756375,383.15625,383.226825,383.320975,383.41825,0,0,0,0,0,0,0,0,0,0,0,0,0,0,0,0,0,0,0,0,0,0,0,0,0,0,0,0,0,0,0,0,0,0,0,0,0,0,0,0,0,0,0,0,0,0,0,0,0,0,0,0,0,0,0,0,0,0,0,0,0,0,0,0,0,0,0,0,0,0,0,0,0,0,0,0,0,0,0,0,0,0,0,0,0,0,0,0,0,0,0,0,0,0,0,0,0,0,0,0,0,0,0,0,0,0,0,0,0,0,0,0,0,0,0,0,0,0,0,0,0,0,0,0,0,0,0,0,0,0,0,0,0,0,0,0,0,0,0,0,0,0,0,0,0,0,0,0,0,0,0,0,0,0,0,0,0,0,0,0,0,0,0,0,0,0,0,0,0,0,0,0,0,0,0,0,0,0,0,0,0,0,0,0,0,0,0,0,0,0,0,0,0,0,0,0,0,0,0,0,0,0,0,0,0,0,0,0,0,0,0,0,0,0,0,0,0,0,0,0,0,0,0,0,0,0,0,0,0,0,0,0,0,0,0,0,0,0,0,0,0,0,0,0,0,0,0,0,0,0,0,0,0,0,0,0,0,0,0,0,0,0,0,0,0,0,0,0,0,0,0,0,0,0,0,0,0,0,0,0,0,0,0,0,0,0,0,0,0,0,0,0,0,0,0,0,0,0,0,0,0,0,0,0,0,0,0,0,0,0,0,0,0,0,0,0,0,0,0,0,0,0,0,0,0,0,0,0,0,0,0,0,0,0,0,0,0,0,0,0,0,0,0,0,0,0,0,0,0,0,0,0,0,0,0,0,0,0,0,0,0,0,0
"237",370.27095,370.3427,370.383275,376.9894,379.0598,379.463275,381.88855,382.06175,383.749725,384.4323,385.863875,386.136,386.21575,386.62635,387.4135,387.7027,388.1094,388.38605,389.450625,390.034125,390.420725,390.8798,392.676,396.8632,397.257325,0,0,0,0,0,0,0,0,0,0,0,0,0,0,0,0,0,0,0,0,0,0,0,0,0,0,0,0,0,0,0,0,0,0,0,0,0,0,0,0,0,0,0,0,0,0,0,0,0,0,0,0,0,0,0,0,0,0,0,0,0,0,0,0,0,0,0,0,0,0,0,0,0,0,0,0,0,0,0,0,0,0,0,0,0,0,0,0,0,0,0,0,0,0,0,0,0,0,0,0,0,0,0,0,0,0,0,0,0,0,0,0,0,0,0,0,0,0,0,0,0,0,0,0,0,0,0,0,0,0,0,0,0,0,0,0,0,0,0,0,0,0,0,0,0,0,0,0,0,0,0,0,0,0,0,0,0,0,0,0,0,0,0,0,0,0,0,0,0,0,0,0,0,0,0,0,0,0,0,0,0,0,0,0,0,0,0,0,0,0,0,0,0,0,0,0,0,0,0,0,0,0,0,0,0,0,0,0,0,0,0,0,0,0,0,0,0,0,0,0,0,0,0,0,0,0,0,0,0,0,0,0,0,0,0,0,0,0,0,0,0,0,0,0,0,0,0,0,0,0,0,0,0,0,0,0,0,0,0,0,0,0,0,0,0,0,0,0,0,0,0,0,0,0,0,0,0,0,0,0,0,0,0,0,0,0,0,0,0,0,0,0,0,0,0,0,0,0,0,0,0,0,0,0,0,0,0,0,0,0,0,0,0,0,0,0,0,0,0,0,0,0,0,0,0,0,0,0,0,0,0,0,0,0,0,0,0,0,0,0,0,0,0,0,0,0,0,0,0,0,0,0,0,0,0,0,0,0,0,0,0,0,0,0,0,0,0,0,0,0,0,0,0,0,0,0,0,0,0,0,0,0,0,0,0,0,0,0,0,0,0,0,0,0,0,0,0,0,0,0,0,0,0,0,0,0,0,0,0
"238",370.798325,370.839575,370.95855,370.980075,371.007325,371.07605,371.6911,371.708,371.7637,371.787625,371.83755,371.85535,371.8767,371.971975,371.9873,372.014825,372.0423,372.043625,372.06475,372.09475,372.113675,372.136825,372.209275,372.267075,372.3278,372.366275,372.403075,372.41535,372.434925,372.451525,372.71695,372.961175,373.003225,373.046975,373.072375,373.100125,373.138875,373.146,373.1733,373.184725,373.235975,373.255375,373.278275,373.302925,373.34535,373.36585,373.3944,373.4501,373.472075,373.482125,373.49745,373.514875,373.5518,373.56085,373.586675,373.804175,373.8384,373.9253,374.00025,374.087825,374.111425,374.17805,374.190075,374.484125,374.58225,374.60985,374.6709,374.6951,374.7121,374.744775,374.76805,374.796225,374.818725,374.8733,374.93055,374.94385,374.971625,374.989475,375.0294,375.59855,375.6349,375.678025,375.69385,375.72415,375.7864,375.833875,375.9648,375.998525,376.0265,376.087375,376.159075,376.20805,376.262375,376.288725,376.29865,376.427425,376.4525,376.499225,376.5471,376.629075,377.38275,377.42445,377.456325,377.47215,377.49535,377.51715,377.546525,377.5759,377.59475,377.654075,377.6778,377.70255,377.719375,377.7529,377.857575,377.8914,377.907975,377.938025,377.95515,378.057575,378.07625,378.125125,378.1316,378.256825,378.294125,378.302225,378.4074,378.459025,378.4879,378.535275,378.6423,379.573075,379.701125,379.7382,379.7627,379.787625,379.841925,379.87765,379.960825,379.97845,380.0173,380.032975,380.09045,380.09205,380.138975,380.151925,380.173325,380.227725,380.2667,380.296675,380.36545,380.37135,380.422775,380.4822,380.53575,380.55505,381.13225,383.1536,383.199075,383.484975,0,0,0,0,0,0,0,0,0,0,0,0,0,0,0,0,0,0,0,0,0,0,0,0,0,0,0,0,0,0,0,0,0,0,0,0,0,0,0,0,0,0,0,0,0,0,0,0,0,0,0,0,0,0,0,0,0,0,0,0,0,0,0,0,0,0,0,0,0,0,0,0,0,0,0,0,0,0,0,0,0,0,0,0,0,0,0,0,0,0,0,0,0,0,0,0,0,0,0,0,0,0,0,0,0,0,0,0,0,0,0,0,0,0,0,0,0,0,0,0,0,0,0,0,0,0,0,0,0,0,0,0,0,0,0,0,0,0,0,0,0,0,0,0,0,0,0,0,0,0,0,0,0,0,0,0,0,0,0,0,0,0,0,0,0,0,0,0,0,0,0,0,0,0,0,0,0,0,0,0,0,0,0,0,0,0,0,0,0,0,0,0,0,0,0,0,0,0,0,0,0,0,0,0,0,0,0,0,0,0,0,0,0,0,0,0,0,0,0,0,0,0,0,0,0,0,0,0,0,0,0,0,0,0,0,0,0,0,0,0,0,0,0,0,0,0,0,0,0,0,0,0,0,0,0,0,0,0,0,0,0,0,0,0,0,0,0,0,0,0,0,0,0,0
"239",373.271,373.35845,373.399325,373.4532,373.54685,373.6642,376.366825,376.39995,376.44395,377.95305,377.988325,378.046425,378.0833,378.141475,378.2731,380.097775,380.25375,380.28435,380.368325,380.3739,380.848225,0,0,0,0,0,0,0,0,0,0,0,0,0,0,0,0,0,0,0,0,0,0,0,0,0,0,0,0,0,0,0,0,0,0,0,0,0,0,0,0,0,0,0,0,0,0,0,0,0,0,0,0,0,0,0,0,0,0,0,0,0,0,0,0,0,0,0,0,0,0,0,0,0,0,0,0,0,0,0,0,0,0,0,0,0,0,0,0,0,0,0,0,0,0,0,0,0,0,0,0,0,0,0,0,0,0,0,0,0,0,0,0,0,0,0,0,0,0,0,0,0,0,0,0,0,0,0,0,0,0,0,0,0,0,0,0,0,0,0,0,0,0,0,0,0,0,0,0,0,0,0,0,0,0,0,0,0,0,0,0,0,0,0,0,0,0,0,0,0,0,0,0,0,0,0,0,0,0,0,0,0,0,0,0,0,0,0,0,0,0,0,0,0,0,0,0,0,0,0,0,0,0,0,0,0,0,0,0,0,0,0,0,0,0,0,0,0,0,0,0,0,0,0,0,0,0,0,0,0,0,0,0,0,0,0,0,0,0,0,0,0,0,0,0,0,0,0,0,0,0,0,0,0,0,0,0,0,0,0,0,0,0,0,0,0,0,0,0,0,0,0,0,0,0,0,0,0,0,0,0,0,0,0,0,0,0,0,0,0,0,0,0,0,0,0,0,0,0,0,0,0,0,0,0,0,0,0,0,0,0,0,0,0,0,0,0,0,0,0,0,0,0,0,0,0,0,0,0,0,0,0,0,0,0,0,0,0,0,0,0,0,0,0,0,0,0,0,0,0,0,0,0,0,0,0,0,0,0,0,0,0,0,0,0,0,0,0,0,0,0,0,0,0,0,0,0,0,0,0,0,0,0,0,0,0,0,0,0,0,0,0,0,0,0,0,0,0,0,0,0,0,0,0,0,0,0,0,0,0,0,0,0,0
"240",370.786725,370.8227,370.8913,370.933625,371.034275,371.627675,371.643125,371.67225,371.751975,371.9106,372.034125,372.187525,372.87825,372.987775,377.3663,378.019525,379.63415,379.6708,382.987125,383.0624,383.317675,383.374375,385.33285,0,0,0,0,0,0,0,0,0,0,0,0,0,0,0,0,0,0,0,0,0,0,0,0,0,0,0,0,0,0,0,0,0,0,0,0,0,0,0,0,0,0,0,0,0,0,0,0,0,0,0,0,0,0,0,0,0,0,0,0,0,0,0,0,0,0,0,0,0,0,0,0,0,0,0,0,0,0,0,0,0,0,0,0,0,0,0,0,0,0,0,0,0,0,0,0,0,0,0,0,0,0,0,0,0,0,0,0,0,0,0,0,0,0,0,0,0,0,0,0,0,0,0,0,0,0,0,0,0,0,0,0,0,0,0,0,0,0,0,0,0,0,0,0,0,0,0,0,0,0,0,0,0,0,0,0,0,0,0,0,0,0,0,0,0,0,0,0,0,0,0,0,0,0,0,0,0,0,0,0,0,0,0,0,0,0,0,0,0,0,0,0,0,0,0,0,0,0,0,0,0,0,0,0,0,0,0,0,0,0,0,0,0,0,0,0,0,0,0,0,0,0,0,0,0,0,0,0,0,0,0,0,0,0,0,0,0,0,0,0,0,0,0,0,0,0,0,0,0,0,0,0,0,0,0,0,0,0,0,0,0,0,0,0,0,0,0,0,0,0,0,0,0,0,0,0,0,0,0,0,0,0,0,0,0,0,0,0,0,0,0,0,0,0,0,0,0,0,0,0,0,0,0,0,0,0,0,0,0,0,0,0,0,0,0,0,0,0,0,0,0,0,0,0,0,0,0,0,0,0,0,0,0,0,0,0,0,0,0,0,0,0,0,0,0,0,0,0,0,0,0,0,0,0,0,0,0,0,0,0,0,0,0,0,0,0,0,0,0,0,0,0,0,0,0,0,0,0,0,0,0,0,0,0,0,0,0,0,0,0,0,0,0,0,0,0,0,0,0,0,0,0,0,0,0,0,0,0,0,0,0
"241",369.983775,370.062225,370.17345,370.202975,370.2701,370.31805,370.3918,370.4437,370.560475,371.262325,371.32995,371.40105,371.520875,371.56305,372.70095,374.32185,375.2838,375.390925,375.582925,376.764725,376.822775,376.893225,376.938075,376.995575,377.03405,377.07175,377.096125,377.131175,377.679525,378.984875,379.091475,379.146875,379.22175,379.302225,379.353,380.92685,381.25305,381.321475,381.4316,381.535725,381.62905,381.68795,381.78,381.836475,381.92565,382.01005,383.834975,383.94415,384.0341,384.17335,384.3361,384.46945,0,0,0,0,0,0,0,0,0,0,0,0,0,0,0,0,0,0,0,0,0,0,0,0,0,0,0,0,0,0,0,0,0,0,0,0,0,0,0,0,0,0,0,0,0,0,0,0,0,0,0,0,0,0,0,0,0,0,0,0,0,0,0,0,0,0,0,0,0,0,0,0,0,0,0,0,0,0,0,0,0,0,0,0,0,0,0,0,0,0,0,0,0,0,0,0,0,0,0,0,0,0,0,0,0,0,0,0,0,0,0,0,0,0,0,0,0,0,0,0,0,0,0,0,0,0,0,0,0,0,0,0,0,0,0,0,0,0,0,0,0,0,0,0,0,0,0,0,0,0,0,0,0,0,0,0,0,0,0,0,0,0,0,0,0,0,0,0,0,0,0,0,0,0,0,0,0,0,0,0,0,0,0,0,0,0,0,0,0,0,0,0,0,0,0,0,0,0,0,0,0,0,0,0,0,0,0,0,0,0,0,0,0,0,0,0,0,0,0,0,0,0,0,0,0,0,0,0,0,0,0,0,0,0,0,0,0,0,0,0,0,0,0,0,0,0,0,0,0,0,0,0,0,0,0,0,0,0,0,0,0,0,0,0,0,0,0,0,0,0,0,0,0,0,0,0,0,0,0,0,0,0,0,0,0,0,0,0,0,0,0,0,0,0,0,0,0,0,0,0,0,0,0,0,0,0,0,0,0,0,0,0,0,0,0,0,0,0,0,0,0,0,0,0,0,0,0,0,0,0,0,0,0,0,0,0,0,0,0,0,0,0,0,0,0,0,0,0,0,0,0,0,0,0,0,0,0,0,0,0,0,0,0,0,0,0,0,0,0,0,0,0,0,0,0,0,0,0,0,0,0,0
"242",369.669575,370.2501,370.76045,370.875025,370.949475,371.608,371.759775,373.8699,374.191625,374.49545,374.52815,374.5602,375.205775,375.60255,375.64965,375.666575,375.89115,375.9566,376.94985,377.04395,377.368,377.589725,378.1367,379.5548,379.927425,383.04535,383.204275,387.09465,0,0,0,0,0,0,0,0,0,0,0,0,0,0,0,0,0,0,0,0,0,0,0,0,0,0,0,0,0,0,0,0,0,0,0,0,0,0,0,0,0,0,0,0,0,0,0,0,0,0,0,0,0,0,0,0,0,0,0,0,0,0,0,0,0,0,0,0,0,0,0,0,0,0,0,0,0,0,0,0,0,0,0,0,0,0,0,0,0,0,0,0,0,0,0,0,0,0,0,0,0,0,0,0,0,0,0,0,0,0,0,0,0,0,0,0,0,0,0,0,0,0,0,0,0,0,0,0,0,0,0,0,0,0,0,0,0,0,0,0,0,0,0,0,0,0,0,0,0,0,0,0,0,0,0,0,0,0,0,0,0,0,0,0,0,0,0,0,0,0,0,0,0,0,0,0,0,0,0,0,0,0,0,0,0,0,0,0,0,0,0,0,0,0,0,0,0,0,0,0,0,0,0,0,0,0,0,0,0,0,0,0,0,0,0,0,0,0,0,0,0,0,0,0,0,0,0,0,0,0,0,0,0,0,0,0,0,0,0,0,0,0,0,0,0,0,0,0,0,0,0,0,0,0,0,0,0,0,0,0,0,0,0,0,0,0,0,0,0,0,0,0,0,0,0,0,0,0,0,0,0,0,0,0,0,0,0,0,0,0,0,0,0,0,0,0,0,0,0,0,0,0,0,0,0,0,0,0,0,0,0,0,0,0,0,0,0,0,0,0,0,0,0,0,0,0,0,0,0,0,0,0,0,0,0,0,0,0,0,0,0,0,0,0,0,0,0,0,0,0,0,0,0,0,0,0,0,0,0,0,0,0,0,0,0,0,0,0,0,0,0,0,0,0,0,0,0,0,0,0,0,0,0,0,0,0,0,0,0,0,0,0,0,0,0,0,0,0,0,0,0,0,0,0,0,0
"243",372.0606,372.103775,372.301075,372.40855,373.436725,373.49105,373.51245,373.54285,373.563075,373.5898,373.612775,373.636,373.66195,373.6791,373.702075,373.741225,373.774825,373.80065,373.82815,373.855,373.88285,373.914775,373.9459,373.979175,374.038375,374.108575,374.911375,374.981025,375.9129,375.940825,375.99465,376.019375,376.03925,376.06035,376.098875,376.125725,376.15005,377.9133,0,0,0,0,0,0,0,0,0,0,0,0,0,0,0,0,0,0,0,0,0,0,0,0,0,0,0,0,0,0,0,0,0,0,0,0,0,0,0,0,0,0,0,0,0,0,0,0,0,0,0,0,0,0,0,0,0,0,0,0,0,0,0,0,0,0,0,0,0,0,0,0,0,0,0,0,0,0,0,0,0,0,0,0,0,0,0,0,0,0,0,0,0,0,0,0,0,0,0,0,0,0,0,0,0,0,0,0,0,0,0,0,0,0,0,0,0,0,0,0,0,0,0,0,0,0,0,0,0,0,0,0,0,0,0,0,0,0,0,0,0,0,0,0,0,0,0,0,0,0,0,0,0,0,0,0,0,0,0,0,0,0,0,0,0,0,0,0,0,0,0,0,0,0,0,0,0,0,0,0,0,0,0,0,0,0,0,0,0,0,0,0,0,0,0,0,0,0,0,0,0,0,0,0,0,0,0,0,0,0,0,0,0,0,0,0,0,0,0,0,0,0,0,0,0,0,0,0,0,0,0,0,0,0,0,0,0,0,0,0,0,0,0,0,0,0,0,0,0,0,0,0,0,0,0,0,0,0,0,0,0,0,0,0,0,0,0,0,0,0,0,0,0,0,0,0,0,0,0,0,0,0,0,0,0,0,0,0,0,0,0,0,0,0,0,0,0,0,0,0,0,0,0,0,0,0,0,0,0,0,0,0,0,0,0,0,0,0,0,0,0,0,0,0,0,0,0,0,0,0,0,0,0,0,0,0,0,0,0,0,0,0,0,0,0,0,0,0,0,0,0,0,0,0,0,0,0,0,0,0,0,0,0,0,0,0,0,0,0,0,0,0,0,0,0,0,0,0,0,0,0,0,0,0,0,0,0,0,0,0,0,0,0,0,0,0
"244",369.77825,370.04535,370.504275,370.603825,370.8578,371.15225,371.29025,371.70415,371.7288,371.780925,371.8066,371.8636,371.87335,371.950175,372.16735,373.104975,374.5857,375.98005,376.294025,377.185125,377.384875,378.207525,379.243,380.363225,382.261775,0,0,0,0,0,0,0,0,0,0,0,0,0,0,0,0,0,0,0,0,0,0,0,0,0,0,0,0,0,0,0,0,0,0,0,0,0,0,0,0,0,0,0,0,0,0,0,0,0,0,0,0,0,0,0,0,0,0,0,0,0,0,0,0,0,0,0,0,0,0,0,0,0,0,0,0,0,0,0,0,0,0,0,0,0,0,0,0,0,0,0,0,0,0,0,0,0,0,0,0,0,0,0,0,0,0,0,0,0,0,0,0,0,0,0,0,0,0,0,0,0,0,0,0,0,0,0,0,0,0,0,0,0,0,0,0,0,0,0,0,0,0,0,0,0,0,0,0,0,0,0,0,0,0,0,0,0,0,0,0,0,0,0,0,0,0,0,0,0,0,0,0,0,0,0,0,0,0,0,0,0,0,0,0,0,0,0,0,0,0,0,0,0,0,0,0,0,0,0,0,0,0,0,0,0,0,0,0,0,0,0,0,0,0,0,0,0,0,0,0,0,0,0,0,0,0,0,0,0,0,0,0,0,0,0,0,0,0,0,0,0,0,0,0,0,0,0,0,0,0,0,0,0,0,0,0,0,0,0,0,0,0,0,0,0,0,0,0,0,0,0,0,0,0,0,0,0,0,0,0,0,0,0,0,0,0,0,0,0,0,0,0,0,0,0,0,0,0,0,0,0,0,0,0,0,0,0,0,0,0,0,0,0,0,0,0,0,0,0,0,0,0,0,0,0,0,0,0,0,0,0,0,0,0,0,0,0,0,0,0,0,0,0,0,0,0,0,0,0,0,0,0,0,0,0,0,0,0,0,0,0,0,0,0,0,0,0,0,0,0,0,0,0,0,0,0,0,0,0,0,0,0,0,0,0,0,0,0,0,0,0,0,0,0,0,0,0,0,0,0,0,0,0,0,0,0,0,0,0
"245",372.0202,372.07465,372.119175,372.141325,372.221075,373.5096,373.674825,373.872475,373.894075,373.9656,373.99375,374.0274,375.781425,375.865125,375.9086,375.9328,376.06265,376.13025,377.8846,377.9307,0,0,0,0,0,0,0,0,0,0,0,0,0,0,0,0,0,0,0,0,0,0,0,0,0,0,0,0,0,0,0,0,0,0,0,0,0,0,0,0,0,0,0,0,0,0,0,0,0,0,0,0,0,0,0,0,0,0,0,0,0,0,0,0,0,0,0,0,0,0,0,0,0,0,0,0,0,0,0,0,0,0,0,0,0,0,0,0,0,0,0,0,0,0,0,0,0,0,0,0,0,0,0,0,0,0,0,0,0,0,0,0,0,0,0,0,0,0,0,0,0,0,0,0,0,0,0,0,0,0,0,0,0,0,0,0,0,0,0,0,0,0,0,0,0,0,0,0,0,0,0,0,0,0,0,0,0,0,0,0,0,0,0,0,0,0,0,0,0,0,0,0,0,0,0,0,0,0,0,0,0,0,0,0,0,0,0,0,0,0,0,0,0,0,0,0,0,0,0,0,0,0,0,0,0,0,0,0,0,0,0,0,0,0,0,0,0,0,0,0,0,0,0,0,0,0,0,0,0,0,0,0,0,0,0,0,0,0,0,0,0,0,0,0,0,0,0,0,0,0,0,0,0,0,0,0,0,0,0,0,0,0,0,0,0,0,0,0,0,0,0,0,0,0,0,0,0,0,0,0,0,0,0,0,0,0,0,0,0,0,0,0,0,0,0,0,0,0,0,0,0,0,0,0,0,0,0,0,0,0,0,0,0,0,0,0,0,0,0,0,0,0,0,0,0,0,0,0,0,0,0,0,0,0,0,0,0,0,0,0,0,0,0,0,0,0,0,0,0,0,0,0,0,0,0,0,0,0,0,0,0,0,0,0,0,0,0,0,0,0,0,0,0,0,0,0,0,0,0,0,0,0,0,0,0,0,0,0,0,0,0,0,0,0,0,0,0,0,0,0,0,0,0,0,0,0,0,0,0,0,0,0,0,0
"246",371.6497,371.669525,371.710875,371.748325,371.797025,371.856175,371.869225,371.907025,371.922925,371.96735,372.020425,372.091875,372.99725,373.0558,373.091575,373.13445,373.2157,373.23705,373.294475,373.345975,373.4037,373.419875,373.443475,373.49165,373.538875,373.560175,373.62835,375.660175,375.724475,375.850775,375.901825,375.991725,376.014775,376.085075,376.117475,377.56915,377.604525,377.656075,377.721825,377.77125,377.844325,377.881675,377.968025,378.000525,378.0571,378.104375,378.2221,379.7423,379.857575,379.94895,379.999425,380.046575,380.08095,380.142975,380.21975,380.265375,380.33495,380.408175,380.47405,380.490025,380.561075,380.62465,380.678975,380.74845,0,0,0,0,0,0,0,0,0,0,0,0,0,0,0,0,0,0,0,0,0,0,0,0,0,0,0,0,0,0,0,0,0,0,0,0,0,0,0,0,0,0,0,0,0,0,0,0,0,0,0,0,0,0,0,0,0,0,0,0,0,0,0,0,0,0,0,0,0,0,0,0,0,0,0,0,0,0,0,0,0,0,0,0,0,0,0,0,0,0,0,0,0,0,0,0,0,0,0,0,0,0,0,0,0,0,0,0,0,0,0,0,0,0,0,0,0,0,0,0,0,0,0,0,0,0,0,0,0,0,0,0,0,0,0,0,0,0,0,0,0,0,0,0,0,0,0,0,0,0,0,0,0,0,0,0,0,0,0,0,0,0,0,0,0,0,0,0,0,0,0,0,0,0,0,0,0,0,0,0,0,0,0,0,0,0,0,0,0,0,0,0,0,0,0,0,0,0,0,0,0,0,0,0,0,0,0,0,0,0,0,0,0,0,0,0,0,0,0,0,0,0,0,0,0,0,0,0,0,0,0,0,0,0,0,0,0,0,0,0,0,0,0,0,0,0,0,0,0,0,0,0,0,0,0,0,0,0,0,0,0,0,0,0,0,0,0,0,0,0,0,0,0,0,0,0,0,0,0,0,0,0,0,0,0,0,0,0,0,0,0,0,0,0,0,0,0,0,0,0,0,0,0,0,0,0,0,0,0,0,0,0,0,0,0,0,0,0,0,0,0,0,0,0,0,0,0,0,0,0,0,0,0,0,0,0,0,0,0,0,0,0,0,0,0,0,0,0,0,0,0,0,0,0,0,0,0,0,0,0,0,0,0,0,0,0,0,0,0,0
"247",369.65095,371.71895,371.75815,371.834175,371.89975,372.040075,372.36195,372.973025,373.2437,377.362425,377.404225,377.42945,377.459525,379.59325,379.626675,382.8418,382.98015,383.054275,385.174575,385.378125,0,0,0,0,0,0,0,0,0,0,0,0,0,0,0,0,0,0,0,0,0,0,0,0,0,0,0,0,0,0,0,0,0,0,0,0,0,0,0,0,0,0,0,0,0,0,0,0,0,0,0,0,0,0,0,0,0,0,0,0,0,0,0,0,0,0,0,0,0,0,0,0,0,0,0,0,0,0,0,0,0,0,0,0,0,0,0,0,0,0,0,0,0,0,0,0,0,0,0,0,0,0,0,0,0,0,0,0,0,0,0,0,0,0,0,0,0,0,0,0,0,0,0,0,0,0,0,0,0,0,0,0,0,0,0,0,0,0,0,0,0,0,0,0,0,0,0,0,0,0,0,0,0,0,0,0,0,0,0,0,0,0,0,0,0,0,0,0,0,0,0,0,0,0,0,0,0,0,0,0,0,0,0,0,0,0,0,0,0,0,0,0,0,0,0,0,0,0,0,0,0,0,0,0,0,0,0,0,0,0,0,0,0,0,0,0,0,0,0,0,0,0,0,0,0,0,0,0,0,0,0,0,0,0,0,0,0,0,0,0,0,0,0,0,0,0,0,0,0,0,0,0,0,0,0,0,0,0,0,0,0,0,0,0,0,0,0,0,0,0,0,0,0,0,0,0,0,0,0,0,0,0,0,0,0,0,0,0,0,0,0,0,0,0,0,0,0,0,0,0,0,0,0,0,0,0,0,0,0,0,0,0,0,0,0,0,0,0,0,0,0,0,0,0,0,0,0,0,0,0,0,0,0,0,0,0,0,0,0,0,0,0,0,0,0,0,0,0,0,0,0,0,0,0,0,0,0,0,0,0,0,0,0,0,0,0,0,0,0,0,0,0,0,0,0,0,0,0,0,0,0,0,0,0,0,0,0,0,0,0,0,0,0,0,0,0,0,0,0,0,0,0,0,0,0,0,0,0,0,0,0,0,0,0
"248",369.527125,369.6896,369.763325,369.801625,369.88325,369.937325,369.986425,370.026725,370.1844,370.241875,370.3142,370.376175,370.41005,370.47095,370.51265,370.649875,370.68415,370.709425,370.7378,370.761925,370.7844,370.98875,371.216475,371.2955,371.332525,371.38825,371.421025,371.4572,371.48845,371.525,371.5549,371.589175,371.630875,371.70345,371.760375,371.805125,371.8506,371.894025,372.02155,372.079725,372.221725,372.252525,372.401225,372.527,372.637875,372.7366,372.873775,372.936925,372.97205,373.007975,373.045075,373.078575,373.103825,373.267325,373.392425,373.732325,373.949,374.113525,374.156725,374.3598,374.429675,374.47555,374.5408,375.018875,375.051475,375.1117,375.15265,375.2766,375.34075,375.447625,375.530025,375.567325,375.6398,375.71765,375.7384,375.7682,375.803975,375.84805,376.132875,376.205975,376.531225,376.68895,376.78295,376.84605,376.89225,376.939275,377.28245,377.349425,377.405075,377.524525,377.5939,377.66445,377.8,377.89805,378.210575,378.25365,378.35815,378.4201,378.491425,378.580175,378.665075,378.7231,378.7688,378.814425,378.864225,378.903975,378.940675,378.988925,379.114725,379.180575,379.252675,379.332875,379.414625,379.725425,379.7619,379.8735,380.0029,380.584775,381.038575,381.095575,381.160425,381.43935,381.5936,381.65435,381.726825,381.793375,381.853075,381.9865,382.2097,382.33255,383.012625,383.273925,383.421525,383.51225,383.615325,383.794375,383.95595,384.0767,384.300625,384.394175,384.919775,0,0,0,0,0,0,0,0,0,0,0,0,0,0,0,0,0,0,0,0,0,0,0,0,0,0,0,0,0,0,0,0,0,0,0,0,0,0,0,0,0,0,0,0,0,0,0,0,0,0,0,0,0,0,0,0,0,0,0,0,0,0,0,0,0,0,0,0,0,0,0,0,0,0,0,0,0,0,0,0,0,0,0,0,0,0,0,0,0,0,0,0,0,0,0,0,0,0,0,0,0,0,0,0,0,0,0,0,0,0,0,0,0,0,0,0,0,0,0,0,0,0,0,0,0,0,0,0,0,0,0,0,0,0,0,0,0,0,0,0,0,0,0,0,0,0,0,0,0,0,0,0,0,0,0,0,0,0,0,0,0,0,0,0,0,0,0,0,0,0,0,0,0,0,0,0,0,0,0,0,0,0,0,0,0,0,0,0,0,0,0,0,0,0,0,0,0,0,0,0,0,0,0,0,0,0,0,0,0,0,0,0,0,0,0,0,0,0,0,0,0,0,0,0,0,0,0,0,0,0,0,0,0,0,0,0,0,0,0,0,0,0,0,0,0,0,0,0,0,0,0,0,0,0,0,0,0,0,0,0,0,0,0,0,0,0,0,0,0,0,0,0,0,0,0,0,0,0,0,0,0,0,0,0,0,0,0,0,0,0,0,0,0
"249",372.1647,373.45475,373.82015,373.96355,374.080675,375.657,375.9147,376.21955,377.504525,377.640425,377.765625,377.932375,378.2398,379.75725,380.36995,380.445775,380.819475,0,0,0,0,0,0,0,0,0,0,0,0,0,0,0,0,0,0,0,0,0,0,0,0,0,0,0,0,0,0,0,0,0,0,0,0,0,0,0,0,0,0,0,0,0,0,0,0,0,0,0,0,0,0,0,0,0,0,0,0,0,0,0,0,0,0,0,0,0,0,0,0,0,0,0,0,0,0,0,0,0,0,0,0,0,0,0,0,0,0,0,0,0,0,0,0,0,0,0,0,0,0,0,0,0,0,0,0,0,0,0,0,0,0,0,0,0,0,0,0,0,0,0,0,0,0,0,0,0,0,0,0,0,0,0,0,0,0,0,0,0,0,0,0,0,0,0,0,0,0,0,0,0,0,0,0,0,0,0,0,0,0,0,0,0,0,0,0,0,0,0,0,0,0,0,0,0,0,0,0,0,0,0,0,0,0,0,0,0,0,0,0,0,0,0,0,0,0,0,0,0,0,0,0,0,0,0,0,0,0,0,0,0,0,0,0,0,0,0,0,0,0,0,0,0,0,0,0,0,0,0,0,0,0,0,0,0,0,0,0,0,0,0,0,0,0,0,0,0,0,0,0,0,0,0,0,0,0,0,0,0,0,0,0,0,0,0,0,0,0,0,0,0,0,0,0,0,0,0,0,0,0,0,0,0,0,0,0,0,0,0,0,0,0,0,0,0,0,0,0,0,0,0,0,0,0,0,0,0,0,0,0,0,0,0,0,0,0,0,0,0,0,0,0,0,0,0,0,0,0,0,0,0,0,0,0,0,0,0,0,0,0,0,0,0,0,0,0,0,0,0,0,0,0,0,0,0,0,0,0,0,0,0,0,0,0,0,0,0,0,0,0,0,0,0,0,0,0,0,0,0,0,0,0,0,0,0,0,0,0,0,0,0,0,0,0,0,0,0,0,0,0,0,0,0,0,0,0,0,0,0,0,0,0,0,0,0
