"","V1","V2","V3","V4","V5","V6","V7","V8","V9","V10","V11","V12","V13","V14","V15","V16","V17","V18","V19","V20","V21","V22","V23","V24","V25","V26","V27","V28","V29","V30","V31","V32","V33","V34","V35","V36","V37","V38","V39","V40","V41","V42","V43","V44","V45","V46","V47","V48","V49","V50","V51","V52","V53","V54","V55","V56","V57","V58","V59","V60","V61","V62","V63","V64","V65","V66","V67","V68","V69","V70","V71","V72","V73","V74","V75","V76","V77","V78","V79","V80","V81","V82","V83","V84","V85","V86","V87","V88","V89","V90","V91","V92","V93","V94","V95","V96","V97","V98","V99","V100","V101","V102","V103","V104","V105","V106","V107","V108","V109","V110","V111","V112","V113","V114","V115","V116","V117","V118","V119","V120","V121","V122","V123","V124","V125","V126","V127","V128","V129","V130","V131","V132","V133","V134","V135","V136","V137","V138","V139","V140","V141","V142","V143","V144","V145","V146","V147","V148","V149","V150","V151","V152","V153","V154","V155","V156","V157","V158","V159","V160","V161","V162","V163","V164","V165","V166","V167","V168","V169","V170","V171","V172","V173","V174","V175","V176","V177","V178","V179","V180","V181","V182","V183","V184","V185","V186","V187","V188","V189","V190","V191","V192","V193","V194","V195","V196","V197","V198","V199","V200","V201","V202","V203","V204","V205","V206","V207","V208","V209","V210","V211","V212","V213","V214","V215","V216","V217","V218","V219","V220","V221","V222","V223","V224","V225","V226","V227","V228","V229","V230","V231","V232","V233","V234","V235","V236","V237","V238","V239","V240","V241","V242","V243","V244","V245","V246","V247","V248","V249","V250","V251","V252","V253","V254","V255","V256","V257","V258","V259","V260","V261","V262","V263","V264","V265","V266","V267","V268","V269","V270","V271","V272","V273","V274","V275","V276","V277","V278","V279","V280","V281","V282","V283","V284","V285","V286","V287","V288","V289","V290","V291","V292","V293","V294","V295","V296","V297","V298","V299","V300","V301","V302","V303","V304","V305","V306","V307","V308","V309","V310","V311","V312","V313","V314","V315","V316","V317","V318","V319","V320","V321","V322","V323","V324","V325","V326","V327","V328","V329","V330","V331","V332","V333","V334","V335","V336","V337","V338","V339","V340","V341","V342","V343","V344","V345","V346","V347","V348","V349","V350","V351","V352","V353","V354","V355","V356","V357","V358","V359","V360","V361","V362","V363","V364","V365","V366","V367","V368","V369","V370","V371","V372","V373","V374","V375","V376","V377","V378","V379","V380","V381","V382","V383","V384","V385","V386","V387","V388","V389","V390","V391","V392","V393","V394","V395","V396","V397","V398","V399","V400","V401","V402","V403","V404","V405","V406","V407","V408","V409","V410","V411","V412","V413","V414","V415","V416","V417","V418","V419","V420","V421","V422"
"1",172.05785,172.098975,172.14325,172.311675,172.3448,172.50555,172.553675,172.707625,173.293375,173.428925,173.794425,173.919925,174.009875,175.593825,175.795175,183.011875,183.30685,0,0,0,0,0,0,0,0,0,0,0,0,0,0,0,0,0,0,0,0,0,0,0,0,0,0,0,0,0,0,0,0,0,0,0,0,0,0,0,0,0,0,0,0,0,0,0,0,0,0,0,0,0,0,0,0,0,0,0,0,0,0,0,0,0,0,0,0,0,0,0,0,0,0,0,0,0,0,0,0,0,0,0,0,0,0,0,0,0,0,0,0,0,0,0,0,0,0,0,0,0,0,0,0,0,0,0,0,0,0,0,0,0,0,0,0,0,0,0,0,0,0,0,0,0,0,0,0,0,0,0,0,0,0,0,0,0,0,0,0,0,0,0,0,0,0,0,0,0,0,0,0,0,0,0,0,0,0,0,0,0,0,0,0,0,0,0,0,0,0,0,0,0,0,0,0,0,0,0,0,0,0,0,0,0,0,0,0,0,0,0,0,0,0,0,0,0,0,0,0,0,0,0,0,0,0,0,0,0,0,0,0,0,0,0,0,0,0,0,0,0,0,0,0,0,0,0,0,0,0,0,0,0,0,0,0,0,0,0,0,0,0,0,0,0,0,0,0,0,0,0,0,0,0,0,0,0,0,0,0,0,0,0,0,0,0,0,0,0,0,0,0,0,0,0,0,0,0,0,0,0,0,0,0,0,0,0,0,0,0,0,0,0,0,0,0,0,0,0,0,0,0,0,0,0,0,0,0,0,0,0,0,0,0,0,0,0,0,0,0,0,0,0,0,0,0,0,0,0,0,0,0,0,0,0,0,0,0,0,0,0,0,0,0,0,0,0,0,0,0,0,0,0,0,0,0,0,0,0,0,0,0,0,0,0,0,0,0,0,0,0,0,0,0,0,0,0,0,0,0,0,0,0,0,0,0,0,0,0,0,0,0,0,0,0,0,0,0,0,0,0,0,0,0,0
"2",172.051775,172.0785,172.1173,172.1796,172.222925,172.289375,173.29095,173.3804,173.526925,173.579775,173.80115,173.865775,173.950375,174.654675,174.742125,174.7825,174.86395,174.897625,175.005175,175.107825,175.524675,175.573075,175.675275,175.716775,176.66875,176.766275,176.82015,176.8615,176.90785,176.92885,176.97215,178.422775,178.48975,178.511675,178.54475,178.56475,178.6242,178.6819,178.736775,180.45925,180.508175,180.54675,180.63795,180.672975,180.71895,180.79235,180.829875,180.87185,180.9052,180.96035,180.992025,181.0499,181.338675,0,0,0,0,0,0,0,0,0,0,0,0,0,0,0,0,0,0,0,0,0,0,0,0,0,0,0,0,0,0,0,0,0,0,0,0,0,0,0,0,0,0,0,0,0,0,0,0,0,0,0,0,0,0,0,0,0,0,0,0,0,0,0,0,0,0,0,0,0,0,0,0,0,0,0,0,0,0,0,0,0,0,0,0,0,0,0,0,0,0,0,0,0,0,0,0,0,0,0,0,0,0,0,0,0,0,0,0,0,0,0,0,0,0,0,0,0,0,0,0,0,0,0,0,0,0,0,0,0,0,0,0,0,0,0,0,0,0,0,0,0,0,0,0,0,0,0,0,0,0,0,0,0,0,0,0,0,0,0,0,0,0,0,0,0,0,0,0,0,0,0,0,0,0,0,0,0,0,0,0,0,0,0,0,0,0,0,0,0,0,0,0,0,0,0,0,0,0,0,0,0,0,0,0,0,0,0,0,0,0,0,0,0,0,0,0,0,0,0,0,0,0,0,0,0,0,0,0,0,0,0,0,0,0,0,0,0,0,0,0,0,0,0,0,0,0,0,0,0,0,0,0,0,0,0,0,0,0,0,0,0,0,0,0,0,0,0,0,0,0,0,0,0,0,0,0,0,0,0,0,0,0,0,0,0,0,0,0,0,0,0,0,0,0,0,0,0,0,0,0,0,0,0,0,0,0,0,0,0,0,0,0,0,0,0,0,0,0,0,0,0,0,0,0,0,0,0,0,0,0,0,0,0,0,0,0,0,0,0,0,0,0,0,0,0,0,0,0,0,0,0,0,0,0,0,0,0,0,0,0,0,0,0,0,0,0,0,0,0
"3",172.67215,175.131625,176.7042,178.77375,179.0725,179.6623,181.35365,181.7616,0,0,0,0,0,0,0,0,0,0,0,0,0,0,0,0,0,0,0,0,0,0,0,0,0,0,0,0,0,0,0,0,0,0,0,0,0,0,0,0,0,0,0,0,0,0,0,0,0,0,0,0,0,0,0,0,0,0,0,0,0,0,0,0,0,0,0,0,0,0,0,0,0,0,0,0,0,0,0,0,0,0,0,0,0,0,0,0,0,0,0,0,0,0,0,0,0,0,0,0,0,0,0,0,0,0,0,0,0,0,0,0,0,0,0,0,0,0,0,0,0,0,0,0,0,0,0,0,0,0,0,0,0,0,0,0,0,0,0,0,0,0,0,0,0,0,0,0,0,0,0,0,0,0,0,0,0,0,0,0,0,0,0,0,0,0,0,0,0,0,0,0,0,0,0,0,0,0,0,0,0,0,0,0,0,0,0,0,0,0,0,0,0,0,0,0,0,0,0,0,0,0,0,0,0,0,0,0,0,0,0,0,0,0,0,0,0,0,0,0,0,0,0,0,0,0,0,0,0,0,0,0,0,0,0,0,0,0,0,0,0,0,0,0,0,0,0,0,0,0,0,0,0,0,0,0,0,0,0,0,0,0,0,0,0,0,0,0,0,0,0,0,0,0,0,0,0,0,0,0,0,0,0,0,0,0,0,0,0,0,0,0,0,0,0,0,0,0,0,0,0,0,0,0,0,0,0,0,0,0,0,0,0,0,0,0,0,0,0,0,0,0,0,0,0,0,0,0,0,0,0,0,0,0,0,0,0,0,0,0,0,0,0,0,0,0,0,0,0,0,0,0,0,0,0,0,0,0,0,0,0,0,0,0,0,0,0,0,0,0,0,0,0,0,0,0,0,0,0,0,0,0,0,0,0,0,0,0,0,0,0,0,0,0,0,0,0,0,0,0,0,0,0,0,0,0,0,0,0,0,0,0,0,0
"4",169.530075,169.80045,170.16865,170.1815,170.742425,170.82625,170.85775,170.864125,170.910425,170.920625,170.928325,170.95585,170.96915,170.9779,170.993525,171.016775,171.09525,171.110375,171.138825,171.194825,171.207525,171.265,171.323375,171.41435,171.4318,171.5551,171.619675,171.817875,171.829025,171.8575,171.879225,171.890875,171.9262,171.943925,171.95305,171.977925,171.9831,171.99055,172.018125,172.0329,172.039375,172.04725,172.067275,172.089,172.137475,172.1439,172.1828,172.213975,172.224125,172.240825,172.2473,172.25705,172.2678,172.3074,172.33455,172.347275,172.399975,172.420575,172.4268,172.498975,172.51155,172.517975,172.535225,172.54415,172.57055,172.576925,172.63165,173.044975,173.081725,173.129,173.174875,173.183425,173.1954,173.212075,173.285175,173.302125,173.30925,173.332325,173.3406,173.349275,173.37145,173.453375,173.4878,173.494575,173.565275,173.61795,173.6698,173.699575,173.847875,174.005275,174.491525,174.518525,174.559125,174.586075,174.67025,174.675775,174.701475,174.7285,174.753225,174.778275,174.843925,174.856775,174.929925,174.939225,174.9649,174.989075,174.999175,175.009925,175.10645,175.133775,175.136775,175.15725,175.1677,175.2182,175.245425,175.253675,175.286925,175.3266,175.481075,175.522475,175.529925,175.545125,175.55765,175.64445,175.696075,176.2069,176.420025,176.479775,176.50095,176.530725,176.553,176.6131,176.628,176.640175,176.6595,176.667025,176.69085,176.702325,176.7366,176.75335,176.828975,176.842525,176.85145,176.88275,176.90845,176.91845,176.93115,176.964,177.0145,177.0163,177.038025,177.04975,177.102425,177.1225,177.312725,177.351025,177.3847,177.45445,177.485275,177.672525,178.065425,178.21285,178.236525,178.2531,178.2757,178.284275,178.29465,178.31805,178.340325,178.37805,178.405325,178.4408,178.449825,178.468475,178.4969,178.514475,178.524025,178.5782,178.625525,178.62825,178.65955,178.72055,178.724625,178.754675,178.770875,178.7985,178.8402,179.39835,180.213025,180.416675,180.474975,180.562825,180.62375,180.665025,180.7418,180.77635,180.844725,180.888925,180.93155,181.043475,181.772175,182.3318,183.3181,185.321825,185.36245,185.440825,185.47315,185.587375,185.66175,185.737075,186.00765,186.067925,0,0,0,0,0,0,0,0,0,0,0,0,0,0,0,0,0,0,0,0,0,0,0,0,0,0,0,0,0,0,0,0,0,0,0,0,0,0,0,0,0,0,0,0,0,0,0,0,0,0,0,0,0,0,0,0,0,0,0,0,0,0,0,0,0,0,0,0,0,0,0,0,0,0,0,0,0,0,0,0,0,0,0,0,0,0,0,0,0,0,0,0,0,0,0,0,0,0,0,0,0,0,0,0,0,0,0,0,0,0,0,0,0,0,0,0,0,0,0,0,0,0,0,0,0,0,0,0,0,0,0,0,0,0,0,0,0,0,0,0,0,0,0,0,0,0,0,0,0,0,0,0,0,0,0,0,0,0,0,0,0,0,0,0,0,0,0,0,0,0,0,0,0,0,0,0,0,0,0,0,0,0,0,0,0,0,0,0,0,0,0,0,0,0,0,0,0,0,0,0,0,0,0,0,0,0,0,0,0,0
"5",170.055425,170.331825,170.4435,170.508125,170.571325,170.596475,170.69445,170.7337,170.822175,170.918075,170.9795,171.01825,171.0427,171.4391,171.5308,171.552725,171.589175,171.634625,171.7154,171.7469,171.79595,171.9055,172.15795,172.28795,172.36475,172.718775,172.8297,172.865675,172.92645,172.98485,173.0196,173.066225,173.112425,173.348425,173.45835,173.4893,173.522,173.5784,173.685725,174.38355,174.4511,174.497225,174.5461,174.5908,174.628475,174.763025,174.9371,175.338775,175.441275,176.3268,176.369925,176.415125,176.47235,176.5066,176.558425,176.58575,176.814175,176.900275,177.00845,177.04785,177.084125,177.085325,177.13015,177.197975,177.260425,177.326175,177.435275,177.875825,178.01405,178.0752,178.1041,178.26285,178.526375,178.60615,178.6579,178.727775,178.784475,178.887475,178.935725,178.972725,179.033175,179.1054,179.312875,179.60465,179.664425,179.713525,179.7615,179.81185,179.871825,179.908775,179.970275,180.085775,180.357375,180.51785,180.594275,180.793625,180.90325,180.95355,0,0,0,0,0,0,0,0,0,0,0,0,0,0,0,0,0,0,0,0,0,0,0,0,0,0,0,0,0,0,0,0,0,0,0,0,0,0,0,0,0,0,0,0,0,0,0,0,0,0,0,0,0,0,0,0,0,0,0,0,0,0,0,0,0,0,0,0,0,0,0,0,0,0,0,0,0,0,0,0,0,0,0,0,0,0,0,0,0,0,0,0,0,0,0,0,0,0,0,0,0,0,0,0,0,0,0,0,0,0,0,0,0,0,0,0,0,0,0,0,0,0,0,0,0,0,0,0,0,0,0,0,0,0,0,0,0,0,0,0,0,0,0,0,0,0,0,0,0,0,0,0,0,0,0,0,0,0,0,0,0,0,0,0,0,0,0,0,0,0,0,0,0,0,0,0,0,0,0,0,0,0,0,0,0,0,0,0,0,0,0,0,0,0,0,0,0,0,0,0,0,0,0,0,0,0,0,0,0,0,0,0,0,0,0,0,0,0,0,0,0,0,0,0,0,0,0,0,0,0,0,0,0,0,0,0,0,0,0,0,0,0,0,0,0,0,0,0,0,0,0,0,0,0,0,0,0,0,0,0,0,0,0,0,0,0,0,0,0,0,0,0,0,0,0,0,0,0,0,0,0,0,0,0,0,0,0,0,0,0,0,0,0,0,0,0,0,0,0,0,0,0,0,0,0,0,0,0,0,0,0,0,0,0,0,0,0,0,0,0,0,0,0,0
"6",176.219,177.94605,179.5817,179.610225,179.683725,179.71795,179.753075,179.800275,181.639125,181.899825,181.9731,182.137125,182.191875,182.277,0,0,0,0,0,0,0,0,0,0,0,0,0,0,0,0,0,0,0,0,0,0,0,0,0,0,0,0,0,0,0,0,0,0,0,0,0,0,0,0,0,0,0,0,0,0,0,0,0,0,0,0,0,0,0,0,0,0,0,0,0,0,0,0,0,0,0,0,0,0,0,0,0,0,0,0,0,0,0,0,0,0,0,0,0,0,0,0,0,0,0,0,0,0,0,0,0,0,0,0,0,0,0,0,0,0,0,0,0,0,0,0,0,0,0,0,0,0,0,0,0,0,0,0,0,0,0,0,0,0,0,0,0,0,0,0,0,0,0,0,0,0,0,0,0,0,0,0,0,0,0,0,0,0,0,0,0,0,0,0,0,0,0,0,0,0,0,0,0,0,0,0,0,0,0,0,0,0,0,0,0,0,0,0,0,0,0,0,0,0,0,0,0,0,0,0,0,0,0,0,0,0,0,0,0,0,0,0,0,0,0,0,0,0,0,0,0,0,0,0,0,0,0,0,0,0,0,0,0,0,0,0,0,0,0,0,0,0,0,0,0,0,0,0,0,0,0,0,0,0,0,0,0,0,0,0,0,0,0,0,0,0,0,0,0,0,0,0,0,0,0,0,0,0,0,0,0,0,0,0,0,0,0,0,0,0,0,0,0,0,0,0,0,0,0,0,0,0,0,0,0,0,0,0,0,0,0,0,0,0,0,0,0,0,0,0,0,0,0,0,0,0,0,0,0,0,0,0,0,0,0,0,0,0,0,0,0,0,0,0,0,0,0,0,0,0,0,0,0,0,0,0,0,0,0,0,0,0,0,0,0,0,0,0,0,0,0,0,0,0,0,0,0,0,0,0,0,0,0,0,0,0,0,0,0,0,0,0,0,0,0,0,0,0,0,0,0,0,0,0,0,0,0,0,0,0,0,0
"7",160.471175,166.803225,167.43325,168.108175,168.441675,169.11195,169.536275,169.572425,169.619925,169.6641,169.8041,169.93985,170.040825,170.06285,171.043475,171.10485,171.169525,171.2216,171.2763,171.315075,171.36255,171.39915,171.448025,171.489625,172.182175,172.25485,172.400725,172.54845,172.5868,172.6381,172.696825,172.817575,173.485025,173.5373,173.5984,173.6307,173.673075,173.69415,173.7394,173.8125,173.883225,173.942525,174.10945,174.192725,174.246725,174.320425,174.557475,174.65715,174.789175,175.008275,175.175375,175.20205,175.34625,175.3626,175.388,175.427275,175.47555,175.493175,175.6557,175.7226,175.856125,175.891825,175.919475,175.955425,175.984125,176.022925,176.096225,176.149575,176.23635,176.8157,177.01125,177.07385,177.194925,177.293575,177.352825,177.3829,177.42865,177.505675,177.630625,177.684125,177.80855,177.85305,178.52295,178.63715,178.813625,178.821175,178.86135,178.970725,178.99315,179.02035,179.05335,179.094775,179.2259,179.31575,179.3838,179.4183,179.4726,179.5729,180.6435,180.76005,180.99455,181.130975,181.287925,181.40175,181.482925,181.52965,181.705025,181.86565,182.033125,182.09255,183.256725,183.68115,183.78975,183.95765,184.163925,184.3229,184.5334,184.802025,184.979225,0,0,0,0,0,0,0,0,0,0,0,0,0,0,0,0,0,0,0,0,0,0,0,0,0,0,0,0,0,0,0,0,0,0,0,0,0,0,0,0,0,0,0,0,0,0,0,0,0,0,0,0,0,0,0,0,0,0,0,0,0,0,0,0,0,0,0,0,0,0,0,0,0,0,0,0,0,0,0,0,0,0,0,0,0,0,0,0,0,0,0,0,0,0,0,0,0,0,0,0,0,0,0,0,0,0,0,0,0,0,0,0,0,0,0,0,0,0,0,0,0,0,0,0,0,0,0,0,0,0,0,0,0,0,0,0,0,0,0,0,0,0,0,0,0,0,0,0,0,0,0,0,0,0,0,0,0,0,0,0,0,0,0,0,0,0,0,0,0,0,0,0,0,0,0,0,0,0,0,0,0,0,0,0,0,0,0,0,0,0,0,0,0,0,0,0,0,0,0,0,0,0,0,0,0,0,0,0,0,0,0,0,0,0,0,0,0,0,0,0,0,0,0,0,0,0,0,0,0,0,0,0,0,0,0,0,0,0,0,0,0,0,0,0,0,0,0,0,0,0,0,0,0,0,0,0,0,0,0,0,0,0,0,0,0,0,0,0,0,0,0,0,0,0,0,0,0,0,0,0,0,0,0,0,0,0,0,0,0,0,0,0,0,0,0,0,0,0,0,0,0,0,0
"8",169.6033,169.705125,169.96245,170.047575,170.13665,170.4171,171.49995,172.381175,173.12355,173.444925,174.4065,175.146375,175.4078,175.502075,175.581075,176.092825,176.3173,176.4771,177.20955,177.390375,177.886975,178.02855,179.253475,179.59065,179.77335,179.91755,0,0,0,0,0,0,0,0,0,0,0,0,0,0,0,0,0,0,0,0,0,0,0,0,0,0,0,0,0,0,0,0,0,0,0,0,0,0,0,0,0,0,0,0,0,0,0,0,0,0,0,0,0,0,0,0,0,0,0,0,0,0,0,0,0,0,0,0,0,0,0,0,0,0,0,0,0,0,0,0,0,0,0,0,0,0,0,0,0,0,0,0,0,0,0,0,0,0,0,0,0,0,0,0,0,0,0,0,0,0,0,0,0,0,0,0,0,0,0,0,0,0,0,0,0,0,0,0,0,0,0,0,0,0,0,0,0,0,0,0,0,0,0,0,0,0,0,0,0,0,0,0,0,0,0,0,0,0,0,0,0,0,0,0,0,0,0,0,0,0,0,0,0,0,0,0,0,0,0,0,0,0,0,0,0,0,0,0,0,0,0,0,0,0,0,0,0,0,0,0,0,0,0,0,0,0,0,0,0,0,0,0,0,0,0,0,0,0,0,0,0,0,0,0,0,0,0,0,0,0,0,0,0,0,0,0,0,0,0,0,0,0,0,0,0,0,0,0,0,0,0,0,0,0,0,0,0,0,0,0,0,0,0,0,0,0,0,0,0,0,0,0,0,0,0,0,0,0,0,0,0,0,0,0,0,0,0,0,0,0,0,0,0,0,0,0,0,0,0,0,0,0,0,0,0,0,0,0,0,0,0,0,0,0,0,0,0,0,0,0,0,0,0,0,0,0,0,0,0,0,0,0,0,0,0,0,0,0,0,0,0,0,0,0,0,0,0,0,0,0,0,0,0,0,0,0,0,0,0,0,0,0,0,0,0,0,0,0,0,0,0,0,0,0,0,0,0,0,0,0,0,0,0,0,0,0,0,0,0,0,0,0,0,0,0,0
"9",173.81345,173.862675,173.9411,173.989925,174.059075,174.156225,174.2171,174.2966,174.442275,175.741075,175.8413,175.890725,175.95445,175.98285,176.0267,176.174475,176.2395,176.306575,177.6498,177.7269,179.32545,179.35935,179.439925,179.5229,179.601875,179.675225,179.72035,179.907175,179.951175,180.0038,180.03335,180.986575,181.040025,181.128725,181.2657,181.3068,181.464075,181.5445,181.5937,181.631625,181.682775,181.7159,181.746525,181.7799,181.875375,181.922975,181.960475,182.00585,182.042325,182.19485,182.29135,182.3802,182.568325,184.042625,184.27095,184.3627,0,0,0,0,0,0,0,0,0,0,0,0,0,0,0,0,0,0,0,0,0,0,0,0,0,0,0,0,0,0,0,0,0,0,0,0,0,0,0,0,0,0,0,0,0,0,0,0,0,0,0,0,0,0,0,0,0,0,0,0,0,0,0,0,0,0,0,0,0,0,0,0,0,0,0,0,0,0,0,0,0,0,0,0,0,0,0,0,0,0,0,0,0,0,0,0,0,0,0,0,0,0,0,0,0,0,0,0,0,0,0,0,0,0,0,0,0,0,0,0,0,0,0,0,0,0,0,0,0,0,0,0,0,0,0,0,0,0,0,0,0,0,0,0,0,0,0,0,0,0,0,0,0,0,0,0,0,0,0,0,0,0,0,0,0,0,0,0,0,0,0,0,0,0,0,0,0,0,0,0,0,0,0,0,0,0,0,0,0,0,0,0,0,0,0,0,0,0,0,0,0,0,0,0,0,0,0,0,0,0,0,0,0,0,0,0,0,0,0,0,0,0,0,0,0,0,0,0,0,0,0,0,0,0,0,0,0,0,0,0,0,0,0,0,0,0,0,0,0,0,0,0,0,0,0,0,0,0,0,0,0,0,0,0,0,0,0,0,0,0,0,0,0,0,0,0,0,0,0,0,0,0,0,0,0,0,0,0,0,0,0,0,0,0,0,0,0,0,0,0,0,0,0,0,0,0,0,0,0,0,0,0,0,0,0,0,0,0,0,0,0,0,0,0,0,0,0,0,0,0,0,0,0,0,0,0,0,0,0,0,0,0,0,0,0,0,0,0,0,0,0,0,0,0,0,0,0,0,0,0,0,0,0,0,0,0
"10",171.5651,171.667075,172.887175,175.2085,175.35525,176.40105,176.546575,178.00315,178.9067,179.01,179.66305,179.7899,179.9588,0,0,0,0,0,0,0,0,0,0,0,0,0,0,0,0,0,0,0,0,0,0,0,0,0,0,0,0,0,0,0,0,0,0,0,0,0,0,0,0,0,0,0,0,0,0,0,0,0,0,0,0,0,0,0,0,0,0,0,0,0,0,0,0,0,0,0,0,0,0,0,0,0,0,0,0,0,0,0,0,0,0,0,0,0,0,0,0,0,0,0,0,0,0,0,0,0,0,0,0,0,0,0,0,0,0,0,0,0,0,0,0,0,0,0,0,0,0,0,0,0,0,0,0,0,0,0,0,0,0,0,0,0,0,0,0,0,0,0,0,0,0,0,0,0,0,0,0,0,0,0,0,0,0,0,0,0,0,0,0,0,0,0,0,0,0,0,0,0,0,0,0,0,0,0,0,0,0,0,0,0,0,0,0,0,0,0,0,0,0,0,0,0,0,0,0,0,0,0,0,0,0,0,0,0,0,0,0,0,0,0,0,0,0,0,0,0,0,0,0,0,0,0,0,0,0,0,0,0,0,0,0,0,0,0,0,0,0,0,0,0,0,0,0,0,0,0,0,0,0,0,0,0,0,0,0,0,0,0,0,0,0,0,0,0,0,0,0,0,0,0,0,0,0,0,0,0,0,0,0,0,0,0,0,0,0,0,0,0,0,0,0,0,0,0,0,0,0,0,0,0,0,0,0,0,0,0,0,0,0,0,0,0,0,0,0,0,0,0,0,0,0,0,0,0,0,0,0,0,0,0,0,0,0,0,0,0,0,0,0,0,0,0,0,0,0,0,0,0,0,0,0,0,0,0,0,0,0,0,0,0,0,0,0,0,0,0,0,0,0,0,0,0,0,0,0,0,0,0,0,0,0,0,0,0,0,0,0,0,0,0,0,0,0,0,0,0,0,0,0,0,0,0,0,0,0,0,0,0
"11",170.169825,171.5674,171.626725,171.647825,171.6821,172.871925,172.9118,172.948375,176.285775,177.851225,177.9053,178.009575,178.068075,179.551,179.592525,179.65505,179.71675,179.8473,179.899275,179.942725,181.757,181.8611,181.942475,182.025275,182.0963,182.231925,182.316525,0,0,0,0,0,0,0,0,0,0,0,0,0,0,0,0,0,0,0,0,0,0,0,0,0,0,0,0,0,0,0,0,0,0,0,0,0,0,0,0,0,0,0,0,0,0,0,0,0,0,0,0,0,0,0,0,0,0,0,0,0,0,0,0,0,0,0,0,0,0,0,0,0,0,0,0,0,0,0,0,0,0,0,0,0,0,0,0,0,0,0,0,0,0,0,0,0,0,0,0,0,0,0,0,0,0,0,0,0,0,0,0,0,0,0,0,0,0,0,0,0,0,0,0,0,0,0,0,0,0,0,0,0,0,0,0,0,0,0,0,0,0,0,0,0,0,0,0,0,0,0,0,0,0,0,0,0,0,0,0,0,0,0,0,0,0,0,0,0,0,0,0,0,0,0,0,0,0,0,0,0,0,0,0,0,0,0,0,0,0,0,0,0,0,0,0,0,0,0,0,0,0,0,0,0,0,0,0,0,0,0,0,0,0,0,0,0,0,0,0,0,0,0,0,0,0,0,0,0,0,0,0,0,0,0,0,0,0,0,0,0,0,0,0,0,0,0,0,0,0,0,0,0,0,0,0,0,0,0,0,0,0,0,0,0,0,0,0,0,0,0,0,0,0,0,0,0,0,0,0,0,0,0,0,0,0,0,0,0,0,0,0,0,0,0,0,0,0,0,0,0,0,0,0,0,0,0,0,0,0,0,0,0,0,0,0,0,0,0,0,0,0,0,0,0,0,0,0,0,0,0,0,0,0,0,0,0,0,0,0,0,0,0,0,0,0,0,0,0,0,0,0,0,0,0,0,0,0,0,0,0,0,0,0,0,0,0,0,0,0,0,0,0,0,0,0,0,0,0,0,0,0,0,0,0,0,0,0,0,0,0,0,0,0,0
"12",170.2403,179.022225,0,0,0,0,0,0,0,0,0,0,0,0,0,0,0,0,0,0,0,0,0,0,0,0,0,0,0,0,0,0,0,0,0,0,0,0,0,0,0,0,0,0,0,0,0,0,0,0,0,0,0,0,0,0,0,0,0,0,0,0,0,0,0,0,0,0,0,0,0,0,0,0,0,0,0,0,0,0,0,0,0,0,0,0,0,0,0,0,0,0,0,0,0,0,0,0,0,0,0,0,0,0,0,0,0,0,0,0,0,0,0,0,0,0,0,0,0,0,0,0,0,0,0,0,0,0,0,0,0,0,0,0,0,0,0,0,0,0,0,0,0,0,0,0,0,0,0,0,0,0,0,0,0,0,0,0,0,0,0,0,0,0,0,0,0,0,0,0,0,0,0,0,0,0,0,0,0,0,0,0,0,0,0,0,0,0,0,0,0,0,0,0,0,0,0,0,0,0,0,0,0,0,0,0,0,0,0,0,0,0,0,0,0,0,0,0,0,0,0,0,0,0,0,0,0,0,0,0,0,0,0,0,0,0,0,0,0,0,0,0,0,0,0,0,0,0,0,0,0,0,0,0,0,0,0,0,0,0,0,0,0,0,0,0,0,0,0,0,0,0,0,0,0,0,0,0,0,0,0,0,0,0,0,0,0,0,0,0,0,0,0,0,0,0,0,0,0,0,0,0,0,0,0,0,0,0,0,0,0,0,0,0,0,0,0,0,0,0,0,0,0,0,0,0,0,0,0,0,0,0,0,0,0,0,0,0,0,0,0,0,0,0,0,0,0,0,0,0,0,0,0,0,0,0,0,0,0,0,0,0,0,0,0,0,0,0,0,0,0,0,0,0,0,0,0,0,0,0,0,0,0,0,0,0,0,0,0,0,0,0,0,0,0,0,0,0,0,0,0,0,0,0,0,0,0,0,0,0,0,0,0,0,0,0,0,0,0,0,0,0
"13",0,0,0,0,0,0,0,0,0,0,0,0,0,0,0,0,0,0,0,0,0,0,0,0,0,0,0,0,0,0,0,0,0,0,0,0,0,0,0,0,0,0,0,0,0,0,0,0,0,0,0,0,0,0,0,0,0,0,0,0,0,0,0,0,0,0,0,0,0,0,0,0,0,0,0,0,0,0,0,0,0,0,0,0,0,0,0,0,0,0,0,0,0,0,0,0,0,0,0,0,0,0,0,0,0,0,0,0,0,0,0,0,0,0,0,0,0,0,0,0,0,0,0,0,0,0,0,0,0,0,0,0,0,0,0,0,0,0,0,0,0,0,0,0,0,0,0,0,0,0,0,0,0,0,0,0,0,0,0,0,0,0,0,0,0,0,0,0,0,0,0,0,0,0,0,0,0,0,0,0,0,0,0,0,0,0,0,0,0,0,0,0,0,0,0,0,0,0,0,0,0,0,0,0,0,0,0,0,0,0,0,0,0,0,0,0,0,0,0,0,0,0,0,0,0,0,0,0,0,0,0,0,0,0,0,0,0,0,0,0,0,0,0,0,0,0,0,0,0,0,0,0,0,0,0,0,0,0,0,0,0,0,0,0,0,0,0,0,0,0,0,0,0,0,0,0,0,0,0,0,0,0,0,0,0,0,0,0,0,0,0,0,0,0,0,0,0,0,0,0,0,0,0,0,0,0,0,0,0,0,0,0,0,0,0,0,0,0,0,0,0,0,0,0,0,0,0,0,0,0,0,0,0,0,0,0,0,0,0,0,0,0,0,0,0,0,0,0,0,0,0,0,0,0,0,0,0,0,0,0,0,0,0,0,0,0,0,0,0,0,0,0,0,0,0,0,0,0,0,0,0,0,0,0,0,0,0,0,0,0,0,0,0,0,0,0,0,0,0,0,0,0,0,0,0,0,0,0,0,0,0,0,0,0,0,0,0,0,0,0,0,0
"14",0,0,0,0,0,0,0,0,0,0,0,0,0,0,0,0,0,0,0,0,0,0,0,0,0,0,0,0,0,0,0,0,0,0,0,0,0,0,0,0,0,0,0,0,0,0,0,0,0,0,0,0,0,0,0,0,0,0,0,0,0,0,0,0,0,0,0,0,0,0,0,0,0,0,0,0,0,0,0,0,0,0,0,0,0,0,0,0,0,0,0,0,0,0,0,0,0,0,0,0,0,0,0,0,0,0,0,0,0,0,0,0,0,0,0,0,0,0,0,0,0,0,0,0,0,0,0,0,0,0,0,0,0,0,0,0,0,0,0,0,0,0,0,0,0,0,0,0,0,0,0,0,0,0,0,0,0,0,0,0,0,0,0,0,0,0,0,0,0,0,0,0,0,0,0,0,0,0,0,0,0,0,0,0,0,0,0,0,0,0,0,0,0,0,0,0,0,0,0,0,0,0,0,0,0,0,0,0,0,0,0,0,0,0,0,0,0,0,0,0,0,0,0,0,0,0,0,0,0,0,0,0,0,0,0,0,0,0,0,0,0,0,0,0,0,0,0,0,0,0,0,0,0,0,0,0,0,0,0,0,0,0,0,0,0,0,0,0,0,0,0,0,0,0,0,0,0,0,0,0,0,0,0,0,0,0,0,0,0,0,0,0,0,0,0,0,0,0,0,0,0,0,0,0,0,0,0,0,0,0,0,0,0,0,0,0,0,0,0,0,0,0,0,0,0,0,0,0,0,0,0,0,0,0,0,0,0,0,0,0,0,0,0,0,0,0,0,0,0,0,0,0,0,0,0,0,0,0,0,0,0,0,0,0,0,0,0,0,0,0,0,0,0,0,0,0,0,0,0,0,0,0,0,0,0,0,0,0,0,0,0,0,0,0,0,0,0,0,0,0,0,0,0,0,0,0,0,0,0,0,0,0,0,0,0,0,0,0,0,0,0,0
"15",179.6894,180.541725,181.048675,181.625375,182.107675,182.183175,182.3626,184.1186,189.7492,0,0,0,0,0,0,0,0,0,0,0,0,0,0,0,0,0,0,0,0,0,0,0,0,0,0,0,0,0,0,0,0,0,0,0,0,0,0,0,0,0,0,0,0,0,0,0,0,0,0,0,0,0,0,0,0,0,0,0,0,0,0,0,0,0,0,0,0,0,0,0,0,0,0,0,0,0,0,0,0,0,0,0,0,0,0,0,0,0,0,0,0,0,0,0,0,0,0,0,0,0,0,0,0,0,0,0,0,0,0,0,0,0,0,0,0,0,0,0,0,0,0,0,0,0,0,0,0,0,0,0,0,0,0,0,0,0,0,0,0,0,0,0,0,0,0,0,0,0,0,0,0,0,0,0,0,0,0,0,0,0,0,0,0,0,0,0,0,0,0,0,0,0,0,0,0,0,0,0,0,0,0,0,0,0,0,0,0,0,0,0,0,0,0,0,0,0,0,0,0,0,0,0,0,0,0,0,0,0,0,0,0,0,0,0,0,0,0,0,0,0,0,0,0,0,0,0,0,0,0,0,0,0,0,0,0,0,0,0,0,0,0,0,0,0,0,0,0,0,0,0,0,0,0,0,0,0,0,0,0,0,0,0,0,0,0,0,0,0,0,0,0,0,0,0,0,0,0,0,0,0,0,0,0,0,0,0,0,0,0,0,0,0,0,0,0,0,0,0,0,0,0,0,0,0,0,0,0,0,0,0,0,0,0,0,0,0,0,0,0,0,0,0,0,0,0,0,0,0,0,0,0,0,0,0,0,0,0,0,0,0,0,0,0,0,0,0,0,0,0,0,0,0,0,0,0,0,0,0,0,0,0,0,0,0,0,0,0,0,0,0,0,0,0,0,0,0,0,0,0,0,0,0,0,0,0,0,0,0,0,0,0,0,0,0,0,0,0,0,0,0,0,0,0,0,0,0,0,0,0,0,0,0
"16",169.564225,169.6086,169.749025,169.87835,169.924075,169.9822,170.020175,170.051625,170.087175,170.530125,170.58965,170.6177,170.714975,170.89345,170.98305,171.020225,171.151925,171.305625,171.3591,171.4282,171.468,171.50625,171.531925,171.546075,171.590175,171.601725,171.652125,171.676325,171.72525,171.946475,172.09555,172.2027,172.23835,172.29055,172.34145,172.40595,172.4632,172.522225,172.562775,172.59955,172.65245,172.79625,172.8765,172.905825,172.953075,173.002675,173.0534,173.14175,173.37925,173.4195,173.513425,173.56795,173.619475,173.64785,173.691325,173.727025,173.78295,173.830225,173.860675,173.887675,173.955225,174.1511,174.3115,174.508025,174.569225,174.627125,174.695875,174.9692,175.0274,175.10465,175.1972,175.272025,175.36455,175.422975,175.464625,175.5483,176.511925,176.53375,176.905325,176.99215,177.0524,177.0905,177.113625,177.15635,177.1923,177.23255,177.271875,177.31375,177.3692,177.41725,177.540475,177.63465,177.807125,177.9572,178.035825,178.123375,178.195625,178.38115,178.579475,178.655475,178.692375,178.792925,178.838375,178.883175,178.920675,178.964825,179.01265,179.05095,179.11375,179.207125,179.2729,179.374475,179.49275,179.54405,179.6198,179.929,180.041725,180.414425,180.640925,180.745075,180.8502,180.900125,180.98045,181.127425,181.25725,181.4048,181.488175,181.623575,181.708875,181.867225,181.955175,182.11465,182.1546,182.21095,182.286075,182.397625,182.5435,183.291825,183.420375,183.551725,183.778475,183.91845,0,0,0,0,0,0,0,0,0,0,0,0,0,0,0,0,0,0,0,0,0,0,0,0,0,0,0,0,0,0,0,0,0,0,0,0,0,0,0,0,0,0,0,0,0,0,0,0,0,0,0,0,0,0,0,0,0,0,0,0,0,0,0,0,0,0,0,0,0,0,0,0,0,0,0,0,0,0,0,0,0,0,0,0,0,0,0,0,0,0,0,0,0,0,0,0,0,0,0,0,0,0,0,0,0,0,0,0,0,0,0,0,0,0,0,0,0,0,0,0,0,0,0,0,0,0,0,0,0,0,0,0,0,0,0,0,0,0,0,0,0,0,0,0,0,0,0,0,0,0,0,0,0,0,0,0,0,0,0,0,0,0,0,0,0,0,0,0,0,0,0,0,0,0,0,0,0,0,0,0,0,0,0,0,0,0,0,0,0,0,0,0,0,0,0,0,0,0,0,0,0,0,0,0,0,0,0,0,0,0,0,0,0,0,0,0,0,0,0,0,0,0,0,0,0,0,0,0,0,0,0,0,0,0,0,0,0,0,0,0,0,0,0,0,0,0,0,0,0,0,0,0,0,0,0,0,0,0,0,0,0,0,0,0,0,0,0,0,0,0,0,0,0,0,0,0,0,0,0,0
"17",171.5148,171.592925,171.685325,172.287175,172.341875,172.906925,173.006825,173.069925,174.31485,174.566425,176.0108,176.1883,179.61215,181.244175,181.979475,182.212625,182.3754,0,0,0,0,0,0,0,0,0,0,0,0,0,0,0,0,0,0,0,0,0,0,0,0,0,0,0,0,0,0,0,0,0,0,0,0,0,0,0,0,0,0,0,0,0,0,0,0,0,0,0,0,0,0,0,0,0,0,0,0,0,0,0,0,0,0,0,0,0,0,0,0,0,0,0,0,0,0,0,0,0,0,0,0,0,0,0,0,0,0,0,0,0,0,0,0,0,0,0,0,0,0,0,0,0,0,0,0,0,0,0,0,0,0,0,0,0,0,0,0,0,0,0,0,0,0,0,0,0,0,0,0,0,0,0,0,0,0,0,0,0,0,0,0,0,0,0,0,0,0,0,0,0,0,0,0,0,0,0,0,0,0,0,0,0,0,0,0,0,0,0,0,0,0,0,0,0,0,0,0,0,0,0,0,0,0,0,0,0,0,0,0,0,0,0,0,0,0,0,0,0,0,0,0,0,0,0,0,0,0,0,0,0,0,0,0,0,0,0,0,0,0,0,0,0,0,0,0,0,0,0,0,0,0,0,0,0,0,0,0,0,0,0,0,0,0,0,0,0,0,0,0,0,0,0,0,0,0,0,0,0,0,0,0,0,0,0,0,0,0,0,0,0,0,0,0,0,0,0,0,0,0,0,0,0,0,0,0,0,0,0,0,0,0,0,0,0,0,0,0,0,0,0,0,0,0,0,0,0,0,0,0,0,0,0,0,0,0,0,0,0,0,0,0,0,0,0,0,0,0,0,0,0,0,0,0,0,0,0,0,0,0,0,0,0,0,0,0,0,0,0,0,0,0,0,0,0,0,0,0,0,0,0,0,0,0,0,0,0,0,0,0,0,0,0,0,0,0,0,0,0,0,0,0,0,0,0,0,0,0,0,0,0,0,0,0,0,0,0,0,0,0,0,0,0
"18",169.77535,169.944225,169.9963,170.0109,170.10675,170.197425,170.25095,170.333925,170.34235,170.379725,170.435725,170.4762,170.518625,170.55075,170.576575,170.5987,170.624325,170.6793,170.715875,170.7342,170.775375,170.8306,171.532475,171.56505,171.60625,171.6594,171.708575,171.733325,171.756725,171.791825,171.814825,171.830725,172.783975,172.848575,172.95265,173.0381,173.10865,173.3683,174.145475,174.3008,174.3014,174.4297,174.555925,174.634275,175.09765,175.798925,175.9111,176.030925,176.106525,176.2177,176.2873,176.425475,176.496375,176.966975,177.16105,177.7049,177.838825,177.8968,177.986425,178.0257,178.1829,178.747475,179.2962,179.4813,179.63995,179.746125,179.80745,179.8736,179.93125,180.0125,180.092275,0,0,0,0,0,0,0,0,0,0,0,0,0,0,0,0,0,0,0,0,0,0,0,0,0,0,0,0,0,0,0,0,0,0,0,0,0,0,0,0,0,0,0,0,0,0,0,0,0,0,0,0,0,0,0,0,0,0,0,0,0,0,0,0,0,0,0,0,0,0,0,0,0,0,0,0,0,0,0,0,0,0,0,0,0,0,0,0,0,0,0,0,0,0,0,0,0,0,0,0,0,0,0,0,0,0,0,0,0,0,0,0,0,0,0,0,0,0,0,0,0,0,0,0,0,0,0,0,0,0,0,0,0,0,0,0,0,0,0,0,0,0,0,0,0,0,0,0,0,0,0,0,0,0,0,0,0,0,0,0,0,0,0,0,0,0,0,0,0,0,0,0,0,0,0,0,0,0,0,0,0,0,0,0,0,0,0,0,0,0,0,0,0,0,0,0,0,0,0,0,0,0,0,0,0,0,0,0,0,0,0,0,0,0,0,0,0,0,0,0,0,0,0,0,0,0,0,0,0,0,0,0,0,0,0,0,0,0,0,0,0,0,0,0,0,0,0,0,0,0,0,0,0,0,0,0,0,0,0,0,0,0,0,0,0,0,0,0,0,0,0,0,0,0,0,0,0,0,0,0,0,0,0,0,0,0,0,0,0,0,0,0,0,0,0,0,0,0,0,0,0,0,0,0,0,0,0,0,0,0,0,0,0,0,0,0,0,0,0,0,0,0,0,0,0,0,0,0,0,0,0,0,0,0,0,0,0,0,0,0,0,0,0,0,0,0,0,0,0,0,0
"19",173.621325,174.213375,174.29025,174.3094,174.355875,175.26,175.445425,175.781525,175.980075,176.152025,176.22135,176.300125,177.6976,177.816575,177.914225,179.163075,179.334575,179.515425,179.62135,181.38425,181.6996,181.785425,181.883275,181.989975,182.1372,0,0,0,0,0,0,0,0,0,0,0,0,0,0,0,0,0,0,0,0,0,0,0,0,0,0,0,0,0,0,0,0,0,0,0,0,0,0,0,0,0,0,0,0,0,0,0,0,0,0,0,0,0,0,0,0,0,0,0,0,0,0,0,0,0,0,0,0,0,0,0,0,0,0,0,0,0,0,0,0,0,0,0,0,0,0,0,0,0,0,0,0,0,0,0,0,0,0,0,0,0,0,0,0,0,0,0,0,0,0,0,0,0,0,0,0,0,0,0,0,0,0,0,0,0,0,0,0,0,0,0,0,0,0,0,0,0,0,0,0,0,0,0,0,0,0,0,0,0,0,0,0,0,0,0,0,0,0,0,0,0,0,0,0,0,0,0,0,0,0,0,0,0,0,0,0,0,0,0,0,0,0,0,0,0,0,0,0,0,0,0,0,0,0,0,0,0,0,0,0,0,0,0,0,0,0,0,0,0,0,0,0,0,0,0,0,0,0,0,0,0,0,0,0,0,0,0,0,0,0,0,0,0,0,0,0,0,0,0,0,0,0,0,0,0,0,0,0,0,0,0,0,0,0,0,0,0,0,0,0,0,0,0,0,0,0,0,0,0,0,0,0,0,0,0,0,0,0,0,0,0,0,0,0,0,0,0,0,0,0,0,0,0,0,0,0,0,0,0,0,0,0,0,0,0,0,0,0,0,0,0,0,0,0,0,0,0,0,0,0,0,0,0,0,0,0,0,0,0,0,0,0,0,0,0,0,0,0,0,0,0,0,0,0,0,0,0,0,0,0,0,0,0,0,0,0,0,0,0,0,0,0,0,0,0,0,0,0,0,0,0,0,0,0,0,0,0,0,0,0,0,0,0,0,0,0,0,0,0,0,0,0,0,0,0,0,0
"20",169.808775,169.919225,170.040025,170.1085,170.188,170.2664,170.4078,170.642275,170.7894,170.882,170.9794,171.236425,171.381,171.477,171.6672,171.7701,171.870125,172.82535,172.895325,172.9713,173.17815,174.3672,174.44665,174.8393,175.161375,175.25585,175.382375,176.373,176.72345,177.3217,177.5154,177.68685,177.842025,177.917975,178.0097,178.129975,178.1967,178.40795,178.991075,179.1216,179.3247,179.51935,179.650475,180.020525,180.161225,0,0,0,0,0,0,0,0,0,0,0,0,0,0,0,0,0,0,0,0,0,0,0,0,0,0,0,0,0,0,0,0,0,0,0,0,0,0,0,0,0,0,0,0,0,0,0,0,0,0,0,0,0,0,0,0,0,0,0,0,0,0,0,0,0,0,0,0,0,0,0,0,0,0,0,0,0,0,0,0,0,0,0,0,0,0,0,0,0,0,0,0,0,0,0,0,0,0,0,0,0,0,0,0,0,0,0,0,0,0,0,0,0,0,0,0,0,0,0,0,0,0,0,0,0,0,0,0,0,0,0,0,0,0,0,0,0,0,0,0,0,0,0,0,0,0,0,0,0,0,0,0,0,0,0,0,0,0,0,0,0,0,0,0,0,0,0,0,0,0,0,0,0,0,0,0,0,0,0,0,0,0,0,0,0,0,0,0,0,0,0,0,0,0,0,0,0,0,0,0,0,0,0,0,0,0,0,0,0,0,0,0,0,0,0,0,0,0,0,0,0,0,0,0,0,0,0,0,0,0,0,0,0,0,0,0,0,0,0,0,0,0,0,0,0,0,0,0,0,0,0,0,0,0,0,0,0,0,0,0,0,0,0,0,0,0,0,0,0,0,0,0,0,0,0,0,0,0,0,0,0,0,0,0,0,0,0,0,0,0,0,0,0,0,0,0,0,0,0,0,0,0,0,0,0,0,0,0,0,0,0,0,0,0,0,0,0,0,0,0,0,0,0,0,0,0,0,0,0,0,0,0,0,0,0,0,0,0,0,0,0,0,0,0,0,0,0,0,0,0,0,0,0,0,0,0,0,0,0,0,0,0,0,0,0,0,0,0,0,0,0,0,0,0,0,0,0
"21",170.38455,170.9888,171.023125,171.1861,171.26465,171.3483,171.4354,171.519825,171.578975,172.04435,172.162575,172.436625,172.488775,172.56035,172.59955,172.644875,172.73645,172.82825,172.8875,172.933275,174.53825,175.2328,176.899625,177.058475,177.16005,177.230325,177.9313,178.8083,178.861775,180.7013,181.012,0,0,0,0,0,0,0,0,0,0,0,0,0,0,0,0,0,0,0,0,0,0,0,0,0,0,0,0,0,0,0,0,0,0,0,0,0,0,0,0,0,0,0,0,0,0,0,0,0,0,0,0,0,0,0,0,0,0,0,0,0,0,0,0,0,0,0,0,0,0,0,0,0,0,0,0,0,0,0,0,0,0,0,0,0,0,0,0,0,0,0,0,0,0,0,0,0,0,0,0,0,0,0,0,0,0,0,0,0,0,0,0,0,0,0,0,0,0,0,0,0,0,0,0,0,0,0,0,0,0,0,0,0,0,0,0,0,0,0,0,0,0,0,0,0,0,0,0,0,0,0,0,0,0,0,0,0,0,0,0,0,0,0,0,0,0,0,0,0,0,0,0,0,0,0,0,0,0,0,0,0,0,0,0,0,0,0,0,0,0,0,0,0,0,0,0,0,0,0,0,0,0,0,0,0,0,0,0,0,0,0,0,0,0,0,0,0,0,0,0,0,0,0,0,0,0,0,0,0,0,0,0,0,0,0,0,0,0,0,0,0,0,0,0,0,0,0,0,0,0,0,0,0,0,0,0,0,0,0,0,0,0,0,0,0,0,0,0,0,0,0,0,0,0,0,0,0,0,0,0,0,0,0,0,0,0,0,0,0,0,0,0,0,0,0,0,0,0,0,0,0,0,0,0,0,0,0,0,0,0,0,0,0,0,0,0,0,0,0,0,0,0,0,0,0,0,0,0,0,0,0,0,0,0,0,0,0,0,0,0,0,0,0,0,0,0,0,0,0,0,0,0,0,0,0,0,0,0,0,0,0,0,0,0,0,0,0,0,0,0,0,0,0,0,0,0,0,0,0,0,0,0,0,0,0,0,0,0,0,0,0
"22",172.08225,172.28345,172.38695,172.5665,173.636275,173.771,175.327575,175.447825,177.085075,177.14005,177.1847,177.2297,177.3125,177.450325,178.86685,179.072525,0,0,0,0,0,0,0,0,0,0,0,0,0,0,0,0,0,0,0,0,0,0,0,0,0,0,0,0,0,0,0,0,0,0,0,0,0,0,0,0,0,0,0,0,0,0,0,0,0,0,0,0,0,0,0,0,0,0,0,0,0,0,0,0,0,0,0,0,0,0,0,0,0,0,0,0,0,0,0,0,0,0,0,0,0,0,0,0,0,0,0,0,0,0,0,0,0,0,0,0,0,0,0,0,0,0,0,0,0,0,0,0,0,0,0,0,0,0,0,0,0,0,0,0,0,0,0,0,0,0,0,0,0,0,0,0,0,0,0,0,0,0,0,0,0,0,0,0,0,0,0,0,0,0,0,0,0,0,0,0,0,0,0,0,0,0,0,0,0,0,0,0,0,0,0,0,0,0,0,0,0,0,0,0,0,0,0,0,0,0,0,0,0,0,0,0,0,0,0,0,0,0,0,0,0,0,0,0,0,0,0,0,0,0,0,0,0,0,0,0,0,0,0,0,0,0,0,0,0,0,0,0,0,0,0,0,0,0,0,0,0,0,0,0,0,0,0,0,0,0,0,0,0,0,0,0,0,0,0,0,0,0,0,0,0,0,0,0,0,0,0,0,0,0,0,0,0,0,0,0,0,0,0,0,0,0,0,0,0,0,0,0,0,0,0,0,0,0,0,0,0,0,0,0,0,0,0,0,0,0,0,0,0,0,0,0,0,0,0,0,0,0,0,0,0,0,0,0,0,0,0,0,0,0,0,0,0,0,0,0,0,0,0,0,0,0,0,0,0,0,0,0,0,0,0,0,0,0,0,0,0,0,0,0,0,0,0,0,0,0,0,0,0,0,0,0,0,0,0,0,0,0,0,0,0,0,0,0,0,0,0,0,0,0,0,0,0,0,0,0,0,0,0,0,0,0
"23",169.8993,169.986575,170.04795,170.08425,170.2344,170.28445,170.349875,170.425825,170.469125,170.523025,170.55835,170.585375,170.65415,170.6853,170.749375,170.825925,170.913675,170.97555,171.0263,171.1791,171.287325,171.414925,171.497575,171.5347,171.6025,171.66335,171.696025,171.7323,171.777025,171.832325,171.899725,171.98095,172.384575,172.791,172.91435,173.0459,173.096325,173.1596,173.295225,173.365025,173.440375,173.55705,174.0135,174.2837,174.36305,174.4277,174.5032,174.694775,174.908025,174.929525,174.9615,175.2047,175.359625,175.492825,175.708025,176.0479,176.1995,176.261875,176.30895,176.42505,176.514875,176.5821,176.733475,176.83265,176.941375,177.0273,177.336625,177.60295,177.81845,177.893175,177.996825,178.0981,178.166275,178.24415,178.314825,178.3757,178.60065,178.744525,179.118075,179.17895,179.23095,179.3154,179.377125,179.434825,179.502125,179.565475,179.618525,179.658975,179.7384,179.799225,179.864425,179.903825,179.981125,180.1974,180.442225,180.566575,180.8117,180.94135,181.14475,181.3374,181.441275,181.5685,181.691475,181.80765,181.8856,181.98785,182.0446,182.124275,182.2164,182.354875,182.441725,182.549975,182.6608,182.89715,183.2475,183.66885,183.835175,183.940575,184.092825,184.403925,184.813375,0,0,0,0,0,0,0,0,0,0,0,0,0,0,0,0,0,0,0,0,0,0,0,0,0,0,0,0,0,0,0,0,0,0,0,0,0,0,0,0,0,0,0,0,0,0,0,0,0,0,0,0,0,0,0,0,0,0,0,0,0,0,0,0,0,0,0,0,0,0,0,0,0,0,0,0,0,0,0,0,0,0,0,0,0,0,0,0,0,0,0,0,0,0,0,0,0,0,0,0,0,0,0,0,0,0,0,0,0,0,0,0,0,0,0,0,0,0,0,0,0,0,0,0,0,0,0,0,0,0,0,0,0,0,0,0,0,0,0,0,0,0,0,0,0,0,0,0,0,0,0,0,0,0,0,0,0,0,0,0,0,0,0,0,0,0,0,0,0,0,0,0,0,0,0,0,0,0,0,0,0,0,0,0,0,0,0,0,0,0,0,0,0,0,0,0,0,0,0,0,0,0,0,0,0,0,0,0,0,0,0,0,0,0,0,0,0,0,0,0,0,0,0,0,0,0,0,0,0,0,0,0,0,0,0,0,0,0,0,0,0,0,0,0,0,0,0,0,0,0,0,0,0,0,0,0,0,0,0,0,0,0,0,0,0,0,0,0,0,0,0,0,0,0,0,0,0,0,0,0,0,0,0,0,0,0,0,0,0,0,0,0,0,0,0,0,0,0,0,0,0
"24",164.1055,164.40815,166.33425,166.58405,166.88735,167.620975,167.96475,168.1509,168.630825,169.666475,169.76255,170.5244,170.638675,171.0719,171.1471,171.2204,171.252325,171.359425,171.423675,171.4587,171.502425,171.594525,171.639325,171.72145,171.726225,171.8141,172.12175,172.163975,172.30865,172.32705,172.451175,172.473825,172.502975,172.52385,172.555325,172.603225,172.6149,172.68095,172.74575,172.97865,173.1666,173.246625,173.278225,173.431125,173.572875,173.628075,173.649925,173.6685,173.723975,173.749375,173.7924,173.856475,173.941725,173.98655,174.01245,174.13505,174.15415,174.237625,174.274375,174.3004,174.42365,174.54275,174.599875,174.818825,174.86,174.99085,175.205125,175.220775,175.25025,175.274675,175.34875,175.4035,175.4417,175.49705,175.539975,175.62545,175.78645,175.81295,175.8332,175.888875,175.90845,175.984675,176.01465,176.039675,176.17085,176.189475,176.55225,176.712025,176.836575,176.928175,176.9751,177.010375,177.16215,177.1902,177.22105,177.30965,177.421375,177.4444,177.47025,177.55425,177.57275,177.660125,177.66645,177.75625,177.8041,177.835525,178.389875,178.456,178.604425,178.66405,178.76495,178.844825,178.870625,178.94015,178.9839,179.024575,179.151125,179.194975,179.23725,179.281325,179.344775,179.4128,179.5606,180.26415,180.333275,180.428425,180.491725,180.5211,180.5745,180.762075,180.8755,180.977225,181.06535,181.157375,181.207775,181.429975,181.4924,181.55005,181.718225,182.966925,183.092075,183.205775,183.33715,183.421325,183.50905,183.5722,183.710325,183.962825,0,0,0,0,0,0,0,0,0,0,0,0,0,0,0,0,0,0,0,0,0,0,0,0,0,0,0,0,0,0,0,0,0,0,0,0,0,0,0,0,0,0,0,0,0,0,0,0,0,0,0,0,0,0,0,0,0,0,0,0,0,0,0,0,0,0,0,0,0,0,0,0,0,0,0,0,0,0,0,0,0,0,0,0,0,0,0,0,0,0,0,0,0,0,0,0,0,0,0,0,0,0,0,0,0,0,0,0,0,0,0,0,0,0,0,0,0,0,0,0,0,0,0,0,0,0,0,0,0,0,0,0,0,0,0,0,0,0,0,0,0,0,0,0,0,0,0,0,0,0,0,0,0,0,0,0,0,0,0,0,0,0,0,0,0,0,0,0,0,0,0,0,0,0,0,0,0,0,0,0,0,0,0,0,0,0,0,0,0,0,0,0,0,0,0,0,0,0,0,0,0,0,0,0,0,0,0,0,0,0,0,0,0,0,0,0,0,0,0,0,0,0,0,0,0,0,0,0,0,0,0,0,0,0,0,0,0,0,0,0,0,0,0,0,0,0,0,0,0,0,0,0,0,0,0,0,0,0,0,0,0,0,0,0,0,0,0,0,0,0,0,0,0,0
"25",169.518725,169.96935,170.535775,170.99715,171.08425,171.3451,171.448375,173.273525,173.3665,173.460825,174.519575,174.94065,175.400575,175.503175,178.5408,178.6119,180.520025,0,0,0,0,0,0,0,0,0,0,0,0,0,0,0,0,0,0,0,0,0,0,0,0,0,0,0,0,0,0,0,0,0,0,0,0,0,0,0,0,0,0,0,0,0,0,0,0,0,0,0,0,0,0,0,0,0,0,0,0,0,0,0,0,0,0,0,0,0,0,0,0,0,0,0,0,0,0,0,0,0,0,0,0,0,0,0,0,0,0,0,0,0,0,0,0,0,0,0,0,0,0,0,0,0,0,0,0,0,0,0,0,0,0,0,0,0,0,0,0,0,0,0,0,0,0,0,0,0,0,0,0,0,0,0,0,0,0,0,0,0,0,0,0,0,0,0,0,0,0,0,0,0,0,0,0,0,0,0,0,0,0,0,0,0,0,0,0,0,0,0,0,0,0,0,0,0,0,0,0,0,0,0,0,0,0,0,0,0,0,0,0,0,0,0,0,0,0,0,0,0,0,0,0,0,0,0,0,0,0,0,0,0,0,0,0,0,0,0,0,0,0,0,0,0,0,0,0,0,0,0,0,0,0,0,0,0,0,0,0,0,0,0,0,0,0,0,0,0,0,0,0,0,0,0,0,0,0,0,0,0,0,0,0,0,0,0,0,0,0,0,0,0,0,0,0,0,0,0,0,0,0,0,0,0,0,0,0,0,0,0,0,0,0,0,0,0,0,0,0,0,0,0,0,0,0,0,0,0,0,0,0,0,0,0,0,0,0,0,0,0,0,0,0,0,0,0,0,0,0,0,0,0,0,0,0,0,0,0,0,0,0,0,0,0,0,0,0,0,0,0,0,0,0,0,0,0,0,0,0,0,0,0,0,0,0,0,0,0,0,0,0,0,0,0,0,0,0,0,0,0,0,0,0,0,0,0,0,0,0,0,0,0,0,0,0,0,0,0,0,0,0,0,0,0
"26",169.901525,169.98175,170.002725,170.07285,170.1127,170.17895,170.242675,170.32455,170.3876,170.541175,170.59645,171.46485,171.494325,171.522175,171.541775,171.576925,171.611125,171.6327,171.7578,172.851425,172.90365,176.183775,176.253975,176.30555,177.884225,177.920325,177.979875,178.0444,179.55745,179.653425,179.692025,179.752725,179.8031,179.892325,181.9091,182.0009,182.0596,182.120125,182.225175,182.3666,184.29475,184.78085,0,0,0,0,0,0,0,0,0,0,0,0,0,0,0,0,0,0,0,0,0,0,0,0,0,0,0,0,0,0,0,0,0,0,0,0,0,0,0,0,0,0,0,0,0,0,0,0,0,0,0,0,0,0,0,0,0,0,0,0,0,0,0,0,0,0,0,0,0,0,0,0,0,0,0,0,0,0,0,0,0,0,0,0,0,0,0,0,0,0,0,0,0,0,0,0,0,0,0,0,0,0,0,0,0,0,0,0,0,0,0,0,0,0,0,0,0,0,0,0,0,0,0,0,0,0,0,0,0,0,0,0,0,0,0,0,0,0,0,0,0,0,0,0,0,0,0,0,0,0,0,0,0,0,0,0,0,0,0,0,0,0,0,0,0,0,0,0,0,0,0,0,0,0,0,0,0,0,0,0,0,0,0,0,0,0,0,0,0,0,0,0,0,0,0,0,0,0,0,0,0,0,0,0,0,0,0,0,0,0,0,0,0,0,0,0,0,0,0,0,0,0,0,0,0,0,0,0,0,0,0,0,0,0,0,0,0,0,0,0,0,0,0,0,0,0,0,0,0,0,0,0,0,0,0,0,0,0,0,0,0,0,0,0,0,0,0,0,0,0,0,0,0,0,0,0,0,0,0,0,0,0,0,0,0,0,0,0,0,0,0,0,0,0,0,0,0,0,0,0,0,0,0,0,0,0,0,0,0,0,0,0,0,0,0,0,0,0,0,0,0,0,0,0,0,0,0,0,0,0,0,0,0,0,0,0,0,0,0,0,0,0,0,0,0,0,0,0,0,0,0,0,0,0,0,0,0,0,0,0,0,0,0,0,0,0,0,0,0,0,0,0,0,0,0,0,0,0,0,0
"27",170.9914,171.035575,171.1503,171.190875,171.2456,171.332475,171.489575,171.8856,171.989,172.04375,172.09815,172.174725,172.2104,172.25085,172.31355,172.3289,172.372925,172.3939,172.442225,172.476225,172.533375,172.5707,172.787725,173.175525,173.272325,173.303325,173.324525,173.36765,173.408375,173.49035,173.544425,173.5967,174.677775,174.7014,174.759425,174.801925,174.857925,174.902075,175.039675,175.331575,176.578825,176.6471,176.741475,176.785125,176.854325,176.95445,176.99735,177.0294,177.070475,177.115225,177.15425,177.180425,177.274075,178.20025,178.30845,178.575275,178.737525,178.8034,178.842025,178.9243,180.07645,180.143575,180.223375,180.3724,180.465275,180.64355,180.820025,0,0,0,0,0,0,0,0,0,0,0,0,0,0,0,0,0,0,0,0,0,0,0,0,0,0,0,0,0,0,0,0,0,0,0,0,0,0,0,0,0,0,0,0,0,0,0,0,0,0,0,0,0,0,0,0,0,0,0,0,0,0,0,0,0,0,0,0,0,0,0,0,0,0,0,0,0,0,0,0,0,0,0,0,0,0,0,0,0,0,0,0,0,0,0,0,0,0,0,0,0,0,0,0,0,0,0,0,0,0,0,0,0,0,0,0,0,0,0,0,0,0,0,0,0,0,0,0,0,0,0,0,0,0,0,0,0,0,0,0,0,0,0,0,0,0,0,0,0,0,0,0,0,0,0,0,0,0,0,0,0,0,0,0,0,0,0,0,0,0,0,0,0,0,0,0,0,0,0,0,0,0,0,0,0,0,0,0,0,0,0,0,0,0,0,0,0,0,0,0,0,0,0,0,0,0,0,0,0,0,0,0,0,0,0,0,0,0,0,0,0,0,0,0,0,0,0,0,0,0,0,0,0,0,0,0,0,0,0,0,0,0,0,0,0,0,0,0,0,0,0,0,0,0,0,0,0,0,0,0,0,0,0,0,0,0,0,0,0,0,0,0,0,0,0,0,0,0,0,0,0,0,0,0,0,0,0,0,0,0,0,0,0,0,0,0,0,0,0,0,0,0,0,0,0,0,0,0,0,0,0,0,0,0,0,0,0,0,0,0,0,0,0,0,0,0,0,0,0,0,0,0,0,0,0,0,0,0,0,0,0,0,0,0,0,0,0,0,0,0,0,0,0,0,0
"28",169.55785,169.57715,170.037425,170.206175,171.018525,171.213525,171.267775,171.317675,171.408125,171.4591,171.556975,171.59105,172.174425,172.3558,172.388125,172.452475,172.463075,172.542375,172.617975,172.63905,172.678525,172.7205,172.769025,172.856525,173.19725,173.21995,173.26765,173.3929,173.6007,173.671525,173.692925,173.73585,173.747125,173.855925,174.0192,174.1017,174.19945,174.21635,174.270175,175.064125,175.145425,175.195625,175.2307,175.29005,175.405,175.434675,175.544475,175.915425,175.983925,176.015925,176.032775,176.0726,176.11005,176.1861,176.32635,176.565325,176.836,176.957725,177.0969,177.113,177.13835,177.146275,177.1621,177.201975,177.25155,177.278525,177.2984,177.318325,177.3973,177.4284,177.49675,177.661475,177.765825,177.7784,177.7965,177.825275,177.8574,178.67695,178.8101,178.850175,178.9001,178.942725,178.986125,179.0233,179.049625,179.0759,179.10445,179.10595,179.137425,179.1795,179.241375,179.255125,179.28015,179.3078,179.351725,179.371225,179.394525,179.429525,179.4493,179.4736,179.5163,179.550475,179.580275,179.6322,179.663125,179.6983,179.7738,179.842925,180.63775,180.89545,181.05025,181.143975,181.303075,181.363,181.411725,181.4797,181.519425,181.551925,181.59165,181.708225,181.755875,181.814525,181.8679,181.910325,181.956475,182.149375,182.2448,183.706025,183.792975,183.885125,183.97345,184.065775,184.1342,184.215025,184.344475,184.44775,184.57085,184.652375,184.79465,184.92245,185.112425,185.363625,185.533225,185.79055,186.07015,186.181725,186.374775,186.4516,186.68535,186.84075,187.07805,187.23485,187.4656,187.689475,187.8397,188.044475,188.2078,188.424325,188.672325,188.962275,189.254625,189.54485,189.765075,189.9897,190.392075,190.6421,190.8563,191.0961,191.276475,191.4639,191.739875,192.100925,192.32695,194.1492,195.081975,195.6285,196.039675,196.253625,196.812025,197.1451,197.720425,0,0,0,0,0,0,0,0,0,0,0,0,0,0,0,0,0,0,0,0,0,0,0,0,0,0,0,0,0,0,0,0,0,0,0,0,0,0,0,0,0,0,0,0,0,0,0,0,0,0,0,0,0,0,0,0,0,0,0,0,0,0,0,0,0,0,0,0,0,0,0,0,0,0,0,0,0,0,0,0,0,0,0,0,0,0,0,0,0,0,0,0,0,0,0,0,0,0,0,0,0,0,0,0,0,0,0,0,0,0,0,0,0,0,0,0,0,0,0,0,0,0,0,0,0,0,0,0,0,0,0,0,0,0,0,0,0,0,0,0,0,0,0,0,0,0,0,0,0,0,0,0,0,0,0,0,0,0,0,0,0,0,0,0,0,0,0,0,0,0,0,0,0,0,0,0,0,0,0,0,0,0,0,0,0,0,0,0,0,0,0,0,0,0,0,0,0,0,0,0,0,0,0,0,0,0,0,0,0,0,0,0,0,0,0,0,0,0,0,0,0,0,0,0,0,0,0,0,0,0,0,0,0,0,0,0,0,0,0,0,0
"29",169.546575,172.901725,173.806925,174.178725,174.20115,174.31125,174.394025,175.69585,175.70285,175.8596,176.052825,176.180725,176.25305,176.35905,177.497475,177.758825,178.023325,179.194375,179.354025,179.48275,179.712175,179.728025,179.847725,179.863025,181.24695,181.36985,181.527175,183.68175,184.681325,184.856925,0,0,0,0,0,0,0,0,0,0,0,0,0,0,0,0,0,0,0,0,0,0,0,0,0,0,0,0,0,0,0,0,0,0,0,0,0,0,0,0,0,0,0,0,0,0,0,0,0,0,0,0,0,0,0,0,0,0,0,0,0,0,0,0,0,0,0,0,0,0,0,0,0,0,0,0,0,0,0,0,0,0,0,0,0,0,0,0,0,0,0,0,0,0,0,0,0,0,0,0,0,0,0,0,0,0,0,0,0,0,0,0,0,0,0,0,0,0,0,0,0,0,0,0,0,0,0,0,0,0,0,0,0,0,0,0,0,0,0,0,0,0,0,0,0,0,0,0,0,0,0,0,0,0,0,0,0,0,0,0,0,0,0,0,0,0,0,0,0,0,0,0,0,0,0,0,0,0,0,0,0,0,0,0,0,0,0,0,0,0,0,0,0,0,0,0,0,0,0,0,0,0,0,0,0,0,0,0,0,0,0,0,0,0,0,0,0,0,0,0,0,0,0,0,0,0,0,0,0,0,0,0,0,0,0,0,0,0,0,0,0,0,0,0,0,0,0,0,0,0,0,0,0,0,0,0,0,0,0,0,0,0,0,0,0,0,0,0,0,0,0,0,0,0,0,0,0,0,0,0,0,0,0,0,0,0,0,0,0,0,0,0,0,0,0,0,0,0,0,0,0,0,0,0,0,0,0,0,0,0,0,0,0,0,0,0,0,0,0,0,0,0,0,0,0,0,0,0,0,0,0,0,0,0,0,0,0,0,0,0,0,0,0,0,0,0,0,0,0,0,0,0,0,0,0,0,0,0,0,0,0,0,0,0,0,0,0,0,0,0,0,0,0,0,0,0,0,0,0,0,0,0,0,0,0,0,0,0,0,0,0,0
"30",170.015475,170.11445,170.141275,170.21,170.22095,170.28385,170.34705,170.390175,170.4494,170.467775,170.4993,170.54015,170.651075,170.65745,170.716725,171.317025,171.542475,171.603475,171.661925,171.6864,171.68915,171.694175,171.71475,171.7398,171.743,172.234125,172.604975,172.819225,172.87275,172.970175,172.9823,173.248725,174.2147,174.3539,174.396725,174.4966,174.9994,175.137075,175.258125,176.1536,176.1853,176.189325,176.24225,176.296375,176.327725,176.343325,176.389425,176.394775,176.500825,177.259925,177.510825,177.7256,177.84395,177.893025,177.895725,178.003525,178.0087,178.047075,178.085075,178.1014,178.12425,178.149425,178.20075,178.444325,178.587525,178.6123,178.88955,179.048175,179.283625,179.445025,179.4926,179.565325,179.605175,179.647025,179.662625,179.70575,179.732675,179.75215,179.777275,179.82885,179.9023,179.973725,180.713675,181.710775,181.800475,181.91075,181.9594,181.997375,182.0919,182.183425,182.26465,182.322375,182.3632,182.4166,182.43775,182.582025,183.8995,184.109,184.237675,184.35095,184.457225,184.587625,184.734725,0,0,0,0,0,0,0,0,0,0,0,0,0,0,0,0,0,0,0,0,0,0,0,0,0,0,0,0,0,0,0,0,0,0,0,0,0,0,0,0,0,0,0,0,0,0,0,0,0,0,0,0,0,0,0,0,0,0,0,0,0,0,0,0,0,0,0,0,0,0,0,0,0,0,0,0,0,0,0,0,0,0,0,0,0,0,0,0,0,0,0,0,0,0,0,0,0,0,0,0,0,0,0,0,0,0,0,0,0,0,0,0,0,0,0,0,0,0,0,0,0,0,0,0,0,0,0,0,0,0,0,0,0,0,0,0,0,0,0,0,0,0,0,0,0,0,0,0,0,0,0,0,0,0,0,0,0,0,0,0,0,0,0,0,0,0,0,0,0,0,0,0,0,0,0,0,0,0,0,0,0,0,0,0,0,0,0,0,0,0,0,0,0,0,0,0,0,0,0,0,0,0,0,0,0,0,0,0,0,0,0,0,0,0,0,0,0,0,0,0,0,0,0,0,0,0,0,0,0,0,0,0,0,0,0,0,0,0,0,0,0,0,0,0,0,0,0,0,0,0,0,0,0,0,0,0,0,0,0,0,0,0,0,0,0,0,0,0,0,0,0,0,0,0,0,0,0,0,0,0,0,0,0,0,0,0,0,0,0,0,0,0,0,0,0,0,0,0,0,0,0,0,0,0,0,0,0,0,0,0,0,0,0,0,0,0,0,0,0
"31",170.88835,170.986625,171.238475,171.448,171.468575,171.876875,171.927325,171.944725,171.9886,172.001625,172.05175,172.20985,172.2783,172.346475,172.4065,172.443925,172.5692,172.731175,173.152625,173.1719,173.202225,173.244425,173.361075,173.378725,173.4054,173.46495,173.4895,173.505725,173.52895,173.5511,173.56195,173.57665,173.708425,173.759425,173.768925,173.78775,173.9864,174.0289,174.1446,174.5118,174.565925,174.594525,174.7086,174.751975,174.830675,174.892525,174.91815,174.9351,174.97495,175.00805,175.041575,175.067325,175.080425,175.415775,175.467325,175.52255,175.6292,175.72385,175.7524,175.979575,176.621775,176.807925,176.8545,176.893775,176.9532,176.97485,177.00865,177.040875,177.048075,177.1217,177.1974,177.305025,177.3272,177.4002,177.4712,177.4938,177.5995,177.879475,178.367675,178.39455,178.532775,178.55015,178.64905,178.709975,178.760025,178.7946,178.825225,178.8861,178.932025,178.981075,179.019625,179.212375,179.22155,179.330825,179.39295,180.1896,180.319075,180.43985,180.512,180.597925,180.70685,180.760975,180.8665,180.908025,180.943725,180.984025,181.087175,181.1325,0,0,0,0,0,0,0,0,0,0,0,0,0,0,0,0,0,0,0,0,0,0,0,0,0,0,0,0,0,0,0,0,0,0,0,0,0,0,0,0,0,0,0,0,0,0,0,0,0,0,0,0,0,0,0,0,0,0,0,0,0,0,0,0,0,0,0,0,0,0,0,0,0,0,0,0,0,0,0,0,0,0,0,0,0,0,0,0,0,0,0,0,0,0,0,0,0,0,0,0,0,0,0,0,0,0,0,0,0,0,0,0,0,0,0,0,0,0,0,0,0,0,0,0,0,0,0,0,0,0,0,0,0,0,0,0,0,0,0,0,0,0,0,0,0,0,0,0,0,0,0,0,0,0,0,0,0,0,0,0,0,0,0,0,0,0,0,0,0,0,0,0,0,0,0,0,0,0,0,0,0,0,0,0,0,0,0,0,0,0,0,0,0,0,0,0,0,0,0,0,0,0,0,0,0,0,0,0,0,0,0,0,0,0,0,0,0,0,0,0,0,0,0,0,0,0,0,0,0,0,0,0,0,0,0,0,0,0,0,0,0,0,0,0,0,0,0,0,0,0,0,0,0,0,0,0,0,0,0,0,0,0,0,0,0,0,0,0,0,0,0,0,0,0,0,0,0,0,0,0,0,0,0,0,0,0,0,0,0,0,0,0,0,0,0,0,0,0,0,0,0,0,0,0,0,0,0,0,0,0,0,0,0,0
"32",169.853775,169.964375,170.080675,170.129075,170.15165,170.2012,170.375825,170.4566,170.4746,170.61385,170.68255,170.99575,171.01735,171.122725,171.14285,171.16335,171.1769,171.205,171.228925,171.264425,171.28365,171.360125,171.553875,171.561675,171.68205,171.693075,172.09985,172.177575,172.4509,172.53365,172.5571,172.579875,172.591875,172.629675,172.66705,172.7675,173.02265,173.079575,173.11475,173.52765,173.667475,174.8051,176.19775,176.249375,176.372375,176.756425,176.774675,176.80115,176.99565,177.022675,177.0575,177.134175,177.21005,177.540875,177.889,178.116875,178.40705,178.5469,178.60105,178.833175,179.200575,179.541175,179.5844,179.70755,179.739625,179.769,179.848175,179.9557,181.925375,182.0246,182.143575,182.3005,182.4046,182.53435,184.285075,184.715875,0,0,0,0,0,0,0,0,0,0,0,0,0,0,0,0,0,0,0,0,0,0,0,0,0,0,0,0,0,0,0,0,0,0,0,0,0,0,0,0,0,0,0,0,0,0,0,0,0,0,0,0,0,0,0,0,0,0,0,0,0,0,0,0,0,0,0,0,0,0,0,0,0,0,0,0,0,0,0,0,0,0,0,0,0,0,0,0,0,0,0,0,0,0,0,0,0,0,0,0,0,0,0,0,0,0,0,0,0,0,0,0,0,0,0,0,0,0,0,0,0,0,0,0,0,0,0,0,0,0,0,0,0,0,0,0,0,0,0,0,0,0,0,0,0,0,0,0,0,0,0,0,0,0,0,0,0,0,0,0,0,0,0,0,0,0,0,0,0,0,0,0,0,0,0,0,0,0,0,0,0,0,0,0,0,0,0,0,0,0,0,0,0,0,0,0,0,0,0,0,0,0,0,0,0,0,0,0,0,0,0,0,0,0,0,0,0,0,0,0,0,0,0,0,0,0,0,0,0,0,0,0,0,0,0,0,0,0,0,0,0,0,0,0,0,0,0,0,0,0,0,0,0,0,0,0,0,0,0,0,0,0,0,0,0,0,0,0,0,0,0,0,0,0,0,0,0,0,0,0,0,0,0,0,0,0,0,0,0,0,0,0,0,0,0,0,0,0,0,0,0,0,0,0,0,0,0,0,0,0,0,0,0,0,0,0,0,0,0,0,0,0,0,0,0,0,0,0,0,0,0,0,0,0,0,0,0,0,0,0,0,0,0,0,0,0
"33",172.887325,173.051125,173.774925,174.017475,174.2675,174.4547,174.4862,175.18975,177.425125,177.877825,178.092125,178.92405,179.615125,0,0,0,0,0,0,0,0,0,0,0,0,0,0,0,0,0,0,0,0,0,0,0,0,0,0,0,0,0,0,0,0,0,0,0,0,0,0,0,0,0,0,0,0,0,0,0,0,0,0,0,0,0,0,0,0,0,0,0,0,0,0,0,0,0,0,0,0,0,0,0,0,0,0,0,0,0,0,0,0,0,0,0,0,0,0,0,0,0,0,0,0,0,0,0,0,0,0,0,0,0,0,0,0,0,0,0,0,0,0,0,0,0,0,0,0,0,0,0,0,0,0,0,0,0,0,0,0,0,0,0,0,0,0,0,0,0,0,0,0,0,0,0,0,0,0,0,0,0,0,0,0,0,0,0,0,0,0,0,0,0,0,0,0,0,0,0,0,0,0,0,0,0,0,0,0,0,0,0,0,0,0,0,0,0,0,0,0,0,0,0,0,0,0,0,0,0,0,0,0,0,0,0,0,0,0,0,0,0,0,0,0,0,0,0,0,0,0,0,0,0,0,0,0,0,0,0,0,0,0,0,0,0,0,0,0,0,0,0,0,0,0,0,0,0,0,0,0,0,0,0,0,0,0,0,0,0,0,0,0,0,0,0,0,0,0,0,0,0,0,0,0,0,0,0,0,0,0,0,0,0,0,0,0,0,0,0,0,0,0,0,0,0,0,0,0,0,0,0,0,0,0,0,0,0,0,0,0,0,0,0,0,0,0,0,0,0,0,0,0,0,0,0,0,0,0,0,0,0,0,0,0,0,0,0,0,0,0,0,0,0,0,0,0,0,0,0,0,0,0,0,0,0,0,0,0,0,0,0,0,0,0,0,0,0,0,0,0,0,0,0,0,0,0,0,0,0,0,0,0,0,0,0,0,0,0,0,0,0,0,0,0,0,0,0,0,0,0,0,0,0,0,0,0,0,0,0,0,0
"34",172.9592,174.352525,175.332125,175.41605,175.51735,175.917375,176.1031,176.17095,176.22,176.2382,176.28535,176.353625,176.40045,177.161075,177.243125,177.3451,177.538625,177.777175,177.97245,178.311825,179.1033,179.248625,179.321825,179.363075,179.403525,179.534475,179.632525,179.748,181.411175,181.4935,181.55475,181.674625,181.760425,181.888275,182.048075,182.304025,187.14245,187.200975,187.293425,187.372975,187.508175,0,0,0,0,0,0,0,0,0,0,0,0,0,0,0,0,0,0,0,0,0,0,0,0,0,0,0,0,0,0,0,0,0,0,0,0,0,0,0,0,0,0,0,0,0,0,0,0,0,0,0,0,0,0,0,0,0,0,0,0,0,0,0,0,0,0,0,0,0,0,0,0,0,0,0,0,0,0,0,0,0,0,0,0,0,0,0,0,0,0,0,0,0,0,0,0,0,0,0,0,0,0,0,0,0,0,0,0,0,0,0,0,0,0,0,0,0,0,0,0,0,0,0,0,0,0,0,0,0,0,0,0,0,0,0,0,0,0,0,0,0,0,0,0,0,0,0,0,0,0,0,0,0,0,0,0,0,0,0,0,0,0,0,0,0,0,0,0,0,0,0,0,0,0,0,0,0,0,0,0,0,0,0,0,0,0,0,0,0,0,0,0,0,0,0,0,0,0,0,0,0,0,0,0,0,0,0,0,0,0,0,0,0,0,0,0,0,0,0,0,0,0,0,0,0,0,0,0,0,0,0,0,0,0,0,0,0,0,0,0,0,0,0,0,0,0,0,0,0,0,0,0,0,0,0,0,0,0,0,0,0,0,0,0,0,0,0,0,0,0,0,0,0,0,0,0,0,0,0,0,0,0,0,0,0,0,0,0,0,0,0,0,0,0,0,0,0,0,0,0,0,0,0,0,0,0,0,0,0,0,0,0,0,0,0,0,0,0,0,0,0,0,0,0,0,0,0,0,0,0,0,0,0,0,0,0,0,0,0,0,0,0,0,0,0,0,0,0,0,0,0,0,0,0,0,0,0,0,0,0,0,0,0,0,0,0,0,0,0,0,0,0,0,0,0,0,0,0,0,0,0
"35",169.91425,170.00445,170.331775,170.4016,170.52205,170.574375,170.60725,170.769225,171.5294,172.868025,173.0933,173.9206,174.0869,174.372775,174.5287,176.16515,176.236575,176.392425,179.6603,180.0573,182.58645,0,0,0,0,0,0,0,0,0,0,0,0,0,0,0,0,0,0,0,0,0,0,0,0,0,0,0,0,0,0,0,0,0,0,0,0,0,0,0,0,0,0,0,0,0,0,0,0,0,0,0,0,0,0,0,0,0,0,0,0,0,0,0,0,0,0,0,0,0,0,0,0,0,0,0,0,0,0,0,0,0,0,0,0,0,0,0,0,0,0,0,0,0,0,0,0,0,0,0,0,0,0,0,0,0,0,0,0,0,0,0,0,0,0,0,0,0,0,0,0,0,0,0,0,0,0,0,0,0,0,0,0,0,0,0,0,0,0,0,0,0,0,0,0,0,0,0,0,0,0,0,0,0,0,0,0,0,0,0,0,0,0,0,0,0,0,0,0,0,0,0,0,0,0,0,0,0,0,0,0,0,0,0,0,0,0,0,0,0,0,0,0,0,0,0,0,0,0,0,0,0,0,0,0,0,0,0,0,0,0,0,0,0,0,0,0,0,0,0,0,0,0,0,0,0,0,0,0,0,0,0,0,0,0,0,0,0,0,0,0,0,0,0,0,0,0,0,0,0,0,0,0,0,0,0,0,0,0,0,0,0,0,0,0,0,0,0,0,0,0,0,0,0,0,0,0,0,0,0,0,0,0,0,0,0,0,0,0,0,0,0,0,0,0,0,0,0,0,0,0,0,0,0,0,0,0,0,0,0,0,0,0,0,0,0,0,0,0,0,0,0,0,0,0,0,0,0,0,0,0,0,0,0,0,0,0,0,0,0,0,0,0,0,0,0,0,0,0,0,0,0,0,0,0,0,0,0,0,0,0,0,0,0,0,0,0,0,0,0,0,0,0,0,0,0,0,0,0,0,0,0,0,0,0,0,0,0,0,0,0,0,0,0,0,0,0,0,0,0,0,0
"36",170.623575,170.9882,171.413025,171.475675,171.5341,171.578725,171.8127,172.0341,172.198025,172.445575,172.7097,172.864175,173.285725,173.35745,174.7626,174.91485,176.292625,176.54475,176.686225,176.75745,176.99395,177.756825,177.812125,177.862325,177.932775,178.0278,178.39345,178.698775,179.448125,179.587225,179.6479,179.868525,181.698175,181.777525,181.8396,181.917625,181.968775,182.042075,182.07955,182.153825,182.28185,183.83705,183.9877,184.2242,0,0,0,0,0,0,0,0,0,0,0,0,0,0,0,0,0,0,0,0,0,0,0,0,0,0,0,0,0,0,0,0,0,0,0,0,0,0,0,0,0,0,0,0,0,0,0,0,0,0,0,0,0,0,0,0,0,0,0,0,0,0,0,0,0,0,0,0,0,0,0,0,0,0,0,0,0,0,0,0,0,0,0,0,0,0,0,0,0,0,0,0,0,0,0,0,0,0,0,0,0,0,0,0,0,0,0,0,0,0,0,0,0,0,0,0,0,0,0,0,0,0,0,0,0,0,0,0,0,0,0,0,0,0,0,0,0,0,0,0,0,0,0,0,0,0,0,0,0,0,0,0,0,0,0,0,0,0,0,0,0,0,0,0,0,0,0,0,0,0,0,0,0,0,0,0,0,0,0,0,0,0,0,0,0,0,0,0,0,0,0,0,0,0,0,0,0,0,0,0,0,0,0,0,0,0,0,0,0,0,0,0,0,0,0,0,0,0,0,0,0,0,0,0,0,0,0,0,0,0,0,0,0,0,0,0,0,0,0,0,0,0,0,0,0,0,0,0,0,0,0,0,0,0,0,0,0,0,0,0,0,0,0,0,0,0,0,0,0,0,0,0,0,0,0,0,0,0,0,0,0,0,0,0,0,0,0,0,0,0,0,0,0,0,0,0,0,0,0,0,0,0,0,0,0,0,0,0,0,0,0,0,0,0,0,0,0,0,0,0,0,0,0,0,0,0,0,0,0,0,0,0,0,0,0,0,0,0,0,0,0,0,0,0,0,0,0,0,0,0,0,0,0,0,0,0,0,0,0,0,0,0,0,0,0,0,0,0,0,0,0,0,0,0,0,0,0,0
"37",170.673775,171.6742,171.68735,171.753675,172.39095,172.6714,172.9047,172.937125,172.98385,173.032175,173.78355,173.899525,174.37855,174.567325,176.331625,176.38785,177.873025,177.9305,178.00165,0,0,0,0,0,0,0,0,0,0,0,0,0,0,0,0,0,0,0,0,0,0,0,0,0,0,0,0,0,0,0,0,0,0,0,0,0,0,0,0,0,0,0,0,0,0,0,0,0,0,0,0,0,0,0,0,0,0,0,0,0,0,0,0,0,0,0,0,0,0,0,0,0,0,0,0,0,0,0,0,0,0,0,0,0,0,0,0,0,0,0,0,0,0,0,0,0,0,0,0,0,0,0,0,0,0,0,0,0,0,0,0,0,0,0,0,0,0,0,0,0,0,0,0,0,0,0,0,0,0,0,0,0,0,0,0,0,0,0,0,0,0,0,0,0,0,0,0,0,0,0,0,0,0,0,0,0,0,0,0,0,0,0,0,0,0,0,0,0,0,0,0,0,0,0,0,0,0,0,0,0,0,0,0,0,0,0,0,0,0,0,0,0,0,0,0,0,0,0,0,0,0,0,0,0,0,0,0,0,0,0,0,0,0,0,0,0,0,0,0,0,0,0,0,0,0,0,0,0,0,0,0,0,0,0,0,0,0,0,0,0,0,0,0,0,0,0,0,0,0,0,0,0,0,0,0,0,0,0,0,0,0,0,0,0,0,0,0,0,0,0,0,0,0,0,0,0,0,0,0,0,0,0,0,0,0,0,0,0,0,0,0,0,0,0,0,0,0,0,0,0,0,0,0,0,0,0,0,0,0,0,0,0,0,0,0,0,0,0,0,0,0,0,0,0,0,0,0,0,0,0,0,0,0,0,0,0,0,0,0,0,0,0,0,0,0,0,0,0,0,0,0,0,0,0,0,0,0,0,0,0,0,0,0,0,0,0,0,0,0,0,0,0,0,0,0,0,0,0,0,0,0,0,0,0,0,0,0,0,0,0,0,0,0,0,0,0,0,0,0,0,0,0
"38",170.919475,170.9648,171.599175,171.675875,171.945725,172.1161,172.2249,172.275525,172.283575,172.298675,172.318225,172.349875,172.561225,172.67725,173.4158,173.62935,173.757875,174.04535,174.080725,174.924175,174.959425,175.05225,175.873875,176.627775,176.694925,177.036625,177.19075,177.2888,177.377225,178.4803,178.499325,178.5931,178.85695,178.896175,0,0,0,0,0,0,0,0,0,0,0,0,0,0,0,0,0,0,0,0,0,0,0,0,0,0,0,0,0,0,0,0,0,0,0,0,0,0,0,0,0,0,0,0,0,0,0,0,0,0,0,0,0,0,0,0,0,0,0,0,0,0,0,0,0,0,0,0,0,0,0,0,0,0,0,0,0,0,0,0,0,0,0,0,0,0,0,0,0,0,0,0,0,0,0,0,0,0,0,0,0,0,0,0,0,0,0,0,0,0,0,0,0,0,0,0,0,0,0,0,0,0,0,0,0,0,0,0,0,0,0,0,0,0,0,0,0,0,0,0,0,0,0,0,0,0,0,0,0,0,0,0,0,0,0,0,0,0,0,0,0,0,0,0,0,0,0,0,0,0,0,0,0,0,0,0,0,0,0,0,0,0,0,0,0,0,0,0,0,0,0,0,0,0,0,0,0,0,0,0,0,0,0,0,0,0,0,0,0,0,0,0,0,0,0,0,0,0,0,0,0,0,0,0,0,0,0,0,0,0,0,0,0,0,0,0,0,0,0,0,0,0,0,0,0,0,0,0,0,0,0,0,0,0,0,0,0,0,0,0,0,0,0,0,0,0,0,0,0,0,0,0,0,0,0,0,0,0,0,0,0,0,0,0,0,0,0,0,0,0,0,0,0,0,0,0,0,0,0,0,0,0,0,0,0,0,0,0,0,0,0,0,0,0,0,0,0,0,0,0,0,0,0,0,0,0,0,0,0,0,0,0,0,0,0,0,0,0,0,0,0,0,0,0,0,0,0,0,0,0,0,0,0,0,0,0,0,0,0,0,0,0,0,0,0,0,0,0,0,0,0,0,0,0,0,0,0,0,0,0,0,0,0,0,0,0,0,0
"39",170.461925,170.582075,170.62095,171.029175,171.18515,171.265525,171.343275,171.42285,171.485675,171.5575,171.579825,171.612225,171.638425,171.7304,171.795425,172.2865,172.36585,172.44905,172.5182,172.555625,172.621825,172.76225,172.876775,172.965225,173.009275,173.05635,173.6725,174.500825,176.265575,176.35585,176.48045,177.247825,177.9693,178.0439,178.087525,178.115725,178.17065,179.76605,179.8358,0,0,0,0,0,0,0,0,0,0,0,0,0,0,0,0,0,0,0,0,0,0,0,0,0,0,0,0,0,0,0,0,0,0,0,0,0,0,0,0,0,0,0,0,0,0,0,0,0,0,0,0,0,0,0,0,0,0,0,0,0,0,0,0,0,0,0,0,0,0,0,0,0,0,0,0,0,0,0,0,0,0,0,0,0,0,0,0,0,0,0,0,0,0,0,0,0,0,0,0,0,0,0,0,0,0,0,0,0,0,0,0,0,0,0,0,0,0,0,0,0,0,0,0,0,0,0,0,0,0,0,0,0,0,0,0,0,0,0,0,0,0,0,0,0,0,0,0,0,0,0,0,0,0,0,0,0,0,0,0,0,0,0,0,0,0,0,0,0,0,0,0,0,0,0,0,0,0,0,0,0,0,0,0,0,0,0,0,0,0,0,0,0,0,0,0,0,0,0,0,0,0,0,0,0,0,0,0,0,0,0,0,0,0,0,0,0,0,0,0,0,0,0,0,0,0,0,0,0,0,0,0,0,0,0,0,0,0,0,0,0,0,0,0,0,0,0,0,0,0,0,0,0,0,0,0,0,0,0,0,0,0,0,0,0,0,0,0,0,0,0,0,0,0,0,0,0,0,0,0,0,0,0,0,0,0,0,0,0,0,0,0,0,0,0,0,0,0,0,0,0,0,0,0,0,0,0,0,0,0,0,0,0,0,0,0,0,0,0,0,0,0,0,0,0,0,0,0,0,0,0,0,0,0,0,0,0,0,0,0,0,0,0,0,0,0,0,0,0,0,0,0,0,0,0,0,0,0,0,0,0,0,0,0,0,0,0,0,0,0,0,0,0,0,0,0,0,0,0,0,0,0,0
"40",169.944075,169.956025,170.030675,170.110025,170.123225,170.314825,170.404975,170.412625,170.43815,170.45135,170.5124,170.5514,170.584675,170.633825,170.6491,170.651375,170.72405,170.83045,170.86685,170.8948,170.941675,171.082225,171.189225,171.445075,171.46565,171.473375,171.5244,171.5309,171.550475,171.55185,171.57515,171.61395,171.67995,171.7095,171.734475,171.8056,172.074125,172.30495,172.5413,172.609275,172.7379,172.88065,172.91575,172.935025,173.340175,173.59855,173.83855,174.195,174.23035,174.2477,174.42675,174.4431,174.4694,174.502475,174.547475,174.64295,175.068475,175.3952,175.468575,175.937775,176.0655,176.06915,176.098175,176.20805,176.305475,176.313625,176.363925,176.4635,176.4655,177.741525,177.8455,177.914375,177.954025,178.120725,178.153325,178.214125,178.8931,179.44105,179.487475,179.540575,179.568925,179.593675,179.6002,179.651225,179.664875,179.72335,179.7417,179.74585,179.7537,179.769775,179.85555,179.891075,179.95135,180.0538,181.8036,181.856475,181.89985,181.97455,182.033425,182.076475,182.11075,182.1863,182.309875,182.531125,183.875475,183.96875,184.0822,184.186325,184.27405,184.3794,184.512525,184.6706,184.842725,184.9708,189.6972,190.48895,0,0,0,0,0,0,0,0,0,0,0,0,0,0,0,0,0,0,0,0,0,0,0,0,0,0,0,0,0,0,0,0,0,0,0,0,0,0,0,0,0,0,0,0,0,0,0,0,0,0,0,0,0,0,0,0,0,0,0,0,0,0,0,0,0,0,0,0,0,0,0,0,0,0,0,0,0,0,0,0,0,0,0,0,0,0,0,0,0,0,0,0,0,0,0,0,0,0,0,0,0,0,0,0,0,0,0,0,0,0,0,0,0,0,0,0,0,0,0,0,0,0,0,0,0,0,0,0,0,0,0,0,0,0,0,0,0,0,0,0,0,0,0,0,0,0,0,0,0,0,0,0,0,0,0,0,0,0,0,0,0,0,0,0,0,0,0,0,0,0,0,0,0,0,0,0,0,0,0,0,0,0,0,0,0,0,0,0,0,0,0,0,0,0,0,0,0,0,0,0,0,0,0,0,0,0,0,0,0,0,0,0,0,0,0,0,0,0,0,0,0,0,0,0,0,0,0,0,0,0,0,0,0,0,0,0,0,0,0,0,0,0,0,0,0,0,0,0,0,0,0,0,0,0,0,0,0,0,0,0,0,0,0,0,0,0,0,0,0,0,0,0,0,0,0,0,0,0,0,0,0,0,0,0,0,0,0,0,0,0,0,0,0,0,0,0,0,0,0,0,0,0,0,0,0,0
"41",169.758775,169.960175,170.0421,170.05705,170.244125,170.2729,170.33505,170.340925,170.410275,170.429725,170.43105,170.447625,170.463625,170.547875,170.554475,170.5979,170.639275,170.6715,170.9153,171.050275,171.124,171.1597,171.216925,171.25625,171.28865,171.33425,171.380875,171.4408,171.525775,171.548725,171.606275,171.623875,171.644725,171.65605,171.724075,171.985025,172.0098,172.043925,172.13645,172.1407,172.21815,172.2363,172.25735,172.32535,172.391975,172.417075,172.482375,172.5171,172.5904,172.62725,172.658325,172.683725,172.727175,172.74485,172.80695,172.9171,173.0158,173.348825,173.4852,173.507375,173.534825,173.5571,173.702675,173.807325,173.842525,173.90195,173.940875,173.991675,174.25735,174.3172,174.9765,175.032075,175.04995,175.156625,175.338825,175.390975,175.400775,175.4308,175.535775,175.572,175.63285,175.693075,175.7463,175.823625,175.898275,176.183425,176.95165,177.091225,177.20295,177.26945,177.370425,177.450775,177.50595,177.56985,177.572275,177.63665,177.8194,178.039875,178.078875,178.127375,178.584825,178.71555,178.7953,178.915925,179.09515,179.1938,179.310275,179.536525,179.675925,179.72955,179.920275,181.09665,182.37545,0,0,0,0,0,0,0,0,0,0,0,0,0,0,0,0,0,0,0,0,0,0,0,0,0,0,0,0,0,0,0,0,0,0,0,0,0,0,0,0,0,0,0,0,0,0,0,0,0,0,0,0,0,0,0,0,0,0,0,0,0,0,0,0,0,0,0,0,0,0,0,0,0,0,0,0,0,0,0,0,0,0,0,0,0,0,0,0,0,0,0,0,0,0,0,0,0,0,0,0,0,0,0,0,0,0,0,0,0,0,0,0,0,0,0,0,0,0,0,0,0,0,0,0,0,0,0,0,0,0,0,0,0,0,0,0,0,0,0,0,0,0,0,0,0,0,0,0,0,0,0,0,0,0,0,0,0,0,0,0,0,0,0,0,0,0,0,0,0,0,0,0,0,0,0,0,0,0,0,0,0,0,0,0,0,0,0,0,0,0,0,0,0,0,0,0,0,0,0,0,0,0,0,0,0,0,0,0,0,0,0,0,0,0,0,0,0,0,0,0,0,0,0,0,0,0,0,0,0,0,0,0,0,0,0,0,0,0,0,0,0,0,0,0,0,0,0,0,0,0,0,0,0,0,0,0,0,0,0,0,0,0,0,0,0,0,0,0,0,0,0,0,0,0,0,0,0,0,0,0,0,0,0,0,0,0,0,0,0,0,0,0,0,0,0,0,0,0,0,0,0,0,0,0,0,0,0,0,0
"42",0,0,0,0,0,0,0,0,0,0,0,0,0,0,0,0,0,0,0,0,0,0,0,0,0,0,0,0,0,0,0,0,0,0,0,0,0,0,0,0,0,0,0,0,0,0,0,0,0,0,0,0,0,0,0,0,0,0,0,0,0,0,0,0,0,0,0,0,0,0,0,0,0,0,0,0,0,0,0,0,0,0,0,0,0,0,0,0,0,0,0,0,0,0,0,0,0,0,0,0,0,0,0,0,0,0,0,0,0,0,0,0,0,0,0,0,0,0,0,0,0,0,0,0,0,0,0,0,0,0,0,0,0,0,0,0,0,0,0,0,0,0,0,0,0,0,0,0,0,0,0,0,0,0,0,0,0,0,0,0,0,0,0,0,0,0,0,0,0,0,0,0,0,0,0,0,0,0,0,0,0,0,0,0,0,0,0,0,0,0,0,0,0,0,0,0,0,0,0,0,0,0,0,0,0,0,0,0,0,0,0,0,0,0,0,0,0,0,0,0,0,0,0,0,0,0,0,0,0,0,0,0,0,0,0,0,0,0,0,0,0,0,0,0,0,0,0,0,0,0,0,0,0,0,0,0,0,0,0,0,0,0,0,0,0,0,0,0,0,0,0,0,0,0,0,0,0,0,0,0,0,0,0,0,0,0,0,0,0,0,0,0,0,0,0,0,0,0,0,0,0,0,0,0,0,0,0,0,0,0,0,0,0,0,0,0,0,0,0,0,0,0,0,0,0,0,0,0,0,0,0,0,0,0,0,0,0,0,0,0,0,0,0,0,0,0,0,0,0,0,0,0,0,0,0,0,0,0,0,0,0,0,0,0,0,0,0,0,0,0,0,0,0,0,0,0,0,0,0,0,0,0,0,0,0,0,0,0,0,0,0,0,0,0,0,0,0,0,0,0,0,0,0,0,0,0,0,0,0,0,0,0,0,0,0,0,0,0,0,0,0,0
"43",174.2562,175.44205,175.81965,176.04885,176.2803,179.000925,0,0,0,0,0,0,0,0,0,0,0,0,0,0,0,0,0,0,0,0,0,0,0,0,0,0,0,0,0,0,0,0,0,0,0,0,0,0,0,0,0,0,0,0,0,0,0,0,0,0,0,0,0,0,0,0,0,0,0,0,0,0,0,0,0,0,0,0,0,0,0,0,0,0,0,0,0,0,0,0,0,0,0,0,0,0,0,0,0,0,0,0,0,0,0,0,0,0,0,0,0,0,0,0,0,0,0,0,0,0,0,0,0,0,0,0,0,0,0,0,0,0,0,0,0,0,0,0,0,0,0,0,0,0,0,0,0,0,0,0,0,0,0,0,0,0,0,0,0,0,0,0,0,0,0,0,0,0,0,0,0,0,0,0,0,0,0,0,0,0,0,0,0,0,0,0,0,0,0,0,0,0,0,0,0,0,0,0,0,0,0,0,0,0,0,0,0,0,0,0,0,0,0,0,0,0,0,0,0,0,0,0,0,0,0,0,0,0,0,0,0,0,0,0,0,0,0,0,0,0,0,0,0,0,0,0,0,0,0,0,0,0,0,0,0,0,0,0,0,0,0,0,0,0,0,0,0,0,0,0,0,0,0,0,0,0,0,0,0,0,0,0,0,0,0,0,0,0,0,0,0,0,0,0,0,0,0,0,0,0,0,0,0,0,0,0,0,0,0,0,0,0,0,0,0,0,0,0,0,0,0,0,0,0,0,0,0,0,0,0,0,0,0,0,0,0,0,0,0,0,0,0,0,0,0,0,0,0,0,0,0,0,0,0,0,0,0,0,0,0,0,0,0,0,0,0,0,0,0,0,0,0,0,0,0,0,0,0,0,0,0,0,0,0,0,0,0,0,0,0,0,0,0,0,0,0,0,0,0,0,0,0,0,0,0,0,0,0,0,0,0,0,0,0,0,0,0,0,0,0,0,0,0,0,0,0
"44",170.518975,170.549175,174.05725,175.309725,0,0,0,0,0,0,0,0,0,0,0,0,0,0,0,0,0,0,0,0,0,0,0,0,0,0,0,0,0,0,0,0,0,0,0,0,0,0,0,0,0,0,0,0,0,0,0,0,0,0,0,0,0,0,0,0,0,0,0,0,0,0,0,0,0,0,0,0,0,0,0,0,0,0,0,0,0,0,0,0,0,0,0,0,0,0,0,0,0,0,0,0,0,0,0,0,0,0,0,0,0,0,0,0,0,0,0,0,0,0,0,0,0,0,0,0,0,0,0,0,0,0,0,0,0,0,0,0,0,0,0,0,0,0,0,0,0,0,0,0,0,0,0,0,0,0,0,0,0,0,0,0,0,0,0,0,0,0,0,0,0,0,0,0,0,0,0,0,0,0,0,0,0,0,0,0,0,0,0,0,0,0,0,0,0,0,0,0,0,0,0,0,0,0,0,0,0,0,0,0,0,0,0,0,0,0,0,0,0,0,0,0,0,0,0,0,0,0,0,0,0,0,0,0,0,0,0,0,0,0,0,0,0,0,0,0,0,0,0,0,0,0,0,0,0,0,0,0,0,0,0,0,0,0,0,0,0,0,0,0,0,0,0,0,0,0,0,0,0,0,0,0,0,0,0,0,0,0,0,0,0,0,0,0,0,0,0,0,0,0,0,0,0,0,0,0,0,0,0,0,0,0,0,0,0,0,0,0,0,0,0,0,0,0,0,0,0,0,0,0,0,0,0,0,0,0,0,0,0,0,0,0,0,0,0,0,0,0,0,0,0,0,0,0,0,0,0,0,0,0,0,0,0,0,0,0,0,0,0,0,0,0,0,0,0,0,0,0,0,0,0,0,0,0,0,0,0,0,0,0,0,0,0,0,0,0,0,0,0,0,0,0,0,0,0,0,0,0,0,0,0,0,0,0,0,0,0,0,0,0,0,0,0,0,0,0,0,0
"45",170.26235,170.442,170.6759,171.12925,171.233025,171.29365,171.372725,171.424325,171.481525,171.515275,171.54335,171.565625,171.58725,171.628575,171.660025,171.695825,171.707975,172.457325,172.548775,172.56555,172.642025,172.7885,172.841025,172.892325,172.932775,172.97765,173.87735,174.42365,176.27355,176.304375,176.3712,177.882075,177.938,177.97165,177.994125,178.032025,178.17015,179.676775,179.743725,179.815725,180.444575,180.5882,180.714825,180.912225,181.0832,181.31795,182.020875,182.349975,0,0,0,0,0,0,0,0,0,0,0,0,0,0,0,0,0,0,0,0,0,0,0,0,0,0,0,0,0,0,0,0,0,0,0,0,0,0,0,0,0,0,0,0,0,0,0,0,0,0,0,0,0,0,0,0,0,0,0,0,0,0,0,0,0,0,0,0,0,0,0,0,0,0,0,0,0,0,0,0,0,0,0,0,0,0,0,0,0,0,0,0,0,0,0,0,0,0,0,0,0,0,0,0,0,0,0,0,0,0,0,0,0,0,0,0,0,0,0,0,0,0,0,0,0,0,0,0,0,0,0,0,0,0,0,0,0,0,0,0,0,0,0,0,0,0,0,0,0,0,0,0,0,0,0,0,0,0,0,0,0,0,0,0,0,0,0,0,0,0,0,0,0,0,0,0,0,0,0,0,0,0,0,0,0,0,0,0,0,0,0,0,0,0,0,0,0,0,0,0,0,0,0,0,0,0,0,0,0,0,0,0,0,0,0,0,0,0,0,0,0,0,0,0,0,0,0,0,0,0,0,0,0,0,0,0,0,0,0,0,0,0,0,0,0,0,0,0,0,0,0,0,0,0,0,0,0,0,0,0,0,0,0,0,0,0,0,0,0,0,0,0,0,0,0,0,0,0,0,0,0,0,0,0,0,0,0,0,0,0,0,0,0,0,0,0,0,0,0,0,0,0,0,0,0,0,0,0,0,0,0,0,0,0,0,0,0,0,0,0,0,0,0,0,0,0,0,0,0,0,0,0,0,0,0,0,0,0,0,0,0,0,0,0,0,0,0,0,0,0,0,0,0,0,0,0,0,0,0,0,0,0,0,0,0,0,0,0,0,0,0,0,0,0
"46",169.834425,170.117375,170.176325,170.2912,170.4086,171.1047,171.429775,171.50325,172.24725,172.401275,172.66595,172.6948,172.741475,172.7847,172.817525,173.35105,173.43145,173.578725,173.65425,173.684375,173.725,173.781825,173.8155,173.88945,173.9472,174.0423,174.094925,174.135425,174.1674,174.182175,174.2241,174.271525,174.361825,174.81375,174.9423,174.9785,175.019325,175.1166,175.15045,175.178775,175.222175,175.248325,175.27085,175.29925,175.36255,175.38385,175.417125,175.4543,175.498625,175.555775,175.6898,175.83415,175.913225,175.9422,176,176.084475,176.1797,176.8672,177.07755,177.1273,177.18065,177.218775,177.28015,177.3211,177.36075,177.451975,177.4785,177.50755,177.5652,177.597175,177.6549,177.69375,177.73985,177.7828,177.842,178.54585,178.7072,178.812475,178.845375,178.869525,178.904075,178.936975,178.959225,178.989925,179.021525,179.0524,179.078375,179.1178,179.180925,179.25945,179.335475,179.372825,179.442425,179.5039,179.6406,180.64685,180.7838,180.98765,181.0808,181.1499,181.338025,181.398575,181.536175,181.628,181.836225,182.083625,0,0,0,0,0,0,0,0,0,0,0,0,0,0,0,0,0,0,0,0,0,0,0,0,0,0,0,0,0,0,0,0,0,0,0,0,0,0,0,0,0,0,0,0,0,0,0,0,0,0,0,0,0,0,0,0,0,0,0,0,0,0,0,0,0,0,0,0,0,0,0,0,0,0,0,0,0,0,0,0,0,0,0,0,0,0,0,0,0,0,0,0,0,0,0,0,0,0,0,0,0,0,0,0,0,0,0,0,0,0,0,0,0,0,0,0,0,0,0,0,0,0,0,0,0,0,0,0,0,0,0,0,0,0,0,0,0,0,0,0,0,0,0,0,0,0,0,0,0,0,0,0,0,0,0,0,0,0,0,0,0,0,0,0,0,0,0,0,0,0,0,0,0,0,0,0,0,0,0,0,0,0,0,0,0,0,0,0,0,0,0,0,0,0,0,0,0,0,0,0,0,0,0,0,0,0,0,0,0,0,0,0,0,0,0,0,0,0,0,0,0,0,0,0,0,0,0,0,0,0,0,0,0,0,0,0,0,0,0,0,0,0,0,0,0,0,0,0,0,0,0,0,0,0,0,0,0,0,0,0,0,0,0,0,0,0,0,0,0,0,0,0,0,0,0,0,0,0,0,0,0,0,0,0,0,0,0,0,0,0,0,0,0,0,0,0,0,0,0,0,0,0,0,0,0,0,0,0,0,0,0,0,0,0,0,0
"47",170.0603,170.5338,170.55545,170.62745,170.971775,170.982875,171.066525,171.1209,171.181625,171.25315,171.29055,171.380375,171.43905,171.498125,171.544625,171.571,172.0375,172.1202,172.200875,172.223025,172.247925,172.272075,172.31915,172.327175,172.351325,172.3686,172.408275,172.422075,172.48815,172.547075,172.883525,173.30965,173.391125,173.495125,173.5261,173.590225,173.611925,173.646475,173.984875,174.18115,174.302675,174.530775,174.71235,174.8667,175.003325,175.0635,175.219425,175.363325,175.842875,175.961925,176.0596,176.1157,176.160125,176.22645,176.539825,176.64535,176.7239,176.82795,176.8995,176.983675,177.01615,177.046275,177.165575,177.32455,177.739275,177.833475,178.412775,178.529175,178.5595,178.6102,178.670275,178.762575,178.823275,180.886525,183.7516,0,0,0,0,0,0,0,0,0,0,0,0,0,0,0,0,0,0,0,0,0,0,0,0,0,0,0,0,0,0,0,0,0,0,0,0,0,0,0,0,0,0,0,0,0,0,0,0,0,0,0,0,0,0,0,0,0,0,0,0,0,0,0,0,0,0,0,0,0,0,0,0,0,0,0,0,0,0,0,0,0,0,0,0,0,0,0,0,0,0,0,0,0,0,0,0,0,0,0,0,0,0,0,0,0,0,0,0,0,0,0,0,0,0,0,0,0,0,0,0,0,0,0,0,0,0,0,0,0,0,0,0,0,0,0,0,0,0,0,0,0,0,0,0,0,0,0,0,0,0,0,0,0,0,0,0,0,0,0,0,0,0,0,0,0,0,0,0,0,0,0,0,0,0,0,0,0,0,0,0,0,0,0,0,0,0,0,0,0,0,0,0,0,0,0,0,0,0,0,0,0,0,0,0,0,0,0,0,0,0,0,0,0,0,0,0,0,0,0,0,0,0,0,0,0,0,0,0,0,0,0,0,0,0,0,0,0,0,0,0,0,0,0,0,0,0,0,0,0,0,0,0,0,0,0,0,0,0,0,0,0,0,0,0,0,0,0,0,0,0,0,0,0,0,0,0,0,0,0,0,0,0,0,0,0,0,0,0,0,0,0,0,0,0,0,0,0,0,0,0,0,0,0,0,0,0,0,0,0,0,0,0,0,0,0,0,0,0,0,0,0,0,0,0,0,0,0,0,0,0,0,0,0,0,0,0,0,0,0,0,0,0,0,0,0,0,0
"48",169.647925,169.663225,169.717,169.782375,169.830125,169.879225,169.917475,169.930375,169.9452,169.96955,170.00005,170.0229,170.043875,170.06415,170.1008,170.124625,170.14415,170.174075,170.19155,170.2115,170.257525,170.286875,170.31605,170.400425,170.433575,170.5261,170.552875,170.617875,170.721325,170.945125,170.980525,171.063875,171.332325,171.3548,171.4106,171.441975,171.520925,171.5596,171.58255,171.651425,171.67805,171.691825,171.803675,172.13155,172.399275,172.603125,172.7974,172.900125,173.49305,173.49665,173.63975,174.392,174.449875,176.24585,176.2978,176.36025,176.469875,176.527125,176.687475,176.840325,176.882175,176.914625,176.956575,176.97725,177.159775,177.17885,177.800775,177.890025,177.9253,177.956075,177.98585,178.049525,178.093325,178.129675,178.19985,178.42895,178.463275,178.520075,178.673125,179.438775,179.5828,179.63425,179.699625,179.7383,179.7817,179.824975,179.8609,179.894275,179.961525,181.860925,181.952675,182.023,182.2355,182.29165,182.32985,182.361475,182.41485,182.462975,182.5484,182.633175,183.90075,184.106725,184.31435,184.568225,184.7647,185.193,0,0,0,0,0,0,0,0,0,0,0,0,0,0,0,0,0,0,0,0,0,0,0,0,0,0,0,0,0,0,0,0,0,0,0,0,0,0,0,0,0,0,0,0,0,0,0,0,0,0,0,0,0,0,0,0,0,0,0,0,0,0,0,0,0,0,0,0,0,0,0,0,0,0,0,0,0,0,0,0,0,0,0,0,0,0,0,0,0,0,0,0,0,0,0,0,0,0,0,0,0,0,0,0,0,0,0,0,0,0,0,0,0,0,0,0,0,0,0,0,0,0,0,0,0,0,0,0,0,0,0,0,0,0,0,0,0,0,0,0,0,0,0,0,0,0,0,0,0,0,0,0,0,0,0,0,0,0,0,0,0,0,0,0,0,0,0,0,0,0,0,0,0,0,0,0,0,0,0,0,0,0,0,0,0,0,0,0,0,0,0,0,0,0,0,0,0,0,0,0,0,0,0,0,0,0,0,0,0,0,0,0,0,0,0,0,0,0,0,0,0,0,0,0,0,0,0,0,0,0,0,0,0,0,0,0,0,0,0,0,0,0,0,0,0,0,0,0,0,0,0,0,0,0,0,0,0,0,0,0,0,0,0,0,0,0,0,0,0,0,0,0,0,0,0,0,0,0,0,0,0,0,0,0,0,0,0,0,0,0,0,0,0,0,0,0,0,0,0,0,0,0,0,0,0,0,0,0,0,0,0,0,0,0,0,0
"49",170.94365,170.994925,171.067625,171.093875,171.1356,171.160975,171.19205,171.218925,171.2788,171.323575,171.35225,171.375775,171.399475,171.434675,171.97705,171.990325,172.025375,172.065,172.0794,172.13785,172.154125,172.194125,172.2067,172.249425,172.35895,172.377925,172.404275,172.410275,172.43815,172.466025,172.47735,172.493075,172.50325,172.538825,172.57445,172.585575,172.592925,172.600825,172.6076,172.689225,172.72155,172.76425,173.220775,173.257875,173.274575,173.308475,173.343225,173.3643,173.38115,173.446,173.481675,173.5044,173.52005,173.543625,173.564575,173.59205,173.6227,173.642125,173.658125,173.71325,173.731775,173.7404,173.78635,173.8187,173.851075,173.865475,173.881325,173.9108,173.92865,173.95695,174.0039,174.027475,174.0985,174.179875,174.5603,174.601475,174.644975,174.67265,174.699825,174.71955,174.7427,174.7636,174.775425,174.79945,174.822375,174.843,174.859875,174.877575,174.90395,174.947825,174.98485,174.994575,175.094025,175.13,175.14885,175.18795,175.209725,175.252625,175.324275,175.3937,175.56975,175.639175,175.667075,175.750475,175.7746,175.788075,175.8123,175.835725,175.8918,175.9223,175.98895,176.59615,176.66345,176.684625,176.705125,176.73,176.764525,176.7869,176.7989,176.81595,176.83685,176.852625,176.86335,176.87725,176.8869,176.904975,176.9439,176.973075,177.01325,177.02925,177.051775,177.064,177.1075,177.132,177.142325,177.153175,177.252025,177.323325,177.422825,177.467875,177.5525,177.666525,178.465375,178.527975,178.5514,178.6245,178.63555,178.661175,178.68325,178.69985,178.7175,178.738775,178.76355,178.7811,178.79245,178.8111,178.8263,178.875575,178.985525,180.69375,180.745575,180.82055,180.884325,180.949325,181.0472,181.164125,181.2419,0,0,0,0,0,0,0,0,0,0,0,0,0,0,0,0,0,0,0,0,0,0,0,0,0,0,0,0,0,0,0,0,0,0,0,0,0,0,0,0,0,0,0,0,0,0,0,0,0,0,0,0,0,0,0,0,0,0,0,0,0,0,0,0,0,0,0,0,0,0,0,0,0,0,0,0,0,0,0,0,0,0,0,0,0,0,0,0,0,0,0,0,0,0,0,0,0,0,0,0,0,0,0,0,0,0,0,0,0,0,0,0,0,0,0,0,0,0,0,0,0,0,0,0,0,0,0,0,0,0,0,0,0,0,0,0,0,0,0,0,0,0,0,0,0,0,0,0,0,0,0,0,0,0,0,0,0,0,0,0,0,0,0,0,0,0,0,0,0,0,0,0,0,0,0,0,0,0,0,0,0,0,0,0,0,0,0,0,0,0,0,0,0,0,0,0,0,0,0,0,0,0,0,0,0,0,0,0,0,0,0,0,0,0,0,0,0,0,0,0,0,0,0,0,0,0,0,0,0,0,0,0,0,0,0,0,0,0,0,0,0,0,0,0,0,0,0,0,0,0,0,0,0,0,0
"50",169.5466,170.97825,171.00475,171.03555,171.06075,171.083875,171.1026,171.13355,171.19185,171.233475,171.25395,171.339325,171.364725,171.3928,171.410125,171.433525,171.4547,171.58425,171.733,171.823075,172.043925,172.070925,172.111725,172.13115,172.172375,172.2046,172.241475,172.28915,172.33255,172.337025,172.36475,172.3765,172.39995,172.42285,172.4259,172.445425,172.452825,172.46535,172.4792,172.482075,172.514,172.522925,172.534925,172.566675,172.5936,172.595225,172.60535,172.627275,172.639475,172.658375,172.672325,172.6935,172.695475,172.724,172.76735,172.7936,172.821725,172.91115,172.946,173.018325,173.1275,173.1821,173.193275,173.213425,173.243,173.28115,173.30925,173.34515,173.3571,173.40305,173.430675,173.4515,173.484575,173.502575,173.514775,173.537875,173.543625,173.568375,173.59105,173.6124,173.62585,173.64515,173.671375,173.68485,173.695075,173.69705,173.70815,173.7246,173.7398,173.7483,173.761875,173.7901,173.818725,173.829225,173.842675,173.8557,173.880075,173.88945,173.89315,173.924425,173.945325,173.953175,173.96715,173.985475,174.0035,174.012725,174.02445,174.04065,174.066225,174.072575,174.09185,174.11415,174.13955,174.17655,174.1972,174.199,174.219825,174.271675,174.3215,174.36055,174.365825,174.429625,174.448825,174.491575,174.4992,174.503175,174.5571,174.55885,174.572725,174.604375,174.65085,174.65235,174.6777,174.69335,174.732575,174.74875,174.76725,174.780325,174.78995,174.826125,174.832975,174.868425,174.898075,174.90655,174.9339,174.9509,174.9534,175.02865,175.0559,175.057775,175.0804,175.094675,175.1147,175.13265,175.149175,175.1638,175.1714,175.185675,175.197775,175.21855,175.23625,175.2484,175.290675,175.3188,175.3347,175.346275,175.359125,175.369525,175.3811,175.40685,175.423075,175.43095,175.4443,175.4588,175.46855,175.4857,175.49555,175.520125,175.553375,175.598,175.6076,175.625,175.65505,175.7339,175.7504,175.77925,175.782375,175.8358,175.850325,175.869075,175.88255,175.910025,175.94535,175.972425,176.02235,176.0333,176.0595,176.315325,176.34115,176.602625,176.651075,176.703525,176.786525,176.94445,176.95325,176.9986,177.0121,177.05075,177.08055,177.115775,177.121325,177.136725,177.21575,177.23725,177.254525,177.284075,177.3087,177.319,177.3512,177.373575,177.39745,177.43895,177.462775,177.476575,177.5021,177.520975,177.55265,177.5595,177.59795,177.665975,177.775775,177.964975,178.2525,178.452525,178.4981,178.523675,178.526775,178.54835,178.648025,178.69265,178.7114,178.722175,178.739375,178.750325,178.7869,178.869875,178.89315,178.932625,178.9531,178.965025,178.979675,179.00265,179.01225,179.03605,179.055175,179.094325,179.12525,179.161975,179.1962,179.23065,179.242525,179.29945,179.36575,180.455075,180.463275,180.518275,180.52055,180.5705,180.624175,180.6387,180.678975,180.68645,180.7116,180.719125,180.746,180.773675,180.798925,180.81125,180.83855,180.84785,180.908325,180.927925,180.99095,180.995325,181.056,181.102675,181.122725,181.375175,181.58325,181.64255,183.12505,183.26265,183.35555,0,0,0,0,0,0,0,0,0,0,0,0,0,0,0,0,0,0,0,0,0,0,0,0,0,0,0,0,0,0,0,0,0,0,0,0,0,0,0,0,0,0,0,0,0,0,0,0,0,0,0,0,0,0,0,0,0,0,0,0,0,0,0,0,0,0,0,0,0,0,0,0,0,0,0,0,0,0,0,0,0,0,0,0,0,0,0,0,0,0,0,0,0,0,0,0,0,0,0,0,0,0,0,0,0,0,0,0,0,0,0,0,0,0,0,0,0,0,0,0,0,0,0,0,0,0,0,0,0
"51",170.8883,170.915,170.981125,171.0281,171.050575,171.070175,171.096525,171.1086,171.154825,171.194175,171.216075,171.2449,171.2697,171.305975,171.74145,171.889525,171.920975,171.941475,171.962175,171.977375,171.99325,172.022825,172.0479,172.059325,172.0949,172.1186,172.130125,172.14775,172.1591,172.255025,172.269225,172.2785,172.29035,172.3385,172.389275,172.40735,172.453225,172.485925,172.544375,172.968075,173.1186,173.189,173.202225,173.226325,173.2477,173.2712,173.288175,173.301375,173.306075,173.31755,173.383825,173.39685,173.4149,173.44335,173.46775,173.50965,173.54685,173.563,173.575725,173.610025,173.63265,173.6581,173.669875,173.6928,173.7074,173.736875,173.7542,173.7951,174.643425,174.696625,174.72435,174.81895,174.83705,174.8556,174.888275,174.917675,174.94335,174.970475,174.992725,175.018725,175.03315,175.0508,175.07585,175.09425,175.124375,175.16115,175.176025,175.1931,175.219425,175.251725,175.26715,175.296125,175.311925,175.325175,175.340525,175.3553,175.37615,175.456075,175.46695,175.49145,175.531675,175.6169,176.588,176.62125,176.668925,176.72925,176.761025,176.77745,176.855225,176.88215,176.903975,176.920175,176.9435,176.96615,176.982125,177.0061,177.034325,177.045275,177.05865,177.0747,177.09075,177.115425,177.12905,177.15235,177.200325,177.212675,177.2365,177.25665,177.268675,177.28975,177.31365,177.34605,177.38715,177.4192,178.2765,178.3247,178.349125,178.38335,178.41395,178.434225,178.468975,178.497725,178.5169,178.538225,178.555275,178.5985,178.643825,178.646525,178.66195,178.6919,178.712975,178.7272,178.75915,178.779025,178.7945,178.823375,178.8543,178.86855,178.89375,178.93755,178.9662,178.992775,179.0351,179.069675,179.152225,180.131975,180.180875,180.215725,180.26015,180.294875,180.338125,180.38015,180.421625,180.455425,180.4808,180.511,180.541825,180.568175,180.59915,180.63405,180.66905,180.7037,180.73025,180.756025,180.796575,180.835275,180.8686,180.90115,180.93735,180.986425,181.10805,182.813475,182.86705,182.94505,182.9877,183.07535,183.17405,183.3242,0,0,0,0,0,0,0,0,0,0,0,0,0,0,0,0,0,0,0,0,0,0,0,0,0,0,0,0,0,0,0,0,0,0,0,0,0,0,0,0,0,0,0,0,0,0,0,0,0,0,0,0,0,0,0,0,0,0,0,0,0,0,0,0,0,0,0,0,0,0,0,0,0,0,0,0,0,0,0,0,0,0,0,0,0,0,0,0,0,0,0,0,0,0,0,0,0,0,0,0,0,0,0,0,0,0,0,0,0,0,0,0,0,0,0,0,0,0,0,0,0,0,0,0,0,0,0,0,0,0,0,0,0,0,0,0,0,0,0,0,0,0,0,0,0,0,0,0,0,0,0,0,0,0,0,0,0,0,0,0,0,0,0,0,0,0,0,0,0,0,0,0,0,0,0,0,0,0,0,0,0,0,0,0,0,0,0,0,0,0,0,0,0,0,0,0,0,0,0,0,0,0,0,0,0,0,0,0,0,0,0,0,0,0,0,0,0,0,0,0,0,0,0,0
"52",169.9268,170.0141,170.051325,170.09165,170.1282,170.159825,170.213975,170.237125,170.340975,170.3872,170.46185,170.5946,170.67775,171.198475,171.33155,171.37295,171.412675,171.472025,171.5014,171.524525,171.54705,171.576725,171.65285,172.114625,172.248175,172.542725,172.634975,172.818925,172.940275,173.277125,173.6622,174.16335,174.38345,174.520575,174.8836,175.27235,175.865025,175.9697,176.140525,176.15725,176.870675,176.873575,176.93595,177.265875,177.35665,177.8023,177.8602,177.893,177.91315,177.95475,177.9884,178.363225,178.880575,179.03885,179.14325,179.375,179.459075,179.489475,179.538975,179.5545,179.6091,179.62915,179.680725,179.7364,179.764075,179.799275,179.857625,181.8019,182.030225,182.05575,182.246225,182.359,183.999925,0,0,0,0,0,0,0,0,0,0,0,0,0,0,0,0,0,0,0,0,0,0,0,0,0,0,0,0,0,0,0,0,0,0,0,0,0,0,0,0,0,0,0,0,0,0,0,0,0,0,0,0,0,0,0,0,0,0,0,0,0,0,0,0,0,0,0,0,0,0,0,0,0,0,0,0,0,0,0,0,0,0,0,0,0,0,0,0,0,0,0,0,0,0,0,0,0,0,0,0,0,0,0,0,0,0,0,0,0,0,0,0,0,0,0,0,0,0,0,0,0,0,0,0,0,0,0,0,0,0,0,0,0,0,0,0,0,0,0,0,0,0,0,0,0,0,0,0,0,0,0,0,0,0,0,0,0,0,0,0,0,0,0,0,0,0,0,0,0,0,0,0,0,0,0,0,0,0,0,0,0,0,0,0,0,0,0,0,0,0,0,0,0,0,0,0,0,0,0,0,0,0,0,0,0,0,0,0,0,0,0,0,0,0,0,0,0,0,0,0,0,0,0,0,0,0,0,0,0,0,0,0,0,0,0,0,0,0,0,0,0,0,0,0,0,0,0,0,0,0,0,0,0,0,0,0,0,0,0,0,0,0,0,0,0,0,0,0,0,0,0,0,0,0,0,0,0,0,0,0,0,0,0,0,0,0,0,0,0,0,0,0,0,0,0,0,0,0,0,0,0,0,0,0,0,0,0,0,0,0,0,0,0,0,0,0,0,0,0,0,0,0,0,0,0,0,0,0,0,0,0,0,0,0,0,0,0,0,0,0,0,0,0,0,0,0,0,0,0
"53",170.947675,170.9926,171.054825,171.0771,171.153575,171.205325,171.391,172.012375,172.0527,172.0923,172.13845,172.16015,172.184175,172.212225,172.296375,172.334475,172.357475,172.36895,172.41635,172.5545,173.372025,173.44535,173.5159,173.5349,173.5616,173.618975,173.680525,175.1131,175.1548,175.22205,175.3483,175.38965,175.427625,175.718425,176.916725,177.043025,177.125025,177.17105,177.349425,178.67135,178.77365,178.8009,0,0,0,0,0,0,0,0,0,0,0,0,0,0,0,0,0,0,0,0,0,0,0,0,0,0,0,0,0,0,0,0,0,0,0,0,0,0,0,0,0,0,0,0,0,0,0,0,0,0,0,0,0,0,0,0,0,0,0,0,0,0,0,0,0,0,0,0,0,0,0,0,0,0,0,0,0,0,0,0,0,0,0,0,0,0,0,0,0,0,0,0,0,0,0,0,0,0,0,0,0,0,0,0,0,0,0,0,0,0,0,0,0,0,0,0,0,0,0,0,0,0,0,0,0,0,0,0,0,0,0,0,0,0,0,0,0,0,0,0,0,0,0,0,0,0,0,0,0,0,0,0,0,0,0,0,0,0,0,0,0,0,0,0,0,0,0,0,0,0,0,0,0,0,0,0,0,0,0,0,0,0,0,0,0,0,0,0,0,0,0,0,0,0,0,0,0,0,0,0,0,0,0,0,0,0,0,0,0,0,0,0,0,0,0,0,0,0,0,0,0,0,0,0,0,0,0,0,0,0,0,0,0,0,0,0,0,0,0,0,0,0,0,0,0,0,0,0,0,0,0,0,0,0,0,0,0,0,0,0,0,0,0,0,0,0,0,0,0,0,0,0,0,0,0,0,0,0,0,0,0,0,0,0,0,0,0,0,0,0,0,0,0,0,0,0,0,0,0,0,0,0,0,0,0,0,0,0,0,0,0,0,0,0,0,0,0,0,0,0,0,0,0,0,0,0,0,0,0,0,0,0,0,0,0,0,0,0,0,0,0,0,0,0,0,0,0,0,0,0,0,0,0,0,0,0,0,0,0,0,0,0,0,0,0,0,0,0,0,0,0,0,0,0,0,0,0,0,0,0
"54",171.040625,171.24,173.46585,175.27095,175.3757,175.52265,176.771825,178.0581,178.7614,178.9821,0,0,0,0,0,0,0,0,0,0,0,0,0,0,0,0,0,0,0,0,0,0,0,0,0,0,0,0,0,0,0,0,0,0,0,0,0,0,0,0,0,0,0,0,0,0,0,0,0,0,0,0,0,0,0,0,0,0,0,0,0,0,0,0,0,0,0,0,0,0,0,0,0,0,0,0,0,0,0,0,0,0,0,0,0,0,0,0,0,0,0,0,0,0,0,0,0,0,0,0,0,0,0,0,0,0,0,0,0,0,0,0,0,0,0,0,0,0,0,0,0,0,0,0,0,0,0,0,0,0,0,0,0,0,0,0,0,0,0,0,0,0,0,0,0,0,0,0,0,0,0,0,0,0,0,0,0,0,0,0,0,0,0,0,0,0,0,0,0,0,0,0,0,0,0,0,0,0,0,0,0,0,0,0,0,0,0,0,0,0,0,0,0,0,0,0,0,0,0,0,0,0,0,0,0,0,0,0,0,0,0,0,0,0,0,0,0,0,0,0,0,0,0,0,0,0,0,0,0,0,0,0,0,0,0,0,0,0,0,0,0,0,0,0,0,0,0,0,0,0,0,0,0,0,0,0,0,0,0,0,0,0,0,0,0,0,0,0,0,0,0,0,0,0,0,0,0,0,0,0,0,0,0,0,0,0,0,0,0,0,0,0,0,0,0,0,0,0,0,0,0,0,0,0,0,0,0,0,0,0,0,0,0,0,0,0,0,0,0,0,0,0,0,0,0,0,0,0,0,0,0,0,0,0,0,0,0,0,0,0,0,0,0,0,0,0,0,0,0,0,0,0,0,0,0,0,0,0,0,0,0,0,0,0,0,0,0,0,0,0,0,0,0,0,0,0,0,0,0,0,0,0,0,0,0,0,0,0,0,0,0,0,0,0,0,0,0,0,0,0,0,0,0,0,0,0,0,0,0,0,0,0
"55",170.45305,170.466375,170.5827,170.609575,170.6416,171.1062,171.4428,171.5046,171.5532,171.61395,171.642175,171.6659,171.690175,171.702375,171.733575,171.766275,171.8004,172.49685,172.632125,172.752325,172.83,172.902675,172.92455,172.9433,172.987325,173.020375,173.04205,174.3933,174.453225,174.492975,174.57405,176.227775,176.289775,176.3727,176.412875,176.474925,177.90425,177.947025,178.0164,178.056,178.103775,178.14915,179.780075,0,0,0,0,0,0,0,0,0,0,0,0,0,0,0,0,0,0,0,0,0,0,0,0,0,0,0,0,0,0,0,0,0,0,0,0,0,0,0,0,0,0,0,0,0,0,0,0,0,0,0,0,0,0,0,0,0,0,0,0,0,0,0,0,0,0,0,0,0,0,0,0,0,0,0,0,0,0,0,0,0,0,0,0,0,0,0,0,0,0,0,0,0,0,0,0,0,0,0,0,0,0,0,0,0,0,0,0,0,0,0,0,0,0,0,0,0,0,0,0,0,0,0,0,0,0,0,0,0,0,0,0,0,0,0,0,0,0,0,0,0,0,0,0,0,0,0,0,0,0,0,0,0,0,0,0,0,0,0,0,0,0,0,0,0,0,0,0,0,0,0,0,0,0,0,0,0,0,0,0,0,0,0,0,0,0,0,0,0,0,0,0,0,0,0,0,0,0,0,0,0,0,0,0,0,0,0,0,0,0,0,0,0,0,0,0,0,0,0,0,0,0,0,0,0,0,0,0,0,0,0,0,0,0,0,0,0,0,0,0,0,0,0,0,0,0,0,0,0,0,0,0,0,0,0,0,0,0,0,0,0,0,0,0,0,0,0,0,0,0,0,0,0,0,0,0,0,0,0,0,0,0,0,0,0,0,0,0,0,0,0,0,0,0,0,0,0,0,0,0,0,0,0,0,0,0,0,0,0,0,0,0,0,0,0,0,0,0,0,0,0,0,0,0,0,0,0,0,0,0,0,0,0,0,0,0,0,0,0,0,0,0,0,0,0,0,0,0,0,0,0,0,0,0,0,0,0,0,0,0,0,0,0,0,0,0,0,0,0,0,0,0,0,0,0,0,0,0,0
"56",172.2712,173.4168,175.038325,175.101475,175.18195,175.273825,176.88705,178.052025,181.751025,181.995275,0,0,0,0,0,0,0,0,0,0,0,0,0,0,0,0,0,0,0,0,0,0,0,0,0,0,0,0,0,0,0,0,0,0,0,0,0,0,0,0,0,0,0,0,0,0,0,0,0,0,0,0,0,0,0,0,0,0,0,0,0,0,0,0,0,0,0,0,0,0,0,0,0,0,0,0,0,0,0,0,0,0,0,0,0,0,0,0,0,0,0,0,0,0,0,0,0,0,0,0,0,0,0,0,0,0,0,0,0,0,0,0,0,0,0,0,0,0,0,0,0,0,0,0,0,0,0,0,0,0,0,0,0,0,0,0,0,0,0,0,0,0,0,0,0,0,0,0,0,0,0,0,0,0,0,0,0,0,0,0,0,0,0,0,0,0,0,0,0,0,0,0,0,0,0,0,0,0,0,0,0,0,0,0,0,0,0,0,0,0,0,0,0,0,0,0,0,0,0,0,0,0,0,0,0,0,0,0,0,0,0,0,0,0,0,0,0,0,0,0,0,0,0,0,0,0,0,0,0,0,0,0,0,0,0,0,0,0,0,0,0,0,0,0,0,0,0,0,0,0,0,0,0,0,0,0,0,0,0,0,0,0,0,0,0,0,0,0,0,0,0,0,0,0,0,0,0,0,0,0,0,0,0,0,0,0,0,0,0,0,0,0,0,0,0,0,0,0,0,0,0,0,0,0,0,0,0,0,0,0,0,0,0,0,0,0,0,0,0,0,0,0,0,0,0,0,0,0,0,0,0,0,0,0,0,0,0,0,0,0,0,0,0,0,0,0,0,0,0,0,0,0,0,0,0,0,0,0,0,0,0,0,0,0,0,0,0,0,0,0,0,0,0,0,0,0,0,0,0,0,0,0,0,0,0,0,0,0,0,0,0,0,0,0,0,0,0,0,0,0,0,0,0,0,0,0,0,0,0,0,0,0
"57",170.318325,171.0529,171.13855,171.226275,171.361275,171.403225,171.428075,171.49065,171.502375,171.592,172.06105,172.7947,172.9341,174.158325,175.39975,176.07,176.69365,176.781975,176.96005,177.005125,177.0558,177.119125,177.196175,177.352725,177.45125,177.6673,177.7683,178.643075,178.81375,179.14955,179.282425,179.342375,179.513175,179.55605,179.62375,179.701525,180.48375,180.628825,181.37985,181.467925,181.5355,181.73885,181.764675,181.798875,181.843525,181.92505,182.084125,182.155375,182.28035,182.95545,183.332525,183.613425,183.671375,183.872625,183.97995,184.1086,184.3683,184.667925,0,0,0,0,0,0,0,0,0,0,0,0,0,0,0,0,0,0,0,0,0,0,0,0,0,0,0,0,0,0,0,0,0,0,0,0,0,0,0,0,0,0,0,0,0,0,0,0,0,0,0,0,0,0,0,0,0,0,0,0,0,0,0,0,0,0,0,0,0,0,0,0,0,0,0,0,0,0,0,0,0,0,0,0,0,0,0,0,0,0,0,0,0,0,0,0,0,0,0,0,0,0,0,0,0,0,0,0,0,0,0,0,0,0,0,0,0,0,0,0,0,0,0,0,0,0,0,0,0,0,0,0,0,0,0,0,0,0,0,0,0,0,0,0,0,0,0,0,0,0,0,0,0,0,0,0,0,0,0,0,0,0,0,0,0,0,0,0,0,0,0,0,0,0,0,0,0,0,0,0,0,0,0,0,0,0,0,0,0,0,0,0,0,0,0,0,0,0,0,0,0,0,0,0,0,0,0,0,0,0,0,0,0,0,0,0,0,0,0,0,0,0,0,0,0,0,0,0,0,0,0,0,0,0,0,0,0,0,0,0,0,0,0,0,0,0,0,0,0,0,0,0,0,0,0,0,0,0,0,0,0,0,0,0,0,0,0,0,0,0,0,0,0,0,0,0,0,0,0,0,0,0,0,0,0,0,0,0,0,0,0,0,0,0,0,0,0,0,0,0,0,0,0,0,0,0,0,0,0,0,0,0,0,0,0,0,0,0,0,0,0,0,0,0,0,0,0,0,0,0,0,0,0,0,0,0,0,0,0,0,0,0,0,0,0,0,0,0,0,0,0,0,0,0,0,0,0,0,0,0,0,0,0,0
"58",173.583975,174.892225,0,0,0,0,0,0,0,0,0,0,0,0,0,0,0,0,0,0,0,0,0,0,0,0,0,0,0,0,0,0,0,0,0,0,0,0,0,0,0,0,0,0,0,0,0,0,0,0,0,0,0,0,0,0,0,0,0,0,0,0,0,0,0,0,0,0,0,0,0,0,0,0,0,0,0,0,0,0,0,0,0,0,0,0,0,0,0,0,0,0,0,0,0,0,0,0,0,0,0,0,0,0,0,0,0,0,0,0,0,0,0,0,0,0,0,0,0,0,0,0,0,0,0,0,0,0,0,0,0,0,0,0,0,0,0,0,0,0,0,0,0,0,0,0,0,0,0,0,0,0,0,0,0,0,0,0,0,0,0,0,0,0,0,0,0,0,0,0,0,0,0,0,0,0,0,0,0,0,0,0,0,0,0,0,0,0,0,0,0,0,0,0,0,0,0,0,0,0,0,0,0,0,0,0,0,0,0,0,0,0,0,0,0,0,0,0,0,0,0,0,0,0,0,0,0,0,0,0,0,0,0,0,0,0,0,0,0,0,0,0,0,0,0,0,0,0,0,0,0,0,0,0,0,0,0,0,0,0,0,0,0,0,0,0,0,0,0,0,0,0,0,0,0,0,0,0,0,0,0,0,0,0,0,0,0,0,0,0,0,0,0,0,0,0,0,0,0,0,0,0,0,0,0,0,0,0,0,0,0,0,0,0,0,0,0,0,0,0,0,0,0,0,0,0,0,0,0,0,0,0,0,0,0,0,0,0,0,0,0,0,0,0,0,0,0,0,0,0,0,0,0,0,0,0,0,0,0,0,0,0,0,0,0,0,0,0,0,0,0,0,0,0,0,0,0,0,0,0,0,0,0,0,0,0,0,0,0,0,0,0,0,0,0,0,0,0,0,0,0,0,0,0,0,0,0,0,0,0,0,0,0,0,0,0,0,0,0,0,0,0
"59",176.26625,178.14415,0,0,0,0,0,0,0,0,0,0,0,0,0,0,0,0,0,0,0,0,0,0,0,0,0,0,0,0,0,0,0,0,0,0,0,0,0,0,0,0,0,0,0,0,0,0,0,0,0,0,0,0,0,0,0,0,0,0,0,0,0,0,0,0,0,0,0,0,0,0,0,0,0,0,0,0,0,0,0,0,0,0,0,0,0,0,0,0,0,0,0,0,0,0,0,0,0,0,0,0,0,0,0,0,0,0,0,0,0,0,0,0,0,0,0,0,0,0,0,0,0,0,0,0,0,0,0,0,0,0,0,0,0,0,0,0,0,0,0,0,0,0,0,0,0,0,0,0,0,0,0,0,0,0,0,0,0,0,0,0,0,0,0,0,0,0,0,0,0,0,0,0,0,0,0,0,0,0,0,0,0,0,0,0,0,0,0,0,0,0,0,0,0,0,0,0,0,0,0,0,0,0,0,0,0,0,0,0,0,0,0,0,0,0,0,0,0,0,0,0,0,0,0,0,0,0,0,0,0,0,0,0,0,0,0,0,0,0,0,0,0,0,0,0,0,0,0,0,0,0,0,0,0,0,0,0,0,0,0,0,0,0,0,0,0,0,0,0,0,0,0,0,0,0,0,0,0,0,0,0,0,0,0,0,0,0,0,0,0,0,0,0,0,0,0,0,0,0,0,0,0,0,0,0,0,0,0,0,0,0,0,0,0,0,0,0,0,0,0,0,0,0,0,0,0,0,0,0,0,0,0,0,0,0,0,0,0,0,0,0,0,0,0,0,0,0,0,0,0,0,0,0,0,0,0,0,0,0,0,0,0,0,0,0,0,0,0,0,0,0,0,0,0,0,0,0,0,0,0,0,0,0,0,0,0,0,0,0,0,0,0,0,0,0,0,0,0,0,0,0,0,0,0,0,0,0,0,0,0,0,0,0,0,0,0,0,0,0,0,0
"60",166.375775,169.58495,169.8837,169.92855,170.056175,170.103575,170.139875,170.178425,170.254425,170.31325,170.43135,170.52565,170.589375,170.71095,170.73425,170.88665,170.9742,170.97555,170.999075,171.032975,171.075775,171.105225,171.14955,171.165225,171.18275,171.192525,171.21885,171.225025,171.237525,171.2637,171.285,171.29965,171.32445,171.43495,171.50865,171.7447,171.848325,171.91325,171.926075,171.94665,171.9501,171.987875,172.000925,172.0098,172.013675,172.018225,172.027675,172.0355,172.050375,172.0769,172.083675,172.09015,172.10355,172.1163,172.1295,172.141175,172.15965,172.189475,172.196575,172.198725,172.214475,172.2211,172.233475,172.237275,172.25295,172.275875,172.278075,172.2872,172.3315,172.3411,172.346675,172.352275,172.367325,172.3747,172.397,172.455875,172.8502,172.914575,173.124825,173.168375,173.215525,173.23245,173.254925,173.272025,173.299575,173.336725,173.358475,173.36355,173.38835,173.40715,173.41915,173.43495,173.455775,173.4774,173.513025,173.523325,173.529425,173.54025,173.5752,173.589875,173.600775,173.610725,173.641925,173.650625,173.6688,173.706325,173.7162,173.741075,173.750275,174.754675,174.78845,174.8139,174.821025,174.829175,174.855125,174.88915,174.90125,174.90945,174.921125,174.947525,174.955775,175.025275,175.03675,175.047825,175.05865,175.0714,175.08725,175.09055,175.10605,175.1527,175.1615,175.1739,175.213425,175.22695,175.25235,175.2811,175.295575,175.3295,175.36985,175.3869,175.3979,175.4489,175.465725,175.5425,176.677875,176.69685,176.73755,176.76575,176.790675,176.81165,176.832525,176.842625,176.8625,176.911475,176.9243,176.9346,176.964775,176.9737,177.03295,177.04575,177.062075,177.06395,177.070275,177.107825,177.1446,177.1551,177.204425,177.22585,177.24345,177.253,177.270925,177.30185,177.4041,177.76725,177.905475,177.969875,177.9841,178.244175,178.323125,178.3921,178.439625,178.468225,178.497175,178.524825,178.540075,178.5567,178.5587,178.589475,178.60535,178.6296,178.655875,178.666175,178.6963,178.732975,178.763725,178.797275,178.8054,178.82635,178.8284,178.82985,178.86015,178.8866,178.90045,178.99545,179.03765,179.07245,179.5516,179.6177,179.858925,179.896075,180.23425,180.2648,180.34915,180.3728,180.3964,180.412725,180.45585,180.4704,180.4931,180.50915,180.5389,180.55375,180.581275,180.6125,180.6542,180.67455,180.70505,180.757925,180.78285,180.809175,180.85105,180.93305,182.881175,183.0917,183.17995,0,0,0,0,0,0,0,0,0,0,0,0,0,0,0,0,0,0,0,0,0,0,0,0,0,0,0,0,0,0,0,0,0,0,0,0,0,0,0,0,0,0,0,0,0,0,0,0,0,0,0,0,0,0,0,0,0,0,0,0,0,0,0,0,0,0,0,0,0,0,0,0,0,0,0,0,0,0,0,0,0,0,0,0,0,0,0,0,0,0,0,0,0,0,0,0,0,0,0,0,0,0,0,0,0,0,0,0,0,0,0,0,0,0,0,0,0,0,0,0,0,0,0,0,0,0,0,0,0,0,0,0,0,0,0,0,0,0,0,0,0,0,0,0,0,0,0,0,0,0,0,0,0,0,0,0,0,0,0,0,0,0,0,0,0,0,0,0,0,0,0,0,0,0,0,0,0,0,0,0,0,0,0,0,0,0,0
"61",172.168725,172.207925,172.308525,172.3733,172.439325,173.16035,175.060275,178.745,178.959125,0,0,0,0,0,0,0,0,0,0,0,0,0,0,0,0,0,0,0,0,0,0,0,0,0,0,0,0,0,0,0,0,0,0,0,0,0,0,0,0,0,0,0,0,0,0,0,0,0,0,0,0,0,0,0,0,0,0,0,0,0,0,0,0,0,0,0,0,0,0,0,0,0,0,0,0,0,0,0,0,0,0,0,0,0,0,0,0,0,0,0,0,0,0,0,0,0,0,0,0,0,0,0,0,0,0,0,0,0,0,0,0,0,0,0,0,0,0,0,0,0,0,0,0,0,0,0,0,0,0,0,0,0,0,0,0,0,0,0,0,0,0,0,0,0,0,0,0,0,0,0,0,0,0,0,0,0,0,0,0,0,0,0,0,0,0,0,0,0,0,0,0,0,0,0,0,0,0,0,0,0,0,0,0,0,0,0,0,0,0,0,0,0,0,0,0,0,0,0,0,0,0,0,0,0,0,0,0,0,0,0,0,0,0,0,0,0,0,0,0,0,0,0,0,0,0,0,0,0,0,0,0,0,0,0,0,0,0,0,0,0,0,0,0,0,0,0,0,0,0,0,0,0,0,0,0,0,0,0,0,0,0,0,0,0,0,0,0,0,0,0,0,0,0,0,0,0,0,0,0,0,0,0,0,0,0,0,0,0,0,0,0,0,0,0,0,0,0,0,0,0,0,0,0,0,0,0,0,0,0,0,0,0,0,0,0,0,0,0,0,0,0,0,0,0,0,0,0,0,0,0,0,0,0,0,0,0,0,0,0,0,0,0,0,0,0,0,0,0,0,0,0,0,0,0,0,0,0,0,0,0,0,0,0,0,0,0,0,0,0,0,0,0,0,0,0,0,0,0,0,0,0,0,0,0,0,0,0,0,0,0,0,0,0,0,0,0,0,0,0,0,0,0,0,0,0,0,0,0,0,0,0,0
"62",170.186575,170.5789,173.6061,176.872075,0,0,0,0,0,0,0,0,0,0,0,0,0,0,0,0,0,0,0,0,0,0,0,0,0,0,0,0,0,0,0,0,0,0,0,0,0,0,0,0,0,0,0,0,0,0,0,0,0,0,0,0,0,0,0,0,0,0,0,0,0,0,0,0,0,0,0,0,0,0,0,0,0,0,0,0,0,0,0,0,0,0,0,0,0,0,0,0,0,0,0,0,0,0,0,0,0,0,0,0,0,0,0,0,0,0,0,0,0,0,0,0,0,0,0,0,0,0,0,0,0,0,0,0,0,0,0,0,0,0,0,0,0,0,0,0,0,0,0,0,0,0,0,0,0,0,0,0,0,0,0,0,0,0,0,0,0,0,0,0,0,0,0,0,0,0,0,0,0,0,0,0,0,0,0,0,0,0,0,0,0,0,0,0,0,0,0,0,0,0,0,0,0,0,0,0,0,0,0,0,0,0,0,0,0,0,0,0,0,0,0,0,0,0,0,0,0,0,0,0,0,0,0,0,0,0,0,0,0,0,0,0,0,0,0,0,0,0,0,0,0,0,0,0,0,0,0,0,0,0,0,0,0,0,0,0,0,0,0,0,0,0,0,0,0,0,0,0,0,0,0,0,0,0,0,0,0,0,0,0,0,0,0,0,0,0,0,0,0,0,0,0,0,0,0,0,0,0,0,0,0,0,0,0,0,0,0,0,0,0,0,0,0,0,0,0,0,0,0,0,0,0,0,0,0,0,0,0,0,0,0,0,0,0,0,0,0,0,0,0,0,0,0,0,0,0,0,0,0,0,0,0,0,0,0,0,0,0,0,0,0,0,0,0,0,0,0,0,0,0,0,0,0,0,0,0,0,0,0,0,0,0,0,0,0,0,0,0,0,0,0,0,0,0,0,0,0,0,0,0,0,0,0,0,0,0,0,0,0,0,0,0,0,0,0,0,0,0
"63",160.079325,160.30875,160.64995,161.266775,161.722025,161.998675,162.2283,162.448725,162.627875,163.2026,163.4535,163.705925,164.053775,164.512875,164.727675,165.010975,165.153325,165.385725,165.603575,165.827575,166.10845,166.432325,166.77765,167.31675,167.67995,168.209675,168.430725,168.6603,168.9185,169.341625,169.5027,169.696325,170.164725,170.535475,171.176525,171.53235,172.063075,172.25115,172.37975,173.353925,173.4496,176.24805,178.552725,178.686475,178.79635,178.82055,178.84305,178.9673,179.643625,180.498925,180.5367,180.60875,180.68115,180.79155,180.86675,182.718,183.0927,183.163775,183.284525,183.411275,183.6218,0,0,0,0,0,0,0,0,0,0,0,0,0,0,0,0,0,0,0,0,0,0,0,0,0,0,0,0,0,0,0,0,0,0,0,0,0,0,0,0,0,0,0,0,0,0,0,0,0,0,0,0,0,0,0,0,0,0,0,0,0,0,0,0,0,0,0,0,0,0,0,0,0,0,0,0,0,0,0,0,0,0,0,0,0,0,0,0,0,0,0,0,0,0,0,0,0,0,0,0,0,0,0,0,0,0,0,0,0,0,0,0,0,0,0,0,0,0,0,0,0,0,0,0,0,0,0,0,0,0,0,0,0,0,0,0,0,0,0,0,0,0,0,0,0,0,0,0,0,0,0,0,0,0,0,0,0,0,0,0,0,0,0,0,0,0,0,0,0,0,0,0,0,0,0,0,0,0,0,0,0,0,0,0,0,0,0,0,0,0,0,0,0,0,0,0,0,0,0,0,0,0,0,0,0,0,0,0,0,0,0,0,0,0,0,0,0,0,0,0,0,0,0,0,0,0,0,0,0,0,0,0,0,0,0,0,0,0,0,0,0,0,0,0,0,0,0,0,0,0,0,0,0,0,0,0,0,0,0,0,0,0,0,0,0,0,0,0,0,0,0,0,0,0,0,0,0,0,0,0,0,0,0,0,0,0,0,0,0,0,0,0,0,0,0,0,0,0,0,0,0,0,0,0,0,0,0,0,0,0,0,0,0,0,0,0,0,0,0,0,0,0,0,0,0,0,0,0,0,0,0,0,0,0,0,0,0,0,0,0,0,0,0,0,0,0,0,0,0,0,0,0,0,0,0,0,0,0,0,0,0
"64",162.1497,165.4835,165.577225,165.7055,166.0735,166.230525,166.738075,167.052725,167.8475,168.3927,168.6777,168.943875,169.460375,169.5143,170.016425,170.2571,170.32025,170.363175,170.369925,170.419125,170.470175,170.48875,170.558575,170.5655,170.59625,170.623725,170.643125,170.6768,170.70685,170.765475,170.819275,170.8429,170.87895,170.900025,170.9171,171.011275,171.020525,171.039175,171.058525,171.07145,171.100675,171.11735,171.19025,171.26705,171.2767,171.359075,171.4732,171.5062,171.57785,171.618925,171.638275,171.68935,171.716025,171.758125,171.827575,171.861,171.9048,171.9201,171.945,171.99445,172.02515,172.039875,172.07455,172.09705,172.144625,172.190425,172.20085,172.21935,172.235625,172.246775,172.2785,172.314125,172.35415,172.3588,172.378825,172.405675,172.45945,172.474775,172.496325,172.562125,172.5632,172.589875,172.61095,172.67955,172.708275,172.734525,172.74325,172.777025,172.85485,172.888725,172.903675,172.963625,173.0343,173.0701,173.101525,173.149725,173.196975,173.2696,173.302125,173.38025,173.404375,173.442,173.4935,173.5185,173.53315,173.550125,173.58735,173.61395,173.653825,173.6606,173.72285,173.89195,173.9108,173.9261,173.9287,173.999975,174.005125,174.045725,174.180075,174.456625,174.500375,174.549875,174.593925,174.647425,174.687475,174.713175,174.75685,174.77165,174.80265,174.83875,174.92305,174.9965,175.004,175.11915,175.18325,175.2617,175.388675,175.630625,175.754725,176.1952,176.2904,176.30235,176.3445,176.42035,176.510575,176.52185,176.55415,176.614475,176.67185,176.74445,176.76515,176.77405,176.7972,176.856975,176.8937,176.92775,176.954225,177.028975,177.081725,177.141525,177.4676,177.94275,178.0907,178.264675,178.30365,178.329325,178.407275,178.426825,178.441225,178.45455,178.513325,178.57645,178.595275,178.6391,178.667575,178.7339,178.766975,178.78885,178.832925,179.0656,179.08955,179.389925,179.683275,179.74365,180.015825,180.132975,180.1952,180.24325,180.2696,180.3739,180.4468,180.51245,180.558425,180.614575,180.72355,180.754425,180.79355,180.86415,180.9204,180.98965,181.119575,181.200075,181.2885,181.5554,181.6761,181.70635,181.8881,182.02025,182.03985,182.153,182.30955,182.360975,182.41835,182.4702,182.58995,182.72935,182.816475,182.8634,183.01335,183.115125,183.16145,183.218225,183.27705,183.34465,183.4644,183.51455,183.698775,183.84645,183.89895,184.18825,184.29035,184.523175,184.628475,184.68415,184.750975,185.04115,185.09145,185.202975,185.396625,185.5957,185.85195,186.16185,0,0,0,0,0,0,0,0,0,0,0,0,0,0,0,0,0,0,0,0,0,0,0,0,0,0,0,0,0,0,0,0,0,0,0,0,0,0,0,0,0,0,0,0,0,0,0,0,0,0,0,0,0,0,0,0,0,0,0,0,0,0,0,0,0,0,0,0,0,0,0,0,0,0,0,0,0,0,0,0,0,0,0,0,0,0,0,0,0,0,0,0,0,0,0,0,0,0,0,0,0,0,0,0,0,0,0,0,0,0,0,0,0,0,0,0,0,0,0,0,0,0,0,0,0,0,0,0,0,0,0,0,0,0,0,0,0,0,0,0,0,0,0,0,0,0,0,0,0,0,0,0,0,0,0,0,0,0,0,0,0,0,0,0,0,0,0,0,0,0,0,0,0,0,0,0,0,0,0,0
"65",169.604525,169.70815,169.960575,170.3078,170.537125,170.6308,170.6974,170.72935,170.75795,170.7803,170.796925,170.829825,170.8618,170.880025,170.910225,170.9693,170.982175,171.02495,171.059275,171.0888,171.116425,171.197425,171.20975,171.33855,171.3742,171.418225,171.453825,171.51255,171.5959,171.597375,171.658325,171.699575,171.7351,171.758675,171.812,171.8291,171.8513,171.933425,171.9912,172.05655,172.274225,172.34345,172.383375,172.38655,172.53285,172.606375,172.60875,172.656575,172.689125,172.7027,172.747625,172.756,172.770075,172.799425,172.809375,172.814725,172.8768,172.899225,172.950125,172.96885,172.992425,173.00335,173.03725,173.050475,173.063475,173.09175,173.108325,173.14105,173.149,173.1615,173.188125,173.2243,173.2281,173.240125,173.247275,173.2684,173.296375,173.33625,173.3692,173.3929,173.45345,173.506575,173.5309,173.5485,173.55625,173.601425,173.602825,173.64455,173.664975,173.6793,173.749075,173.7646,173.797475,173.813825,173.824425,173.85945,173.917925,173.981325,173.982725,174.04125,174.099,174.11465,174.16805,174.2245,174.253075,174.375325,174.43955,174.489,174.53045,174.59845,174.62985,174.681025,174.71235,174.750375,174.775,174.802325,174.8666,174.978975,175.12235,175.211925,175.328525,175.35745,175.461425,175.46365,175.4833,175.515825,175.539925,175.561875,175.56305,175.591875,175.61,175.614475,175.6473,175.65085,175.69135,175.719625,175.745325,175.77565,175.7912,175.832775,175.8422,175.883875,175.901425,175.923725,175.9324,175.952175,175.978725,175.995025,176.038875,176.10045,176.103825,176.1386,176.173,176.2347,176.288475,176.396875,176.4883,176.56205,176.625425,176.73475,176.736025,176.829675,176.951075,176.961375,177.12255,177.166575,177.2727,177.33995,177.369625,177.40955,177.48835,177.504325,177.528025,177.58525,177.62165,177.644175,177.6753,177.708725,177.763375,177.7956,177.92485,177.92635,177.990875,178.0663,178.1927,178.20875,178.25815,178.283325,178.355775,178.3821,178.51825,178.77655,178.866425,178.95235,179.1716,179.25405,179.356175,179.41605,179.4686,179.5471,179.6454,179.719975,179.783175,179.81575,179.87865,179.974125,180.0613,180.126925,180.4404,180.5457,180.557725,181.007375,181.102,181.270775,181.481825,181.5435,181.633375,181.709375,181.768,181.852925,181.903,182.085175,182.224375,182.340725,182.430325,182.540825,182.71595,182.882125,0,0,0,0,0,0,0,0,0,0,0,0,0,0,0,0,0,0,0,0,0,0,0,0,0,0,0,0,0,0,0,0,0,0,0,0,0,0,0,0,0,0,0,0,0,0,0,0,0,0,0,0,0,0,0,0,0,0,0,0,0,0,0,0,0,0,0,0,0,0,0,0,0,0,0,0,0,0,0,0,0,0,0,0,0,0,0,0,0,0,0,0,0,0,0,0,0,0,0,0,0,0,0,0,0,0,0,0,0,0,0,0,0,0,0,0,0,0,0,0,0,0,0,0,0,0,0,0,0,0,0,0,0,0,0,0,0,0,0,0,0,0,0,0,0,0,0,0,0,0,0,0,0,0,0,0,0,0,0,0,0,0,0,0,0,0,0,0,0,0,0,0,0,0,0,0,0,0,0,0,0,0,0,0,0,0,0,0,0,0,0,0,0,0
"66",169.6974,169.749375,169.805275,169.864875,169.94005,170.000375,0,0,0,0,0,0,0,0,0,0,0,0,0,0,0,0,0,0,0,0,0,0,0,0,0,0,0,0,0,0,0,0,0,0,0,0,0,0,0,0,0,0,0,0,0,0,0,0,0,0,0,0,0,0,0,0,0,0,0,0,0,0,0,0,0,0,0,0,0,0,0,0,0,0,0,0,0,0,0,0,0,0,0,0,0,0,0,0,0,0,0,0,0,0,0,0,0,0,0,0,0,0,0,0,0,0,0,0,0,0,0,0,0,0,0,0,0,0,0,0,0,0,0,0,0,0,0,0,0,0,0,0,0,0,0,0,0,0,0,0,0,0,0,0,0,0,0,0,0,0,0,0,0,0,0,0,0,0,0,0,0,0,0,0,0,0,0,0,0,0,0,0,0,0,0,0,0,0,0,0,0,0,0,0,0,0,0,0,0,0,0,0,0,0,0,0,0,0,0,0,0,0,0,0,0,0,0,0,0,0,0,0,0,0,0,0,0,0,0,0,0,0,0,0,0,0,0,0,0,0,0,0,0,0,0,0,0,0,0,0,0,0,0,0,0,0,0,0,0,0,0,0,0,0,0,0,0,0,0,0,0,0,0,0,0,0,0,0,0,0,0,0,0,0,0,0,0,0,0,0,0,0,0,0,0,0,0,0,0,0,0,0,0,0,0,0,0,0,0,0,0,0,0,0,0,0,0,0,0,0,0,0,0,0,0,0,0,0,0,0,0,0,0,0,0,0,0,0,0,0,0,0,0,0,0,0,0,0,0,0,0,0,0,0,0,0,0,0,0,0,0,0,0,0,0,0,0,0,0,0,0,0,0,0,0,0,0,0,0,0,0,0,0,0,0,0,0,0,0,0,0,0,0,0,0,0,0,0,0,0,0,0,0,0,0,0,0,0,0,0,0,0,0,0,0,0,0,0,0,0,0,0,0,0,0,0
"67",164.37495,170.893075,171.36265,172.59565,172.620875,172.676125,172.70765,172.785325,173.674875,173.8217,173.986025,174.049675,174.067175,174.1149,174.23025,175.68815,175.73605,175.770325,175.82795,175.8617,175.9325,175.9505,176.000275,177.22445,177.3611,177.4602,177.511125,177.566025,177.624175,177.688625,179.148275,179.20185,179.273525,179.431375,180.8706,180.91285,181.022825,181.085725,181.181725,181.27585,181.39975,181.5129,181.587275,181.663925,183.18585,183.31895,183.372925,183.434225,183.54665,183.55875,183.585675,183.638025,183.7113,183.868025,183.9465,184.1735,0,0,0,0,0,0,0,0,0,0,0,0,0,0,0,0,0,0,0,0,0,0,0,0,0,0,0,0,0,0,0,0,0,0,0,0,0,0,0,0,0,0,0,0,0,0,0,0,0,0,0,0,0,0,0,0,0,0,0,0,0,0,0,0,0,0,0,0,0,0,0,0,0,0,0,0,0,0,0,0,0,0,0,0,0,0,0,0,0,0,0,0,0,0,0,0,0,0,0,0,0,0,0,0,0,0,0,0,0,0,0,0,0,0,0,0,0,0,0,0,0,0,0,0,0,0,0,0,0,0,0,0,0,0,0,0,0,0,0,0,0,0,0,0,0,0,0,0,0,0,0,0,0,0,0,0,0,0,0,0,0,0,0,0,0,0,0,0,0,0,0,0,0,0,0,0,0,0,0,0,0,0,0,0,0,0,0,0,0,0,0,0,0,0,0,0,0,0,0,0,0,0,0,0,0,0,0,0,0,0,0,0,0,0,0,0,0,0,0,0,0,0,0,0,0,0,0,0,0,0,0,0,0,0,0,0,0,0,0,0,0,0,0,0,0,0,0,0,0,0,0,0,0,0,0,0,0,0,0,0,0,0,0,0,0,0,0,0,0,0,0,0,0,0,0,0,0,0,0,0,0,0,0,0,0,0,0,0,0,0,0,0,0,0,0,0,0,0,0,0,0,0,0,0,0,0,0,0,0,0,0,0,0,0,0,0,0,0,0,0,0,0,0,0,0,0,0,0,0,0,0,0,0,0,0,0,0,0,0,0,0,0,0,0,0,0,0,0,0,0,0,0,0,0,0,0,0,0,0,0,0,0,0,0,0,0
"68",170.1048,170.311825,170.533075,170.666275,170.89785,171.002375,171.044425,171.08075,171.204775,171.222575,171.293,171.32915,171.38695,171.4664,171.523175,171.552075,171.67115,171.731625,171.981375,172.007175,172.068075,172.0775,172.108725,172.1204,172.140125,172.16785,172.208425,172.2264,172.25875,172.30915,172.33575,172.349025,172.39255,172.489175,172.497275,172.529525,172.5783,172.700625,172.839125,172.86805,172.96655,173.032125,173.0861,173.13425,173.2603,173.34315,173.42095,173.6432,173.73175,173.8055,174.0077,174.483225,174.7922,174.9745,175.0883,176.178825,176.251025,176.35445,176.414675,176.5093,176.5899,176.66485,176.698775,176.782875,176.80985,176.840525,176.869975,176.903575,176.9431,176.981025,177.009,177.1062,177.4358,177.4909,177.531425,177.57945,177.680625,177.73075,177.862675,177.896275,178.00665,178.07515,178.10705,178.18755,178.2684,178.37675,178.443225,178.49645,178.5279,178.583575,178.6325,178.69595,178.7444,178.792725,179.29805,179.364875,179.537525,179.594075,179.6417,179.69305,179.7564,179.809375,179.97075,180.25035,180.2999,180.3928,180.497475,180.534675,180.635275,180.7345,180.769875,180.853925,180.922125,180.97365,181.061175,181.114025,181.206375,181.28365,181.334625,181.405775,181.50365,181.5746,181.613675,181.650825,181.6997,181.755825,181.8093,181.8507,181.91275,181.93285,181.972525,182.008775,182.05715,182.0902,182.1392,182.20295,182.244275,182.2913,182.332025,182.4559,182.559025,182.608175,182.839125,182.939475,183.05555,183.267175,183.3251,183.400475,183.490575,183.590975,183.6604,183.704975,183.780275,183.852925,183.91295,183.97875,184.071825,184.135925,184.1942,184.276975,184.4885,184.65445,184.820375,184.92555,185.3626,0,0,0,0,0,0,0,0,0,0,0,0,0,0,0,0,0,0,0,0,0,0,0,0,0,0,0,0,0,0,0,0,0,0,0,0,0,0,0,0,0,0,0,0,0,0,0,0,0,0,0,0,0,0,0,0,0,0,0,0,0,0,0,0,0,0,0,0,0,0,0,0,0,0,0,0,0,0,0,0,0,0,0,0,0,0,0,0,0,0,0,0,0,0,0,0,0,0,0,0,0,0,0,0,0,0,0,0,0,0,0,0,0,0,0,0,0,0,0,0,0,0,0,0,0,0,0,0,0,0,0,0,0,0,0,0,0,0,0,0,0,0,0,0,0,0,0,0,0,0,0,0,0,0,0,0,0,0,0,0,0,0,0,0,0,0,0,0,0,0,0,0,0,0,0,0,0,0,0,0,0,0,0,0,0,0,0,0,0,0,0,0,0,0,0,0,0,0,0,0,0,0,0,0,0,0,0,0,0,0,0,0,0,0,0,0,0,0,0,0,0,0,0,0,0,0,0,0,0,0,0,0,0,0,0,0,0,0,0,0,0,0,0,0,0,0,0,0,0,0,0,0,0,0,0,0,0
"69",169.581925,169.676275,169.72625,169.881075,170.097825,170.12005,170.177625,170.3017,170.36895,170.41455,170.427,170.548575,170.594675,170.688025,170.716275,170.85595,171.3399,171.519375,171.63365,171.85005,172.126975,172.2809,172.294575,172.59265,172.652125,172.685675,172.75915,172.8561,172.8796,172.88715,172.92655,173.108025,173.210075,173.3737,173.403975,173.46855,173.496725,173.5283,173.571175,173.61195,173.8947,173.96465,174.12495,174.183325,174.25345,174.400925,174.42675,174.532275,174.598025,174.731575,174.985775,175.08465,175.1549,175.1648,175.2295,175.308175,175.4293,175.472125,175.485975,175.58725,175.620525,175.700225,176.0356,176.084475,176.135125,176.2065,176.2245,176.265425,176.2873,176.35175,176.478275,176.557775,176.5786,176.70825,176.87855,176.925425,176.939875,177.1033,177.139325,177.332,177.398375,177.531075,177.588525,177.638025,177.7474,177.813925,177.8404,177.869225,177.937775,177.977375,178.061425,178.181225,178.23575,178.56395,178.697225,178.77465,179.01825,179.0333,179.08325,179.1246,179.143475,179.262775,179.435425,179.495725,179.532475,179.570525,179.6138,179.640075,179.8391,179.927,180.012425,180.042725,180.4458,180.757125,180.8274,181.091675,181.327075,181.3566,181.393775,181.48065,181.6766,182.016575,182.10125,182.29175,182.465025,182.8216,183.170875,183.75555,183.864925,184.124275,184.316125,185.346275,185.895575,0,0,0,0,0,0,0,0,0,0,0,0,0,0,0,0,0,0,0,0,0,0,0,0,0,0,0,0,0,0,0,0,0,0,0,0,0,0,0,0,0,0,0,0,0,0,0,0,0,0,0,0,0,0,0,0,0,0,0,0,0,0,0,0,0,0,0,0,0,0,0,0,0,0,0,0,0,0,0,0,0,0,0,0,0,0,0,0,0,0,0,0,0,0,0,0,0,0,0,0,0,0,0,0,0,0,0,0,0,0,0,0,0,0,0,0,0,0,0,0,0,0,0,0,0,0,0,0,0,0,0,0,0,0,0,0,0,0,0,0,0,0,0,0,0,0,0,0,0,0,0,0,0,0,0,0,0,0,0,0,0,0,0,0,0,0,0,0,0,0,0,0,0,0,0,0,0,0,0,0,0,0,0,0,0,0,0,0,0,0,0,0,0,0,0,0,0,0,0,0,0,0,0,0,0,0,0,0,0,0,0,0,0,0,0,0,0,0,0,0,0,0,0,0,0,0,0,0,0,0,0,0,0,0,0,0,0,0,0,0,0,0,0,0,0,0,0,0,0,0,0,0,0,0,0,0,0,0,0,0,0,0,0,0,0,0,0,0,0,0,0,0,0,0,0,0,0,0,0,0,0,0,0,0,0,0,0,0,0
"70",169.950775,170.061325,170.064725,170.143675,170.23345,170.28125,170.373525,170.40575,170.49485,170.56095,170.614675,170.6574,170.766375,170.8517,170.866525,171.612125,171.738725,171.761075,172.1904,172.219375,173.00725,173.50735,174.459975,176.21515,176.2629,176.313875,176.400025,176.453475,177.923925,177.980125,178.053325,178.11995,179.66445,179.72815,179.89445,179.93965,182.03085,182.245275,182.3017,182.387575,182.4896,183.109025,183.98325,184.145875,184.25445,184.4325,184.535775,184.7042,184.9268,185.0437,185.1902,185.39745,185.784525,0,0,0,0,0,0,0,0,0,0,0,0,0,0,0,0,0,0,0,0,0,0,0,0,0,0,0,0,0,0,0,0,0,0,0,0,0,0,0,0,0,0,0,0,0,0,0,0,0,0,0,0,0,0,0,0,0,0,0,0,0,0,0,0,0,0,0,0,0,0,0,0,0,0,0,0,0,0,0,0,0,0,0,0,0,0,0,0,0,0,0,0,0,0,0,0,0,0,0,0,0,0,0,0,0,0,0,0,0,0,0,0,0,0,0,0,0,0,0,0,0,0,0,0,0,0,0,0,0,0,0,0,0,0,0,0,0,0,0,0,0,0,0,0,0,0,0,0,0,0,0,0,0,0,0,0,0,0,0,0,0,0,0,0,0,0,0,0,0,0,0,0,0,0,0,0,0,0,0,0,0,0,0,0,0,0,0,0,0,0,0,0,0,0,0,0,0,0,0,0,0,0,0,0,0,0,0,0,0,0,0,0,0,0,0,0,0,0,0,0,0,0,0,0,0,0,0,0,0,0,0,0,0,0,0,0,0,0,0,0,0,0,0,0,0,0,0,0,0,0,0,0,0,0,0,0,0,0,0,0,0,0,0,0,0,0,0,0,0,0,0,0,0,0,0,0,0,0,0,0,0,0,0,0,0,0,0,0,0,0,0,0,0,0,0,0,0,0,0,0,0,0,0,0,0,0,0,0,0,0,0,0,0,0,0,0,0,0,0,0,0,0,0,0,0,0,0,0,0,0,0,0,0,0,0,0,0,0,0,0,0,0,0,0,0,0,0,0,0,0,0,0,0,0,0,0,0,0,0,0,0,0,0,0,0,0,0,0,0
"71",172.8934,176.255475,177.802275,177.8611,177.962125,179.589425,179.658075,181.999675,0,0,0,0,0,0,0,0,0,0,0,0,0,0,0,0,0,0,0,0,0,0,0,0,0,0,0,0,0,0,0,0,0,0,0,0,0,0,0,0,0,0,0,0,0,0,0,0,0,0,0,0,0,0,0,0,0,0,0,0,0,0,0,0,0,0,0,0,0,0,0,0,0,0,0,0,0,0,0,0,0,0,0,0,0,0,0,0,0,0,0,0,0,0,0,0,0,0,0,0,0,0,0,0,0,0,0,0,0,0,0,0,0,0,0,0,0,0,0,0,0,0,0,0,0,0,0,0,0,0,0,0,0,0,0,0,0,0,0,0,0,0,0,0,0,0,0,0,0,0,0,0,0,0,0,0,0,0,0,0,0,0,0,0,0,0,0,0,0,0,0,0,0,0,0,0,0,0,0,0,0,0,0,0,0,0,0,0,0,0,0,0,0,0,0,0,0,0,0,0,0,0,0,0,0,0,0,0,0,0,0,0,0,0,0,0,0,0,0,0,0,0,0,0,0,0,0,0,0,0,0,0,0,0,0,0,0,0,0,0,0,0,0,0,0,0,0,0,0,0,0,0,0,0,0,0,0,0,0,0,0,0,0,0,0,0,0,0,0,0,0,0,0,0,0,0,0,0,0,0,0,0,0,0,0,0,0,0,0,0,0,0,0,0,0,0,0,0,0,0,0,0,0,0,0,0,0,0,0,0,0,0,0,0,0,0,0,0,0,0,0,0,0,0,0,0,0,0,0,0,0,0,0,0,0,0,0,0,0,0,0,0,0,0,0,0,0,0,0,0,0,0,0,0,0,0,0,0,0,0,0,0,0,0,0,0,0,0,0,0,0,0,0,0,0,0,0,0,0,0,0,0,0,0,0,0,0,0,0,0,0,0,0,0,0,0,0,0,0,0,0,0,0,0,0,0,0,0,0,0,0,0,0,0
"72",169.642125,169.70385,169.776525,169.815775,169.94405,171.07725,171.1487,171.265375,171.282275,171.343275,171.39705,171.5211,172.469825,181.737725,183.927125,0,0,0,0,0,0,0,0,0,0,0,0,0,0,0,0,0,0,0,0,0,0,0,0,0,0,0,0,0,0,0,0,0,0,0,0,0,0,0,0,0,0,0,0,0,0,0,0,0,0,0,0,0,0,0,0,0,0,0,0,0,0,0,0,0,0,0,0,0,0,0,0,0,0,0,0,0,0,0,0,0,0,0,0,0,0,0,0,0,0,0,0,0,0,0,0,0,0,0,0,0,0,0,0,0,0,0,0,0,0,0,0,0,0,0,0,0,0,0,0,0,0,0,0,0,0,0,0,0,0,0,0,0,0,0,0,0,0,0,0,0,0,0,0,0,0,0,0,0,0,0,0,0,0,0,0,0,0,0,0,0,0,0,0,0,0,0,0,0,0,0,0,0,0,0,0,0,0,0,0,0,0,0,0,0,0,0,0,0,0,0,0,0,0,0,0,0,0,0,0,0,0,0,0,0,0,0,0,0,0,0,0,0,0,0,0,0,0,0,0,0,0,0,0,0,0,0,0,0,0,0,0,0,0,0,0,0,0,0,0,0,0,0,0,0,0,0,0,0,0,0,0,0,0,0,0,0,0,0,0,0,0,0,0,0,0,0,0,0,0,0,0,0,0,0,0,0,0,0,0,0,0,0,0,0,0,0,0,0,0,0,0,0,0,0,0,0,0,0,0,0,0,0,0,0,0,0,0,0,0,0,0,0,0,0,0,0,0,0,0,0,0,0,0,0,0,0,0,0,0,0,0,0,0,0,0,0,0,0,0,0,0,0,0,0,0,0,0,0,0,0,0,0,0,0,0,0,0,0,0,0,0,0,0,0,0,0,0,0,0,0,0,0,0,0,0,0,0,0,0,0,0,0,0,0,0,0,0,0,0,0,0,0,0,0,0,0,0,0,0,0,0,0,0,0,0,0
"73",169.92505,170.049825,170.118375,170.158825,170.310675,0,0,0,0,0,0,0,0,0,0,0,0,0,0,0,0,0,0,0,0,0,0,0,0,0,0,0,0,0,0,0,0,0,0,0,0,0,0,0,0,0,0,0,0,0,0,0,0,0,0,0,0,0,0,0,0,0,0,0,0,0,0,0,0,0,0,0,0,0,0,0,0,0,0,0,0,0,0,0,0,0,0,0,0,0,0,0,0,0,0,0,0,0,0,0,0,0,0,0,0,0,0,0,0,0,0,0,0,0,0,0,0,0,0,0,0,0,0,0,0,0,0,0,0,0,0,0,0,0,0,0,0,0,0,0,0,0,0,0,0,0,0,0,0,0,0,0,0,0,0,0,0,0,0,0,0,0,0,0,0,0,0,0,0,0,0,0,0,0,0,0,0,0,0,0,0,0,0,0,0,0,0,0,0,0,0,0,0,0,0,0,0,0,0,0,0,0,0,0,0,0,0,0,0,0,0,0,0,0,0,0,0,0,0,0,0,0,0,0,0,0,0,0,0,0,0,0,0,0,0,0,0,0,0,0,0,0,0,0,0,0,0,0,0,0,0,0,0,0,0,0,0,0,0,0,0,0,0,0,0,0,0,0,0,0,0,0,0,0,0,0,0,0,0,0,0,0,0,0,0,0,0,0,0,0,0,0,0,0,0,0,0,0,0,0,0,0,0,0,0,0,0,0,0,0,0,0,0,0,0,0,0,0,0,0,0,0,0,0,0,0,0,0,0,0,0,0,0,0,0,0,0,0,0,0,0,0,0,0,0,0,0,0,0,0,0,0,0,0,0,0,0,0,0,0,0,0,0,0,0,0,0,0,0,0,0,0,0,0,0,0,0,0,0,0,0,0,0,0,0,0,0,0,0,0,0,0,0,0,0,0,0,0,0,0,0,0,0,0,0,0,0,0,0,0,0,0,0,0,0,0,0,0,0,0,0,0
"74",169.912525,169.9806,170.054775,170.07905,170.159975,170.267875,170.380575,170.4372,170.505425,170.564125,170.59245,170.6114,171.042325,171.177975,171.4467,171.696675,172.039475,172.15325,172.154775,172.156075,172.185325,172.314225,172.34045,172.574325,173.369075,173.421875,173.4494,173.54855,175.173275,176.2723,176.8058,176.9513,177.136325,178.541825,178.606875,178.691025,178.7164,178.751825,178.807425,178.97525,179.9448,180.682625,180.727675,0,0,0,0,0,0,0,0,0,0,0,0,0,0,0,0,0,0,0,0,0,0,0,0,0,0,0,0,0,0,0,0,0,0,0,0,0,0,0,0,0,0,0,0,0,0,0,0,0,0,0,0,0,0,0,0,0,0,0,0,0,0,0,0,0,0,0,0,0,0,0,0,0,0,0,0,0,0,0,0,0,0,0,0,0,0,0,0,0,0,0,0,0,0,0,0,0,0,0,0,0,0,0,0,0,0,0,0,0,0,0,0,0,0,0,0,0,0,0,0,0,0,0,0,0,0,0,0,0,0,0,0,0,0,0,0,0,0,0,0,0,0,0,0,0,0,0,0,0,0,0,0,0,0,0,0,0,0,0,0,0,0,0,0,0,0,0,0,0,0,0,0,0,0,0,0,0,0,0,0,0,0,0,0,0,0,0,0,0,0,0,0,0,0,0,0,0,0,0,0,0,0,0,0,0,0,0,0,0,0,0,0,0,0,0,0,0,0,0,0,0,0,0,0,0,0,0,0,0,0,0,0,0,0,0,0,0,0,0,0,0,0,0,0,0,0,0,0,0,0,0,0,0,0,0,0,0,0,0,0,0,0,0,0,0,0,0,0,0,0,0,0,0,0,0,0,0,0,0,0,0,0,0,0,0,0,0,0,0,0,0,0,0,0,0,0,0,0,0,0,0,0,0,0,0,0,0,0,0,0,0,0,0,0,0,0,0,0,0,0,0,0,0,0,0,0,0,0,0,0,0,0,0,0,0,0,0,0,0,0,0,0,0,0,0,0,0,0,0,0,0,0,0,0,0,0,0,0,0,0,0,0,0,0,0,0,0,0,0,0,0,0,0,0,0,0,0,0,0
"75",160.513775,163.323775,166.586575,167.189225,167.437,168.1998,169.4434,169.82045,169.87115,169.9916,170.041325,170.060475,170.07165,170.114075,170.137875,170.16585,170.177825,170.201475,170.26105,170.289175,170.320825,170.324225,170.373575,170.37725,170.3999,170.427675,170.45005,170.4704,170.49945,170.5321,170.55605,170.56415,170.585475,170.600375,170.606375,170.63335,170.634875,170.6612,170.699025,170.7012,170.723075,170.797475,170.84125,170.893725,170.91685,170.98195,171.000125,171.038325,171.14015,171.16275,171.2418,171.2983,171.31485,171.3684,171.383525,171.4797,171.50925,171.521675,171.530575,171.5798,171.616175,171.634125,171.645875,171.657275,171.689275,171.706625,171.7323,171.739325,171.7543,171.7799,171.79995,171.859575,171.906175,171.9722,172.015825,172.075675,172.113,172.136125,172.16795,172.17325,172.199375,172.21005,172.219425,172.239175,172.243925,172.266675,172.269025,172.2899,172.29405,172.30535,172.3439,172.440025,172.442675,172.4442,172.45275,172.481225,172.519,172.622775,172.631675,172.7235,172.7796,172.81395,172.8193,172.844275,172.888925,172.926825,172.93225,172.950175,172.958825,172.9783,173.006625,173.047725,173.08035,173.140975,173.2031,173.241775,173.280725,173.313475,173.369,173.3958,173.479775,173.496875,173.50855,173.603175,173.6761,173.6928,173.723625,173.7387,173.744775,173.784025,173.83305,173.8446,173.896375,173.93495,173.9418,173.98835,173.99285,173.995125,173.9977,174.029775,174.065625,174.0787,174.1131,174.1144,174.15995,174.174425,174.199425,174.2249,174.246525,174.2749,174.294,174.3047,174.3196,174.33355,174.369775,174.374175,174.40385,174.410775,174.4367,174.48145,174.490075,174.507325,174.50825,174.530925,174.56985,174.620375,174.67645,174.702825,174.80695,174.828875,174.891625,174.898025,174.918675,174.9586,174.970925,174.986325,175.126275,175.13285,175.1976,175.2337,175.235825,175.248575,175.28315,175.293175,175.31435,175.325125,175.3265,175.365875,175.3869,175.388475,175.4231,175.4243,175.4555,175.460725,175.4899,175.51035,175.519125,175.567675,175.601525,175.60485,175.65185,175.6811,175.7207,175.770725,175.819625,175.847025,175.853125,175.8702,175.882,175.924475,175.9488,175.952,175.969925,175.993575,176.01395,176.014625,176.0481,176.071875,176.1041,176.16425,176.199725,176.2252,176.259225,176.26445,176.273275,176.29085,176.3012,176.3161,176.332825,176.36745,176.3844,176.393575,176.415725,176.440825,176.470525,176.473425,176.6446,176.731075,176.78325,176.872575,176.916025,176.9557,177.0642,177.096025,177.0974,177.1114,177.206425,177.214325,177.228875,177.30995,177.3264,177.355025,177.438775,177.4752,177.511625,177.53875,177.58455,177.638825,177.673225,177.69765,177.732375,177.739875,177.76165,177.77385,177.775725,177.783775,177.81285,177.81715,177.8903,177.897825,177.902025,177.934775,177.991425,177.998475,178.01955,178.040475,178.1186,178.1411,178.1796,178.238825,178.278625,178.37435,178.440475,178.4842,178.64295,178.7196,178.72825,178.7975,178.899875,178.9336,178.950725,178.9551,178.9856,179.025425,179.067725,179.1619,179.1643,179.188925,179.22285,179.2807,179.289425,179.305025,179.343825,179.392475,179.434,179.46495,179.493325,179.526075,179.548625,179.5794,179.592975,179.60155,179.62505,179.625825,179.663775,179.6909,179.697675,179.7068,179.729525,179.745975,179.7685,179.77585,179.78825,179.816925,179.840025,179.8456,179.851925,179.870675,179.903175,179.90765,179.937225,179.969825,180.018375,180.065025,180.151975,180.3843,180.45775,180.474925,180.81175,180.941125,181.0266,181.14955,181.197475,181.279125,181.388825,181.47185,181.53685,181.6235,181.6761,181.73255,181.8548,181.89125,181.93205,181.96525,182.00745,182.0341,182.104325,182.11405,182.198225,182.234675,182.55165,0,0,0,0,0,0,0,0,0,0,0,0,0,0,0,0,0,0,0,0,0,0,0,0,0,0,0,0,0,0,0,0,0,0,0,0,0,0,0,0,0,0,0,0,0,0,0,0,0,0,0,0,0,0,0,0,0,0,0,0,0
"76",160.47675,160.83635,162.347375,163.7515,163.981125,164.13535,164.415,164.547575,164.73715,164.871175,164.985925,165.196525,165.26385,165.4209,165.862325,166.049675,166.141375,166.355975,166.792425,167.97075,168.2388,169.59375,169.625525,169.66515,169.683125,169.724875,169.760075,169.772875,169.794125,169.825525,169.845,169.860675,169.881775,169.892775,169.912,169.94295,169.962525,169.977325,169.99095,170.004425,170.0135,170.033275,170.047075,170.07285,170.085625,170.0985,170.1328,170.20045,170.223425,170.260025,170.2901,170.383775,170.3911,170.41785,170.455325,170.46735,170.5008,170.582,170.64275,170.7135,170.717775,170.77145,170.820425,170.89765,170.94315,171.031575,171.048075,171.0928,171.13345,171.159025,171.199925,171.2124,171.240025,171.272025,171.284225,171.29255,171.347775,171.35045,171.36675,171.38835,171.410125,171.43595,171.441775,171.476475,171.49155,171.553,171.556325,171.580825,171.606375,171.6471,171.6715,171.67745,171.857,172.1571,172.17475,172.2079,172.55805,172.5836,172.591725,172.690425,172.88755,172.910175,173.02215,173.045975,173.172525,173.5183,173.590325,173.725475,173.728125,173.83965,173.860725,173.99705,174.092925,174.121525,174.18215,174.32405,174.370975,174.40055,174.53335,174.78485,174.960025,175.054125,175.09935,175.160625,175.163725,175.4348,175.541175,175.56465,175.582025,175.633275,175.7939,175.829925,175.85945,175.867475,175.880975,176.00145,176.0893,176.153175,176.3887,176.44455,176.503325,176.550375,176.605,176.818525,176.892175,176.989275,177.006,177.11785,177.126825,177.212125,177.36705,177.390225,177.490625,177.627925,177.7709,177.83565,178.183875,178.5761,178.64475,178.757825,178.78955,179.033575,179.835475,180.1685,180.955325,181.42975,181.6072,181.710525,181.8536,0,0,0,0,0,0,0,0,0,0,0,0,0,0,0,0,0,0,0,0,0,0,0,0,0,0,0,0,0,0,0,0,0,0,0,0,0,0,0,0,0,0,0,0,0,0,0,0,0,0,0,0,0,0,0,0,0,0,0,0,0,0,0,0,0,0,0,0,0,0,0,0,0,0,0,0,0,0,0,0,0,0,0,0,0,0,0,0,0,0,0,0,0,0,0,0,0,0,0,0,0,0,0,0,0,0,0,0,0,0,0,0,0,0,0,0,0,0,0,0,0,0,0,0,0,0,0,0,0,0,0,0,0,0,0,0,0,0,0,0,0,0,0,0,0,0,0,0,0,0,0,0,0,0,0,0,0,0,0,0,0,0,0,0,0,0,0,0,0,0,0,0,0,0,0,0,0,0,0,0,0,0,0,0,0,0,0,0,0,0,0,0,0,0,0,0,0,0,0,0,0,0,0,0,0,0,0,0,0,0,0,0,0,0,0,0,0,0,0,0,0,0,0,0,0,0,0,0,0,0,0,0,0,0,0,0,0,0,0,0,0,0,0,0,0,0,0,0,0,0,0,0,0
"77",170.07725,170.3216,170.344525,170.36225,170.64935,170.969875,171.008125,171.10425,171.22755,171.5842,171.590125,171.654375,171.66305,171.667625,171.9931,172.840175,173.0126,173.275,173.33675,173.4057,173.4593,173.819075,173.862475,173.9075,174.00615,174.06445,174.704925,174.7147,175.39785,175.670275,175.740175,175.79555,175.860825,175.92295,176.307775,176.320375,176.428575,176.907225,176.97185,177.129375,177.4802,177.565975,177.626625,177.978425,178.067125,179.2214,180.402475,180.475925,180.538475,181.270275,182.9891,183.742375,0,0,0,0,0,0,0,0,0,0,0,0,0,0,0,0,0,0,0,0,0,0,0,0,0,0,0,0,0,0,0,0,0,0,0,0,0,0,0,0,0,0,0,0,0,0,0,0,0,0,0,0,0,0,0,0,0,0,0,0,0,0,0,0,0,0,0,0,0,0,0,0,0,0,0,0,0,0,0,0,0,0,0,0,0,0,0,0,0,0,0,0,0,0,0,0,0,0,0,0,0,0,0,0,0,0,0,0,0,0,0,0,0,0,0,0,0,0,0,0,0,0,0,0,0,0,0,0,0,0,0,0,0,0,0,0,0,0,0,0,0,0,0,0,0,0,0,0,0,0,0,0,0,0,0,0,0,0,0,0,0,0,0,0,0,0,0,0,0,0,0,0,0,0,0,0,0,0,0,0,0,0,0,0,0,0,0,0,0,0,0,0,0,0,0,0,0,0,0,0,0,0,0,0,0,0,0,0,0,0,0,0,0,0,0,0,0,0,0,0,0,0,0,0,0,0,0,0,0,0,0,0,0,0,0,0,0,0,0,0,0,0,0,0,0,0,0,0,0,0,0,0,0,0,0,0,0,0,0,0,0,0,0,0,0,0,0,0,0,0,0,0,0,0,0,0,0,0,0,0,0,0,0,0,0,0,0,0,0,0,0,0,0,0,0,0,0,0,0,0,0,0,0,0,0,0,0,0,0,0,0,0,0,0,0,0,0,0,0,0,0,0,0,0,0,0,0,0,0,0,0,0,0,0,0,0,0,0,0,0,0,0,0,0,0,0,0,0,0,0,0,0,0,0,0,0,0,0,0,0,0,0,0,0,0,0,0,0,0,0
"78",169.9922,170.178525,170.235675,170.36785,170.413625,170.50985,170.52385,170.545975,170.674575,170.765825,170.8255,170.84685,170.900375,170.9283,170.97125,171.012275,171.01415,171.123525,171.225425,171.310525,171.31875,171.4038,171.4224,171.4822,171.53105,171.543175,171.58575,171.6105,171.658325,171.8315,171.8736,171.9459,172.0535,172.07635,172.097375,172.10935,172.181575,172.182825,172.22595,172.2519,172.269375,172.396425,172.415425,172.441625,172.49055,172.515325,172.52695,172.5368,172.560175,172.601175,172.650525,172.65315,172.688575,172.7033,172.735775,172.85155,172.914275,172.917925,172.99345,173.1102,173.153725,173.1619,173.244975,173.2712,173.293525,173.3705,173.43975,173.497275,173.501775,173.51465,173.529,173.579,173.594925,173.626875,173.648775,173.6667,173.6977,173.846625,173.94965,173.961025,173.984675,173.986625,174.054275,174.13415,174.3457,174.4026,174.4256,174.448875,174.50005,174.525025,174.550925,174.65925,174.68945,174.70865,174.73605,174.754675,174.7805,174.8363,174.9963,175.05895,175.105375,175.167625,175.219075,175.227425,175.266025,175.31785,175.4405,175.577475,175.627,175.652975,175.8665,175.983025,176.026975,176.095775,176.111625,176.141,176.17065,176.22265,176.30325,176.405375,176.439675,176.4936,176.5017,176.518075,176.537025,176.640425,176.6625,176.6763,176.733375,176.791475,176.80965,176.823625,176.928875,177.026075,177.0453,177.073675,177.10175,177.17185,177.222525,177.295175,177.4569,177.523425,177.585775,177.622825,177.648525,177.798375,177.849625,177.9221,177.9672,177.980575,178.0069,178.0306,178.047625,178.197075,178.259125,178.2958,178.320775,178.35095,178.42265,178.44445,178.4904,178.520275,178.5854,178.6052,178.79965,178.806775,178.874775,178.8865,178.93735,179.16785,179.30465,179.331275,179.513425,179.5349,179.54225,179.615675,179.63575,179.681825,179.697025,179.7414,179.7465,179.7862,179.80225,179.961725,180.04105,180.22085,180.29805,180.3353,180.3639,180.40395,180.556975,180.688825,180.743475,180.836425,181.164925,181.2266,181.2854,181.3962,181.480125,181.6005,181.70715,181.7405,181.761825,181.789325,181.806875,181.8946,181.939475,182.023175,182.077475,182.241075,182.395275,182.454825,182.472425,182.485,182.7158,182.8537,182.947175,183.02965,183.2003,183.678575,183.680725,183.69625,183.794275,183.9032,184.271625,184.608725,184.65995,184.91,185.586925,188.6914,0,0,0,0,0,0,0,0,0,0,0,0,0,0,0,0,0,0,0,0,0,0,0,0,0,0,0,0,0,0,0,0,0,0,0,0,0,0,0,0,0,0,0,0,0,0,0,0,0,0,0,0,0,0,0,0,0,0,0,0,0,0,0,0,0,0,0,0,0,0,0,0,0,0,0,0,0,0,0,0,0,0,0,0,0,0,0,0,0,0,0,0,0,0,0,0,0,0,0,0,0,0,0,0,0,0,0,0,0,0,0,0,0,0,0,0,0,0,0,0,0,0,0,0,0,0,0,0,0,0,0,0,0,0,0,0,0,0,0,0,0,0,0,0,0,0,0,0,0,0,0,0,0,0,0,0,0,0,0,0,0,0,0,0,0,0,0,0,0,0,0,0,0,0,0,0,0,0,0,0,0,0,0,0,0,0,0,0,0,0,0,0
"79",170.4038,171.397025,171.5539,171.584825,171.623675,171.72105,171.753175,172.22365,172.3011,172.790425,172.9078,172.94885,173.536025,173.6504,173.71245,174.201725,176.387125,177.510125,178.1401,178.63895,178.84195,179.098375,0,0,0,0,0,0,0,0,0,0,0,0,0,0,0,0,0,0,0,0,0,0,0,0,0,0,0,0,0,0,0,0,0,0,0,0,0,0,0,0,0,0,0,0,0,0,0,0,0,0,0,0,0,0,0,0,0,0,0,0,0,0,0,0,0,0,0,0,0,0,0,0,0,0,0,0,0,0,0,0,0,0,0,0,0,0,0,0,0,0,0,0,0,0,0,0,0,0,0,0,0,0,0,0,0,0,0,0,0,0,0,0,0,0,0,0,0,0,0,0,0,0,0,0,0,0,0,0,0,0,0,0,0,0,0,0,0,0,0,0,0,0,0,0,0,0,0,0,0,0,0,0,0,0,0,0,0,0,0,0,0,0,0,0,0,0,0,0,0,0,0,0,0,0,0,0,0,0,0,0,0,0,0,0,0,0,0,0,0,0,0,0,0,0,0,0,0,0,0,0,0,0,0,0,0,0,0,0,0,0,0,0,0,0,0,0,0,0,0,0,0,0,0,0,0,0,0,0,0,0,0,0,0,0,0,0,0,0,0,0,0,0,0,0,0,0,0,0,0,0,0,0,0,0,0,0,0,0,0,0,0,0,0,0,0,0,0,0,0,0,0,0,0,0,0,0,0,0,0,0,0,0,0,0,0,0,0,0,0,0,0,0,0,0,0,0,0,0,0,0,0,0,0,0,0,0,0,0,0,0,0,0,0,0,0,0,0,0,0,0,0,0,0,0,0,0,0,0,0,0,0,0,0,0,0,0,0,0,0,0,0,0,0,0,0,0,0,0,0,0,0,0,0,0,0,0,0,0,0,0,0,0,0,0,0,0,0,0,0,0,0,0,0,0,0,0,0,0,0,0,0,0,0,0,0,0,0,0,0,0,0,0,0,0,0,0,0,0,0,0
"80",170.1221,170.17625,170.521775,170.54385,170.560525,170.917975,170.968,171.107625,171.21715,171.2189,171.2582,171.33995,171.371925,171.3807,171.478675,171.520975,171.561875,171.970075,171.99035,172.00945,172.02885,172.0382,172.0583,172.07845,172.0866,172.1281,172.1532,172.16365,172.205825,172.225075,172.278475,172.2829,172.306775,172.332925,172.405725,172.491075,172.500525,172.5528,172.7086,172.76595,172.861375,172.960325,172.976075,173.042575,173.11555,173.13175,173.29765,173.33155,173.347925,173.3649,173.403275,173.48035,173.538725,173.674675,174.197425,174.25955,174.34865,174.457275,174.7064,174.773725,174.814725,174.87825,174.99895,175.101475,175.131225,175.38965,175.408575,175.6309,175.73315,176.1945,176.43565,176.60095,176.683725,176.7188,176.81385,176.836775,176.88765,176.984575,177.1103,177.179175,177.278075,177.61005,177.67865,177.9468,178.220925,178.4863,178.5047,178.55075,178.62025,178.762725,178.775875,178.843025,178.913775,178.98465,179.232375,179.488175,179.634625,179.7847,180.07115,180.198075,180.20265,180.62545,180.741025,181.35425,0,0,0,0,0,0,0,0,0,0,0,0,0,0,0,0,0,0,0,0,0,0,0,0,0,0,0,0,0,0,0,0,0,0,0,0,0,0,0,0,0,0,0,0,0,0,0,0,0,0,0,0,0,0,0,0,0,0,0,0,0,0,0,0,0,0,0,0,0,0,0,0,0,0,0,0,0,0,0,0,0,0,0,0,0,0,0,0,0,0,0,0,0,0,0,0,0,0,0,0,0,0,0,0,0,0,0,0,0,0,0,0,0,0,0,0,0,0,0,0,0,0,0,0,0,0,0,0,0,0,0,0,0,0,0,0,0,0,0,0,0,0,0,0,0,0,0,0,0,0,0,0,0,0,0,0,0,0,0,0,0,0,0,0,0,0,0,0,0,0,0,0,0,0,0,0,0,0,0,0,0,0,0,0,0,0,0,0,0,0,0,0,0,0,0,0,0,0,0,0,0,0,0,0,0,0,0,0,0,0,0,0,0,0,0,0,0,0,0,0,0,0,0,0,0,0,0,0,0,0,0,0,0,0,0,0,0,0,0,0,0,0,0,0,0,0,0,0,0,0,0,0,0,0,0,0,0,0,0,0,0,0,0,0,0,0,0,0,0,0,0,0,0,0,0,0,0,0,0,0,0,0,0,0,0,0,0,0,0,0,0,0,0,0,0,0,0,0,0,0,0,0,0,0,0,0,0,0,0,0,0,0,0,0,0,0,0,0
"81",169.652725,169.930975,170.05915,170.1076,170.15435,170.18755,170.202275,170.318075,170.33945,170.52335,170.55195,170.57755,170.60105,170.605625,170.629325,170.67635,170.853425,170.95775,171.005,171.067625,171.07725,171.079075,171.1222,171.25135,171.431575,171.523175,171.534625,171.5599,171.576525,171.6208,171.68415,171.74285,171.7916,171.842525,172.2642,172.27725,172.288075,172.58925,172.598275,172.63515,172.71735,172.83945,172.890275,172.92365,172.940375,172.981675,172.986475,173.341475,173.36035,173.382075,173.49035,173.52665,173.757625,173.781325,173.873875,173.919325,174.05235,174.06705,174.103325,174.2712,174.328,174.3414,174.3613,174.394975,174.4143,174.5673,174.5875,174.6076,174.761075,174.990025,175.0773,175.239075,175.454725,175.5158,175.620575,175.6773,175.8135,175.95235,175.99905,175.99995,176.110375,176.154925,176.20255,176.300575,176.3429,176.3773,176.386675,176.511325,176.710825,176.737975,176.8058,176.81305,177.03865,177.091325,177.1601,177.293125,177.325525,177.444175,177.467175,177.501375,177.52375,177.577325,177.69245,177.866,177.899425,177.9757,177.98125,178.126025,178.50655,178.898175,178.982,179.1146,179.157,179.196875,179.239175,179.260825,179.309575,179.31115,179.39525,179.447975,179.601,179.67955,179.785525,179.839675,179.87575,180.8156,181.0764,181.189475,182.022475,182.336775,182.40385,0,0,0,0,0,0,0,0,0,0,0,0,0,0,0,0,0,0,0,0,0,0,0,0,0,0,0,0,0,0,0,0,0,0,0,0,0,0,0,0,0,0,0,0,0,0,0,0,0,0,0,0,0,0,0,0,0,0,0,0,0,0,0,0,0,0,0,0,0,0,0,0,0,0,0,0,0,0,0,0,0,0,0,0,0,0,0,0,0,0,0,0,0,0,0,0,0,0,0,0,0,0,0,0,0,0,0,0,0,0,0,0,0,0,0,0,0,0,0,0,0,0,0,0,0,0,0,0,0,0,0,0,0,0,0,0,0,0,0,0,0,0,0,0,0,0,0,0,0,0,0,0,0,0,0,0,0,0,0,0,0,0,0,0,0,0,0,0,0,0,0,0,0,0,0,0,0,0,0,0,0,0,0,0,0,0,0,0,0,0,0,0,0,0,0,0,0,0,0,0,0,0,0,0,0,0,0,0,0,0,0,0,0,0,0,0,0,0,0,0,0,0,0,0,0,0,0,0,0,0,0,0,0,0,0,0,0,0,0,0,0,0,0,0,0,0,0,0,0,0,0,0,0,0,0,0,0,0,0,0,0,0,0,0,0,0,0,0,0,0,0,0,0,0,0,0,0,0,0,0,0,0,0,0,0,0,0,0,0,0,0
"82",170.184125,170.293525,170.3316,170.431775,170.5696,171.1168,171.215975,171.440575,171.485075,171.635375,171.6558,172.855825,174.72925,175.044025,176.165425,176.214325,176.257,176.6534,177.1751,177.33,177.40205,177.85485,177.899,177.9281,179.3622,179.87215,0,0,0,0,0,0,0,0,0,0,0,0,0,0,0,0,0,0,0,0,0,0,0,0,0,0,0,0,0,0,0,0,0,0,0,0,0,0,0,0,0,0,0,0,0,0,0,0,0,0,0,0,0,0,0,0,0,0,0,0,0,0,0,0,0,0,0,0,0,0,0,0,0,0,0,0,0,0,0,0,0,0,0,0,0,0,0,0,0,0,0,0,0,0,0,0,0,0,0,0,0,0,0,0,0,0,0,0,0,0,0,0,0,0,0,0,0,0,0,0,0,0,0,0,0,0,0,0,0,0,0,0,0,0,0,0,0,0,0,0,0,0,0,0,0,0,0,0,0,0,0,0,0,0,0,0,0,0,0,0,0,0,0,0,0,0,0,0,0,0,0,0,0,0,0,0,0,0,0,0,0,0,0,0,0,0,0,0,0,0,0,0,0,0,0,0,0,0,0,0,0,0,0,0,0,0,0,0,0,0,0,0,0,0,0,0,0,0,0,0,0,0,0,0,0,0,0,0,0,0,0,0,0,0,0,0,0,0,0,0,0,0,0,0,0,0,0,0,0,0,0,0,0,0,0,0,0,0,0,0,0,0,0,0,0,0,0,0,0,0,0,0,0,0,0,0,0,0,0,0,0,0,0,0,0,0,0,0,0,0,0,0,0,0,0,0,0,0,0,0,0,0,0,0,0,0,0,0,0,0,0,0,0,0,0,0,0,0,0,0,0,0,0,0,0,0,0,0,0,0,0,0,0,0,0,0,0,0,0,0,0,0,0,0,0,0,0,0,0,0,0,0,0,0,0,0,0,0,0,0,0,0,0,0,0,0,0,0,0,0,0,0,0,0,0,0,0,0,0,0,0,0,0,0,0,0,0,0,0,0,0,0,0,0,0,0
"83",173.91175,174.1488,174.2095,175.959825,177.735775,179.38115,181.65635,0,0,0,0,0,0,0,0,0,0,0,0,0,0,0,0,0,0,0,0,0,0,0,0,0,0,0,0,0,0,0,0,0,0,0,0,0,0,0,0,0,0,0,0,0,0,0,0,0,0,0,0,0,0,0,0,0,0,0,0,0,0,0,0,0,0,0,0,0,0,0,0,0,0,0,0,0,0,0,0,0,0,0,0,0,0,0,0,0,0,0,0,0,0,0,0,0,0,0,0,0,0,0,0,0,0,0,0,0,0,0,0,0,0,0,0,0,0,0,0,0,0,0,0,0,0,0,0,0,0,0,0,0,0,0,0,0,0,0,0,0,0,0,0,0,0,0,0,0,0,0,0,0,0,0,0,0,0,0,0,0,0,0,0,0,0,0,0,0,0,0,0,0,0,0,0,0,0,0,0,0,0,0,0,0,0,0,0,0,0,0,0,0,0,0,0,0,0,0,0,0,0,0,0,0,0,0,0,0,0,0,0,0,0,0,0,0,0,0,0,0,0,0,0,0,0,0,0,0,0,0,0,0,0,0,0,0,0,0,0,0,0,0,0,0,0,0,0,0,0,0,0,0,0,0,0,0,0,0,0,0,0,0,0,0,0,0,0,0,0,0,0,0,0,0,0,0,0,0,0,0,0,0,0,0,0,0,0,0,0,0,0,0,0,0,0,0,0,0,0,0,0,0,0,0,0,0,0,0,0,0,0,0,0,0,0,0,0,0,0,0,0,0,0,0,0,0,0,0,0,0,0,0,0,0,0,0,0,0,0,0,0,0,0,0,0,0,0,0,0,0,0,0,0,0,0,0,0,0,0,0,0,0,0,0,0,0,0,0,0,0,0,0,0,0,0,0,0,0,0,0,0,0,0,0,0,0,0,0,0,0,0,0,0,0,0,0,0,0,0,0,0,0,0,0,0,0,0,0,0,0,0,0,0,0
"84",169.85755,169.92075,170.034925,170.07385,170.108475,170.127375,170.203675,170.27605,170.306525,170.394125,170.4305,170.512675,170.566025,170.6022,170.620375,170.663625,170.984675,171.346625,171.4286,171.471325,171.489725,171.496,171.506075,171.5382,171.551075,171.59145,171.6079,171.62975,171.648225,171.680175,171.71645,171.770275,171.818175,172.134275,172.319525,172.326875,172.3755,172.679675,172.712925,172.7738,172.8107,172.859075,172.8838,172.912925,172.9695,173.019425,173.02495,173.421925,173.564625,173.5867,173.6289,173.690225,174.31455,174.332275,174.41835,175.064625,175.118275,176.061225,176.0946,176.13235,176.17605,176.256,176.28435,176.3745,177.251275,177.536075,177.60175,177.635675,177.67145,177.699275,177.731775,177.76715,177.7809,177.80805,177.828825,177.848125,177.86715,177.8839,177.926325,177.9379,178.042425,178.0557,178.105925,178.12675,178.147675,179.214475,179.259425,179.345975,179.37525,179.408125,179.427775,179.44855,179.4746,179.4896,179.537625,179.558125,179.57735,179.6686,179.695775,179.71165,179.7732,179.824625,179.8694,179.889575,179.934875,180.04755,180.791075,180.90485,181.15155,181.211625,181.46875,181.49805,181.569,181.597375,181.638225,181.671225,181.70345,181.722,181.8293,181.852,181.868925,181.91955,181.9606,181.971275,181.987275,182.0102,182.040625,182.05835,182.090875,182.115425,182.141925,182.167925,182.188575,182.216475,182.2655,182.28365,182.31185,182.338125,182.36245,182.42505,182.552775,182.580025,182.71955,182.8239,183.560425,183.732275,183.860675,183.94625,183.989975,184.05095,184.09405,184.1352,184.170625,184.222175,184.34585,184.43905,184.499375,184.567975,184.72245,184.806725,184.856325,184.97765,185.023425,185.12295,185.17405,185.277175,185.35965,185.511925,185.602875,185.69825,0,0,0,0,0,0,0,0,0,0,0,0,0,0,0,0,0,0,0,0,0,0,0,0,0,0,0,0,0,0,0,0,0,0,0,0,0,0,0,0,0,0,0,0,0,0,0,0,0,0,0,0,0,0,0,0,0,0,0,0,0,0,0,0,0,0,0,0,0,0,0,0,0,0,0,0,0,0,0,0,0,0,0,0,0,0,0,0,0,0,0,0,0,0,0,0,0,0,0,0,0,0,0,0,0,0,0,0,0,0,0,0,0,0,0,0,0,0,0,0,0,0,0,0,0,0,0,0,0,0,0,0,0,0,0,0,0,0,0,0,0,0,0,0,0,0,0,0,0,0,0,0,0,0,0,0,0,0,0,0,0,0,0,0,0,0,0,0,0,0,0,0,0,0,0,0,0,0,0,0,0,0,0,0,0,0,0,0,0,0,0,0,0,0,0,0,0,0,0,0,0,0,0,0,0,0,0,0,0,0,0,0,0,0,0,0,0,0,0,0,0,0,0,0,0,0,0,0,0,0,0,0,0,0,0,0,0,0,0,0,0,0,0,0,0,0,0,0,0,0,0,0
"85",170.075075,170.92295,170.958575,170.979675,170.988025,170.9948,171.966525,171.978325,172.1587,172.201025,172.216675,172.269875,172.848175,173.3768,173.525525,174.97815,175.751575,176.545825,176.5612,176.6165,176.626075,176.799575,176.807775,176.940325,178.5434,178.76085,178.86655,179.661625,0,0,0,0,0,0,0,0,0,0,0,0,0,0,0,0,0,0,0,0,0,0,0,0,0,0,0,0,0,0,0,0,0,0,0,0,0,0,0,0,0,0,0,0,0,0,0,0,0,0,0,0,0,0,0,0,0,0,0,0,0,0,0,0,0,0,0,0,0,0,0,0,0,0,0,0,0,0,0,0,0,0,0,0,0,0,0,0,0,0,0,0,0,0,0,0,0,0,0,0,0,0,0,0,0,0,0,0,0,0,0,0,0,0,0,0,0,0,0,0,0,0,0,0,0,0,0,0,0,0,0,0,0,0,0,0,0,0,0,0,0,0,0,0,0,0,0,0,0,0,0,0,0,0,0,0,0,0,0,0,0,0,0,0,0,0,0,0,0,0,0,0,0,0,0,0,0,0,0,0,0,0,0,0,0,0,0,0,0,0,0,0,0,0,0,0,0,0,0,0,0,0,0,0,0,0,0,0,0,0,0,0,0,0,0,0,0,0,0,0,0,0,0,0,0,0,0,0,0,0,0,0,0,0,0,0,0,0,0,0,0,0,0,0,0,0,0,0,0,0,0,0,0,0,0,0,0,0,0,0,0,0,0,0,0,0,0,0,0,0,0,0,0,0,0,0,0,0,0,0,0,0,0,0,0,0,0,0,0,0,0,0,0,0,0,0,0,0,0,0,0,0,0,0,0,0,0,0,0,0,0,0,0,0,0,0,0,0,0,0,0,0,0,0,0,0,0,0,0,0,0,0,0,0,0,0,0,0,0,0,0,0,0,0,0,0,0,0,0,0,0,0,0,0,0,0,0,0,0,0,0,0,0,0,0,0,0,0,0,0,0,0,0,0,0,0,0,0,0,0,0,0,0,0,0,0,0,0,0,0,0,0,0,0
"86",170.045475,170.1011,170.1449,170.239525,171.542175,171.578375,171.590975,172.91975,173.62145,175.96435,176.28585,177.844475,177.877925,178.093525,179.454225,179.49125,179.688125,181.76915,181.947625,182.3238,182.5047,0,0,0,0,0,0,0,0,0,0,0,0,0,0,0,0,0,0,0,0,0,0,0,0,0,0,0,0,0,0,0,0,0,0,0,0,0,0,0,0,0,0,0,0,0,0,0,0,0,0,0,0,0,0,0,0,0,0,0,0,0,0,0,0,0,0,0,0,0,0,0,0,0,0,0,0,0,0,0,0,0,0,0,0,0,0,0,0,0,0,0,0,0,0,0,0,0,0,0,0,0,0,0,0,0,0,0,0,0,0,0,0,0,0,0,0,0,0,0,0,0,0,0,0,0,0,0,0,0,0,0,0,0,0,0,0,0,0,0,0,0,0,0,0,0,0,0,0,0,0,0,0,0,0,0,0,0,0,0,0,0,0,0,0,0,0,0,0,0,0,0,0,0,0,0,0,0,0,0,0,0,0,0,0,0,0,0,0,0,0,0,0,0,0,0,0,0,0,0,0,0,0,0,0,0,0,0,0,0,0,0,0,0,0,0,0,0,0,0,0,0,0,0,0,0,0,0,0,0,0,0,0,0,0,0,0,0,0,0,0,0,0,0,0,0,0,0,0,0,0,0,0,0,0,0,0,0,0,0,0,0,0,0,0,0,0,0,0,0,0,0,0,0,0,0,0,0,0,0,0,0,0,0,0,0,0,0,0,0,0,0,0,0,0,0,0,0,0,0,0,0,0,0,0,0,0,0,0,0,0,0,0,0,0,0,0,0,0,0,0,0,0,0,0,0,0,0,0,0,0,0,0,0,0,0,0,0,0,0,0,0,0,0,0,0,0,0,0,0,0,0,0,0,0,0,0,0,0,0,0,0,0,0,0,0,0,0,0,0,0,0,0,0,0,0,0,0,0,0,0,0,0,0,0,0,0,0,0,0,0,0,0,0,0,0,0,0,0,0,0,0
"87",170.536075,170.586325,170.65725,171.55905,171.5949,171.6622,172.946875,172.98485,176.26805,176.323525,176.399925,176.438975,177.786,177.93145,179.57355,179.6436,179.76425,179.9046,0,0,0,0,0,0,0,0,0,0,0,0,0,0,0,0,0,0,0,0,0,0,0,0,0,0,0,0,0,0,0,0,0,0,0,0,0,0,0,0,0,0,0,0,0,0,0,0,0,0,0,0,0,0,0,0,0,0,0,0,0,0,0,0,0,0,0,0,0,0,0,0,0,0,0,0,0,0,0,0,0,0,0,0,0,0,0,0,0,0,0,0,0,0,0,0,0,0,0,0,0,0,0,0,0,0,0,0,0,0,0,0,0,0,0,0,0,0,0,0,0,0,0,0,0,0,0,0,0,0,0,0,0,0,0,0,0,0,0,0,0,0,0,0,0,0,0,0,0,0,0,0,0,0,0,0,0,0,0,0,0,0,0,0,0,0,0,0,0,0,0,0,0,0,0,0,0,0,0,0,0,0,0,0,0,0,0,0,0,0,0,0,0,0,0,0,0,0,0,0,0,0,0,0,0,0,0,0,0,0,0,0,0,0,0,0,0,0,0,0,0,0,0,0,0,0,0,0,0,0,0,0,0,0,0,0,0,0,0,0,0,0,0,0,0,0,0,0,0,0,0,0,0,0,0,0,0,0,0,0,0,0,0,0,0,0,0,0,0,0,0,0,0,0,0,0,0,0,0,0,0,0,0,0,0,0,0,0,0,0,0,0,0,0,0,0,0,0,0,0,0,0,0,0,0,0,0,0,0,0,0,0,0,0,0,0,0,0,0,0,0,0,0,0,0,0,0,0,0,0,0,0,0,0,0,0,0,0,0,0,0,0,0,0,0,0,0,0,0,0,0,0,0,0,0,0,0,0,0,0,0,0,0,0,0,0,0,0,0,0,0,0,0,0,0,0,0,0,0,0,0,0,0,0,0,0,0,0,0,0,0,0,0,0,0,0,0,0,0,0,0,0,0,0
"88",169.978675,170.5745,170.755925,171.475775,171.518175,171.62115,171.70885,171.94475,172.0421,172.051725,172.11425,172.2245,172.38075,172.42455,172.824225,173.3783,173.457425,173.515825,173.548975,173.573975,174.0011,174.1713,174.38715,174.421025,174.58425,176.1379,176.1805,176.37695,176.431675,177.9737,178.6083,179.39885,182.246975,0,0,0,0,0,0,0,0,0,0,0,0,0,0,0,0,0,0,0,0,0,0,0,0,0,0,0,0,0,0,0,0,0,0,0,0,0,0,0,0,0,0,0,0,0,0,0,0,0,0,0,0,0,0,0,0,0,0,0,0,0,0,0,0,0,0,0,0,0,0,0,0,0,0,0,0,0,0,0,0,0,0,0,0,0,0,0,0,0,0,0,0,0,0,0,0,0,0,0,0,0,0,0,0,0,0,0,0,0,0,0,0,0,0,0,0,0,0,0,0,0,0,0,0,0,0,0,0,0,0,0,0,0,0,0,0,0,0,0,0,0,0,0,0,0,0,0,0,0,0,0,0,0,0,0,0,0,0,0,0,0,0,0,0,0,0,0,0,0,0,0,0,0,0,0,0,0,0,0,0,0,0,0,0,0,0,0,0,0,0,0,0,0,0,0,0,0,0,0,0,0,0,0,0,0,0,0,0,0,0,0,0,0,0,0,0,0,0,0,0,0,0,0,0,0,0,0,0,0,0,0,0,0,0,0,0,0,0,0,0,0,0,0,0,0,0,0,0,0,0,0,0,0,0,0,0,0,0,0,0,0,0,0,0,0,0,0,0,0,0,0,0,0,0,0,0,0,0,0,0,0,0,0,0,0,0,0,0,0,0,0,0,0,0,0,0,0,0,0,0,0,0,0,0,0,0,0,0,0,0,0,0,0,0,0,0,0,0,0,0,0,0,0,0,0,0,0,0,0,0,0,0,0,0,0,0,0,0,0,0,0,0,0,0,0,0,0,0,0,0,0,0,0,0,0,0,0,0,0,0,0,0,0,0,0,0,0,0,0,0,0,0,0,0,0,0,0,0,0,0,0,0,0,0,0,0,0,0,0
"89",160.3425,161.08605,161.585575,162.289925,163.374525,163.77085,164.0084,164.199625,164.88485,165.207575,165.405975,165.633575,165.834025,166.402475,167.253975,168.269925,168.4692,169.25005,169.473325,169.6781,170.194225,170.6053,170.741575,171.4677,171.511575,171.5654,172.8125,172.832325,172.85765,172.87155,174.2873,174.316875,175.1938,176.215775,176.281225,176.5323,177.754,177.7921,177.856875,177.872625,179.43835,179.458875,179.51485,179.699,179.70965,181.4995,181.5084,181.677575,181.7489,181.917,182.315675,182.434425,183.42385,183.6803,183.818375,183.9566,186.0669,186.8259,187.4302,187.730025,188.885,191.8666,193.26865,0,0,0,0,0,0,0,0,0,0,0,0,0,0,0,0,0,0,0,0,0,0,0,0,0,0,0,0,0,0,0,0,0,0,0,0,0,0,0,0,0,0,0,0,0,0,0,0,0,0,0,0,0,0,0,0,0,0,0,0,0,0,0,0,0,0,0,0,0,0,0,0,0,0,0,0,0,0,0,0,0,0,0,0,0,0,0,0,0,0,0,0,0,0,0,0,0,0,0,0,0,0,0,0,0,0,0,0,0,0,0,0,0,0,0,0,0,0,0,0,0,0,0,0,0,0,0,0,0,0,0,0,0,0,0,0,0,0,0,0,0,0,0,0,0,0,0,0,0,0,0,0,0,0,0,0,0,0,0,0,0,0,0,0,0,0,0,0,0,0,0,0,0,0,0,0,0,0,0,0,0,0,0,0,0,0,0,0,0,0,0,0,0,0,0,0,0,0,0,0,0,0,0,0,0,0,0,0,0,0,0,0,0,0,0,0,0,0,0,0,0,0,0,0,0,0,0,0,0,0,0,0,0,0,0,0,0,0,0,0,0,0,0,0,0,0,0,0,0,0,0,0,0,0,0,0,0,0,0,0,0,0,0,0,0,0,0,0,0,0,0,0,0,0,0,0,0,0,0,0,0,0,0,0,0,0,0,0,0,0,0,0,0,0,0,0,0,0,0,0,0,0,0,0,0,0,0,0,0,0,0,0,0,0,0,0,0,0,0,0,0,0,0,0,0,0,0,0,0,0,0,0,0,0,0,0,0,0,0,0,0,0,0,0,0,0,0,0,0,0,0,0,0,0,0,0,0,0,0
"90",170.470025,170.528225,170.578975,171.070475,171.137675,171.19205,171.32255,171.354,171.59595,171.649625,171.6816,172.15095,172.253025,172.42105,172.44935,172.581225,172.6819,172.74795,172.7996,172.891925,173.044275,173.227725,173.388475,174.6607,174.7801,174.8822,174.921425,176.3599,176.3976,178.025425,178.073125,178.1207,178.249325,178.41995,178.65755,179.857225,179.899425,179.94325,180.0609,180.1119,180.339725,180.37455,180.534425,180.6554,180.706975,180.8402,182.29335,182.343175,182.406925,182.5177,182.550725,182.6573,182.6938,182.745675,182.81805,182.85725,182.90125,182.9281,183.0248,183.0777,0,0,0,0,0,0,0,0,0,0,0,0,0,0,0,0,0,0,0,0,0,0,0,0,0,0,0,0,0,0,0,0,0,0,0,0,0,0,0,0,0,0,0,0,0,0,0,0,0,0,0,0,0,0,0,0,0,0,0,0,0,0,0,0,0,0,0,0,0,0,0,0,0,0,0,0,0,0,0,0,0,0,0,0,0,0,0,0,0,0,0,0,0,0,0,0,0,0,0,0,0,0,0,0,0,0,0,0,0,0,0,0,0,0,0,0,0,0,0,0,0,0,0,0,0,0,0,0,0,0,0,0,0,0,0,0,0,0,0,0,0,0,0,0,0,0,0,0,0,0,0,0,0,0,0,0,0,0,0,0,0,0,0,0,0,0,0,0,0,0,0,0,0,0,0,0,0,0,0,0,0,0,0,0,0,0,0,0,0,0,0,0,0,0,0,0,0,0,0,0,0,0,0,0,0,0,0,0,0,0,0,0,0,0,0,0,0,0,0,0,0,0,0,0,0,0,0,0,0,0,0,0,0,0,0,0,0,0,0,0,0,0,0,0,0,0,0,0,0,0,0,0,0,0,0,0,0,0,0,0,0,0,0,0,0,0,0,0,0,0,0,0,0,0,0,0,0,0,0,0,0,0,0,0,0,0,0,0,0,0,0,0,0,0,0,0,0,0,0,0,0,0,0,0,0,0,0,0,0,0,0,0,0,0,0,0,0,0,0,0,0,0,0,0,0,0,0,0,0,0,0,0,0,0,0,0,0,0,0,0,0,0,0,0,0,0,0,0,0,0,0,0,0,0,0,0,0,0,0,0,0,0
"91",170.500225,171.165125,171.249675,171.319825,171.493825,171.544,172.1769,172.416925,172.608,172.646325,172.6957,172.73115,172.80815,172.894275,173.187075,173.731425,173.891975,173.952225,174.24175,174.306025,174.456475,174.7419,174.9856,175.0952,175.656025,175.814925,176.00275,176.185975,176.69095,177.0723,177.1676,177.217575,177.377075,177.500425,177.686925,177.858625,177.97155,178.2115,178.321675,178.5241,178.60955,178.717025,178.805,179.024875,179.163125,179.2542,179.383025,179.63865,179.7022,180.025425,180.1127,180.22415,180.346225,180.5086,180.66255,180.903175,181.03615,181.11115,181.19455,181.28955,181.437375,181.7044,181.83095,182.071275,182.161425,182.408,182.529725,182.6076,182.947775,183.1533,183.2836,183.437325,183.58765,183.84575,0,0,0,0,0,0,0,0,0,0,0,0,0,0,0,0,0,0,0,0,0,0,0,0,0,0,0,0,0,0,0,0,0,0,0,0,0,0,0,0,0,0,0,0,0,0,0,0,0,0,0,0,0,0,0,0,0,0,0,0,0,0,0,0,0,0,0,0,0,0,0,0,0,0,0,0,0,0,0,0,0,0,0,0,0,0,0,0,0,0,0,0,0,0,0,0,0,0,0,0,0,0,0,0,0,0,0,0,0,0,0,0,0,0,0,0,0,0,0,0,0,0,0,0,0,0,0,0,0,0,0,0,0,0,0,0,0,0,0,0,0,0,0,0,0,0,0,0,0,0,0,0,0,0,0,0,0,0,0,0,0,0,0,0,0,0,0,0,0,0,0,0,0,0,0,0,0,0,0,0,0,0,0,0,0,0,0,0,0,0,0,0,0,0,0,0,0,0,0,0,0,0,0,0,0,0,0,0,0,0,0,0,0,0,0,0,0,0,0,0,0,0,0,0,0,0,0,0,0,0,0,0,0,0,0,0,0,0,0,0,0,0,0,0,0,0,0,0,0,0,0,0,0,0,0,0,0,0,0,0,0,0,0,0,0,0,0,0,0,0,0,0,0,0,0,0,0,0,0,0,0,0,0,0,0,0,0,0,0,0,0,0,0,0,0,0,0,0,0,0,0,0,0,0,0,0,0,0,0,0,0,0,0,0,0,0,0,0,0,0,0,0,0,0,0,0,0,0,0,0,0,0,0,0,0,0,0,0,0,0,0,0,0,0,0,0,0,0
"92",170.275175,172.07055,172.081775,172.179075,173.4441,173.46575,173.598,174.647,174.68465,176.690175,176.701175,176.73705,0,0,0,0,0,0,0,0,0,0,0,0,0,0,0,0,0,0,0,0,0,0,0,0,0,0,0,0,0,0,0,0,0,0,0,0,0,0,0,0,0,0,0,0,0,0,0,0,0,0,0,0,0,0,0,0,0,0,0,0,0,0,0,0,0,0,0,0,0,0,0,0,0,0,0,0,0,0,0,0,0,0,0,0,0,0,0,0,0,0,0,0,0,0,0,0,0,0,0,0,0,0,0,0,0,0,0,0,0,0,0,0,0,0,0,0,0,0,0,0,0,0,0,0,0,0,0,0,0,0,0,0,0,0,0,0,0,0,0,0,0,0,0,0,0,0,0,0,0,0,0,0,0,0,0,0,0,0,0,0,0,0,0,0,0,0,0,0,0,0,0,0,0,0,0,0,0,0,0,0,0,0,0,0,0,0,0,0,0,0,0,0,0,0,0,0,0,0,0,0,0,0,0,0,0,0,0,0,0,0,0,0,0,0,0,0,0,0,0,0,0,0,0,0,0,0,0,0,0,0,0,0,0,0,0,0,0,0,0,0,0,0,0,0,0,0,0,0,0,0,0,0,0,0,0,0,0,0,0,0,0,0,0,0,0,0,0,0,0,0,0,0,0,0,0,0,0,0,0,0,0,0,0,0,0,0,0,0,0,0,0,0,0,0,0,0,0,0,0,0,0,0,0,0,0,0,0,0,0,0,0,0,0,0,0,0,0,0,0,0,0,0,0,0,0,0,0,0,0,0,0,0,0,0,0,0,0,0,0,0,0,0,0,0,0,0,0,0,0,0,0,0,0,0,0,0,0,0,0,0,0,0,0,0,0,0,0,0,0,0,0,0,0,0,0,0,0,0,0,0,0,0,0,0,0,0,0,0,0,0,0,0,0,0,0,0,0,0,0,0,0,0,0,0,0,0,0,0,0,0
"93",169.989625,170.25375,170.313925,170.603425,170.943,171.2029,171.32845,171.351175,171.399275,171.73025,171.772525,171.804375,171.919025,171.9868,172.0191,172.063375,172.087875,172.106625,172.107775,172.1223,172.12935,172.146675,172.15315,172.177075,172.2219,172.2777,172.398675,172.433175,172.530275,172.5707,172.883725,172.9055,172.94595,172.984625,172.9919,173.0146,173.024125,173.055475,173.12325,173.1442,173.1654,173.18955,173.20075,173.235575,173.24425,173.245875,173.252775,173.262475,173.288975,173.316675,173.329725,173.347925,173.36565,173.3766,173.383525,173.409675,173.445475,173.450925,173.483925,173.491775,173.510425,173.5202,173.547525,173.56265,173.5787,173.60835,173.776475,173.803525,173.878925,173.90675,173.95655,174.0259,174.29905,174.39505,174.44265,174.451875,174.4856,174.49585,174.5099,174.5203,174.5337,174.545825,174.562775,174.58415,174.596525,174.60635,174.659275,174.6739,174.687025,174.69355,174.700175,174.7172,174.7439,174.758225,174.79125,174.8122,174.83515,174.8555,174.863425,174.88115,174.897525,174.921575,174.958775,174.97335,174.98485,174.994425,175.007925,175.051575,175.066875,175.092275,175.113875,175.128925,175.164625,175.534075,175.54155,175.55545,175.584375,175.62765,175.6391,175.653825,175.709425,175.722525,175.733,175.753475,175.7615,175.777625,175.806075,175.827675,175.86705,176.1631,176.186025,176.207525,176.301275,176.30345,176.31505,176.361325,176.4506,176.495375,176.50315,176.511425,176.54025,176.552575,176.584475,176.601525,176.657275,176.679525,176.70275,176.712075,176.718525,176.732625,176.754775,176.761125,176.774525,176.796925,176.8159,176.833975,176.84,176.867225,176.902,176.914425,176.970925,176.992575,177.018325,177.033575,177.0577,177.08835,177.7768,177.973175,178.1644,178.3183,178.3863,178.40285,178.4446,178.451825,178.480125,178.5325,178.54435,178.558,178.577225,178.625075,178.631875,178.665825,178.92835,179.184475,179.44465,179.642825,180.34195,180.352975,180.36585,180.401525,180.409775,180.423575,180.457775,180.49885,180.5173,180.561775,180.568825,180.599575,180.616625,180.663625,180.6924,180.7007,180.73335,180.75025,180.7774,180.79695,180.82695,180.842725,180.923775,180.951225,180.9695,180.994275,182.6322,182.822575,182.877475,182.892275,182.901675,182.92155,182.946275,182.95825,182.974175,183.00005,183.02095,183.029925,183.049975,183.09435,183.1047,183.125325,183.146625,183.15385,183.1784,183.188175,183.1998,183.235975,183.246075,183.2539,183.261675,183.274625,183.282475,183.290375,183.29725,183.313225,183.328875,183.3711,183.3921,183.3998,183.46375,183.518075,0,0,0,0,0,0,0,0,0,0,0,0,0,0,0,0,0,0,0,0,0,0,0,0,0,0,0,0,0,0,0,0,0,0,0,0,0,0,0,0,0,0,0,0,0,0,0,0,0,0,0,0,0,0,0,0,0,0,0,0,0,0,0,0,0,0,0,0,0,0,0,0,0,0,0,0,0,0,0,0,0,0,0,0,0,0,0,0,0,0,0,0,0,0,0,0,0,0,0,0,0,0,0,0,0,0,0,0,0,0,0,0,0,0,0,0,0,0,0,0,0,0,0,0,0,0,0,0,0,0,0,0,0,0,0,0,0,0,0,0,0,0,0,0,0,0,0,0,0,0,0,0,0,0,0,0,0,0,0,0,0,0,0,0,0,0,0,0,0,0,0,0,0,0
"94",169.5335,169.57545,169.69955,169.924125,170.0256,170.0519,170.124325,170.585625,170.9737,171.060025,171.150625,171.237775,171.350325,171.39595,171.448175,171.479075,171.5182,171.550775,171.633625,171.82675,171.9068,172.1457,172.21145,172.2212,172.265425,172.296475,172.3248,172.34345,172.428925,172.44925,172.46735,172.507525,172.5413,172.5749,172.600675,172.62575,172.651675,172.668475,172.681175,172.691475,172.70815,172.733525,172.75425,172.76725,172.7851,172.815475,172.842275,172.920675,172.9604,173.07455,173.170625,173.1966,173.250475,173.270075,173.3039,173.327825,173.360575,173.456,173.49835,173.537125,173.59865,173.6215,173.641275,173.66225,173.695825,173.714825,173.7395,173.7483,173.777325,173.82325,173.84925,173.868875,173.884375,173.901475,173.937675,173.999225,174.00995,174.03835,174.063375,174.08,174.108425,174.12015,174.14735,174.158325,174.17645,174.191875,174.203275,174.220225,174.24,174.26205,174.279975,174.30245,174.329775,174.3553,174.433175,174.468325,174.49275,174.528925,174.550425,174.591,174.684125,174.761075,174.804525,174.849825,174.8846,174.922475,174.949175,174.980775,175.02245,175.04215,175.061075,175.077475,175.1128,175.139275,175.164925,175.172975,175.186,175.20575,175.216275,175.22855,175.23865,175.245425,175.278325,175.288325,175.304575,175.317625,175.333325,175.350575,175.3618,175.374025,175.384975,175.3971,175.403475,175.4212,175.4307,175.442425,175.454675,175.46135,175.47365,175.489475,175.510925,175.585675,175.634525,175.646675,175.701975,175.7219,175.76615,175.790725,175.823525,175.88935,175.9181,175.9373,175.9579,175.989775,176.00445,176.07565,176.0867,176.1305,176.168325,176.63425,176.6724,176.766625,176.86205,176.874675,176.9531,177.04215,177.066425,177.100275,177.124425,177.143975,177.17195,177.19415,177.232975,177.2506,177.25835,177.268925,177.292225,177.309875,177.32595,177.34405,177.3546,177.3736,177.385575,177.410175,177.428475,177.4569,177.47605,177.50375,177.51315,177.535375,177.5482,177.576325,177.59165,177.61125,177.6218,177.638825,177.656025,177.6854,177.698775,177.716525,177.7497,177.7796,177.793125,177.81925,177.858325,178.126825,178.183575,178.3259,178.5222,178.5724,178.593375,178.67325,178.72995,178.76085,178.785475,178.813775,178.841925,178.858625,178.880075,178.8952,178.9232,178.939875,178.96575,178.979375,178.995775,179.012275,179.0529,179.07315,179.09185,179.109725,179.130025,179.142725,179.162725,179.19025,179.2188,179.239975,179.25545,179.270475,179.28765,179.3055,179.321625,179.359775,179.378325,179.392475,179.4119,179.4312,179.450025,179.471225,179.491575,179.5182,179.53785,179.570175,179.7301,179.787725,179.87665,180.1198,180.24345,180.3773,180.416675,180.526325,180.581675,180.639025,180.68075,180.71095,180.75555,180.8098,180.8725,180.91915,180.99875,181.045725,181.0671,181.09765,181.1234,181.170075,181.203625,181.22685,181.2688,181.298625,181.317325,181.35735,181.37895,181.409425,181.441425,181.466175,181.478975,181.499575,181.537775,181.553225,181.57405,181.5983,181.617975,181.630825,181.654675,181.6778,181.69625,181.714225,181.74105,181.7664,181.78525,181.81385,181.8347,181.848175,181.87315,181.909175,181.9422,182.000125,182.03635,182.073125,182.14355,182.20285,182.2508,182.4058,182.581475,183.389375,183.540925,183.633425,183.7334,183.833075,183.906375,183.9994,184.10455,184.307325,184.4642,184.59165,185.4334,0,0,0,0,0,0,0,0,0,0,0,0,0,0,0,0,0,0,0,0,0,0,0,0,0,0,0,0,0,0,0,0,0,0,0,0,0,0,0,0,0,0,0,0,0,0,0,0,0,0,0,0,0,0,0,0,0,0,0,0,0,0,0,0,0,0,0,0,0,0,0,0,0,0,0,0,0,0,0,0,0,0,0,0,0,0,0,0,0,0,0,0,0,0,0,0,0
"95",169.650275,171.910325,173.05685,0,0,0,0,0,0,0,0,0,0,0,0,0,0,0,0,0,0,0,0,0,0,0,0,0,0,0,0,0,0,0,0,0,0,0,0,0,0,0,0,0,0,0,0,0,0,0,0,0,0,0,0,0,0,0,0,0,0,0,0,0,0,0,0,0,0,0,0,0,0,0,0,0,0,0,0,0,0,0,0,0,0,0,0,0,0,0,0,0,0,0,0,0,0,0,0,0,0,0,0,0,0,0,0,0,0,0,0,0,0,0,0,0,0,0,0,0,0,0,0,0,0,0,0,0,0,0,0,0,0,0,0,0,0,0,0,0,0,0,0,0,0,0,0,0,0,0,0,0,0,0,0,0,0,0,0,0,0,0,0,0,0,0,0,0,0,0,0,0,0,0,0,0,0,0,0,0,0,0,0,0,0,0,0,0,0,0,0,0,0,0,0,0,0,0,0,0,0,0,0,0,0,0,0,0,0,0,0,0,0,0,0,0,0,0,0,0,0,0,0,0,0,0,0,0,0,0,0,0,0,0,0,0,0,0,0,0,0,0,0,0,0,0,0,0,0,0,0,0,0,0,0,0,0,0,0,0,0,0,0,0,0,0,0,0,0,0,0,0,0,0,0,0,0,0,0,0,0,0,0,0,0,0,0,0,0,0,0,0,0,0,0,0,0,0,0,0,0,0,0,0,0,0,0,0,0,0,0,0,0,0,0,0,0,0,0,0,0,0,0,0,0,0,0,0,0,0,0,0,0,0,0,0,0,0,0,0,0,0,0,0,0,0,0,0,0,0,0,0,0,0,0,0,0,0,0,0,0,0,0,0,0,0,0,0,0,0,0,0,0,0,0,0,0,0,0,0,0,0,0,0,0,0,0,0,0,0,0,0,0,0,0,0,0,0,0,0,0,0,0,0,0,0,0,0,0,0,0,0,0,0,0,0,0,0,0,0,0,0
"96",160.060325,160.17465,160.4767,160.69175,161.240975,161.507625,161.9913,162.1764,162.6721,162.990425,163.1295,163.540375,163.8738,163.982375,164.1663,164.4631,164.72335,164.783125,165.142175,165.29655,165.6219,166.110825,166.546325,166.853025,168.0978,168.192325,168.526175,168.94635,169.1683,169.516575,169.7655,169.892825,169.9938,170.99455,171.45495,173.723575,176.189325,177.4645,177.91245,180.48615,182.97725,183.367275,185.1778,195.207675,0,0,0,0,0,0,0,0,0,0,0,0,0,0,0,0,0,0,0,0,0,0,0,0,0,0,0,0,0,0,0,0,0,0,0,0,0,0,0,0,0,0,0,0,0,0,0,0,0,0,0,0,0,0,0,0,0,0,0,0,0,0,0,0,0,0,0,0,0,0,0,0,0,0,0,0,0,0,0,0,0,0,0,0,0,0,0,0,0,0,0,0,0,0,0,0,0,0,0,0,0,0,0,0,0,0,0,0,0,0,0,0,0,0,0,0,0,0,0,0,0,0,0,0,0,0,0,0,0,0,0,0,0,0,0,0,0,0,0,0,0,0,0,0,0,0,0,0,0,0,0,0,0,0,0,0,0,0,0,0,0,0,0,0,0,0,0,0,0,0,0,0,0,0,0,0,0,0,0,0,0,0,0,0,0,0,0,0,0,0,0,0,0,0,0,0,0,0,0,0,0,0,0,0,0,0,0,0,0,0,0,0,0,0,0,0,0,0,0,0,0,0,0,0,0,0,0,0,0,0,0,0,0,0,0,0,0,0,0,0,0,0,0,0,0,0,0,0,0,0,0,0,0,0,0,0,0,0,0,0,0,0,0,0,0,0,0,0,0,0,0,0,0,0,0,0,0,0,0,0,0,0,0,0,0,0,0,0,0,0,0,0,0,0,0,0,0,0,0,0,0,0,0,0,0,0,0,0,0,0,0,0,0,0,0,0,0,0,0,0,0,0,0,0,0,0,0,0,0,0,0,0,0,0,0,0,0,0,0,0,0,0,0,0,0,0,0,0,0,0,0,0,0,0,0,0,0,0,0,0,0,0,0,0,0,0,0,0,0,0,0,0,0,0,0,0,0,0
"97",172.199975,172.2458,172.29855,173.4522,176.41495,176.99925,177.0807,177.2524,178.4728,178.83305,180.2736,180.35245,180.511875,180.748475,180.884,0,0,0,0,0,0,0,0,0,0,0,0,0,0,0,0,0,0,0,0,0,0,0,0,0,0,0,0,0,0,0,0,0,0,0,0,0,0,0,0,0,0,0,0,0,0,0,0,0,0,0,0,0,0,0,0,0,0,0,0,0,0,0,0,0,0,0,0,0,0,0,0,0,0,0,0,0,0,0,0,0,0,0,0,0,0,0,0,0,0,0,0,0,0,0,0,0,0,0,0,0,0,0,0,0,0,0,0,0,0,0,0,0,0,0,0,0,0,0,0,0,0,0,0,0,0,0,0,0,0,0,0,0,0,0,0,0,0,0,0,0,0,0,0,0,0,0,0,0,0,0,0,0,0,0,0,0,0,0,0,0,0,0,0,0,0,0,0,0,0,0,0,0,0,0,0,0,0,0,0,0,0,0,0,0,0,0,0,0,0,0,0,0,0,0,0,0,0,0,0,0,0,0,0,0,0,0,0,0,0,0,0,0,0,0,0,0,0,0,0,0,0,0,0,0,0,0,0,0,0,0,0,0,0,0,0,0,0,0,0,0,0,0,0,0,0,0,0,0,0,0,0,0,0,0,0,0,0,0,0,0,0,0,0,0,0,0,0,0,0,0,0,0,0,0,0,0,0,0,0,0,0,0,0,0,0,0,0,0,0,0,0,0,0,0,0,0,0,0,0,0,0,0,0,0,0,0,0,0,0,0,0,0,0,0,0,0,0,0,0,0,0,0,0,0,0,0,0,0,0,0,0,0,0,0,0,0,0,0,0,0,0,0,0,0,0,0,0,0,0,0,0,0,0,0,0,0,0,0,0,0,0,0,0,0,0,0,0,0,0,0,0,0,0,0,0,0,0,0,0,0,0,0,0,0,0,0,0,0,0,0,0,0,0,0,0,0,0,0,0,0,0,0,0,0,0,0
"98",170.47315,171.474125,171.65445,172.59915,173.38235,173.527125,174.197825,176.745125,177.002825,177.67595,179.72305,181.365625,181.482825,181.640325,181.706075,181.8536,181.907525,181.984775,182.03215,182.0902,182.1862,183.59355,183.932325,0,0,0,0,0,0,0,0,0,0,0,0,0,0,0,0,0,0,0,0,0,0,0,0,0,0,0,0,0,0,0,0,0,0,0,0,0,0,0,0,0,0,0,0,0,0,0,0,0,0,0,0,0,0,0,0,0,0,0,0,0,0,0,0,0,0,0,0,0,0,0,0,0,0,0,0,0,0,0,0,0,0,0,0,0,0,0,0,0,0,0,0,0,0,0,0,0,0,0,0,0,0,0,0,0,0,0,0,0,0,0,0,0,0,0,0,0,0,0,0,0,0,0,0,0,0,0,0,0,0,0,0,0,0,0,0,0,0,0,0,0,0,0,0,0,0,0,0,0,0,0,0,0,0,0,0,0,0,0,0,0,0,0,0,0,0,0,0,0,0,0,0,0,0,0,0,0,0,0,0,0,0,0,0,0,0,0,0,0,0,0,0,0,0,0,0,0,0,0,0,0,0,0,0,0,0,0,0,0,0,0,0,0,0,0,0,0,0,0,0,0,0,0,0,0,0,0,0,0,0,0,0,0,0,0,0,0,0,0,0,0,0,0,0,0,0,0,0,0,0,0,0,0,0,0,0,0,0,0,0,0,0,0,0,0,0,0,0,0,0,0,0,0,0,0,0,0,0,0,0,0,0,0,0,0,0,0,0,0,0,0,0,0,0,0,0,0,0,0,0,0,0,0,0,0,0,0,0,0,0,0,0,0,0,0,0,0,0,0,0,0,0,0,0,0,0,0,0,0,0,0,0,0,0,0,0,0,0,0,0,0,0,0,0,0,0,0,0,0,0,0,0,0,0,0,0,0,0,0,0,0,0,0,0,0,0,0,0,0,0,0,0,0,0,0,0,0,0,0,0,0,0,0,0,0,0,0,0,0,0,0,0,0,0,0,0,0,0,0
"99",170.28695,170.348775,170.454675,170.50765,171.593225,171.64855,171.999775,172.05575,172.0948,172.11805,172.1654,172.199125,172.22925,172.2379,172.262575,172.283125,173.514725,0,0,0,0,0,0,0,0,0,0,0,0,0,0,0,0,0,0,0,0,0,0,0,0,0,0,0,0,0,0,0,0,0,0,0,0,0,0,0,0,0,0,0,0,0,0,0,0,0,0,0,0,0,0,0,0,0,0,0,0,0,0,0,0,0,0,0,0,0,0,0,0,0,0,0,0,0,0,0,0,0,0,0,0,0,0,0,0,0,0,0,0,0,0,0,0,0,0,0,0,0,0,0,0,0,0,0,0,0,0,0,0,0,0,0,0,0,0,0,0,0,0,0,0,0,0,0,0,0,0,0,0,0,0,0,0,0,0,0,0,0,0,0,0,0,0,0,0,0,0,0,0,0,0,0,0,0,0,0,0,0,0,0,0,0,0,0,0,0,0,0,0,0,0,0,0,0,0,0,0,0,0,0,0,0,0,0,0,0,0,0,0,0,0,0,0,0,0,0,0,0,0,0,0,0,0,0,0,0,0,0,0,0,0,0,0,0,0,0,0,0,0,0,0,0,0,0,0,0,0,0,0,0,0,0,0,0,0,0,0,0,0,0,0,0,0,0,0,0,0,0,0,0,0,0,0,0,0,0,0,0,0,0,0,0,0,0,0,0,0,0,0,0,0,0,0,0,0,0,0,0,0,0,0,0,0,0,0,0,0,0,0,0,0,0,0,0,0,0,0,0,0,0,0,0,0,0,0,0,0,0,0,0,0,0,0,0,0,0,0,0,0,0,0,0,0,0,0,0,0,0,0,0,0,0,0,0,0,0,0,0,0,0,0,0,0,0,0,0,0,0,0,0,0,0,0,0,0,0,0,0,0,0,0,0,0,0,0,0,0,0,0,0,0,0,0,0,0,0,0,0,0,0,0,0,0,0,0,0,0,0,0,0,0,0,0,0,0,0,0,0,0,0,0,0
"100",171.3836,171.436,171.521925,171.5562,171.754125,172.030925,172.236575,172.393175,172.485525,172.58915,172.798325,172.85085,172.9151,172.987225,174.128725,174.227075,174.344625,175.05895,176.103375,176.285675,176.304325,176.83565,176.923025,177.078725,177.183875,177.3234,177.3516,177.478675,177.60595,177.630275,177.72235,177.76525,177.83955,177.8846,178.0494,178.135225,178.4807,178.663325,179.1567,179.213325,179.262825,179.38145,179.422125,179.487975,179.5436,179.574975,179.5999,179.640625,179.673875,179.727875,179.755575,179.79785,179.868975,179.9568,180.238375,180.38675,180.52385,180.61385,181.0058,181.133125,181.198475,181.28755,181.389725,181.429825,181.4686,181.518025,181.620425,181.688475,181.7395,181.78275,181.8286,181.852025,181.89995,181.94485,181.980125,182.015975,182.067,182.1023,182.160575,182.223575,182.307325,182.396825,182.457275,182.510425,182.80155,182.891375,183.260575,183.3745,183.471725,183.543225,183.640625,183.7689,183.8414,183.9389,184.009725,184.0746,184.168825,184.259625,184.4177,184.5715,184.638825,184.7111,184.826275,185.08915,185.2043,185.894325,186.324575,186.552675,188.41075,0,0,0,0,0,0,0,0,0,0,0,0,0,0,0,0,0,0,0,0,0,0,0,0,0,0,0,0,0,0,0,0,0,0,0,0,0,0,0,0,0,0,0,0,0,0,0,0,0,0,0,0,0,0,0,0,0,0,0,0,0,0,0,0,0,0,0,0,0,0,0,0,0,0,0,0,0,0,0,0,0,0,0,0,0,0,0,0,0,0,0,0,0,0,0,0,0,0,0,0,0,0,0,0,0,0,0,0,0,0,0,0,0,0,0,0,0,0,0,0,0,0,0,0,0,0,0,0,0,0,0,0,0,0,0,0,0,0,0,0,0,0,0,0,0,0,0,0,0,0,0,0,0,0,0,0,0,0,0,0,0,0,0,0,0,0,0,0,0,0,0,0,0,0,0,0,0,0,0,0,0,0,0,0,0,0,0,0,0,0,0,0,0,0,0,0,0,0,0,0,0,0,0,0,0,0,0,0,0,0,0,0,0,0,0,0,0,0,0,0,0,0,0,0,0,0,0,0,0,0,0,0,0,0,0,0,0,0,0,0,0,0,0,0,0,0,0,0,0,0,0,0,0,0,0,0,0,0,0,0,0,0,0,0,0,0,0,0,0,0,0,0,0,0,0,0,0,0,0,0,0,0,0,0,0,0,0,0,0,0,0,0,0,0,0,0,0,0,0,0,0,0,0,0,0,0,0,0,0,0,0,0,0
"101",169.760275,169.8622,169.97545,169.980625,170.049925,170.05635,170.111775,170.2115,170.228125,170.245075,170.28845,170.303725,170.3171,170.361325,170.37535,170.3921,170.430425,170.4444,170.62645,170.6455,170.723625,170.774475,170.8059,170.9501,171.589175,171.73945,173.347475,174.21335,174.3083,176.170425,176.29215,176.925175,177.98775,178.05585,179.804775,182.31765,0,0,0,0,0,0,0,0,0,0,0,0,0,0,0,0,0,0,0,0,0,0,0,0,0,0,0,0,0,0,0,0,0,0,0,0,0,0,0,0,0,0,0,0,0,0,0,0,0,0,0,0,0,0,0,0,0,0,0,0,0,0,0,0,0,0,0,0,0,0,0,0,0,0,0,0,0,0,0,0,0,0,0,0,0,0,0,0,0,0,0,0,0,0,0,0,0,0,0,0,0,0,0,0,0,0,0,0,0,0,0,0,0,0,0,0,0,0,0,0,0,0,0,0,0,0,0,0,0,0,0,0,0,0,0,0,0,0,0,0,0,0,0,0,0,0,0,0,0,0,0,0,0,0,0,0,0,0,0,0,0,0,0,0,0,0,0,0,0,0,0,0,0,0,0,0,0,0,0,0,0,0,0,0,0,0,0,0,0,0,0,0,0,0,0,0,0,0,0,0,0,0,0,0,0,0,0,0,0,0,0,0,0,0,0,0,0,0,0,0,0,0,0,0,0,0,0,0,0,0,0,0,0,0,0,0,0,0,0,0,0,0,0,0,0,0,0,0,0,0,0,0,0,0,0,0,0,0,0,0,0,0,0,0,0,0,0,0,0,0,0,0,0,0,0,0,0,0,0,0,0,0,0,0,0,0,0,0,0,0,0,0,0,0,0,0,0,0,0,0,0,0,0,0,0,0,0,0,0,0,0,0,0,0,0,0,0,0,0,0,0,0,0,0,0,0,0,0,0,0,0,0,0,0,0,0,0,0,0,0,0,0,0,0,0,0,0,0,0,0,0,0,0,0,0,0,0,0,0,0,0,0,0,0,0,0,0,0,0,0,0,0,0,0,0,0,0,0,0,0,0,0,0,0,0,0
"102",170.055075,170.092275,170.238225,170.27295,170.3103,170.333825,170.352675,170.383725,170.46245,170.52295,170.54255,170.583175,170.60405,170.688,170.71265,171.562,171.659325,172.95545,176.326175,177.965875,178.0069,178.0809,178.159025,0,0,0,0,0,0,0,0,0,0,0,0,0,0,0,0,0,0,0,0,0,0,0,0,0,0,0,0,0,0,0,0,0,0,0,0,0,0,0,0,0,0,0,0,0,0,0,0,0,0,0,0,0,0,0,0,0,0,0,0,0,0,0,0,0,0,0,0,0,0,0,0,0,0,0,0,0,0,0,0,0,0,0,0,0,0,0,0,0,0,0,0,0,0,0,0,0,0,0,0,0,0,0,0,0,0,0,0,0,0,0,0,0,0,0,0,0,0,0,0,0,0,0,0,0,0,0,0,0,0,0,0,0,0,0,0,0,0,0,0,0,0,0,0,0,0,0,0,0,0,0,0,0,0,0,0,0,0,0,0,0,0,0,0,0,0,0,0,0,0,0,0,0,0,0,0,0,0,0,0,0,0,0,0,0,0,0,0,0,0,0,0,0,0,0,0,0,0,0,0,0,0,0,0,0,0,0,0,0,0,0,0,0,0,0,0,0,0,0,0,0,0,0,0,0,0,0,0,0,0,0,0,0,0,0,0,0,0,0,0,0,0,0,0,0,0,0,0,0,0,0,0,0,0,0,0,0,0,0,0,0,0,0,0,0,0,0,0,0,0,0,0,0,0,0,0,0,0,0,0,0,0,0,0,0,0,0,0,0,0,0,0,0,0,0,0,0,0,0,0,0,0,0,0,0,0,0,0,0,0,0,0,0,0,0,0,0,0,0,0,0,0,0,0,0,0,0,0,0,0,0,0,0,0,0,0,0,0,0,0,0,0,0,0,0,0,0,0,0,0,0,0,0,0,0,0,0,0,0,0,0,0,0,0,0,0,0,0,0,0,0,0,0,0,0,0,0,0,0,0,0,0,0,0,0,0,0,0,0,0,0,0,0,0,0,0,0,0,0
"103",170.352175,171.12335,171.411575,171.922475,171.99665,172.020275,172.176475,172.3419,172.493175,172.589625,172.96105,173.399625,173.45525,173.473375,173.571325,173.625975,174.6609,174.698375,174.8025,174.837775,174.91055,174.967375,175.024625,175.126125,175.1996,175.561575,175.579075,175.597175,175.69175,176.56715,176.892375,176.9351,178.4185,178.552875,178.706075,178.716275,178.737675,178.793875,180.8783,180.92225,181.299375,181.782,183.37505,187.062475,0,0,0,0,0,0,0,0,0,0,0,0,0,0,0,0,0,0,0,0,0,0,0,0,0,0,0,0,0,0,0,0,0,0,0,0,0,0,0,0,0,0,0,0,0,0,0,0,0,0,0,0,0,0,0,0,0,0,0,0,0,0,0,0,0,0,0,0,0,0,0,0,0,0,0,0,0,0,0,0,0,0,0,0,0,0,0,0,0,0,0,0,0,0,0,0,0,0,0,0,0,0,0,0,0,0,0,0,0,0,0,0,0,0,0,0,0,0,0,0,0,0,0,0,0,0,0,0,0,0,0,0,0,0,0,0,0,0,0,0,0,0,0,0,0,0,0,0,0,0,0,0,0,0,0,0,0,0,0,0,0,0,0,0,0,0,0,0,0,0,0,0,0,0,0,0,0,0,0,0,0,0,0,0,0,0,0,0,0,0,0,0,0,0,0,0,0,0,0,0,0,0,0,0,0,0,0,0,0,0,0,0,0,0,0,0,0,0,0,0,0,0,0,0,0,0,0,0,0,0,0,0,0,0,0,0,0,0,0,0,0,0,0,0,0,0,0,0,0,0,0,0,0,0,0,0,0,0,0,0,0,0,0,0,0,0,0,0,0,0,0,0,0,0,0,0,0,0,0,0,0,0,0,0,0,0,0,0,0,0,0,0,0,0,0,0,0,0,0,0,0,0,0,0,0,0,0,0,0,0,0,0,0,0,0,0,0,0,0,0,0,0,0,0,0,0,0,0,0,0,0,0,0,0,0,0,0,0,0,0,0,0,0,0,0,0,0,0,0,0,0,0,0,0,0,0,0,0,0,0,0,0,0,0,0,0,0,0,0,0,0,0,0,0,0,0,0,0
"104",160.90935,162.35025,163.268325,164.98755,168.742425,169.7146,170.219275,170.3181,170.653225,170.6962,170.8729,171.02715,171.4159,171.4457,171.920025,171.9484,172.19305,172.20495,172.31625,172.340775,172.37205,172.38265,172.398225,172.557925,172.690375,172.9077,173.156175,173.260825,173.2956,173.4115,173.45,173.51645,173.600625,173.6189,173.677,173.8398,174.121625,174.50005,174.666275,174.731425,174.989125,175.1044,175.142225,175.48845,175.858025,175.9205,176.085125,176.15735,176.23735,176.30955,176.432275,176.516875,176.58105,176.979625,177.01015,177.164775,177.316825,177.8645,178.21555,178.605575,178.68125,178.854075,179.18015,179.373625,180.134775,180.391225,180.6803,180.8571,181.1798,181.308325,181.45225,181.8309,188.558325,189.958625,190.55985,190.708025,191.006575,191.65515,191.908375,192.051125,192.3936,194.1236,197.106125,0,0,0,0,0,0,0,0,0,0,0,0,0,0,0,0,0,0,0,0,0,0,0,0,0,0,0,0,0,0,0,0,0,0,0,0,0,0,0,0,0,0,0,0,0,0,0,0,0,0,0,0,0,0,0,0,0,0,0,0,0,0,0,0,0,0,0,0,0,0,0,0,0,0,0,0,0,0,0,0,0,0,0,0,0,0,0,0,0,0,0,0,0,0,0,0,0,0,0,0,0,0,0,0,0,0,0,0,0,0,0,0,0,0,0,0,0,0,0,0,0,0,0,0,0,0,0,0,0,0,0,0,0,0,0,0,0,0,0,0,0,0,0,0,0,0,0,0,0,0,0,0,0,0,0,0,0,0,0,0,0,0,0,0,0,0,0,0,0,0,0,0,0,0,0,0,0,0,0,0,0,0,0,0,0,0,0,0,0,0,0,0,0,0,0,0,0,0,0,0,0,0,0,0,0,0,0,0,0,0,0,0,0,0,0,0,0,0,0,0,0,0,0,0,0,0,0,0,0,0,0,0,0,0,0,0,0,0,0,0,0,0,0,0,0,0,0,0,0,0,0,0,0,0,0,0,0,0,0,0,0,0,0,0,0,0,0,0,0,0,0,0,0,0,0,0,0,0,0,0,0,0,0,0,0,0,0,0,0,0,0,0,0,0,0,0,0,0,0,0,0,0,0,0,0,0,0,0,0,0,0,0,0,0,0,0,0,0,0,0,0,0,0,0,0,0,0,0,0,0,0,0,0,0,0,0,0,0,0
"105",175.86745,177.163175,178.441925,0,0,0,0,0,0,0,0,0,0,0,0,0,0,0,0,0,0,0,0,0,0,0,0,0,0,0,0,0,0,0,0,0,0,0,0,0,0,0,0,0,0,0,0,0,0,0,0,0,0,0,0,0,0,0,0,0,0,0,0,0,0,0,0,0,0,0,0,0,0,0,0,0,0,0,0,0,0,0,0,0,0,0,0,0,0,0,0,0,0,0,0,0,0,0,0,0,0,0,0,0,0,0,0,0,0,0,0,0,0,0,0,0,0,0,0,0,0,0,0,0,0,0,0,0,0,0,0,0,0,0,0,0,0,0,0,0,0,0,0,0,0,0,0,0,0,0,0,0,0,0,0,0,0,0,0,0,0,0,0,0,0,0,0,0,0,0,0,0,0,0,0,0,0,0,0,0,0,0,0,0,0,0,0,0,0,0,0,0,0,0,0,0,0,0,0,0,0,0,0,0,0,0,0,0,0,0,0,0,0,0,0,0,0,0,0,0,0,0,0,0,0,0,0,0,0,0,0,0,0,0,0,0,0,0,0,0,0,0,0,0,0,0,0,0,0,0,0,0,0,0,0,0,0,0,0,0,0,0,0,0,0,0,0,0,0,0,0,0,0,0,0,0,0,0,0,0,0,0,0,0,0,0,0,0,0,0,0,0,0,0,0,0,0,0,0,0,0,0,0,0,0,0,0,0,0,0,0,0,0,0,0,0,0,0,0,0,0,0,0,0,0,0,0,0,0,0,0,0,0,0,0,0,0,0,0,0,0,0,0,0,0,0,0,0,0,0,0,0,0,0,0,0,0,0,0,0,0,0,0,0,0,0,0,0,0,0,0,0,0,0,0,0,0,0,0,0,0,0,0,0,0,0,0,0,0,0,0,0,0,0,0,0,0,0,0,0,0,0,0,0,0,0,0,0,0,0,0,0,0,0,0,0,0,0,0,0,0,0
"106",170.2886,170.953425,171.0144,171.14545,172.042975,172.279475,172.524475,173.2786,173.45445,173.494,174.161675,174.208775,174.9507,175.299175,175.702475,175.881825,176.896325,176.97735,177.271475,177.44535,177.4748,177.5991,177.742025,178.422,179.29485,180.500125,180.816625,180.994875,181.2807,181.323075,181.466475,181.67725,181.730925,181.98695,182.066325,182.1549,183.47465,183.582875,183.882025,184.015175,184.122475,184.161325,184.308225,184.38085,0,0,0,0,0,0,0,0,0,0,0,0,0,0,0,0,0,0,0,0,0,0,0,0,0,0,0,0,0,0,0,0,0,0,0,0,0,0,0,0,0,0,0,0,0,0,0,0,0,0,0,0,0,0,0,0,0,0,0,0,0,0,0,0,0,0,0,0,0,0,0,0,0,0,0,0,0,0,0,0,0,0,0,0,0,0,0,0,0,0,0,0,0,0,0,0,0,0,0,0,0,0,0,0,0,0,0,0,0,0,0,0,0,0,0,0,0,0,0,0,0,0,0,0,0,0,0,0,0,0,0,0,0,0,0,0,0,0,0,0,0,0,0,0,0,0,0,0,0,0,0,0,0,0,0,0,0,0,0,0,0,0,0,0,0,0,0,0,0,0,0,0,0,0,0,0,0,0,0,0,0,0,0,0,0,0,0,0,0,0,0,0,0,0,0,0,0,0,0,0,0,0,0,0,0,0,0,0,0,0,0,0,0,0,0,0,0,0,0,0,0,0,0,0,0,0,0,0,0,0,0,0,0,0,0,0,0,0,0,0,0,0,0,0,0,0,0,0,0,0,0,0,0,0,0,0,0,0,0,0,0,0,0,0,0,0,0,0,0,0,0,0,0,0,0,0,0,0,0,0,0,0,0,0,0,0,0,0,0,0,0,0,0,0,0,0,0,0,0,0,0,0,0,0,0,0,0,0,0,0,0,0,0,0,0,0,0,0,0,0,0,0,0,0,0,0,0,0,0,0,0,0,0,0,0,0,0,0,0,0,0,0,0,0,0,0,0,0,0,0,0,0,0,0,0,0,0,0,0,0,0,0,0,0,0,0,0,0,0,0,0,0,0,0,0,0,0,0
"107",169.17965,169.726825,169.778675,169.96485,169.989675,170.026975,170.122325,170.1966,170.266525,170.346925,170.3843,170.45865,170.51375,170.52435,170.5557,170.5986,170.609575,170.62115,170.6281,170.67335,170.7094,170.721725,170.752125,170.97985,171.051025,171.267,171.2909,171.34325,171.3886,171.4019,171.522025,171.535,171.552075,171.60495,171.614625,171.633575,171.6388,171.71555,171.7472,171.767325,171.791525,171.9546,171.992525,172.0435,172.0654,172.265825,172.303675,172.31595,172.40675,172.4337,172.51235,172.5379,172.541275,172.585475,172.792275,172.80965,172.853775,172.861675,172.8792,172.90365,173.004125,173.0472,173.5078,173.53265,173.58415,173.622675,173.67875,173.69275,174.09005,174.193975,174.41685,174.4444,174.511775,174.5292,174.6009,174.629125,174.69185,174.915025,174.916625,174.986725,175.0359,175.068025,175.31485,175.3229,175.366525,175.396125,175.444,175.55305,175.60585,175.695125,175.7504,175.756425,175.7903,175.8307,175.869625,175.901,175.957025,175.983375,176.02945,176.161325,176.16955,176.1946,176.36465,176.417725,176.48435,176.506525,176.557975,176.567625,176.80365,176.841125,176.897175,176.916475,176.9914,177.0363,177.15715,177.1725,177.611125,177.67815,177.698975,177.7387,177.9555,177.9891,178.096175,178.1052,178.569825,178.636725,178.758725,178.87605,178.917175,179.182975,179.19765,179.2736,179.422175,179.467425,179.685425,179.772475,179.837425,179.8503,179.92255,180.034275,180.15215,180.220325,180.3959,180.764475,181.150675,181.52905,181.534675,181.6735,181.83345,181.877575,182.061375,182.082975,182.1131,182.127675,182.291675,182.395575,182.42705,182.487025,182.5665,183.2405,183.319875,183.3573,183.383675,183.65585,183.87505,184.229425,184.323275,184.6579,184.9402,185.153625,185.5743,185.908625,186.265075,186.470025,187.66005,190.5583,191.520425,0,0,0,0,0,0,0,0,0,0,0,0,0,0,0,0,0,0,0,0,0,0,0,0,0,0,0,0,0,0,0,0,0,0,0,0,0,0,0,0,0,0,0,0,0,0,0,0,0,0,0,0,0,0,0,0,0,0,0,0,0,0,0,0,0,0,0,0,0,0,0,0,0,0,0,0,0,0,0,0,0,0,0,0,0,0,0,0,0,0,0,0,0,0,0,0,0,0,0,0,0,0,0,0,0,0,0,0,0,0,0,0,0,0,0,0,0,0,0,0,0,0,0,0,0,0,0,0,0,0,0,0,0,0,0,0,0,0,0,0,0,0,0,0,0,0,0,0,0,0,0,0,0,0,0,0,0,0,0,0,0,0,0,0,0,0,0,0,0,0,0,0,0,0,0,0,0,0,0,0,0,0,0,0,0,0,0,0,0,0,0,0,0,0,0,0,0,0,0,0,0,0,0,0,0,0,0,0,0,0,0,0,0,0,0,0,0,0,0,0,0,0,0,0,0,0,0,0,0,0,0,0,0,0,0,0,0,0,0,0,0,0,0,0,0
"108",169.8966,170.04995,170.34255,170.4643,170.4975,170.61175,170.647825,171.6601,0,0,0,0,0,0,0,0,0,0,0,0,0,0,0,0,0,0,0,0,0,0,0,0,0,0,0,0,0,0,0,0,0,0,0,0,0,0,0,0,0,0,0,0,0,0,0,0,0,0,0,0,0,0,0,0,0,0,0,0,0,0,0,0,0,0,0,0,0,0,0,0,0,0,0,0,0,0,0,0,0,0,0,0,0,0,0,0,0,0,0,0,0,0,0,0,0,0,0,0,0,0,0,0,0,0,0,0,0,0,0,0,0,0,0,0,0,0,0,0,0,0,0,0,0,0,0,0,0,0,0,0,0,0,0,0,0,0,0,0,0,0,0,0,0,0,0,0,0,0,0,0,0,0,0,0,0,0,0,0,0,0,0,0,0,0,0,0,0,0,0,0,0,0,0,0,0,0,0,0,0,0,0,0,0,0,0,0,0,0,0,0,0,0,0,0,0,0,0,0,0,0,0,0,0,0,0,0,0,0,0,0,0,0,0,0,0,0,0,0,0,0,0,0,0,0,0,0,0,0,0,0,0,0,0,0,0,0,0,0,0,0,0,0,0,0,0,0,0,0,0,0,0,0,0,0,0,0,0,0,0,0,0,0,0,0,0,0,0,0,0,0,0,0,0,0,0,0,0,0,0,0,0,0,0,0,0,0,0,0,0,0,0,0,0,0,0,0,0,0,0,0,0,0,0,0,0,0,0,0,0,0,0,0,0,0,0,0,0,0,0,0,0,0,0,0,0,0,0,0,0,0,0,0,0,0,0,0,0,0,0,0,0,0,0,0,0,0,0,0,0,0,0,0,0,0,0,0,0,0,0,0,0,0,0,0,0,0,0,0,0,0,0,0,0,0,0,0,0,0,0,0,0,0,0,0,0,0,0,0,0,0,0,0,0,0,0,0,0,0,0,0,0,0,0,0,0,0,0,0,0,0,0,0
"109",169.99365,170.188075,170.412675,170.6055,171.474025,172.076775,172.1553,172.3181,172.481875,172.485775,173.709075,173.815375,173.942775,174.7851,174.9987,175.511225,175.802075,176.075925,176.6872,176.785425,176.84375,176.94945,177.10255,177.354925,177.6501,177.792975,178.46385,178.566975,179.0708,181.6287,181.78665,181.8821,0,0,0,0,0,0,0,0,0,0,0,0,0,0,0,0,0,0,0,0,0,0,0,0,0,0,0,0,0,0,0,0,0,0,0,0,0,0,0,0,0,0,0,0,0,0,0,0,0,0,0,0,0,0,0,0,0,0,0,0,0,0,0,0,0,0,0,0,0,0,0,0,0,0,0,0,0,0,0,0,0,0,0,0,0,0,0,0,0,0,0,0,0,0,0,0,0,0,0,0,0,0,0,0,0,0,0,0,0,0,0,0,0,0,0,0,0,0,0,0,0,0,0,0,0,0,0,0,0,0,0,0,0,0,0,0,0,0,0,0,0,0,0,0,0,0,0,0,0,0,0,0,0,0,0,0,0,0,0,0,0,0,0,0,0,0,0,0,0,0,0,0,0,0,0,0,0,0,0,0,0,0,0,0,0,0,0,0,0,0,0,0,0,0,0,0,0,0,0,0,0,0,0,0,0,0,0,0,0,0,0,0,0,0,0,0,0,0,0,0,0,0,0,0,0,0,0,0,0,0,0,0,0,0,0,0,0,0,0,0,0,0,0,0,0,0,0,0,0,0,0,0,0,0,0,0,0,0,0,0,0,0,0,0,0,0,0,0,0,0,0,0,0,0,0,0,0,0,0,0,0,0,0,0,0,0,0,0,0,0,0,0,0,0,0,0,0,0,0,0,0,0,0,0,0,0,0,0,0,0,0,0,0,0,0,0,0,0,0,0,0,0,0,0,0,0,0,0,0,0,0,0,0,0,0,0,0,0,0,0,0,0,0,0,0,0,0,0,0,0,0,0,0,0,0,0,0,0,0,0,0,0,0,0,0,0,0,0,0,0,0,0,0,0,0,0,0,0,0,0,0,0,0,0,0,0,0,0,0,0
"110",172.078525,173.758775,173.930475,173.967475,175.487475,175.871575,176.8708,183.659375,0,0,0,0,0,0,0,0,0,0,0,0,0,0,0,0,0,0,0,0,0,0,0,0,0,0,0,0,0,0,0,0,0,0,0,0,0,0,0,0,0,0,0,0,0,0,0,0,0,0,0,0,0,0,0,0,0,0,0,0,0,0,0,0,0,0,0,0,0,0,0,0,0,0,0,0,0,0,0,0,0,0,0,0,0,0,0,0,0,0,0,0,0,0,0,0,0,0,0,0,0,0,0,0,0,0,0,0,0,0,0,0,0,0,0,0,0,0,0,0,0,0,0,0,0,0,0,0,0,0,0,0,0,0,0,0,0,0,0,0,0,0,0,0,0,0,0,0,0,0,0,0,0,0,0,0,0,0,0,0,0,0,0,0,0,0,0,0,0,0,0,0,0,0,0,0,0,0,0,0,0,0,0,0,0,0,0,0,0,0,0,0,0,0,0,0,0,0,0,0,0,0,0,0,0,0,0,0,0,0,0,0,0,0,0,0,0,0,0,0,0,0,0,0,0,0,0,0,0,0,0,0,0,0,0,0,0,0,0,0,0,0,0,0,0,0,0,0,0,0,0,0,0,0,0,0,0,0,0,0,0,0,0,0,0,0,0,0,0,0,0,0,0,0,0,0,0,0,0,0,0,0,0,0,0,0,0,0,0,0,0,0,0,0,0,0,0,0,0,0,0,0,0,0,0,0,0,0,0,0,0,0,0,0,0,0,0,0,0,0,0,0,0,0,0,0,0,0,0,0,0,0,0,0,0,0,0,0,0,0,0,0,0,0,0,0,0,0,0,0,0,0,0,0,0,0,0,0,0,0,0,0,0,0,0,0,0,0,0,0,0,0,0,0,0,0,0,0,0,0,0,0,0,0,0,0,0,0,0,0,0,0,0,0,0,0,0,0,0,0,0,0,0,0,0,0,0,0,0,0,0,0,0,0
"111",169.604725,169.647225,169.758025,169.88005,169.948775,170.09885,170.22715,170.246725,170.537825,170.565925,170.771225,170.85355,171.061125,171.207325,171.312325,171.361225,171.3919,171.4236,171.4599,171.65035,171.732675,171.81765,171.914,172.020575,172.209025,172.2949,172.337675,172.36335,172.482275,172.688175,172.853175,172.929425,172.970075,173.1338,173.362325,173.5969,173.62255,173.64955,173.73905,173.798975,174.140575,174.300825,174.4079,174.818,174.958725,175.049825,175.262275,175.3027,175.39405,175.47765,175.5257,175.79955,175.919125,175.9793,176.001425,176.03275,176.095625,176.215,176.258,176.30155,176.455425,176.505775,176.623725,176.825025,176.903375,176.96155,177.09665,177.265025,177.2737,177.3369,177.35945,177.525475,177.6553,177.780175,177.93835,178.010575,178.2727,178.3052,178.422775,178.8839,178.96255,179.42275,179.56515,179.675475,180.6817,181.08375,181.368875,181.511875,181.572025,181.626675,181.7612,181.9385,182.1901,182.647625,182.77675,182.8915,182.952025,183.030175,183.099275,183.170425,183.23185,183.28755,183.617575,183.9002,184.013425,184.187875,184.348575,184.487475,184.638775,184.885625,185.4406,186.0515,186.487425,187.982125,189.28345,0,0,0,0,0,0,0,0,0,0,0,0,0,0,0,0,0,0,0,0,0,0,0,0,0,0,0,0,0,0,0,0,0,0,0,0,0,0,0,0,0,0,0,0,0,0,0,0,0,0,0,0,0,0,0,0,0,0,0,0,0,0,0,0,0,0,0,0,0,0,0,0,0,0,0,0,0,0,0,0,0,0,0,0,0,0,0,0,0,0,0,0,0,0,0,0,0,0,0,0,0,0,0,0,0,0,0,0,0,0,0,0,0,0,0,0,0,0,0,0,0,0,0,0,0,0,0,0,0,0,0,0,0,0,0,0,0,0,0,0,0,0,0,0,0,0,0,0,0,0,0,0,0,0,0,0,0,0,0,0,0,0,0,0,0,0,0,0,0,0,0,0,0,0,0,0,0,0,0,0,0,0,0,0,0,0,0,0,0,0,0,0,0,0,0,0,0,0,0,0,0,0,0,0,0,0,0,0,0,0,0,0,0,0,0,0,0,0,0,0,0,0,0,0,0,0,0,0,0,0,0,0,0,0,0,0,0,0,0,0,0,0,0,0,0,0,0,0,0,0,0,0,0,0,0,0,0,0,0,0,0,0,0,0,0,0,0,0,0,0,0,0,0,0,0,0,0,0,0,0,0,0,0,0,0,0,0,0,0,0,0,0,0,0,0,0,0,0,0,0,0,0,0,0,0,0,0
"112",170.042375,170.5647,171.21365,171.328275,171.485775,171.5202,172.095525,172.27405,172.405375,172.477025,172.671025,173.4687,173.631875,173.7731,173.7919,173.85405,173.874,174.0585,174.097075,174.1753,174.3275,174.397725,174.482075,175.6284,175.7249,175.81485,175.886975,175.92065,176.0136,176.10325,176.173725,176.3194,176.9573,177.068275,177.40445,177.553075,177.700575,177.77505,178.6556,178.77095,178.89865,179.2446,180.526475,180.97475,181.1066,181.28235,0,0,0,0,0,0,0,0,0,0,0,0,0,0,0,0,0,0,0,0,0,0,0,0,0,0,0,0,0,0,0,0,0,0,0,0,0,0,0,0,0,0,0,0,0,0,0,0,0,0,0,0,0,0,0,0,0,0,0,0,0,0,0,0,0,0,0,0,0,0,0,0,0,0,0,0,0,0,0,0,0,0,0,0,0,0,0,0,0,0,0,0,0,0,0,0,0,0,0,0,0,0,0,0,0,0,0,0,0,0,0,0,0,0,0,0,0,0,0,0,0,0,0,0,0,0,0,0,0,0,0,0,0,0,0,0,0,0,0,0,0,0,0,0,0,0,0,0,0,0,0,0,0,0,0,0,0,0,0,0,0,0,0,0,0,0,0,0,0,0,0,0,0,0,0,0,0,0,0,0,0,0,0,0,0,0,0,0,0,0,0,0,0,0,0,0,0,0,0,0,0,0,0,0,0,0,0,0,0,0,0,0,0,0,0,0,0,0,0,0,0,0,0,0,0,0,0,0,0,0,0,0,0,0,0,0,0,0,0,0,0,0,0,0,0,0,0,0,0,0,0,0,0,0,0,0,0,0,0,0,0,0,0,0,0,0,0,0,0,0,0,0,0,0,0,0,0,0,0,0,0,0,0,0,0,0,0,0,0,0,0,0,0,0,0,0,0,0,0,0,0,0,0,0,0,0,0,0,0,0,0,0,0,0,0,0,0,0,0,0,0,0,0,0,0,0,0,0,0,0,0,0,0,0,0,0,0,0,0,0,0,0,0,0,0,0,0,0,0,0,0,0,0,0,0,0,0,0,0,0,0,0,0,0,0,0,0,0,0,0,0,0,0,0,0,0
"113",160.261825,160.372475,160.628325,160.777475,160.946475,160.989275,161.079625,161.236575,161.310475,161.694425,161.93695,162.08525,162.2265,162.340725,162.647,162.81545,163.671225,163.7301,163.98955,164.24405,164.352,164.4219,164.582775,164.648125,164.772925,164.97655,165.29465,165.4547,165.662175,165.8327,165.912325,166.0795,166.209225,166.310675,166.369975,166.637025,167.027225,167.13625,167.355325,167.551375,167.824075,167.96195,168.10315,168.257,168.457625,168.548925,168.73885,168.877875,168.97935,169.219975,169.478925,169.6291,170.991025,171.407875,171.97145,172.0871,172.107525,172.3385,172.65015,172.741475,174.50625,174.87265,175.568125,175.69885,175.8032,175.837425,176.535225,176.607875,176.8839,177.307625,177.47605,177.551325,177.606775,178.15555,178.259225,178.3539,178.3899,178.698025,178.798325,179.0992,179.263225,179.372925,179.96865,180.128775,180.187325,180.21235,180.294525,180.315925,180.3493,180.5177,180.59025,180.7403,180.8004,180.83155,180.906325,180.951525,181.004675,181.028325,181.042325,181.271925,181.446825,181.462825,181.716,181.7467,181.85905,182.089075,182.373875,182.73005,182.75425,182.825825,182.87505,182.931175,183.193475,183.282775,183.342525,183.409175,183.444475,183.600425,183.64985,183.796175,183.943325,184.003875,184.084975,184.377875,184.419475,184.682525,184.735425,185.03725,185.497175,185.704325,185.881425,186.273325,186.372075,186.515425,186.726325,186.94535,187.130225,187.252325,187.5297,187.8677,188.08915,188.265925,188.4155,188.7255,189.886125,193.41885,194.089175,196.280325,196.653675,197.278825,197.83435,198.047875,0,0,0,0,0,0,0,0,0,0,0,0,0,0,0,0,0,0,0,0,0,0,0,0,0,0,0,0,0,0,0,0,0,0,0,0,0,0,0,0,0,0,0,0,0,0,0,0,0,0,0,0,0,0,0,0,0,0,0,0,0,0,0,0,0,0,0,0,0,0,0,0,0,0,0,0,0,0,0,0,0,0,0,0,0,0,0,0,0,0,0,0,0,0,0,0,0,0,0,0,0,0,0,0,0,0,0,0,0,0,0,0,0,0,0,0,0,0,0,0,0,0,0,0,0,0,0,0,0,0,0,0,0,0,0,0,0,0,0,0,0,0,0,0,0,0,0,0,0,0,0,0,0,0,0,0,0,0,0,0,0,0,0,0,0,0,0,0,0,0,0,0,0,0,0,0,0,0,0,0,0,0,0,0,0,0,0,0,0,0,0,0,0,0,0,0,0,0,0,0,0,0,0,0,0,0,0,0,0,0,0,0,0,0,0,0,0,0,0,0,0,0,0,0,0,0,0,0,0,0,0,0,0,0,0,0,0,0,0,0,0,0,0,0,0,0,0,0,0,0,0,0,0,0,0,0,0,0,0,0,0,0,0,0,0,0,0,0,0,0
"114",170.96405,171.0049,171.053425,171.119075,171.200475,171.240325,171.27985,171.40295,171.96965,171.99985,172.502725,173.443675,173.819625,173.97455,173.979975,174.573675,174.66135,174.688275,174.7188,174.77275,174.7941,174.8794,174.98925,175.1304,175.518375,175.73805,175.921625,176.554875,176.58185,176.626075,176.661525,176.722825,176.786425,177.151175,177.23425,177.428325,177.533725,177.581775,178.31795,178.351475,178.402875,178.431525,178.464675,178.51785,178.581775,178.734375,178.803025,178.866975,178.913675,179.142,180.238225,180.304775,180.417675,180.487625,180.5397,180.64745,180.70385,180.763925,180.9528,180.983625,181.061475,181.23055,0,0,0,0,0,0,0,0,0,0,0,0,0,0,0,0,0,0,0,0,0,0,0,0,0,0,0,0,0,0,0,0,0,0,0,0,0,0,0,0,0,0,0,0,0,0,0,0,0,0,0,0,0,0,0,0,0,0,0,0,0,0,0,0,0,0,0,0,0,0,0,0,0,0,0,0,0,0,0,0,0,0,0,0,0,0,0,0,0,0,0,0,0,0,0,0,0,0,0,0,0,0,0,0,0,0,0,0,0,0,0,0,0,0,0,0,0,0,0,0,0,0,0,0,0,0,0,0,0,0,0,0,0,0,0,0,0,0,0,0,0,0,0,0,0,0,0,0,0,0,0,0,0,0,0,0,0,0,0,0,0,0,0,0,0,0,0,0,0,0,0,0,0,0,0,0,0,0,0,0,0,0,0,0,0,0,0,0,0,0,0,0,0,0,0,0,0,0,0,0,0,0,0,0,0,0,0,0,0,0,0,0,0,0,0,0,0,0,0,0,0,0,0,0,0,0,0,0,0,0,0,0,0,0,0,0,0,0,0,0,0,0,0,0,0,0,0,0,0,0,0,0,0,0,0,0,0,0,0,0,0,0,0,0,0,0,0,0,0,0,0,0,0,0,0,0,0,0,0,0,0,0,0,0,0,0,0,0,0,0,0,0,0,0,0,0,0,0,0,0,0,0,0,0,0,0,0,0,0,0,0,0,0,0,0,0,0,0,0,0,0,0,0,0,0,0,0,0,0,0,0,0,0,0,0,0,0,0,0,0,0,0,0,0,0,0,0,0,0,0,0,0,0,0,0,0,0,0,0,0
"115",169.5437,169.597875,169.672425,169.691325,169.72335,169.873175,169.92045,170.0142,170.0503,170.0939,170.184825,170.307975,170.33975,170.389175,170.42205,170.478825,170.5893,170.63245,170.634975,170.667375,170.828225,170.88695,171.008425,171.114175,171.3689,171.47965,171.53485,171.5851,171.63775,171.816075,171.849325,171.877775,172.203425,172.85035,172.853075,172.915175,173.0269,173.101075,173.189025,174.27295,174.386375,174.634,174.660125,176.1986,176.257175,176.376075,176.382575,176.47485,176.652175,177.916575,178.067175,178.309175,179.656075,179.7335,181.606375,181.986175,182.1239,182.19855,182.2932,182.38215,182.49255,182.623175,182.784725,183.4777,183.578575,183.789125,183.901675,184.029025,184.238375,184.37215,184.43395,184.6288,184.7729,185.817075,193.991075,0,0,0,0,0,0,0,0,0,0,0,0,0,0,0,0,0,0,0,0,0,0,0,0,0,0,0,0,0,0,0,0,0,0,0,0,0,0,0,0,0,0,0,0,0,0,0,0,0,0,0,0,0,0,0,0,0,0,0,0,0,0,0,0,0,0,0,0,0,0,0,0,0,0,0,0,0,0,0,0,0,0,0,0,0,0,0,0,0,0,0,0,0,0,0,0,0,0,0,0,0,0,0,0,0,0,0,0,0,0,0,0,0,0,0,0,0,0,0,0,0,0,0,0,0,0,0,0,0,0,0,0,0,0,0,0,0,0,0,0,0,0,0,0,0,0,0,0,0,0,0,0,0,0,0,0,0,0,0,0,0,0,0,0,0,0,0,0,0,0,0,0,0,0,0,0,0,0,0,0,0,0,0,0,0,0,0,0,0,0,0,0,0,0,0,0,0,0,0,0,0,0,0,0,0,0,0,0,0,0,0,0,0,0,0,0,0,0,0,0,0,0,0,0,0,0,0,0,0,0,0,0,0,0,0,0,0,0,0,0,0,0,0,0,0,0,0,0,0,0,0,0,0,0,0,0,0,0,0,0,0,0,0,0,0,0,0,0,0,0,0,0,0,0,0,0,0,0,0,0,0,0,0,0,0,0,0,0,0,0,0,0,0,0,0,0,0,0,0,0,0,0,0,0,0,0,0,0,0,0,0,0,0,0,0,0,0,0,0,0,0,0,0,0,0,0,0,0,0,0,0,0,0,0,0,0,0,0,0,0,0,0,0,0,0,0,0
"116",160.011825,160.204925,160.5174,160.619675,160.863075,161.106075,161.283925,161.37765,161.536325,161.69935,161.934725,162.093375,162.2605,162.374425,162.494325,162.75535,162.93715,163.105225,163.283275,163.478075,163.694425,163.766175,163.93935,164.052075,164.15565,164.551325,164.697725,164.89835,165.18705,165.2876,165.466825,165.72065,165.895025,166.176675,166.320125,166.648975,166.809925,167.028075,167.256625,167.44235,167.558025,167.78825,167.909325,168.076975,168.29365,168.560175,168.8331,168.9729,169.261,170.2282,170.50945,170.70405,185.67435,187.616125,193.5758,194.2169,194.66185,196.384475,196.7627,196.93325,197.2203,198.160425,0,0,0,0,0,0,0,0,0,0,0,0,0,0,0,0,0,0,0,0,0,0,0,0,0,0,0,0,0,0,0,0,0,0,0,0,0,0,0,0,0,0,0,0,0,0,0,0,0,0,0,0,0,0,0,0,0,0,0,0,0,0,0,0,0,0,0,0,0,0,0,0,0,0,0,0,0,0,0,0,0,0,0,0,0,0,0,0,0,0,0,0,0,0,0,0,0,0,0,0,0,0,0,0,0,0,0,0,0,0,0,0,0,0,0,0,0,0,0,0,0,0,0,0,0,0,0,0,0,0,0,0,0,0,0,0,0,0,0,0,0,0,0,0,0,0,0,0,0,0,0,0,0,0,0,0,0,0,0,0,0,0,0,0,0,0,0,0,0,0,0,0,0,0,0,0,0,0,0,0,0,0,0,0,0,0,0,0,0,0,0,0,0,0,0,0,0,0,0,0,0,0,0,0,0,0,0,0,0,0,0,0,0,0,0,0,0,0,0,0,0,0,0,0,0,0,0,0,0,0,0,0,0,0,0,0,0,0,0,0,0,0,0,0,0,0,0,0,0,0,0,0,0,0,0,0,0,0,0,0,0,0,0,0,0,0,0,0,0,0,0,0,0,0,0,0,0,0,0,0,0,0,0,0,0,0,0,0,0,0,0,0,0,0,0,0,0,0,0,0,0,0,0,0,0,0,0,0,0,0,0,0,0,0,0,0,0,0,0,0,0,0,0,0,0,0,0,0,0,0,0,0,0,0,0,0,0,0,0,0,0,0,0,0,0,0,0,0,0,0,0,0,0,0,0,0,0,0,0,0
"117",171.08555,172.019025,172.138625,173.262425,173.49265,173.4941,173.818175,174.029,174.556025,174.821825,175.118675,175.6759,177.0432,178.433775,178.553775,178.619675,178.7323,180.36555,180.399975,180.5383,180.958275,183.046625,0,0,0,0,0,0,0,0,0,0,0,0,0,0,0,0,0,0,0,0,0,0,0,0,0,0,0,0,0,0,0,0,0,0,0,0,0,0,0,0,0,0,0,0,0,0,0,0,0,0,0,0,0,0,0,0,0,0,0,0,0,0,0,0,0,0,0,0,0,0,0,0,0,0,0,0,0,0,0,0,0,0,0,0,0,0,0,0,0,0,0,0,0,0,0,0,0,0,0,0,0,0,0,0,0,0,0,0,0,0,0,0,0,0,0,0,0,0,0,0,0,0,0,0,0,0,0,0,0,0,0,0,0,0,0,0,0,0,0,0,0,0,0,0,0,0,0,0,0,0,0,0,0,0,0,0,0,0,0,0,0,0,0,0,0,0,0,0,0,0,0,0,0,0,0,0,0,0,0,0,0,0,0,0,0,0,0,0,0,0,0,0,0,0,0,0,0,0,0,0,0,0,0,0,0,0,0,0,0,0,0,0,0,0,0,0,0,0,0,0,0,0,0,0,0,0,0,0,0,0,0,0,0,0,0,0,0,0,0,0,0,0,0,0,0,0,0,0,0,0,0,0,0,0,0,0,0,0,0,0,0,0,0,0,0,0,0,0,0,0,0,0,0,0,0,0,0,0,0,0,0,0,0,0,0,0,0,0,0,0,0,0,0,0,0,0,0,0,0,0,0,0,0,0,0,0,0,0,0,0,0,0,0,0,0,0,0,0,0,0,0,0,0,0,0,0,0,0,0,0,0,0,0,0,0,0,0,0,0,0,0,0,0,0,0,0,0,0,0,0,0,0,0,0,0,0,0,0,0,0,0,0,0,0,0,0,0,0,0,0,0,0,0,0,0,0,0,0,0,0,0,0,0,0,0,0,0,0,0,0,0,0,0,0,0,0,0,0,0,0
"118",171.054375,171.12215,177.663325,180.2395,180.364275,180.499975,180.635025,180.842075,180.87135,180.95355,181.104475,181.2483,181.394925,0,0,0,0,0,0,0,0,0,0,0,0,0,0,0,0,0,0,0,0,0,0,0,0,0,0,0,0,0,0,0,0,0,0,0,0,0,0,0,0,0,0,0,0,0,0,0,0,0,0,0,0,0,0,0,0,0,0,0,0,0,0,0,0,0,0,0,0,0,0,0,0,0,0,0,0,0,0,0,0,0,0,0,0,0,0,0,0,0,0,0,0,0,0,0,0,0,0,0,0,0,0,0,0,0,0,0,0,0,0,0,0,0,0,0,0,0,0,0,0,0,0,0,0,0,0,0,0,0,0,0,0,0,0,0,0,0,0,0,0,0,0,0,0,0,0,0,0,0,0,0,0,0,0,0,0,0,0,0,0,0,0,0,0,0,0,0,0,0,0,0,0,0,0,0,0,0,0,0,0,0,0,0,0,0,0,0,0,0,0,0,0,0,0,0,0,0,0,0,0,0,0,0,0,0,0,0,0,0,0,0,0,0,0,0,0,0,0,0,0,0,0,0,0,0,0,0,0,0,0,0,0,0,0,0,0,0,0,0,0,0,0,0,0,0,0,0,0,0,0,0,0,0,0,0,0,0,0,0,0,0,0,0,0,0,0,0,0,0,0,0,0,0,0,0,0,0,0,0,0,0,0,0,0,0,0,0,0,0,0,0,0,0,0,0,0,0,0,0,0,0,0,0,0,0,0,0,0,0,0,0,0,0,0,0,0,0,0,0,0,0,0,0,0,0,0,0,0,0,0,0,0,0,0,0,0,0,0,0,0,0,0,0,0,0,0,0,0,0,0,0,0,0,0,0,0,0,0,0,0,0,0,0,0,0,0,0,0,0,0,0,0,0,0,0,0,0,0,0,0,0,0,0,0,0,0,0,0,0,0,0,0,0,0,0,0,0,0,0,0,0,0,0,0,0,0,0,0,0
"119",172.337975,172.3666,172.4318,172.474925,172.51295,172.542325,172.603575,172.634475,0,0,0,0,0,0,0,0,0,0,0,0,0,0,0,0,0,0,0,0,0,0,0,0,0,0,0,0,0,0,0,0,0,0,0,0,0,0,0,0,0,0,0,0,0,0,0,0,0,0,0,0,0,0,0,0,0,0,0,0,0,0,0,0,0,0,0,0,0,0,0,0,0,0,0,0,0,0,0,0,0,0,0,0,0,0,0,0,0,0,0,0,0,0,0,0,0,0,0,0,0,0,0,0,0,0,0,0,0,0,0,0,0,0,0,0,0,0,0,0,0,0,0,0,0,0,0,0,0,0,0,0,0,0,0,0,0,0,0,0,0,0,0,0,0,0,0,0,0,0,0,0,0,0,0,0,0,0,0,0,0,0,0,0,0,0,0,0,0,0,0,0,0,0,0,0,0,0,0,0,0,0,0,0,0,0,0,0,0,0,0,0,0,0,0,0,0,0,0,0,0,0,0,0,0,0,0,0,0,0,0,0,0,0,0,0,0,0,0,0,0,0,0,0,0,0,0,0,0,0,0,0,0,0,0,0,0,0,0,0,0,0,0,0,0,0,0,0,0,0,0,0,0,0,0,0,0,0,0,0,0,0,0,0,0,0,0,0,0,0,0,0,0,0,0,0,0,0,0,0,0,0,0,0,0,0,0,0,0,0,0,0,0,0,0,0,0,0,0,0,0,0,0,0,0,0,0,0,0,0,0,0,0,0,0,0,0,0,0,0,0,0,0,0,0,0,0,0,0,0,0,0,0,0,0,0,0,0,0,0,0,0,0,0,0,0,0,0,0,0,0,0,0,0,0,0,0,0,0,0,0,0,0,0,0,0,0,0,0,0,0,0,0,0,0,0,0,0,0,0,0,0,0,0,0,0,0,0,0,0,0,0,0,0,0,0,0,0,0,0,0,0,0,0,0,0,0,0,0,0,0,0,0,0
"120",171.2474,172.45875,172.562625,172.59805,172.62775,172.6656,173.610025,173.62015,173.647375,173.663325,173.6929,173.72215,173.835425,173.875125,173.890425,173.9461,173.9649,174.0145,174.04725,174.061625,174.08075,174.10805,174.164175,174.233275,174.79315,174.868325,175.032725,175.054175,175.13515,175.167425,175.18025,175.2003,175.261825,175.2937,175.340575,175.361725,175.39095,175.422075,175.454675,175.6249,175.6899,175.71165,175.729375,175.76005,175.79395,175.82315,175.847725,175.8658,175.884725,175.9342,175.984225,176.020725,176.973175,177.044175,177.161975,177.22125,177.23515,177.2524,177.281475,177.304475,177.3266,177.3472,177.3937,177.433625,177.4895,177.576175,177.6138,177.64625,178.40345,178.642975,178.709375,178.7665,178.816075,178.8478,178.872875,178.913625,178.938775,179.016325,179.0298,179.0676,179.127425,179.17215,179.203,179.2457,179.37685,180.446125,180.6923,180.766325,180.874225,180.9388,181.018825,181.1678,181.279075,181.315175,181.406975,0,0,0,0,0,0,0,0,0,0,0,0,0,0,0,0,0,0,0,0,0,0,0,0,0,0,0,0,0,0,0,0,0,0,0,0,0,0,0,0,0,0,0,0,0,0,0,0,0,0,0,0,0,0,0,0,0,0,0,0,0,0,0,0,0,0,0,0,0,0,0,0,0,0,0,0,0,0,0,0,0,0,0,0,0,0,0,0,0,0,0,0,0,0,0,0,0,0,0,0,0,0,0,0,0,0,0,0,0,0,0,0,0,0,0,0,0,0,0,0,0,0,0,0,0,0,0,0,0,0,0,0,0,0,0,0,0,0,0,0,0,0,0,0,0,0,0,0,0,0,0,0,0,0,0,0,0,0,0,0,0,0,0,0,0,0,0,0,0,0,0,0,0,0,0,0,0,0,0,0,0,0,0,0,0,0,0,0,0,0,0,0,0,0,0,0,0,0,0,0,0,0,0,0,0,0,0,0,0,0,0,0,0,0,0,0,0,0,0,0,0,0,0,0,0,0,0,0,0,0,0,0,0,0,0,0,0,0,0,0,0,0,0,0,0,0,0,0,0,0,0,0,0,0,0,0,0,0,0,0,0,0,0,0,0,0,0,0,0,0,0,0,0,0,0,0,0,0,0,0,0,0,0,0,0,0,0,0,0,0,0,0,0,0,0,0,0,0,0,0,0,0,0,0,0,0,0,0,0,0,0,0,0,0,0,0,0,0,0,0,0,0,0,0,0,0,0
"121",161.619925,162.51475,164.188825,165.574425,166.3759,167.928775,168.09735,169.979,170.08895,170.1622,170.265075,170.3113,170.354275,170.4074,170.54745,170.54875,170.6243,170.66825,170.9306,170.9713,171.110775,171.20605,171.283775,171.333025,171.368575,171.403,171.435075,171.471325,171.540275,171.568675,171.62615,171.66115,171.768575,172.845225,172.95785,173.817925,173.972625,174.1215,174.14815,175.155525,175.269575,175.3967,175.73545,175.8415,175.86925,175.90305,176.3277,177.286,177.41155,177.80555,177.95805,178.011025,178.6287,178.797525,179.06155,179.168125,179.475925,179.5449,179.591325,179.64595,179.7244,179.811275,179.865125,180.201125,180.526525,180.598475,180.96685,181.156325,181.191775,181.24095,181.512,181.782825,181.915625,182.00135,182.07705,182.170625,182.27795,183.26795,183.301225,183.4833,183.484,184.25605,184.617525,188.63715,0,0,0,0,0,0,0,0,0,0,0,0,0,0,0,0,0,0,0,0,0,0,0,0,0,0,0,0,0,0,0,0,0,0,0,0,0,0,0,0,0,0,0,0,0,0,0,0,0,0,0,0,0,0,0,0,0,0,0,0,0,0,0,0,0,0,0,0,0,0,0,0,0,0,0,0,0,0,0,0,0,0,0,0,0,0,0,0,0,0,0,0,0,0,0,0,0,0,0,0,0,0,0,0,0,0,0,0,0,0,0,0,0,0,0,0,0,0,0,0,0,0,0,0,0,0,0,0,0,0,0,0,0,0,0,0,0,0,0,0,0,0,0,0,0,0,0,0,0,0,0,0,0,0,0,0,0,0,0,0,0,0,0,0,0,0,0,0,0,0,0,0,0,0,0,0,0,0,0,0,0,0,0,0,0,0,0,0,0,0,0,0,0,0,0,0,0,0,0,0,0,0,0,0,0,0,0,0,0,0,0,0,0,0,0,0,0,0,0,0,0,0,0,0,0,0,0,0,0,0,0,0,0,0,0,0,0,0,0,0,0,0,0,0,0,0,0,0,0,0,0,0,0,0,0,0,0,0,0,0,0,0,0,0,0,0,0,0,0,0,0,0,0,0,0,0,0,0,0,0,0,0,0,0,0,0,0,0,0,0,0,0,0,0,0,0,0,0,0,0,0,0,0,0,0,0,0,0,0,0,0,0,0,0,0,0,0,0,0,0,0,0,0,0,0,0,0,0,0,0,0,0,0,0,0,0,0,0
"122",171.175275,172.247375,172.324625,172.36795,172.418825,172.433425,172.6787,172.7413,173.292275,173.73495,173.77705,173.79715,174.118725,174.94135,175.44155,177.113825,177.185325,178.954225,180.283775,180.5349,181.075025,181.21515,0,0,0,0,0,0,0,0,0,0,0,0,0,0,0,0,0,0,0,0,0,0,0,0,0,0,0,0,0,0,0,0,0,0,0,0,0,0,0,0,0,0,0,0,0,0,0,0,0,0,0,0,0,0,0,0,0,0,0,0,0,0,0,0,0,0,0,0,0,0,0,0,0,0,0,0,0,0,0,0,0,0,0,0,0,0,0,0,0,0,0,0,0,0,0,0,0,0,0,0,0,0,0,0,0,0,0,0,0,0,0,0,0,0,0,0,0,0,0,0,0,0,0,0,0,0,0,0,0,0,0,0,0,0,0,0,0,0,0,0,0,0,0,0,0,0,0,0,0,0,0,0,0,0,0,0,0,0,0,0,0,0,0,0,0,0,0,0,0,0,0,0,0,0,0,0,0,0,0,0,0,0,0,0,0,0,0,0,0,0,0,0,0,0,0,0,0,0,0,0,0,0,0,0,0,0,0,0,0,0,0,0,0,0,0,0,0,0,0,0,0,0,0,0,0,0,0,0,0,0,0,0,0,0,0,0,0,0,0,0,0,0,0,0,0,0,0,0,0,0,0,0,0,0,0,0,0,0,0,0,0,0,0,0,0,0,0,0,0,0,0,0,0,0,0,0,0,0,0,0,0,0,0,0,0,0,0,0,0,0,0,0,0,0,0,0,0,0,0,0,0,0,0,0,0,0,0,0,0,0,0,0,0,0,0,0,0,0,0,0,0,0,0,0,0,0,0,0,0,0,0,0,0,0,0,0,0,0,0,0,0,0,0,0,0,0,0,0,0,0,0,0,0,0,0,0,0,0,0,0,0,0,0,0,0,0,0,0,0,0,0,0,0,0,0,0,0,0,0,0,0,0,0,0,0,0,0,0,0,0,0,0,0,0,0,0,0,0,0,0
"123",172.12715,172.170575,172.2007,172.22835,172.250325,172.281925,172.305225,172.326775,172.34665,172.36985,172.396675,172.3982,172.428225,172.4909,172.5267,172.55545,172.611525,173.50515,173.5447,173.574425,173.607825,173.650025,173.702425,173.795025,173.950175,176.8375,176.964125,177.0112,177.052275,177.111725,177.167875,0,0,0,0,0,0,0,0,0,0,0,0,0,0,0,0,0,0,0,0,0,0,0,0,0,0,0,0,0,0,0,0,0,0,0,0,0,0,0,0,0,0,0,0,0,0,0,0,0,0,0,0,0,0,0,0,0,0,0,0,0,0,0,0,0,0,0,0,0,0,0,0,0,0,0,0,0,0,0,0,0,0,0,0,0,0,0,0,0,0,0,0,0,0,0,0,0,0,0,0,0,0,0,0,0,0,0,0,0,0,0,0,0,0,0,0,0,0,0,0,0,0,0,0,0,0,0,0,0,0,0,0,0,0,0,0,0,0,0,0,0,0,0,0,0,0,0,0,0,0,0,0,0,0,0,0,0,0,0,0,0,0,0,0,0,0,0,0,0,0,0,0,0,0,0,0,0,0,0,0,0,0,0,0,0,0,0,0,0,0,0,0,0,0,0,0,0,0,0,0,0,0,0,0,0,0,0,0,0,0,0,0,0,0,0,0,0,0,0,0,0,0,0,0,0,0,0,0,0,0,0,0,0,0,0,0,0,0,0,0,0,0,0,0,0,0,0,0,0,0,0,0,0,0,0,0,0,0,0,0,0,0,0,0,0,0,0,0,0,0,0,0,0,0,0,0,0,0,0,0,0,0,0,0,0,0,0,0,0,0,0,0,0,0,0,0,0,0,0,0,0,0,0,0,0,0,0,0,0,0,0,0,0,0,0,0,0,0,0,0,0,0,0,0,0,0,0,0,0,0,0,0,0,0,0,0,0,0,0,0,0,0,0,0,0,0,0,0,0,0,0,0,0,0,0,0,0,0,0,0,0,0,0,0,0,0,0,0,0,0,0,0,0,0,0,0,0,0,0,0,0,0,0,0,0,0,0,0,0,0,0
"124",173.28765,178.42365,180.588075,0,0,0,0,0,0,0,0,0,0,0,0,0,0,0,0,0,0,0,0,0,0,0,0,0,0,0,0,0,0,0,0,0,0,0,0,0,0,0,0,0,0,0,0,0,0,0,0,0,0,0,0,0,0,0,0,0,0,0,0,0,0,0,0,0,0,0,0,0,0,0,0,0,0,0,0,0,0,0,0,0,0,0,0,0,0,0,0,0,0,0,0,0,0,0,0,0,0,0,0,0,0,0,0,0,0,0,0,0,0,0,0,0,0,0,0,0,0,0,0,0,0,0,0,0,0,0,0,0,0,0,0,0,0,0,0,0,0,0,0,0,0,0,0,0,0,0,0,0,0,0,0,0,0,0,0,0,0,0,0,0,0,0,0,0,0,0,0,0,0,0,0,0,0,0,0,0,0,0,0,0,0,0,0,0,0,0,0,0,0,0,0,0,0,0,0,0,0,0,0,0,0,0,0,0,0,0,0,0,0,0,0,0,0,0,0,0,0,0,0,0,0,0,0,0,0,0,0,0,0,0,0,0,0,0,0,0,0,0,0,0,0,0,0,0,0,0,0,0,0,0,0,0,0,0,0,0,0,0,0,0,0,0,0,0,0,0,0,0,0,0,0,0,0,0,0,0,0,0,0,0,0,0,0,0,0,0,0,0,0,0,0,0,0,0,0,0,0,0,0,0,0,0,0,0,0,0,0,0,0,0,0,0,0,0,0,0,0,0,0,0,0,0,0,0,0,0,0,0,0,0,0,0,0,0,0,0,0,0,0,0,0,0,0,0,0,0,0,0,0,0,0,0,0,0,0,0,0,0,0,0,0,0,0,0,0,0,0,0,0,0,0,0,0,0,0,0,0,0,0,0,0,0,0,0,0,0,0,0,0,0,0,0,0,0,0,0,0,0,0,0,0,0,0,0,0,0,0,0,0,0,0,0,0,0,0,0,0,0
"125",171.130275,171.210125,172.61525,173.219,173.801575,173.93545,175.04585,175.756375,175.82205,176.611625,177.594525,179.157525,180.3275,180.44165,180.6174,180.997125,0,0,0,0,0,0,0,0,0,0,0,0,0,0,0,0,0,0,0,0,0,0,0,0,0,0,0,0,0,0,0,0,0,0,0,0,0,0,0,0,0,0,0,0,0,0,0,0,0,0,0,0,0,0,0,0,0,0,0,0,0,0,0,0,0,0,0,0,0,0,0,0,0,0,0,0,0,0,0,0,0,0,0,0,0,0,0,0,0,0,0,0,0,0,0,0,0,0,0,0,0,0,0,0,0,0,0,0,0,0,0,0,0,0,0,0,0,0,0,0,0,0,0,0,0,0,0,0,0,0,0,0,0,0,0,0,0,0,0,0,0,0,0,0,0,0,0,0,0,0,0,0,0,0,0,0,0,0,0,0,0,0,0,0,0,0,0,0,0,0,0,0,0,0,0,0,0,0,0,0,0,0,0,0,0,0,0,0,0,0,0,0,0,0,0,0,0,0,0,0,0,0,0,0,0,0,0,0,0,0,0,0,0,0,0,0,0,0,0,0,0,0,0,0,0,0,0,0,0,0,0,0,0,0,0,0,0,0,0,0,0,0,0,0,0,0,0,0,0,0,0,0,0,0,0,0,0,0,0,0,0,0,0,0,0,0,0,0,0,0,0,0,0,0,0,0,0,0,0,0,0,0,0,0,0,0,0,0,0,0,0,0,0,0,0,0,0,0,0,0,0,0,0,0,0,0,0,0,0,0,0,0,0,0,0,0,0,0,0,0,0,0,0,0,0,0,0,0,0,0,0,0,0,0,0,0,0,0,0,0,0,0,0,0,0,0,0,0,0,0,0,0,0,0,0,0,0,0,0,0,0,0,0,0,0,0,0,0,0,0,0,0,0,0,0,0,0,0,0,0,0,0,0,0,0,0,0,0,0,0,0,0,0,0,0,0,0,0,0,0,0,0,0,0,0,0
"126",169.857675,169.99695,170.937175,171.925025,172.654575,173.064375,173.8513,175.2648,175.781275,176.298975,178.300825,178.376375,178.949275,179.158675,180.0904,180.11945,180.16135,180.192475,180.23175,180.315625,180.337875,180.438875,180.44565,180.701675,180.845875,180.959725,180.998125,181.070175,181.114325,181.2358,181.51295,182.728675,182.854325,182.9296,182.975125,183.060825,183.1614,183.19575,183.37615,183.459275,183.527975,183.65065,183.718025,183.8884,184.097775,0,0,0,0,0,0,0,0,0,0,0,0,0,0,0,0,0,0,0,0,0,0,0,0,0,0,0,0,0,0,0,0,0,0,0,0,0,0,0,0,0,0,0,0,0,0,0,0,0,0,0,0,0,0,0,0,0,0,0,0,0,0,0,0,0,0,0,0,0,0,0,0,0,0,0,0,0,0,0,0,0,0,0,0,0,0,0,0,0,0,0,0,0,0,0,0,0,0,0,0,0,0,0,0,0,0,0,0,0,0,0,0,0,0,0,0,0,0,0,0,0,0,0,0,0,0,0,0,0,0,0,0,0,0,0,0,0,0,0,0,0,0,0,0,0,0,0,0,0,0,0,0,0,0,0,0,0,0,0,0,0,0,0,0,0,0,0,0,0,0,0,0,0,0,0,0,0,0,0,0,0,0,0,0,0,0,0,0,0,0,0,0,0,0,0,0,0,0,0,0,0,0,0,0,0,0,0,0,0,0,0,0,0,0,0,0,0,0,0,0,0,0,0,0,0,0,0,0,0,0,0,0,0,0,0,0,0,0,0,0,0,0,0,0,0,0,0,0,0,0,0,0,0,0,0,0,0,0,0,0,0,0,0,0,0,0,0,0,0,0,0,0,0,0,0,0,0,0,0,0,0,0,0,0,0,0,0,0,0,0,0,0,0,0,0,0,0,0,0,0,0,0,0,0,0,0,0,0,0,0,0,0,0,0,0,0,0,0,0,0,0,0,0,0,0,0,0,0,0,0,0,0,0,0,0,0,0,0,0,0,0,0,0,0,0,0,0,0,0,0,0,0,0,0,0,0,0,0,0,0,0,0,0,0,0,0,0,0,0,0,0,0,0,0,0,0,0
"127",160.32705,160.559675,161.249025,161.63825,162.11125,162.3779,162.71985,163.07615,163.6274,164.191975,164.328525,164.5627,164.89895,165.276825,165.56465,166.26115,166.466175,166.741075,167.045675,167.555175,167.933575,169.418675,170.117725,170.93225,171.006125,171.01795,171.10155,171.202125,171.237975,171.264275,171.35635,171.3892,171.922,171.948575,172.0052,172.0259,172.061825,172.08055,172.100575,172.182075,172.225075,172.277225,172.289175,172.30905,172.356425,172.3929,172.432675,172.534425,172.5734,172.600525,172.64245,172.7,173.1147,173.171825,173.237575,173.2932,173.40015,173.458675,173.537525,173.57815,174.584625,174.6247,174.69775,174.746275,174.777225,174.83925,174.879825,174.909,175.026425,175.078425,175.728975,176.486325,176.513125,176.56075,176.5878,176.63485,176.681475,176.713475,176.727775,176.806325,176.817825,176.934775,176.957275,176.99045,177.0153,177.113025,178.214225,178.280175,178.314875,178.360425,178.406025,178.435125,178.448425,178.497675,178.5134,178.53555,178.55175,178.636175,178.6876,178.717025,178.782925,178.8015,178.9255,180.160575,180.206875,180.2776,180.45225,180.516,180.551675,180.594625,180.6521,180.7095,180.809625,180.8354,180.8983,180.953675,181.027475,181.095625,181.2369,182.744,182.8859,182.933725,182.9961,183.052175,183.127125,183.170625,183.227075,183.2721,183.3341,183.422625,183.502225,0,0,0,0,0,0,0,0,0,0,0,0,0,0,0,0,0,0,0,0,0,0,0,0,0,0,0,0,0,0,0,0,0,0,0,0,0,0,0,0,0,0,0,0,0,0,0,0,0,0,0,0,0,0,0,0,0,0,0,0,0,0,0,0,0,0,0,0,0,0,0,0,0,0,0,0,0,0,0,0,0,0,0,0,0,0,0,0,0,0,0,0,0,0,0,0,0,0,0,0,0,0,0,0,0,0,0,0,0,0,0,0,0,0,0,0,0,0,0,0,0,0,0,0,0,0,0,0,0,0,0,0,0,0,0,0,0,0,0,0,0,0,0,0,0,0,0,0,0,0,0,0,0,0,0,0,0,0,0,0,0,0,0,0,0,0,0,0,0,0,0,0,0,0,0,0,0,0,0,0,0,0,0,0,0,0,0,0,0,0,0,0,0,0,0,0,0,0,0,0,0,0,0,0,0,0,0,0,0,0,0,0,0,0,0,0,0,0,0,0,0,0,0,0,0,0,0,0,0,0,0,0,0,0,0,0,0,0,0,0,0,0,0,0,0,0,0,0,0,0,0,0,0,0,0,0,0,0,0,0,0,0,0,0,0,0,0,0,0,0,0,0,0,0,0,0,0,0,0,0,0,0,0,0,0,0,0,0,0,0,0
"128",173.489525,175.023825,175.28125,175.81385,0,0,0,0,0,0,0,0,0,0,0,0,0,0,0,0,0,0,0,0,0,0,0,0,0,0,0,0,0,0,0,0,0,0,0,0,0,0,0,0,0,0,0,0,0,0,0,0,0,0,0,0,0,0,0,0,0,0,0,0,0,0,0,0,0,0,0,0,0,0,0,0,0,0,0,0,0,0,0,0,0,0,0,0,0,0,0,0,0,0,0,0,0,0,0,0,0,0,0,0,0,0,0,0,0,0,0,0,0,0,0,0,0,0,0,0,0,0,0,0,0,0,0,0,0,0,0,0,0,0,0,0,0,0,0,0,0,0,0,0,0,0,0,0,0,0,0,0,0,0,0,0,0,0,0,0,0,0,0,0,0,0,0,0,0,0,0,0,0,0,0,0,0,0,0,0,0,0,0,0,0,0,0,0,0,0,0,0,0,0,0,0,0,0,0,0,0,0,0,0,0,0,0,0,0,0,0,0,0,0,0,0,0,0,0,0,0,0,0,0,0,0,0,0,0,0,0,0,0,0,0,0,0,0,0,0,0,0,0,0,0,0,0,0,0,0,0,0,0,0,0,0,0,0,0,0,0,0,0,0,0,0,0,0,0,0,0,0,0,0,0,0,0,0,0,0,0,0,0,0,0,0,0,0,0,0,0,0,0,0,0,0,0,0,0,0,0,0,0,0,0,0,0,0,0,0,0,0,0,0,0,0,0,0,0,0,0,0,0,0,0,0,0,0,0,0,0,0,0,0,0,0,0,0,0,0,0,0,0,0,0,0,0,0,0,0,0,0,0,0,0,0,0,0,0,0,0,0,0,0,0,0,0,0,0,0,0,0,0,0,0,0,0,0,0,0,0,0,0,0,0,0,0,0,0,0,0,0,0,0,0,0,0,0,0,0,0,0,0,0,0,0,0,0,0,0,0,0,0,0,0,0,0,0,0,0,0,0
"129",169.939025,170.6487,170.738125,171.045825,171.127775,171.3176,171.5,171.60855,171.680125,171.72885,171.820525,171.88785,171.986825,172.03035,172.106375,172.1625,172.233225,172.27385,172.366925,172.438775,172.588025,172.70455,172.7278,172.806475,172.832825,172.864875,172.90945,172.95155,173.118475,173.414325,173.491825,173.547175,173.557425,173.611,173.670175,174.010625,174.066325,174.463975,174.67405,174.867175,175.1491,175.192325,175.236025,175.258275,175.31245,175.38785,175.454325,175.50275,175.542225,175.73605,175.7581,175.942725,176.428075,176.460725,176.5033,176.717375,176.746625,176.976925,177.0429,177.086275,177.191775,177.26215,178.658975,178.86595,179.860175,179.9367,180.5808,180.600775,180.621575,180.7831,181.977825,182.870475,183.13685,0,0,0,0,0,0,0,0,0,0,0,0,0,0,0,0,0,0,0,0,0,0,0,0,0,0,0,0,0,0,0,0,0,0,0,0,0,0,0,0,0,0,0,0,0,0,0,0,0,0,0,0,0,0,0,0,0,0,0,0,0,0,0,0,0,0,0,0,0,0,0,0,0,0,0,0,0,0,0,0,0,0,0,0,0,0,0,0,0,0,0,0,0,0,0,0,0,0,0,0,0,0,0,0,0,0,0,0,0,0,0,0,0,0,0,0,0,0,0,0,0,0,0,0,0,0,0,0,0,0,0,0,0,0,0,0,0,0,0,0,0,0,0,0,0,0,0,0,0,0,0,0,0,0,0,0,0,0,0,0,0,0,0,0,0,0,0,0,0,0,0,0,0,0,0,0,0,0,0,0,0,0,0,0,0,0,0,0,0,0,0,0,0,0,0,0,0,0,0,0,0,0,0,0,0,0,0,0,0,0,0,0,0,0,0,0,0,0,0,0,0,0,0,0,0,0,0,0,0,0,0,0,0,0,0,0,0,0,0,0,0,0,0,0,0,0,0,0,0,0,0,0,0,0,0,0,0,0,0,0,0,0,0,0,0,0,0,0,0,0,0,0,0,0,0,0,0,0,0,0,0,0,0,0,0,0,0,0,0,0,0,0,0,0,0,0,0,0,0,0,0,0,0,0,0,0,0,0,0,0,0,0,0,0,0,0,0,0,0,0,0,0,0,0,0,0,0,0,0,0,0,0,0,0,0,0,0,0,0,0,0,0,0,0,0,0,0,0,0
"130",160.252425,160.742175,161.27125,163.20065,163.5371,165.0413,165.9411,167.026225,167.9516,168.39785,169.20425,169.8167,169.9205,169.970975,170.050175,170.1059,170.1335,170.158075,170.185625,170.2086,170.252925,170.269425,170.2916,170.35105,170.465425,170.487625,170.516275,170.55085,170.5879,170.636425,171.52735,171.564475,176.23745,177.836725,177.921225,178.002575,179.47375,179.715975,182.0022,182.1008,182.19475,183.833275,184.006,184.26615,184.49925,184.660475,184.991075,186.911075,195.731625,196.693625,196.95085,197.3822,0,0,0,0,0,0,0,0,0,0,0,0,0,0,0,0,0,0,0,0,0,0,0,0,0,0,0,0,0,0,0,0,0,0,0,0,0,0,0,0,0,0,0,0,0,0,0,0,0,0,0,0,0,0,0,0,0,0,0,0,0,0,0,0,0,0,0,0,0,0,0,0,0,0,0,0,0,0,0,0,0,0,0,0,0,0,0,0,0,0,0,0,0,0,0,0,0,0,0,0,0,0,0,0,0,0,0,0,0,0,0,0,0,0,0,0,0,0,0,0,0,0,0,0,0,0,0,0,0,0,0,0,0,0,0,0,0,0,0,0,0,0,0,0,0,0,0,0,0,0,0,0,0,0,0,0,0,0,0,0,0,0,0,0,0,0,0,0,0,0,0,0,0,0,0,0,0,0,0,0,0,0,0,0,0,0,0,0,0,0,0,0,0,0,0,0,0,0,0,0,0,0,0,0,0,0,0,0,0,0,0,0,0,0,0,0,0,0,0,0,0,0,0,0,0,0,0,0,0,0,0,0,0,0,0,0,0,0,0,0,0,0,0,0,0,0,0,0,0,0,0,0,0,0,0,0,0,0,0,0,0,0,0,0,0,0,0,0,0,0,0,0,0,0,0,0,0,0,0,0,0,0,0,0,0,0,0,0,0,0,0,0,0,0,0,0,0,0,0,0,0,0,0,0,0,0,0,0,0,0,0,0,0,0,0,0,0,0,0,0,0,0,0,0,0,0,0,0,0,0,0,0,0,0,0,0,0,0,0,0,0,0,0,0,0,0,0,0,0,0,0,0,0,0,0,0,0,0,0,0,0,0,0,0,0,0,0,0,0,0
"131",160.35215,160.706025,160.96515,161.352775,162.7458,163.145425,166.96705,167.7896,169.56575,171.0443,171.45885,173.212075,173.247225,173.815875,173.87295,174.1826,174.30845,174.956775,175.06565,175.415325,175.4754,176.788425,177.470475,177.545625,178.630375,179.06275,179.3134,180.348725,180.698275,180.89305,181.239125,181.307125,181.547675,182.485325,183.26405,184.306325,185.167975,185.76735,186.09925,186.2037,186.410025,187.6063,188.6011,188.6439,188.7933,189.0663,189.487025,190.1035,190.351325,190.872275,191.0222,191.285625,192.430925,193.125875,195.04975,195.167875,195.239,195.436125,196.33875,196.517975,196.771225,196.9045,197.136325,0,0,0,0,0,0,0,0,0,0,0,0,0,0,0,0,0,0,0,0,0,0,0,0,0,0,0,0,0,0,0,0,0,0,0,0,0,0,0,0,0,0,0,0,0,0,0,0,0,0,0,0,0,0,0,0,0,0,0,0,0,0,0,0,0,0,0,0,0,0,0,0,0,0,0,0,0,0,0,0,0,0,0,0,0,0,0,0,0,0,0,0,0,0,0,0,0,0,0,0,0,0,0,0,0,0,0,0,0,0,0,0,0,0,0,0,0,0,0,0,0,0,0,0,0,0,0,0,0,0,0,0,0,0,0,0,0,0,0,0,0,0,0,0,0,0,0,0,0,0,0,0,0,0,0,0,0,0,0,0,0,0,0,0,0,0,0,0,0,0,0,0,0,0,0,0,0,0,0,0,0,0,0,0,0,0,0,0,0,0,0,0,0,0,0,0,0,0,0,0,0,0,0,0,0,0,0,0,0,0,0,0,0,0,0,0,0,0,0,0,0,0,0,0,0,0,0,0,0,0,0,0,0,0,0,0,0,0,0,0,0,0,0,0,0,0,0,0,0,0,0,0,0,0,0,0,0,0,0,0,0,0,0,0,0,0,0,0,0,0,0,0,0,0,0,0,0,0,0,0,0,0,0,0,0,0,0,0,0,0,0,0,0,0,0,0,0,0,0,0,0,0,0,0,0,0,0,0,0,0,0,0,0,0,0,0,0,0,0,0,0,0,0,0,0,0,0,0,0,0,0,0,0,0,0,0,0,0,0,0,0,0,0,0,0,0,0,0,0,0,0,0,0,0,0,0,0,0,0
"132",171.17145,171.2473,172.04295,172.071275,172.093525,172.152175,172.2866,172.3446,172.35955,172.514075,172.532825,172.53675,172.563475,173.5976,173.93325,174.842225,175.828575,176.7547,176.836775,177.0233,177.057,177.19705,0,0,0,0,0,0,0,0,0,0,0,0,0,0,0,0,0,0,0,0,0,0,0,0,0,0,0,0,0,0,0,0,0,0,0,0,0,0,0,0,0,0,0,0,0,0,0,0,0,0,0,0,0,0,0,0,0,0,0,0,0,0,0,0,0,0,0,0,0,0,0,0,0,0,0,0,0,0,0,0,0,0,0,0,0,0,0,0,0,0,0,0,0,0,0,0,0,0,0,0,0,0,0,0,0,0,0,0,0,0,0,0,0,0,0,0,0,0,0,0,0,0,0,0,0,0,0,0,0,0,0,0,0,0,0,0,0,0,0,0,0,0,0,0,0,0,0,0,0,0,0,0,0,0,0,0,0,0,0,0,0,0,0,0,0,0,0,0,0,0,0,0,0,0,0,0,0,0,0,0,0,0,0,0,0,0,0,0,0,0,0,0,0,0,0,0,0,0,0,0,0,0,0,0,0,0,0,0,0,0,0,0,0,0,0,0,0,0,0,0,0,0,0,0,0,0,0,0,0,0,0,0,0,0,0,0,0,0,0,0,0,0,0,0,0,0,0,0,0,0,0,0,0,0,0,0,0,0,0,0,0,0,0,0,0,0,0,0,0,0,0,0,0,0,0,0,0,0,0,0,0,0,0,0,0,0,0,0,0,0,0,0,0,0,0,0,0,0,0,0,0,0,0,0,0,0,0,0,0,0,0,0,0,0,0,0,0,0,0,0,0,0,0,0,0,0,0,0,0,0,0,0,0,0,0,0,0,0,0,0,0,0,0,0,0,0,0,0,0,0,0,0,0,0,0,0,0,0,0,0,0,0,0,0,0,0,0,0,0,0,0,0,0,0,0,0,0,0,0,0,0,0,0,0,0,0,0,0,0,0,0,0,0,0,0,0,0,0,0,0
"133",160.641375,160.8574,160.952175,161.72485,161.8405,161.946425,162.279975,162.9539,164.79525,164.849925,164.97875,165.037025,165.169575,165.988275,166.931675,167.37355,167.408025,167.984175,168.168525,168.913025,169.35685,169.501625,169.54785,169.6416,169.671675,169.773175,170.65435,170.725475,170.77185,171.011425,171.11825,171.199875,171.34335,171.715125,171.767825,171.88675,171.91125,171.97855,172.11025,172.664975,172.882775,172.95955,173.026125,173.265225,173.2785,173.3892,173.6364,173.6493,173.717,174.401925,174.497425,174.6515,174.666075,174.6913,174.82565,175.087225,175.09735,175.2301,175.81345,176.068025,176.185,176.5564,177.007625,177.45245,177.64065,178.05895,178.114925,178.151925,178.30105,178.3134,178.395725,178.6731,178.751575,178.7742,178.939575,178.982275,180.090375,180.12635,180.17735,180.55115,182.566925,183.046975,183.196825,192.6533,195.02645,195.30115,197.3302,198.0108,198.316525,0,0,0,0,0,0,0,0,0,0,0,0,0,0,0,0,0,0,0,0,0,0,0,0,0,0,0,0,0,0,0,0,0,0,0,0,0,0,0,0,0,0,0,0,0,0,0,0,0,0,0,0,0,0,0,0,0,0,0,0,0,0,0,0,0,0,0,0,0,0,0,0,0,0,0,0,0,0,0,0,0,0,0,0,0,0,0,0,0,0,0,0,0,0,0,0,0,0,0,0,0,0,0,0,0,0,0,0,0,0,0,0,0,0,0,0,0,0,0,0,0,0,0,0,0,0,0,0,0,0,0,0,0,0,0,0,0,0,0,0,0,0,0,0,0,0,0,0,0,0,0,0,0,0,0,0,0,0,0,0,0,0,0,0,0,0,0,0,0,0,0,0,0,0,0,0,0,0,0,0,0,0,0,0,0,0,0,0,0,0,0,0,0,0,0,0,0,0,0,0,0,0,0,0,0,0,0,0,0,0,0,0,0,0,0,0,0,0,0,0,0,0,0,0,0,0,0,0,0,0,0,0,0,0,0,0,0,0,0,0,0,0,0,0,0,0,0,0,0,0,0,0,0,0,0,0,0,0,0,0,0,0,0,0,0,0,0,0,0,0,0,0,0,0,0,0,0,0,0,0,0,0,0,0,0,0,0,0,0,0,0,0,0,0,0,0,0,0,0,0,0,0,0,0,0,0,0,0,0,0,0,0,0,0,0,0,0,0,0,0,0,0,0,0,0,0,0,0,0,0,0,0,0
"134",172.57705,173.102725,173.993875,174.40355,174.493075,174.565025,174.6796,175.10225,175.2231,175.3171,175.4027,175.46015,175.886925,176.35575,176.4231,176.542525,176.645025,177.226225,177.27765,177.449775,178.45245,179.0519,0,0,0,0,0,0,0,0,0,0,0,0,0,0,0,0,0,0,0,0,0,0,0,0,0,0,0,0,0,0,0,0,0,0,0,0,0,0,0,0,0,0,0,0,0,0,0,0,0,0,0,0,0,0,0,0,0,0,0,0,0,0,0,0,0,0,0,0,0,0,0,0,0,0,0,0,0,0,0,0,0,0,0,0,0,0,0,0,0,0,0,0,0,0,0,0,0,0,0,0,0,0,0,0,0,0,0,0,0,0,0,0,0,0,0,0,0,0,0,0,0,0,0,0,0,0,0,0,0,0,0,0,0,0,0,0,0,0,0,0,0,0,0,0,0,0,0,0,0,0,0,0,0,0,0,0,0,0,0,0,0,0,0,0,0,0,0,0,0,0,0,0,0,0,0,0,0,0,0,0,0,0,0,0,0,0,0,0,0,0,0,0,0,0,0,0,0,0,0,0,0,0,0,0,0,0,0,0,0,0,0,0,0,0,0,0,0,0,0,0,0,0,0,0,0,0,0,0,0,0,0,0,0,0,0,0,0,0,0,0,0,0,0,0,0,0,0,0,0,0,0,0,0,0,0,0,0,0,0,0,0,0,0,0,0,0,0,0,0,0,0,0,0,0,0,0,0,0,0,0,0,0,0,0,0,0,0,0,0,0,0,0,0,0,0,0,0,0,0,0,0,0,0,0,0,0,0,0,0,0,0,0,0,0,0,0,0,0,0,0,0,0,0,0,0,0,0,0,0,0,0,0,0,0,0,0,0,0,0,0,0,0,0,0,0,0,0,0,0,0,0,0,0,0,0,0,0,0,0,0,0,0,0,0,0,0,0,0,0,0,0,0,0,0,0,0,0,0,0,0,0,0,0,0,0,0,0,0,0,0,0,0,0,0,0,0,0,0,0,0
"135",172.166,172.23035,172.49985,172.5992,172.657475,173.331425,173.440275,173.462525,173.480275,173.576625,173.869975,174.0595,174.11735,174.740725,174.819575,174.87215,174.9098,174.94535,175.793775,175.8435,175.886175,175.977225,176.783075,176.925575,176.9882,177.100975,177.135125,177.160525,177.18535,178.4684,178.549975,178.643825,178.7397,180.952525,0,0,0,0,0,0,0,0,0,0,0,0,0,0,0,0,0,0,0,0,0,0,0,0,0,0,0,0,0,0,0,0,0,0,0,0,0,0,0,0,0,0,0,0,0,0,0,0,0,0,0,0,0,0,0,0,0,0,0,0,0,0,0,0,0,0,0,0,0,0,0,0,0,0,0,0,0,0,0,0,0,0,0,0,0,0,0,0,0,0,0,0,0,0,0,0,0,0,0,0,0,0,0,0,0,0,0,0,0,0,0,0,0,0,0,0,0,0,0,0,0,0,0,0,0,0,0,0,0,0,0,0,0,0,0,0,0,0,0,0,0,0,0,0,0,0,0,0,0,0,0,0,0,0,0,0,0,0,0,0,0,0,0,0,0,0,0,0,0,0,0,0,0,0,0,0,0,0,0,0,0,0,0,0,0,0,0,0,0,0,0,0,0,0,0,0,0,0,0,0,0,0,0,0,0,0,0,0,0,0,0,0,0,0,0,0,0,0,0,0,0,0,0,0,0,0,0,0,0,0,0,0,0,0,0,0,0,0,0,0,0,0,0,0,0,0,0,0,0,0,0,0,0,0,0,0,0,0,0,0,0,0,0,0,0,0,0,0,0,0,0,0,0,0,0,0,0,0,0,0,0,0,0,0,0,0,0,0,0,0,0,0,0,0,0,0,0,0,0,0,0,0,0,0,0,0,0,0,0,0,0,0,0,0,0,0,0,0,0,0,0,0,0,0,0,0,0,0,0,0,0,0,0,0,0,0,0,0,0,0,0,0,0,0,0,0,0,0,0,0,0,0,0,0,0,0,0,0,0,0,0,0,0,0,0,0,0,0,0,0,0,0,0,0,0,0,0,0,0,0,0,0,0,0,0,0,0,0
"136",172.517975,172.647025,173.7394,175.804225,175.88745,175.917375,175.939975,177.053825,177.1534,177.18745,177.1886,177.225325,177.252025,177.3142,178.460025,0,0,0,0,0,0,0,0,0,0,0,0,0,0,0,0,0,0,0,0,0,0,0,0,0,0,0,0,0,0,0,0,0,0,0,0,0,0,0,0,0,0,0,0,0,0,0,0,0,0,0,0,0,0,0,0,0,0,0,0,0,0,0,0,0,0,0,0,0,0,0,0,0,0,0,0,0,0,0,0,0,0,0,0,0,0,0,0,0,0,0,0,0,0,0,0,0,0,0,0,0,0,0,0,0,0,0,0,0,0,0,0,0,0,0,0,0,0,0,0,0,0,0,0,0,0,0,0,0,0,0,0,0,0,0,0,0,0,0,0,0,0,0,0,0,0,0,0,0,0,0,0,0,0,0,0,0,0,0,0,0,0,0,0,0,0,0,0,0,0,0,0,0,0,0,0,0,0,0,0,0,0,0,0,0,0,0,0,0,0,0,0,0,0,0,0,0,0,0,0,0,0,0,0,0,0,0,0,0,0,0,0,0,0,0,0,0,0,0,0,0,0,0,0,0,0,0,0,0,0,0,0,0,0,0,0,0,0,0,0,0,0,0,0,0,0,0,0,0,0,0,0,0,0,0,0,0,0,0,0,0,0,0,0,0,0,0,0,0,0,0,0,0,0,0,0,0,0,0,0,0,0,0,0,0,0,0,0,0,0,0,0,0,0,0,0,0,0,0,0,0,0,0,0,0,0,0,0,0,0,0,0,0,0,0,0,0,0,0,0,0,0,0,0,0,0,0,0,0,0,0,0,0,0,0,0,0,0,0,0,0,0,0,0,0,0,0,0,0,0,0,0,0,0,0,0,0,0,0,0,0,0,0,0,0,0,0,0,0,0,0,0,0,0,0,0,0,0,0,0,0,0,0,0,0,0,0,0,0,0,0,0,0,0,0,0,0,0,0,0,0,0,0,0,0,0,0
"137",171.06495,172.202225,172.4826,173.25445,173.36405,175.86215,176.6569,176.770375,176.84275,178.474425,178.616575,178.7041,178.730125,178.7561,0,0,0,0,0,0,0,0,0,0,0,0,0,0,0,0,0,0,0,0,0,0,0,0,0,0,0,0,0,0,0,0,0,0,0,0,0,0,0,0,0,0,0,0,0,0,0,0,0,0,0,0,0,0,0,0,0,0,0,0,0,0,0,0,0,0,0,0,0,0,0,0,0,0,0,0,0,0,0,0,0,0,0,0,0,0,0,0,0,0,0,0,0,0,0,0,0,0,0,0,0,0,0,0,0,0,0,0,0,0,0,0,0,0,0,0,0,0,0,0,0,0,0,0,0,0,0,0,0,0,0,0,0,0,0,0,0,0,0,0,0,0,0,0,0,0,0,0,0,0,0,0,0,0,0,0,0,0,0,0,0,0,0,0,0,0,0,0,0,0,0,0,0,0,0,0,0,0,0,0,0,0,0,0,0,0,0,0,0,0,0,0,0,0,0,0,0,0,0,0,0,0,0,0,0,0,0,0,0,0,0,0,0,0,0,0,0,0,0,0,0,0,0,0,0,0,0,0,0,0,0,0,0,0,0,0,0,0,0,0,0,0,0,0,0,0,0,0,0,0,0,0,0,0,0,0,0,0,0,0,0,0,0,0,0,0,0,0,0,0,0,0,0,0,0,0,0,0,0,0,0,0,0,0,0,0,0,0,0,0,0,0,0,0,0,0,0,0,0,0,0,0,0,0,0,0,0,0,0,0,0,0,0,0,0,0,0,0,0,0,0,0,0,0,0,0,0,0,0,0,0,0,0,0,0,0,0,0,0,0,0,0,0,0,0,0,0,0,0,0,0,0,0,0,0,0,0,0,0,0,0,0,0,0,0,0,0,0,0,0,0,0,0,0,0,0,0,0,0,0,0,0,0,0,0,0,0,0,0,0,0,0,0,0,0,0,0,0,0,0,0,0,0,0,0,0,0,0
"138",171.378025,182.149425,184.749625,185.62715,185.82005,186.1525,187.60005,190.68775,193.962025,196.049275,197.336675,0,0,0,0,0,0,0,0,0,0,0,0,0,0,0,0,0,0,0,0,0,0,0,0,0,0,0,0,0,0,0,0,0,0,0,0,0,0,0,0,0,0,0,0,0,0,0,0,0,0,0,0,0,0,0,0,0,0,0,0,0,0,0,0,0,0,0,0,0,0,0,0,0,0,0,0,0,0,0,0,0,0,0,0,0,0,0,0,0,0,0,0,0,0,0,0,0,0,0,0,0,0,0,0,0,0,0,0,0,0,0,0,0,0,0,0,0,0,0,0,0,0,0,0,0,0,0,0,0,0,0,0,0,0,0,0,0,0,0,0,0,0,0,0,0,0,0,0,0,0,0,0,0,0,0,0,0,0,0,0,0,0,0,0,0,0,0,0,0,0,0,0,0,0,0,0,0,0,0,0,0,0,0,0,0,0,0,0,0,0,0,0,0,0,0,0,0,0,0,0,0,0,0,0,0,0,0,0,0,0,0,0,0,0,0,0,0,0,0,0,0,0,0,0,0,0,0,0,0,0,0,0,0,0,0,0,0,0,0,0,0,0,0,0,0,0,0,0,0,0,0,0,0,0,0,0,0,0,0,0,0,0,0,0,0,0,0,0,0,0,0,0,0,0,0,0,0,0,0,0,0,0,0,0,0,0,0,0,0,0,0,0,0,0,0,0,0,0,0,0,0,0,0,0,0,0,0,0,0,0,0,0,0,0,0,0,0,0,0,0,0,0,0,0,0,0,0,0,0,0,0,0,0,0,0,0,0,0,0,0,0,0,0,0,0,0,0,0,0,0,0,0,0,0,0,0,0,0,0,0,0,0,0,0,0,0,0,0,0,0,0,0,0,0,0,0,0,0,0,0,0,0,0,0,0,0,0,0,0,0,0,0,0,0,0,0,0,0,0,0,0,0,0,0,0,0,0,0,0,0,0
"139",172.20905,173.924825,192.620275,0,0,0,0,0,0,0,0,0,0,0,0,0,0,0,0,0,0,0,0,0,0,0,0,0,0,0,0,0,0,0,0,0,0,0,0,0,0,0,0,0,0,0,0,0,0,0,0,0,0,0,0,0,0,0,0,0,0,0,0,0,0,0,0,0,0,0,0,0,0,0,0,0,0,0,0,0,0,0,0,0,0,0,0,0,0,0,0,0,0,0,0,0,0,0,0,0,0,0,0,0,0,0,0,0,0,0,0,0,0,0,0,0,0,0,0,0,0,0,0,0,0,0,0,0,0,0,0,0,0,0,0,0,0,0,0,0,0,0,0,0,0,0,0,0,0,0,0,0,0,0,0,0,0,0,0,0,0,0,0,0,0,0,0,0,0,0,0,0,0,0,0,0,0,0,0,0,0,0,0,0,0,0,0,0,0,0,0,0,0,0,0,0,0,0,0,0,0,0,0,0,0,0,0,0,0,0,0,0,0,0,0,0,0,0,0,0,0,0,0,0,0,0,0,0,0,0,0,0,0,0,0,0,0,0,0,0,0,0,0,0,0,0,0,0,0,0,0,0,0,0,0,0,0,0,0,0,0,0,0,0,0,0,0,0,0,0,0,0,0,0,0,0,0,0,0,0,0,0,0,0,0,0,0,0,0,0,0,0,0,0,0,0,0,0,0,0,0,0,0,0,0,0,0,0,0,0,0,0,0,0,0,0,0,0,0,0,0,0,0,0,0,0,0,0,0,0,0,0,0,0,0,0,0,0,0,0,0,0,0,0,0,0,0,0,0,0,0,0,0,0,0,0,0,0,0,0,0,0,0,0,0,0,0,0,0,0,0,0,0,0,0,0,0,0,0,0,0,0,0,0,0,0,0,0,0,0,0,0,0,0,0,0,0,0,0,0,0,0,0,0,0,0,0,0,0,0,0,0,0,0,0,0,0,0,0,0,0,0
"140",172.01775,172.12195,172.1378,172.163825,172.21115,172.235175,172.26365,172.282275,172.30375,172.321875,172.407075,172.43165,172.605025,173.482875,173.8195,175.8666,176.842025,176.880875,176.928,176.96125,176.99405,177.088975,178.678775,178.75665,0,0,0,0,0,0,0,0,0,0,0,0,0,0,0,0,0,0,0,0,0,0,0,0,0,0,0,0,0,0,0,0,0,0,0,0,0,0,0,0,0,0,0,0,0,0,0,0,0,0,0,0,0,0,0,0,0,0,0,0,0,0,0,0,0,0,0,0,0,0,0,0,0,0,0,0,0,0,0,0,0,0,0,0,0,0,0,0,0,0,0,0,0,0,0,0,0,0,0,0,0,0,0,0,0,0,0,0,0,0,0,0,0,0,0,0,0,0,0,0,0,0,0,0,0,0,0,0,0,0,0,0,0,0,0,0,0,0,0,0,0,0,0,0,0,0,0,0,0,0,0,0,0,0,0,0,0,0,0,0,0,0,0,0,0,0,0,0,0,0,0,0,0,0,0,0,0,0,0,0,0,0,0,0,0,0,0,0,0,0,0,0,0,0,0,0,0,0,0,0,0,0,0,0,0,0,0,0,0,0,0,0,0,0,0,0,0,0,0,0,0,0,0,0,0,0,0,0,0,0,0,0,0,0,0,0,0,0,0,0,0,0,0,0,0,0,0,0,0,0,0,0,0,0,0,0,0,0,0,0,0,0,0,0,0,0,0,0,0,0,0,0,0,0,0,0,0,0,0,0,0,0,0,0,0,0,0,0,0,0,0,0,0,0,0,0,0,0,0,0,0,0,0,0,0,0,0,0,0,0,0,0,0,0,0,0,0,0,0,0,0,0,0,0,0,0,0,0,0,0,0,0,0,0,0,0,0,0,0,0,0,0,0,0,0,0,0,0,0,0,0,0,0,0,0,0,0,0,0,0,0,0,0,0,0,0,0,0,0,0,0,0,0,0,0,0,0,0,0,0,0,0,0,0,0,0,0,0,0,0,0,0,0,0,0,0,0,0
"141",170.556775,170.744375,171.4156,171.8815,172.490325,173.476375,173.6995,173.80355,173.89275,173.9783,174.0362,174.0788,174.100925,174.144525,174.17725,174.21435,174.234075,175.14865,175.2661,175.38115,175.430075,175.450475,175.652175,175.723675,175.7846,175.817625,175.845375,175.863975,175.9432,175.955975,175.9758,175.98905,176.023025,176.0555,176.083175,176.12845,176.200775,177.1021,177.1686,177.488325,177.601375,178.94075,179.02475,179.145575,180.27955,180.812625,0,0,0,0,0,0,0,0,0,0,0,0,0,0,0,0,0,0,0,0,0,0,0,0,0,0,0,0,0,0,0,0,0,0,0,0,0,0,0,0,0,0,0,0,0,0,0,0,0,0,0,0,0,0,0,0,0,0,0,0,0,0,0,0,0,0,0,0,0,0,0,0,0,0,0,0,0,0,0,0,0,0,0,0,0,0,0,0,0,0,0,0,0,0,0,0,0,0,0,0,0,0,0,0,0,0,0,0,0,0,0,0,0,0,0,0,0,0,0,0,0,0,0,0,0,0,0,0,0,0,0,0,0,0,0,0,0,0,0,0,0,0,0,0,0,0,0,0,0,0,0,0,0,0,0,0,0,0,0,0,0,0,0,0,0,0,0,0,0,0,0,0,0,0,0,0,0,0,0,0,0,0,0,0,0,0,0,0,0,0,0,0,0,0,0,0,0,0,0,0,0,0,0,0,0,0,0,0,0,0,0,0,0,0,0,0,0,0,0,0,0,0,0,0,0,0,0,0,0,0,0,0,0,0,0,0,0,0,0,0,0,0,0,0,0,0,0,0,0,0,0,0,0,0,0,0,0,0,0,0,0,0,0,0,0,0,0,0,0,0,0,0,0,0,0,0,0,0,0,0,0,0,0,0,0,0,0,0,0,0,0,0,0,0,0,0,0,0,0,0,0,0,0,0,0,0,0,0,0,0,0,0,0,0,0,0,0,0,0,0,0,0,0,0,0,0,0,0,0,0,0,0,0,0,0,0,0,0,0,0,0,0,0,0,0,0,0,0,0,0,0,0,0,0,0,0,0,0,0,0,0,0,0,0,0,0,0,0,0,0,0,0,0,0,0,0
"142",171.912225,171.968325,172.024825,172.0638,172.09055,172.126425,172.147575,172.182525,172.294625,172.336875,172.37805,172.62875,173.150375,173.198525,173.228075,173.30675,173.318175,173.36185,173.3825,173.42065,173.435,173.478425,173.49555,173.52795,173.63055,173.66835,173.69565,174.53615,174.562075,174.64225,174.6638,174.738375,174.7967,174.81675,174.841375,174.8951,174.9119,174.95345,175.0729,175.08725,175.11775,175.13315,175.15925,175.18985,175.21745,175.234275,175.251975,175.279175,175.338475,175.369875,175.424575,175.4481,175.476175,176.4737,176.552725,176.721175,176.7587,176.7974,176.8589,176.880575,176.893925,176.926125,176.9828,177.052275,177.124625,177.180625,177.209375,177.236925,177.299075,177.364875,178.39155,178.5055,178.538925,178.569325,178.617325,178.641225,178.678,178.7494,178.777575,178.8059,178.8415,178.86765,178.8854,178.94815,180.455825,180.720175,180.820125,0,0,0,0,0,0,0,0,0,0,0,0,0,0,0,0,0,0,0,0,0,0,0,0,0,0,0,0,0,0,0,0,0,0,0,0,0,0,0,0,0,0,0,0,0,0,0,0,0,0,0,0,0,0,0,0,0,0,0,0,0,0,0,0,0,0,0,0,0,0,0,0,0,0,0,0,0,0,0,0,0,0,0,0,0,0,0,0,0,0,0,0,0,0,0,0,0,0,0,0,0,0,0,0,0,0,0,0,0,0,0,0,0,0,0,0,0,0,0,0,0,0,0,0,0,0,0,0,0,0,0,0,0,0,0,0,0,0,0,0,0,0,0,0,0,0,0,0,0,0,0,0,0,0,0,0,0,0,0,0,0,0,0,0,0,0,0,0,0,0,0,0,0,0,0,0,0,0,0,0,0,0,0,0,0,0,0,0,0,0,0,0,0,0,0,0,0,0,0,0,0,0,0,0,0,0,0,0,0,0,0,0,0,0,0,0,0,0,0,0,0,0,0,0,0,0,0,0,0,0,0,0,0,0,0,0,0,0,0,0,0,0,0,0,0,0,0,0,0,0,0,0,0,0,0,0,0,0,0,0,0,0,0,0,0,0,0,0,0,0,0,0,0,0,0,0,0,0,0,0,0,0,0,0,0,0,0,0,0,0,0,0,0,0,0,0,0,0,0,0,0,0,0,0,0,0,0,0,0,0,0,0,0,0,0,0,0,0,0,0,0,0,0,0,0,0,0,0,0,0,0,0,0,0,0
"143",160.1773,160.613775,162.30315,164.877125,165.68505,166.65205,167.82975,170.189225,170.34085,170.43185,170.904975,171.078075,171.1282,171.171625,171.265925,171.351225,171.404775,171.473775,171.67265,172.01535,172.02225,172.03285,172.08575,172.1179,172.1533,172.170475,172.198075,172.232025,172.25535,172.291525,172.30285,172.36355,172.373175,172.4195,172.471375,172.495,172.5179,172.55435,172.582475,172.59745,172.6249,172.686375,172.717475,172.821975,173.253075,173.283325,173.30755,173.320725,173.3735,173.444075,173.445425,173.47045,173.5078,173.520025,173.58375,173.59995,173.68695,173.81615,173.8585,173.9011,173.9685,173.99605,174.017475,174.0906,174.117325,174.306375,174.425075,174.4488,174.546475,174.564175,174.6016,174.63115,174.647675,174.677075,174.7305,174.752925,174.823675,174.8477,174.866525,174.8966,174.94615,175.041825,175.127225,175.17135,175.201525,175.22255,175.28275,175.51895,175.5442,175.5627,175.6926,175.730675,175.785525,175.806775,175.823425,175.847975,175.9334,176.384775,176.5296,176.57115,176.602,176.65855,176.686875,176.699125,176.717325,176.72835,176.762625,176.83655,176.8541,176.903275,176.920925,176.933925,176.96225,176.9843,176.996575,177.013175,177.04215,177.0669,177.086525,177.117275,177.20805,177.23635,177.29215,177.4067,177.465975,177.518625,177.575775,177.618325,178.22345,178.35035,178.389175,178.4048,178.449075,178.4735,178.47425,178.519775,178.558375,178.570625,178.585325,178.60955,178.6198,178.64535,178.68675,178.719275,178.731025,178.82215,178.84925,178.9062,179.023175,179.099675,179.3811,180.03165,180.06385,180.13755,180.2331,180.275925,180.39705,180.47715,180.54635,180.606725,180.652425,180.7326,180.79025,180.84795,180.868775,180.962425,181.04735,182.400175,182.48555,182.58735,183.050625,183.25385,183.291275,183.3836,183.5779,0,0,0,0,0,0,0,0,0,0,0,0,0,0,0,0,0,0,0,0,0,0,0,0,0,0,0,0,0,0,0,0,0,0,0,0,0,0,0,0,0,0,0,0,0,0,0,0,0,0,0,0,0,0,0,0,0,0,0,0,0,0,0,0,0,0,0,0,0,0,0,0,0,0,0,0,0,0,0,0,0,0,0,0,0,0,0,0,0,0,0,0,0,0,0,0,0,0,0,0,0,0,0,0,0,0,0,0,0,0,0,0,0,0,0,0,0,0,0,0,0,0,0,0,0,0,0,0,0,0,0,0,0,0,0,0,0,0,0,0,0,0,0,0,0,0,0,0,0,0,0,0,0,0,0,0,0,0,0,0,0,0,0,0,0,0,0,0,0,0,0,0,0,0,0,0,0,0,0,0,0,0,0,0,0,0,0,0,0,0,0,0,0,0,0,0,0,0,0,0,0,0,0,0,0,0,0,0,0,0,0,0,0,0,0,0,0,0,0,0,0,0,0,0,0,0,0,0,0,0,0,0,0,0,0,0,0,0,0,0,0,0,0,0,0,0,0
"144",160.443975,161.3248,162.015125,164.407025,164.72495,165.054025,166.328475,167.634075,169.03635,178.398675,183.86065,184.342,185.065025,185.42635,185.6802,185.905775,186.185225,186.408475,186.828475,187.149625,187.4124,187.830125,187.92995,188.219275,188.5091,188.8412,189.2426,189.534425,189.83905,190.45305,190.650275,190.881775,191.16005,191.39075,191.54935,191.772925,191.99375,192.141875,193.020275,193.429,194.06245,194.825175,195.183575,195.31775,195.344125,195.930225,196.0495,196.280925,196.5039,197.5367,197.800225,198.08325,198.274375,0,0,0,0,0,0,0,0,0,0,0,0,0,0,0,0,0,0,0,0,0,0,0,0,0,0,0,0,0,0,0,0,0,0,0,0,0,0,0,0,0,0,0,0,0,0,0,0,0,0,0,0,0,0,0,0,0,0,0,0,0,0,0,0,0,0,0,0,0,0,0,0,0,0,0,0,0,0,0,0,0,0,0,0,0,0,0,0,0,0,0,0,0,0,0,0,0,0,0,0,0,0,0,0,0,0,0,0,0,0,0,0,0,0,0,0,0,0,0,0,0,0,0,0,0,0,0,0,0,0,0,0,0,0,0,0,0,0,0,0,0,0,0,0,0,0,0,0,0,0,0,0,0,0,0,0,0,0,0,0,0,0,0,0,0,0,0,0,0,0,0,0,0,0,0,0,0,0,0,0,0,0,0,0,0,0,0,0,0,0,0,0,0,0,0,0,0,0,0,0,0,0,0,0,0,0,0,0,0,0,0,0,0,0,0,0,0,0,0,0,0,0,0,0,0,0,0,0,0,0,0,0,0,0,0,0,0,0,0,0,0,0,0,0,0,0,0,0,0,0,0,0,0,0,0,0,0,0,0,0,0,0,0,0,0,0,0,0,0,0,0,0,0,0,0,0,0,0,0,0,0,0,0,0,0,0,0,0,0,0,0,0,0,0,0,0,0,0,0,0,0,0,0,0,0,0,0,0,0,0,0,0,0,0,0,0,0,0,0,0,0,0,0,0,0,0,0,0,0,0,0,0,0,0,0,0,0,0,0,0,0,0,0,0,0,0,0,0,0,0,0,0,0,0,0,0,0,0,0,0,0,0,0,0,0,0,0,0,0
"145",169.470525,169.4746,169.4833,169.492325,169.501425,169.533475,170.7453,170.791125,170.816025,171.2077,172.04965,173.246125,173.292425,173.33405,174.505275,175.020675,176.472925,176.48305,176.783625,178.265025,178.276675,178.8169,182.64405,182.847125,187.709125,0,0,0,0,0,0,0,0,0,0,0,0,0,0,0,0,0,0,0,0,0,0,0,0,0,0,0,0,0,0,0,0,0,0,0,0,0,0,0,0,0,0,0,0,0,0,0,0,0,0,0,0,0,0,0,0,0,0,0,0,0,0,0,0,0,0,0,0,0,0,0,0,0,0,0,0,0,0,0,0,0,0,0,0,0,0,0,0,0,0,0,0,0,0,0,0,0,0,0,0,0,0,0,0,0,0,0,0,0,0,0,0,0,0,0,0,0,0,0,0,0,0,0,0,0,0,0,0,0,0,0,0,0,0,0,0,0,0,0,0,0,0,0,0,0,0,0,0,0,0,0,0,0,0,0,0,0,0,0,0,0,0,0,0,0,0,0,0,0,0,0,0,0,0,0,0,0,0,0,0,0,0,0,0,0,0,0,0,0,0,0,0,0,0,0,0,0,0,0,0,0,0,0,0,0,0,0,0,0,0,0,0,0,0,0,0,0,0,0,0,0,0,0,0,0,0,0,0,0,0,0,0,0,0,0,0,0,0,0,0,0,0,0,0,0,0,0,0,0,0,0,0,0,0,0,0,0,0,0,0,0,0,0,0,0,0,0,0,0,0,0,0,0,0,0,0,0,0,0,0,0,0,0,0,0,0,0,0,0,0,0,0,0,0,0,0,0,0,0,0,0,0,0,0,0,0,0,0,0,0,0,0,0,0,0,0,0,0,0,0,0,0,0,0,0,0,0,0,0,0,0,0,0,0,0,0,0,0,0,0,0,0,0,0,0,0,0,0,0,0,0,0,0,0,0,0,0,0,0,0,0,0,0,0,0,0,0,0,0,0,0,0,0,0,0,0,0,0,0,0,0,0,0,0,0,0,0,0,0,0,0,0,0,0,0,0,0
"146",162.989325,163.852125,170.94005,171.1691,172.0713,172.33235,172.652825,173.145275,173.54105,173.570425,173.718125,174.9133,175.300575,175.499625,177.352975,177.697325,178.462175,178.486175,178.545175,181.12295,182.7748,0,0,0,0,0,0,0,0,0,0,0,0,0,0,0,0,0,0,0,0,0,0,0,0,0,0,0,0,0,0,0,0,0,0,0,0,0,0,0,0,0,0,0,0,0,0,0,0,0,0,0,0,0,0,0,0,0,0,0,0,0,0,0,0,0,0,0,0,0,0,0,0,0,0,0,0,0,0,0,0,0,0,0,0,0,0,0,0,0,0,0,0,0,0,0,0,0,0,0,0,0,0,0,0,0,0,0,0,0,0,0,0,0,0,0,0,0,0,0,0,0,0,0,0,0,0,0,0,0,0,0,0,0,0,0,0,0,0,0,0,0,0,0,0,0,0,0,0,0,0,0,0,0,0,0,0,0,0,0,0,0,0,0,0,0,0,0,0,0,0,0,0,0,0,0,0,0,0,0,0,0,0,0,0,0,0,0,0,0,0,0,0,0,0,0,0,0,0,0,0,0,0,0,0,0,0,0,0,0,0,0,0,0,0,0,0,0,0,0,0,0,0,0,0,0,0,0,0,0,0,0,0,0,0,0,0,0,0,0,0,0,0,0,0,0,0,0,0,0,0,0,0,0,0,0,0,0,0,0,0,0,0,0,0,0,0,0,0,0,0,0,0,0,0,0,0,0,0,0,0,0,0,0,0,0,0,0,0,0,0,0,0,0,0,0,0,0,0,0,0,0,0,0,0,0,0,0,0,0,0,0,0,0,0,0,0,0,0,0,0,0,0,0,0,0,0,0,0,0,0,0,0,0,0,0,0,0,0,0,0,0,0,0,0,0,0,0,0,0,0,0,0,0,0,0,0,0,0,0,0,0,0,0,0,0,0,0,0,0,0,0,0,0,0,0,0,0,0,0,0,0,0,0,0,0,0,0,0,0,0,0,0,0,0,0,0,0,0,0,0,0
"147",172.216375,172.2406,172.269075,173.5935,0,0,0,0,0,0,0,0,0,0,0,0,0,0,0,0,0,0,0,0,0,0,0,0,0,0,0,0,0,0,0,0,0,0,0,0,0,0,0,0,0,0,0,0,0,0,0,0,0,0,0,0,0,0,0,0,0,0,0,0,0,0,0,0,0,0,0,0,0,0,0,0,0,0,0,0,0,0,0,0,0,0,0,0,0,0,0,0,0,0,0,0,0,0,0,0,0,0,0,0,0,0,0,0,0,0,0,0,0,0,0,0,0,0,0,0,0,0,0,0,0,0,0,0,0,0,0,0,0,0,0,0,0,0,0,0,0,0,0,0,0,0,0,0,0,0,0,0,0,0,0,0,0,0,0,0,0,0,0,0,0,0,0,0,0,0,0,0,0,0,0,0,0,0,0,0,0,0,0,0,0,0,0,0,0,0,0,0,0,0,0,0,0,0,0,0,0,0,0,0,0,0,0,0,0,0,0,0,0,0,0,0,0,0,0,0,0,0,0,0,0,0,0,0,0,0,0,0,0,0,0,0,0,0,0,0,0,0,0,0,0,0,0,0,0,0,0,0,0,0,0,0,0,0,0,0,0,0,0,0,0,0,0,0,0,0,0,0,0,0,0,0,0,0,0,0,0,0,0,0,0,0,0,0,0,0,0,0,0,0,0,0,0,0,0,0,0,0,0,0,0,0,0,0,0,0,0,0,0,0,0,0,0,0,0,0,0,0,0,0,0,0,0,0,0,0,0,0,0,0,0,0,0,0,0,0,0,0,0,0,0,0,0,0,0,0,0,0,0,0,0,0,0,0,0,0,0,0,0,0,0,0,0,0,0,0,0,0,0,0,0,0,0,0,0,0,0,0,0,0,0,0,0,0,0,0,0,0,0,0,0,0,0,0,0,0,0,0,0,0,0,0,0,0,0,0,0,0,0,0,0,0,0,0,0,0,0,0
"148",169.980075,170.05255,170.5057,170.771625,170.861125,170.92995,170.985775,171.102775,171.182775,171.25085,171.281275,171.320075,171.46505,171.51365,171.557175,171.6081,171.948225,172.10505,172.2034,172.4333,172.715225,172.7476,172.81615,172.858625,172.8999,173.0121,173.065175,173.226675,173.43865,173.553,173.820325,174.284075,174.324925,174.3611,174.607475,174.8395,174.8599,174.978275,175.5027,175.54195,176.10195,176.269775,176.34535,176.41015,176.522075,176.972425,176.98965,177.055225,177.07745,177.395775,177.508625,177.6236,177.8281,177.897275,178.06125,178.12935,178.46565,178.6746,178.6999,178.7763,179.200175,179.685275,180.0973,180.48145,180.559225,180.68675,180.7471,180.938375,181.16715,183.1132,183.29785,0,0,0,0,0,0,0,0,0,0,0,0,0,0,0,0,0,0,0,0,0,0,0,0,0,0,0,0,0,0,0,0,0,0,0,0,0,0,0,0,0,0,0,0,0,0,0,0,0,0,0,0,0,0,0,0,0,0,0,0,0,0,0,0,0,0,0,0,0,0,0,0,0,0,0,0,0,0,0,0,0,0,0,0,0,0,0,0,0,0,0,0,0,0,0,0,0,0,0,0,0,0,0,0,0,0,0,0,0,0,0,0,0,0,0,0,0,0,0,0,0,0,0,0,0,0,0,0,0,0,0,0,0,0,0,0,0,0,0,0,0,0,0,0,0,0,0,0,0,0,0,0,0,0,0,0,0,0,0,0,0,0,0,0,0,0,0,0,0,0,0,0,0,0,0,0,0,0,0,0,0,0,0,0,0,0,0,0,0,0,0,0,0,0,0,0,0,0,0,0,0,0,0,0,0,0,0,0,0,0,0,0,0,0,0,0,0,0,0,0,0,0,0,0,0,0,0,0,0,0,0,0,0,0,0,0,0,0,0,0,0,0,0,0,0,0,0,0,0,0,0,0,0,0,0,0,0,0,0,0,0,0,0,0,0,0,0,0,0,0,0,0,0,0,0,0,0,0,0,0,0,0,0,0,0,0,0,0,0,0,0,0,0,0,0,0,0,0,0,0,0,0,0,0,0,0,0,0,0,0,0,0,0,0,0,0,0,0,0,0,0,0,0,0,0,0,0,0,0,0,0,0,0,0,0,0,0,0,0,0,0,0,0,0,0,0,0,0,0,0,0
"149",171.19225,172.0549,172.24275,172.2855,172.345125,172.379675,172.442475,172.54075,172.56295,172.6908,172.740625,173.3692,173.4486,173.473425,173.506175,173.581775,173.60705,173.698525,173.721975,173.788925,173.821675,173.879125,173.92055,173.9943,174.103925,174.74165,174.87395,174.923225,174.988975,175.05415,175.1013,175.2283,175.302625,175.354175,175.41165,175.583525,175.622225,175.694075,175.7863,175.868525,175.931425,176.6878,176.751175,176.8114,176.84115,176.968025,177.003025,177.11635,177.143275,177.197925,177.31645,177.3754,177.4466,177.48,177.54085,177.614125,178.3557,178.4841,178.5488,178.5845,178.69325,178.7281,178.759525,178.795975,178.8764,178.925,179.08425,179.175475,180.5212,181.108275,182.85835,0,0,0,0,0,0,0,0,0,0,0,0,0,0,0,0,0,0,0,0,0,0,0,0,0,0,0,0,0,0,0,0,0,0,0,0,0,0,0,0,0,0,0,0,0,0,0,0,0,0,0,0,0,0,0,0,0,0,0,0,0,0,0,0,0,0,0,0,0,0,0,0,0,0,0,0,0,0,0,0,0,0,0,0,0,0,0,0,0,0,0,0,0,0,0,0,0,0,0,0,0,0,0,0,0,0,0,0,0,0,0,0,0,0,0,0,0,0,0,0,0,0,0,0,0,0,0,0,0,0,0,0,0,0,0,0,0,0,0,0,0,0,0,0,0,0,0,0,0,0,0,0,0,0,0,0,0,0,0,0,0,0,0,0,0,0,0,0,0,0,0,0,0,0,0,0,0,0,0,0,0,0,0,0,0,0,0,0,0,0,0,0,0,0,0,0,0,0,0,0,0,0,0,0,0,0,0,0,0,0,0,0,0,0,0,0,0,0,0,0,0,0,0,0,0,0,0,0,0,0,0,0,0,0,0,0,0,0,0,0,0,0,0,0,0,0,0,0,0,0,0,0,0,0,0,0,0,0,0,0,0,0,0,0,0,0,0,0,0,0,0,0,0,0,0,0,0,0,0,0,0,0,0,0,0,0,0,0,0,0,0,0,0,0,0,0,0,0,0,0,0,0,0,0,0,0,0,0,0,0,0,0,0,0,0,0,0,0,0,0,0,0,0,0,0,0,0,0,0,0,0,0,0,0,0,0,0,0,0,0,0,0,0,0,0,0,0,0,0,0,0
"150",170.95365,170.983675,171.136275,171.233875,171.966575,172.297575,172.3825,172.467475,173.1575,173.298975,173.329325,173.5569,173.682575,173.76405,173.844775,174.557075,174.6672,174.682225,175.653675,175.8974,176.609675,176.6166,176.63715,176.878825,177.0337,178.517075,179.196425,179.321,180.288925,180.375275,180.831125,180.94845,0,0,0,0,0,0,0,0,0,0,0,0,0,0,0,0,0,0,0,0,0,0,0,0,0,0,0,0,0,0,0,0,0,0,0,0,0,0,0,0,0,0,0,0,0,0,0,0,0,0,0,0,0,0,0,0,0,0,0,0,0,0,0,0,0,0,0,0,0,0,0,0,0,0,0,0,0,0,0,0,0,0,0,0,0,0,0,0,0,0,0,0,0,0,0,0,0,0,0,0,0,0,0,0,0,0,0,0,0,0,0,0,0,0,0,0,0,0,0,0,0,0,0,0,0,0,0,0,0,0,0,0,0,0,0,0,0,0,0,0,0,0,0,0,0,0,0,0,0,0,0,0,0,0,0,0,0,0,0,0,0,0,0,0,0,0,0,0,0,0,0,0,0,0,0,0,0,0,0,0,0,0,0,0,0,0,0,0,0,0,0,0,0,0,0,0,0,0,0,0,0,0,0,0,0,0,0,0,0,0,0,0,0,0,0,0,0,0,0,0,0,0,0,0,0,0,0,0,0,0,0,0,0,0,0,0,0,0,0,0,0,0,0,0,0,0,0,0,0,0,0,0,0,0,0,0,0,0,0,0,0,0,0,0,0,0,0,0,0,0,0,0,0,0,0,0,0,0,0,0,0,0,0,0,0,0,0,0,0,0,0,0,0,0,0,0,0,0,0,0,0,0,0,0,0,0,0,0,0,0,0,0,0,0,0,0,0,0,0,0,0,0,0,0,0,0,0,0,0,0,0,0,0,0,0,0,0,0,0,0,0,0,0,0,0,0,0,0,0,0,0,0,0,0,0,0,0,0,0,0,0,0,0,0,0,0,0,0,0,0,0,0,0,0,0,0,0,0,0,0,0,0,0,0,0,0,0,0,0,0
"151",162.254575,163.989225,169.4453,169.452425,169.457125,169.4618,169.4658,169.478825,169.487475,169.521575,170.76085,170.768625,170.821975,170.833225,170.8517,170.960725,170.964275,170.99995,171.013925,171.0229,171.21995,171.818075,171.826725,171.844975,171.85035,171.87905,171.895475,172.155425,172.191025,172.31345,172.35105,173.074275,173.105225,173.1184,173.12645,173.133575,173.164775,173.25535,173.283575,173.302675,173.327375,174.485775,174.50025,174.538675,174.812225,174.83285,174.947675,175.0073,175.4939,176.440825,176.490075,176.55735,176.57705,176.970025,177.099875,178.21875,178.23375,178.248475,178.2597,178.282225,178.291225,178.3026,178.334425,178.76485,180.0663,180.091,180.0983,180.1061,180.1515,180.281475,182.776875,182.949725,182.964875,182.9929,193.630225,193.64725,193.6609,193.703225,193.753175,193.788075,196.72675,0,0,0,0,0,0,0,0,0,0,0,0,0,0,0,0,0,0,0,0,0,0,0,0,0,0,0,0,0,0,0,0,0,0,0,0,0,0,0,0,0,0,0,0,0,0,0,0,0,0,0,0,0,0,0,0,0,0,0,0,0,0,0,0,0,0,0,0,0,0,0,0,0,0,0,0,0,0,0,0,0,0,0,0,0,0,0,0,0,0,0,0,0,0,0,0,0,0,0,0,0,0,0,0,0,0,0,0,0,0,0,0,0,0,0,0,0,0,0,0,0,0,0,0,0,0,0,0,0,0,0,0,0,0,0,0,0,0,0,0,0,0,0,0,0,0,0,0,0,0,0,0,0,0,0,0,0,0,0,0,0,0,0,0,0,0,0,0,0,0,0,0,0,0,0,0,0,0,0,0,0,0,0,0,0,0,0,0,0,0,0,0,0,0,0,0,0,0,0,0,0,0,0,0,0,0,0,0,0,0,0,0,0,0,0,0,0,0,0,0,0,0,0,0,0,0,0,0,0,0,0,0,0,0,0,0,0,0,0,0,0,0,0,0,0,0,0,0,0,0,0,0,0,0,0,0,0,0,0,0,0,0,0,0,0,0,0,0,0,0,0,0,0,0,0,0,0,0,0,0,0,0,0,0,0,0,0,0,0,0,0,0,0,0,0,0,0,0,0,0,0,0,0,0,0,0,0,0,0,0,0,0,0,0,0,0,0,0,0,0,0,0,0,0,0,0,0,0,0,0,0,0,0,0,0,0,0,0,0,0,0
"152",170.866125,170.924725,171.534,171.860875,171.991275,172.819975,172.969525,173.0549,173.18935,173.523275,174.487225,176.00495,177.530025,177.862025,181.462225,182.67075,182.74815,191.170175,192.308825,0,0,0,0,0,0,0,0,0,0,0,0,0,0,0,0,0,0,0,0,0,0,0,0,0,0,0,0,0,0,0,0,0,0,0,0,0,0,0,0,0,0,0,0,0,0,0,0,0,0,0,0,0,0,0,0,0,0,0,0,0,0,0,0,0,0,0,0,0,0,0,0,0,0,0,0,0,0,0,0,0,0,0,0,0,0,0,0,0,0,0,0,0,0,0,0,0,0,0,0,0,0,0,0,0,0,0,0,0,0,0,0,0,0,0,0,0,0,0,0,0,0,0,0,0,0,0,0,0,0,0,0,0,0,0,0,0,0,0,0,0,0,0,0,0,0,0,0,0,0,0,0,0,0,0,0,0,0,0,0,0,0,0,0,0,0,0,0,0,0,0,0,0,0,0,0,0,0,0,0,0,0,0,0,0,0,0,0,0,0,0,0,0,0,0,0,0,0,0,0,0,0,0,0,0,0,0,0,0,0,0,0,0,0,0,0,0,0,0,0,0,0,0,0,0,0,0,0,0,0,0,0,0,0,0,0,0,0,0,0,0,0,0,0,0,0,0,0,0,0,0,0,0,0,0,0,0,0,0,0,0,0,0,0,0,0,0,0,0,0,0,0,0,0,0,0,0,0,0,0,0,0,0,0,0,0,0,0,0,0,0,0,0,0,0,0,0,0,0,0,0,0,0,0,0,0,0,0,0,0,0,0,0,0,0,0,0,0,0,0,0,0,0,0,0,0,0,0,0,0,0,0,0,0,0,0,0,0,0,0,0,0,0,0,0,0,0,0,0,0,0,0,0,0,0,0,0,0,0,0,0,0,0,0,0,0,0,0,0,0,0,0,0,0,0,0,0,0,0,0,0,0,0,0,0,0,0,0,0,0,0,0,0,0,0,0,0,0,0,0,0,0,0
"153",173.853675,175.815275,179.146525,180.1752,180.85725,180.9735,181.038325,181.188425,183.232725,0,0,0,0,0,0,0,0,0,0,0,0,0,0,0,0,0,0,0,0,0,0,0,0,0,0,0,0,0,0,0,0,0,0,0,0,0,0,0,0,0,0,0,0,0,0,0,0,0,0,0,0,0,0,0,0,0,0,0,0,0,0,0,0,0,0,0,0,0,0,0,0,0,0,0,0,0,0,0,0,0,0,0,0,0,0,0,0,0,0,0,0,0,0,0,0,0,0,0,0,0,0,0,0,0,0,0,0,0,0,0,0,0,0,0,0,0,0,0,0,0,0,0,0,0,0,0,0,0,0,0,0,0,0,0,0,0,0,0,0,0,0,0,0,0,0,0,0,0,0,0,0,0,0,0,0,0,0,0,0,0,0,0,0,0,0,0,0,0,0,0,0,0,0,0,0,0,0,0,0,0,0,0,0,0,0,0,0,0,0,0,0,0,0,0,0,0,0,0,0,0,0,0,0,0,0,0,0,0,0,0,0,0,0,0,0,0,0,0,0,0,0,0,0,0,0,0,0,0,0,0,0,0,0,0,0,0,0,0,0,0,0,0,0,0,0,0,0,0,0,0,0,0,0,0,0,0,0,0,0,0,0,0,0,0,0,0,0,0,0,0,0,0,0,0,0,0,0,0,0,0,0,0,0,0,0,0,0,0,0,0,0,0,0,0,0,0,0,0,0,0,0,0,0,0,0,0,0,0,0,0,0,0,0,0,0,0,0,0,0,0,0,0,0,0,0,0,0,0,0,0,0,0,0,0,0,0,0,0,0,0,0,0,0,0,0,0,0,0,0,0,0,0,0,0,0,0,0,0,0,0,0,0,0,0,0,0,0,0,0,0,0,0,0,0,0,0,0,0,0,0,0,0,0,0,0,0,0,0,0,0,0,0,0,0,0,0,0,0,0,0,0,0,0,0,0,0,0,0,0,0,0,0
"154",171.17425,171.232325,171.258525,171.360525,172.0926,172.2225,172.26585,172.418425,172.607925,172.641625,173.315325,173.425,173.85025,174.696525,175.13135,175.1696,175.549625,176.72545,176.923825,176.94385,177.0791,178.659775,180.361425,180.94115,181.036575,181.248375,181.420275,0,0,0,0,0,0,0,0,0,0,0,0,0,0,0,0,0,0,0,0,0,0,0,0,0,0,0,0,0,0,0,0,0,0,0,0,0,0,0,0,0,0,0,0,0,0,0,0,0,0,0,0,0,0,0,0,0,0,0,0,0,0,0,0,0,0,0,0,0,0,0,0,0,0,0,0,0,0,0,0,0,0,0,0,0,0,0,0,0,0,0,0,0,0,0,0,0,0,0,0,0,0,0,0,0,0,0,0,0,0,0,0,0,0,0,0,0,0,0,0,0,0,0,0,0,0,0,0,0,0,0,0,0,0,0,0,0,0,0,0,0,0,0,0,0,0,0,0,0,0,0,0,0,0,0,0,0,0,0,0,0,0,0,0,0,0,0,0,0,0,0,0,0,0,0,0,0,0,0,0,0,0,0,0,0,0,0,0,0,0,0,0,0,0,0,0,0,0,0,0,0,0,0,0,0,0,0,0,0,0,0,0,0,0,0,0,0,0,0,0,0,0,0,0,0,0,0,0,0,0,0,0,0,0,0,0,0,0,0,0,0,0,0,0,0,0,0,0,0,0,0,0,0,0,0,0,0,0,0,0,0,0,0,0,0,0,0,0,0,0,0,0,0,0,0,0,0,0,0,0,0,0,0,0,0,0,0,0,0,0,0,0,0,0,0,0,0,0,0,0,0,0,0,0,0,0,0,0,0,0,0,0,0,0,0,0,0,0,0,0,0,0,0,0,0,0,0,0,0,0,0,0,0,0,0,0,0,0,0,0,0,0,0,0,0,0,0,0,0,0,0,0,0,0,0,0,0,0,0,0,0,0,0,0,0,0,0,0,0,0,0,0,0,0,0,0,0,0,0,0,0,0,0,0,0,0,0,0,0,0,0,0,0,0,0
"155",169.529275,169.990725,170.774275,170.892025,170.907925,170.9263,170.952,170.96505,171.0105,171.03975,171.04685,171.0869,171.177075,171.1986,171.211325,171.23695,171.2712,171.2932,171.35545,171.761875,171.8412,171.890025,171.91375,171.939725,171.96035,171.982925,172.049725,172.092725,172.146725,172.1705,172.17705,172.346775,172.4606,172.488125,173.13605,173.165275,173.18935,173.227675,173.25665,173.27755,173.286975,173.3123,173.342075,173.379925,173.407675,173.477025,173.561075,173.609825,173.613975,173.7083,173.7321,173.75135,173.7603,173.807375,174.6293,174.6316,174.672225,174.6925,174.7433,174.777525,174.8182,174.82715,174.891825,174.91175,174.940225,174.959375,174.989575,175.00935,175.030725,175.041375,175.108525,175.136725,175.177825,175.215175,175.257075,175.276375,175.310775,175.3587,175.470025,175.505075,176.520025,176.569875,176.66825,176.684375,176.7534,176.7649,176.827175,176.925775,176.96495,177.0759,177.21655,178.283475,178.36755,178.390825,178.442725,178.47455,178.578975,178.6057,178.608275,178.62245,178.6315,178.687875,178.70505,178.70645,178.728675,178.79495,178.8252,178.84405,178.985825,180.177725,180.319575,180.3361,180.389325,180.43405,180.4427,180.495425,180.6233,180.675075,180.685175,180.715175,180.742375,180.76705,180.80375,180.946175,183.0013,183.139625,0,0,0,0,0,0,0,0,0,0,0,0,0,0,0,0,0,0,0,0,0,0,0,0,0,0,0,0,0,0,0,0,0,0,0,0,0,0,0,0,0,0,0,0,0,0,0,0,0,0,0,0,0,0,0,0,0,0,0,0,0,0,0,0,0,0,0,0,0,0,0,0,0,0,0,0,0,0,0,0,0,0,0,0,0,0,0,0,0,0,0,0,0,0,0,0,0,0,0,0,0,0,0,0,0,0,0,0,0,0,0,0,0,0,0,0,0,0,0,0,0,0,0,0,0,0,0,0,0,0,0,0,0,0,0,0,0,0,0,0,0,0,0,0,0,0,0,0,0,0,0,0,0,0,0,0,0,0,0,0,0,0,0,0,0,0,0,0,0,0,0,0,0,0,0,0,0,0,0,0,0,0,0,0,0,0,0,0,0,0,0,0,0,0,0,0,0,0,0,0,0,0,0,0,0,0,0,0,0,0,0,0,0,0,0,0,0,0,0,0,0,0,0,0,0,0,0,0,0,0,0,0,0,0,0,0,0,0,0,0,0,0,0,0,0,0,0,0,0,0,0,0,0,0,0,0,0,0,0,0,0,0,0,0,0,0,0,0,0,0,0,0,0,0,0,0,0,0,0,0,0,0,0,0,0,0,0,0,0,0,0,0,0,0,0,0
"156",170.963125,170.9888,173.2935,173.659175,173.83445,174.0016,174.50385,174.57985,174.59165,174.63345,174.7306,174.842175,174.9693,175.5091,175.58485,175.678725,176.53325,176.562925,176.59505,176.821375,176.971775,177.506975,178.489825,178.5728,180.96745,0,0,0,0,0,0,0,0,0,0,0,0,0,0,0,0,0,0,0,0,0,0,0,0,0,0,0,0,0,0,0,0,0,0,0,0,0,0,0,0,0,0,0,0,0,0,0,0,0,0,0,0,0,0,0,0,0,0,0,0,0,0,0,0,0,0,0,0,0,0,0,0,0,0,0,0,0,0,0,0,0,0,0,0,0,0,0,0,0,0,0,0,0,0,0,0,0,0,0,0,0,0,0,0,0,0,0,0,0,0,0,0,0,0,0,0,0,0,0,0,0,0,0,0,0,0,0,0,0,0,0,0,0,0,0,0,0,0,0,0,0,0,0,0,0,0,0,0,0,0,0,0,0,0,0,0,0,0,0,0,0,0,0,0,0,0,0,0,0,0,0,0,0,0,0,0,0,0,0,0,0,0,0,0,0,0,0,0,0,0,0,0,0,0,0,0,0,0,0,0,0,0,0,0,0,0,0,0,0,0,0,0,0,0,0,0,0,0,0,0,0,0,0,0,0,0,0,0,0,0,0,0,0,0,0,0,0,0,0,0,0,0,0,0,0,0,0,0,0,0,0,0,0,0,0,0,0,0,0,0,0,0,0,0,0,0,0,0,0,0,0,0,0,0,0,0,0,0,0,0,0,0,0,0,0,0,0,0,0,0,0,0,0,0,0,0,0,0,0,0,0,0,0,0,0,0,0,0,0,0,0,0,0,0,0,0,0,0,0,0,0,0,0,0,0,0,0,0,0,0,0,0,0,0,0,0,0,0,0,0,0,0,0,0,0,0,0,0,0,0,0,0,0,0,0,0,0,0,0,0,0,0,0,0,0,0,0,0,0,0,0,0,0,0,0,0,0,0,0,0,0,0,0,0,0,0,0,0,0,0,0,0,0,0,0,0,0
"157",170.868525,170.945375,171.09425,171.20735,171.416125,171.478475,171.528425,171.541125,171.5502,171.58175,171.786675,171.936875,171.958575,171.9864,171.99265,172.0094,172.046525,172.1002,172.178575,172.469825,172.4995,172.5059,172.6603,172.676125,172.756825,172.8104,172.847025,172.868075,172.95105,172.981875,173.02895,173.079225,173.2204,173.253975,173.277525,173.361125,173.4699,173.490825,173.54615,173.597925,173.618,173.67225,173.708,173.76715,173.8087,173.8195,173.84475,173.8808,173.908325,173.937375,174.01185,174.0249,174.05725,174.07825,174.18065,174.295325,174.3341,174.38575,174.423925,174.475825,174.490325,174.542625,174.56245,174.577075,174.612675,174.62075,174.6933,174.74855,174.849325,174.885725,174.911775,174.9252,174.9807,175.001825,175.037125,175.0545,175.150325,175.192425,175.258725,175.331275,175.416425,175.51145,175.549425,175.5733,175.58125,175.626875,175.66455,175.722875,175.76615,175.7823,175.81215,175.8608,175.9057,175.9457,175.998925,176.026125,176.204525,176.297525,176.37835,176.4273,176.4756,176.53845,176.568,176.607,176.6256,176.665125,176.723025,176.748075,176.774325,176.811175,176.81345,176.920825,176.9529,177.0703,177.36965,177.40865,177.43685,177.465225,177.4818,177.540875,177.548925,177.613025,177.651875,177.80445,177.8997,177.975925,178.3231,178.366325,178.445725,178.471275,178.5373,178.580775,178.619675,178.63725,178.79165,178.793675,179.132825,179.190175,179.3402,180.2738,180.2872,180.3108,180.33215,180.398425,180.438075,180.588325,180.65175,180.745825,180.79685,180.910175,180.95165,180.97115,180.988,181.052325,181.20915,181.2188,181.264825,181.3568,181.422425,182.682525,182.7181,182.829775,182.9144,182.962,182.9755,183.01185,183.12235,183.1426,183.187625,183.201425,183.227925,183.308175,183.3934,183.528425,0,0,0,0,0,0,0,0,0,0,0,0,0,0,0,0,0,0,0,0,0,0,0,0,0,0,0,0,0,0,0,0,0,0,0,0,0,0,0,0,0,0,0,0,0,0,0,0,0,0,0,0,0,0,0,0,0,0,0,0,0,0,0,0,0,0,0,0,0,0,0,0,0,0,0,0,0,0,0,0,0,0,0,0,0,0,0,0,0,0,0,0,0,0,0,0,0,0,0,0,0,0,0,0,0,0,0,0,0,0,0,0,0,0,0,0,0,0,0,0,0,0,0,0,0,0,0,0,0,0,0,0,0,0,0,0,0,0,0,0,0,0,0,0,0,0,0,0,0,0,0,0,0,0,0,0,0,0,0,0,0,0,0,0,0,0,0,0,0,0,0,0,0,0,0,0,0,0,0,0,0,0,0,0,0,0,0,0,0,0,0,0,0,0,0,0,0,0,0,0,0,0,0,0,0,0,0,0,0,0,0,0,0,0,0,0,0,0,0,0,0,0,0,0,0,0,0,0,0,0,0,0,0,0,0,0,0,0,0,0,0,0,0,0,0,0,0,0
"158",169.61065,169.7304,169.786575,169.813475,169.838,169.864575,169.899875,169.934925,169.95125,169.976875,170.009825,170.019425,170.026675,170.0517,170.061875,170.100525,170.125,170.173475,170.196125,170.223325,170.242925,170.260225,170.293125,170.312575,170.3361,170.3616,170.391125,170.414425,170.431125,170.4743,170.49115,171.203325,171.35825,171.387,171.446,171.48615,171.517525,172.657475,172.718625,172.7701,172.79935,172.84955,172.908525,172.96165,173.00975,174.284225,174.298825,174.3824,176.0121,176.07255,176.119825,176.1635,176.196325,176.256375,176.31905,176.3555,177.76805,177.8312,177.864375,177.900625,177.952775,178.03825,178.08905,179.29675,179.3681,179.478575,179.526625,179.572725,179.598125,179.6294,179.676825,179.7036,179.748075,179.79075,179.835175,179.880725,179.914075,181.298925,181.49505,181.604125,181.656375,181.702225,181.743675,181.782775,181.839875,181.8759,181.926975,181.971325,182.0058,182.049275,182.0787,182.16725,182.216125,182.262025,182.312225,182.4946,183.7776,183.928575,184.059225,184.191175,184.310125,184.41105,184.5321,184.737325,184.92135,185.076275,186.0203,186.806225,186.999325,187.5682,188.109075,188.5395,188.82755,189.01245,189.22395,189.77565,189.982825,190.44845,190.6487,191.3055,191.571925,191.680175,192.365125,192.62315,192.77555,193.2233,193.573425,193.72965,193.93625,194.2529,194.541125,194.802725,195.157025,195.433275,195.5947,195.717325,195.93485,196.04655,196.29235,196.479575,196.66785,196.945975,197.083275,197.3005,197.505925,197.6782,198.02635,198.1462,0,0,0,0,0,0,0,0,0,0,0,0,0,0,0,0,0,0,0,0,0,0,0,0,0,0,0,0,0,0,0,0,0,0,0,0,0,0,0,0,0,0,0,0,0,0,0,0,0,0,0,0,0,0,0,0,0,0,0,0,0,0,0,0,0,0,0,0,0,0,0,0,0,0,0,0,0,0,0,0,0,0,0,0,0,0,0,0,0,0,0,0,0,0,0,0,0,0,0,0,0,0,0,0,0,0,0,0,0,0,0,0,0,0,0,0,0,0,0,0,0,0,0,0,0,0,0,0,0,0,0,0,0,0,0,0,0,0,0,0,0,0,0,0,0,0,0,0,0,0,0,0,0,0,0,0,0,0,0,0,0,0,0,0,0,0,0,0,0,0,0,0,0,0,0,0,0,0,0,0,0,0,0,0,0,0,0,0,0,0,0,0,0,0,0,0,0,0,0,0,0,0,0,0,0,0,0,0,0,0,0,0,0,0,0,0,0,0,0,0,0,0,0,0,0,0,0,0,0,0,0,0,0,0,0,0,0,0,0,0,0,0,0,0,0,0,0,0,0,0,0,0,0,0,0,0,0,0,0,0,0,0,0,0,0,0,0,0,0,0,0,0,0,0
"159",171.1166,171.142225,171.169075,171.235,172.005175,172.16165,172.242325,172.293475,172.513825,172.689175,173.549125,173.6318,173.66785,173.709725,173.7256,173.8056,173.8223,173.871275,173.947175,174.01565,174.1252,174.7863,174.9951,175.79165,175.891425,177.07225,177.095275,177.132775,177.154275,177.157475,177.180475,177.207,177.239625,177.335775,177.704925,178.600975,178.602625,178.641275,180.427,180.543125,180.70865,0,0,0,0,0,0,0,0,0,0,0,0,0,0,0,0,0,0,0,0,0,0,0,0,0,0,0,0,0,0,0,0,0,0,0,0,0,0,0,0,0,0,0,0,0,0,0,0,0,0,0,0,0,0,0,0,0,0,0,0,0,0,0,0,0,0,0,0,0,0,0,0,0,0,0,0,0,0,0,0,0,0,0,0,0,0,0,0,0,0,0,0,0,0,0,0,0,0,0,0,0,0,0,0,0,0,0,0,0,0,0,0,0,0,0,0,0,0,0,0,0,0,0,0,0,0,0,0,0,0,0,0,0,0,0,0,0,0,0,0,0,0,0,0,0,0,0,0,0,0,0,0,0,0,0,0,0,0,0,0,0,0,0,0,0,0,0,0,0,0,0,0,0,0,0,0,0,0,0,0,0,0,0,0,0,0,0,0,0,0,0,0,0,0,0,0,0,0,0,0,0,0,0,0,0,0,0,0,0,0,0,0,0,0,0,0,0,0,0,0,0,0,0,0,0,0,0,0,0,0,0,0,0,0,0,0,0,0,0,0,0,0,0,0,0,0,0,0,0,0,0,0,0,0,0,0,0,0,0,0,0,0,0,0,0,0,0,0,0,0,0,0,0,0,0,0,0,0,0,0,0,0,0,0,0,0,0,0,0,0,0,0,0,0,0,0,0,0,0,0,0,0,0,0,0,0,0,0,0,0,0,0,0,0,0,0,0,0,0,0,0,0,0,0,0,0,0,0,0,0,0,0,0,0,0,0,0,0,0,0,0,0,0,0,0,0,0,0,0,0,0,0,0,0,0,0,0,0,0,0,0,0,0,0,0,0,0,0,0,0,0,0,0,0,0,0,0,0,0,0,0
"160",172.323275,172.33995,172.410175,172.4891,172.515925,172.6208,172.629375,173.525125,173.577725,173.663,177.049125,0,0,0,0,0,0,0,0,0,0,0,0,0,0,0,0,0,0,0,0,0,0,0,0,0,0,0,0,0,0,0,0,0,0,0,0,0,0,0,0,0,0,0,0,0,0,0,0,0,0,0,0,0,0,0,0,0,0,0,0,0,0,0,0,0,0,0,0,0,0,0,0,0,0,0,0,0,0,0,0,0,0,0,0,0,0,0,0,0,0,0,0,0,0,0,0,0,0,0,0,0,0,0,0,0,0,0,0,0,0,0,0,0,0,0,0,0,0,0,0,0,0,0,0,0,0,0,0,0,0,0,0,0,0,0,0,0,0,0,0,0,0,0,0,0,0,0,0,0,0,0,0,0,0,0,0,0,0,0,0,0,0,0,0,0,0,0,0,0,0,0,0,0,0,0,0,0,0,0,0,0,0,0,0,0,0,0,0,0,0,0,0,0,0,0,0,0,0,0,0,0,0,0,0,0,0,0,0,0,0,0,0,0,0,0,0,0,0,0,0,0,0,0,0,0,0,0,0,0,0,0,0,0,0,0,0,0,0,0,0,0,0,0,0,0,0,0,0,0,0,0,0,0,0,0,0,0,0,0,0,0,0,0,0,0,0,0,0,0,0,0,0,0,0,0,0,0,0,0,0,0,0,0,0,0,0,0,0,0,0,0,0,0,0,0,0,0,0,0,0,0,0,0,0,0,0,0,0,0,0,0,0,0,0,0,0,0,0,0,0,0,0,0,0,0,0,0,0,0,0,0,0,0,0,0,0,0,0,0,0,0,0,0,0,0,0,0,0,0,0,0,0,0,0,0,0,0,0,0,0,0,0,0,0,0,0,0,0,0,0,0,0,0,0,0,0,0,0,0,0,0,0,0,0,0,0,0,0,0,0,0,0,0,0,0,0,0,0,0,0,0,0,0,0,0,0,0,0,0,0,0
"161",172.039825,172.0737,172.09475,172.115075,172.1514,172.2182,172.3299,172.38655,172.493625,172.696325,173.42365,173.59665,173.660875,173.72925,173.851375,174.020375,175.726225,175.8588,176.750375,176.803825,176.825375,176.86555,176.970125,177.1048,177.207025,178.496975,178.5347,178.62425,178.694225,178.75095,0,0,0,0,0,0,0,0,0,0,0,0,0,0,0,0,0,0,0,0,0,0,0,0,0,0,0,0,0,0,0,0,0,0,0,0,0,0,0,0,0,0,0,0,0,0,0,0,0,0,0,0,0,0,0,0,0,0,0,0,0,0,0,0,0,0,0,0,0,0,0,0,0,0,0,0,0,0,0,0,0,0,0,0,0,0,0,0,0,0,0,0,0,0,0,0,0,0,0,0,0,0,0,0,0,0,0,0,0,0,0,0,0,0,0,0,0,0,0,0,0,0,0,0,0,0,0,0,0,0,0,0,0,0,0,0,0,0,0,0,0,0,0,0,0,0,0,0,0,0,0,0,0,0,0,0,0,0,0,0,0,0,0,0,0,0,0,0,0,0,0,0,0,0,0,0,0,0,0,0,0,0,0,0,0,0,0,0,0,0,0,0,0,0,0,0,0,0,0,0,0,0,0,0,0,0,0,0,0,0,0,0,0,0,0,0,0,0,0,0,0,0,0,0,0,0,0,0,0,0,0,0,0,0,0,0,0,0,0,0,0,0,0,0,0,0,0,0,0,0,0,0,0,0,0,0,0,0,0,0,0,0,0,0,0,0,0,0,0,0,0,0,0,0,0,0,0,0,0,0,0,0,0,0,0,0,0,0,0,0,0,0,0,0,0,0,0,0,0,0,0,0,0,0,0,0,0,0,0,0,0,0,0,0,0,0,0,0,0,0,0,0,0,0,0,0,0,0,0,0,0,0,0,0,0,0,0,0,0,0,0,0,0,0,0,0,0,0,0,0,0,0,0,0,0,0,0,0,0,0,0,0,0,0,0,0,0,0,0,0,0,0,0,0,0,0,0,0,0,0,0,0,0,0,0,0,0,0,0,0,0,0
"162",172.143525,172.213025,172.271675,172.301425,172.3048,172.331525,172.34365,172.37875,172.407575,172.451225,172.489,172.49195,172.507275,172.544,172.564825,172.575675,172.61935,172.738025,173.52525,173.59925,173.650575,173.706375,173.7734,173.815125,173.93485,174.001775,174.1503,175.7464,175.79425,175.885375,176.7836,176.8342,176.87095,176.927025,176.96835,177.050125,177.08045,177.134175,177.142575,177.1921,177.267875,178.532125,178.627675,178.717375,0,0,0,0,0,0,0,0,0,0,0,0,0,0,0,0,0,0,0,0,0,0,0,0,0,0,0,0,0,0,0,0,0,0,0,0,0,0,0,0,0,0,0,0,0,0,0,0,0,0,0,0,0,0,0,0,0,0,0,0,0,0,0,0,0,0,0,0,0,0,0,0,0,0,0,0,0,0,0,0,0,0,0,0,0,0,0,0,0,0,0,0,0,0,0,0,0,0,0,0,0,0,0,0,0,0,0,0,0,0,0,0,0,0,0,0,0,0,0,0,0,0,0,0,0,0,0,0,0,0,0,0,0,0,0,0,0,0,0,0,0,0,0,0,0,0,0,0,0,0,0,0,0,0,0,0,0,0,0,0,0,0,0,0,0,0,0,0,0,0,0,0,0,0,0,0,0,0,0,0,0,0,0,0,0,0,0,0,0,0,0,0,0,0,0,0,0,0,0,0,0,0,0,0,0,0,0,0,0,0,0,0,0,0,0,0,0,0,0,0,0,0,0,0,0,0,0,0,0,0,0,0,0,0,0,0,0,0,0,0,0,0,0,0,0,0,0,0,0,0,0,0,0,0,0,0,0,0,0,0,0,0,0,0,0,0,0,0,0,0,0,0,0,0,0,0,0,0,0,0,0,0,0,0,0,0,0,0,0,0,0,0,0,0,0,0,0,0,0,0,0,0,0,0,0,0,0,0,0,0,0,0,0,0,0,0,0,0,0,0,0,0,0,0,0,0,0,0,0,0,0,0,0,0,0,0,0,0,0,0,0,0,0,0,0,0,0,0,0,0,0,0,0,0,0,0,0,0,0,0,0,0,0,0,0,0,0,0,0,0,0,0,0,0,0,0,0,0
"163",170.982125,172.054725,172.082175,172.131425,172.21015,172.31675,172.36475,172.4753,173.353475,173.428175,173.564475,173.617575,173.6885,173.70865,173.88875,174.740425,175.1573,175.690025,175.730375,175.781025,176.6843,176.734425,176.84775,176.911775,176.915325,178.473825,178.528125,178.6393,178.769675,179.309575,181.2573,0,0,0,0,0,0,0,0,0,0,0,0,0,0,0,0,0,0,0,0,0,0,0,0,0,0,0,0,0,0,0,0,0,0,0,0,0,0,0,0,0,0,0,0,0,0,0,0,0,0,0,0,0,0,0,0,0,0,0,0,0,0,0,0,0,0,0,0,0,0,0,0,0,0,0,0,0,0,0,0,0,0,0,0,0,0,0,0,0,0,0,0,0,0,0,0,0,0,0,0,0,0,0,0,0,0,0,0,0,0,0,0,0,0,0,0,0,0,0,0,0,0,0,0,0,0,0,0,0,0,0,0,0,0,0,0,0,0,0,0,0,0,0,0,0,0,0,0,0,0,0,0,0,0,0,0,0,0,0,0,0,0,0,0,0,0,0,0,0,0,0,0,0,0,0,0,0,0,0,0,0,0,0,0,0,0,0,0,0,0,0,0,0,0,0,0,0,0,0,0,0,0,0,0,0,0,0,0,0,0,0,0,0,0,0,0,0,0,0,0,0,0,0,0,0,0,0,0,0,0,0,0,0,0,0,0,0,0,0,0,0,0,0,0,0,0,0,0,0,0,0,0,0,0,0,0,0,0,0,0,0,0,0,0,0,0,0,0,0,0,0,0,0,0,0,0,0,0,0,0,0,0,0,0,0,0,0,0,0,0,0,0,0,0,0,0,0,0,0,0,0,0,0,0,0,0,0,0,0,0,0,0,0,0,0,0,0,0,0,0,0,0,0,0,0,0,0,0,0,0,0,0,0,0,0,0,0,0,0,0,0,0,0,0,0,0,0,0,0,0,0,0,0,0,0,0,0,0,0,0,0,0,0,0,0,0,0,0,0,0,0,0,0,0,0,0,0,0,0,0,0,0,0,0,0,0,0,0,0,0,0
"164",163.6936,165.898225,166.578725,169.490325,170.70025,171.9824,172.05275,172.1336,172.201375,172.224425,172.305575,172.3482,172.352975,172.43065,172.525725,172.534525,172.582175,173.2379,173.3463,173.443825,173.481075,173.503925,173.5254,173.6197,173.77195,173.8165,173.8491,173.952025,174.029625,174.687125,174.849825,175.0638,175.70995,175.754275,175.821175,176.6259,180.634725,180.833475,0,0,0,0,0,0,0,0,0,0,0,0,0,0,0,0,0,0,0,0,0,0,0,0,0,0,0,0,0,0,0,0,0,0,0,0,0,0,0,0,0,0,0,0,0,0,0,0,0,0,0,0,0,0,0,0,0,0,0,0,0,0,0,0,0,0,0,0,0,0,0,0,0,0,0,0,0,0,0,0,0,0,0,0,0,0,0,0,0,0,0,0,0,0,0,0,0,0,0,0,0,0,0,0,0,0,0,0,0,0,0,0,0,0,0,0,0,0,0,0,0,0,0,0,0,0,0,0,0,0,0,0,0,0,0,0,0,0,0,0,0,0,0,0,0,0,0,0,0,0,0,0,0,0,0,0,0,0,0,0,0,0,0,0,0,0,0,0,0,0,0,0,0,0,0,0,0,0,0,0,0,0,0,0,0,0,0,0,0,0,0,0,0,0,0,0,0,0,0,0,0,0,0,0,0,0,0,0,0,0,0,0,0,0,0,0,0,0,0,0,0,0,0,0,0,0,0,0,0,0,0,0,0,0,0,0,0,0,0,0,0,0,0,0,0,0,0,0,0,0,0,0,0,0,0,0,0,0,0,0,0,0,0,0,0,0,0,0,0,0,0,0,0,0,0,0,0,0,0,0,0,0,0,0,0,0,0,0,0,0,0,0,0,0,0,0,0,0,0,0,0,0,0,0,0,0,0,0,0,0,0,0,0,0,0,0,0,0,0,0,0,0,0,0,0,0,0,0,0,0,0,0,0,0,0,0,0,0,0,0,0,0,0,0,0,0,0,0,0,0,0,0,0,0,0,0,0,0,0,0,0,0,0,0,0,0,0,0,0,0,0,0,0,0,0,0,0,0,0,0,0,0,0,0
"165",160.137675,160.5413,161.152925,161.3319,161.4525,161.612025,161.7863,161.953125,162.44015,162.556625,162.869425,162.977475,163.146925,163.45345,163.69545,163.8436,163.909325,164.0089,164.146325,164.243725,164.579725,164.689475,164.7797,164.9556,165.23115,165.566375,165.69095,166.0542,166.183325,166.3475,166.5212,166.702,166.983875,167.197,167.3846,167.59565,167.789375,167.9509,168.288275,168.461375,168.682425,168.8409,169.0752,169.135925,169.278775,169.5046,169.5334,169.5672,169.6181,169.675375,170.073925,170.202575,170.240875,170.309625,170.336425,170.390325,170.40495,170.4572,170.496725,170.514325,170.525775,170.5542,170.571675,170.5924,170.612975,170.63145,170.650925,170.662675,170.6824,170.70835,170.740875,170.7699,170.823175,170.875875,170.906825,170.9304,170.94445,170.9457,170.952875,171.000075,171.024525,171.039025,171.051425,171.099425,171.136825,171.1562,171.192325,171.207975,171.240225,171.292025,171.342225,171.36295,171.39155,171.445975,171.50825,171.519025,171.5279,171.545975,171.586525,171.620575,171.65365,171.65525,171.690625,171.70525,171.738625,171.79055,171.81695,171.861775,171.88295,171.90535,171.924075,171.92735,171.96035,172.019475,172.177975,172.20665,172.232325,172.254,172.29445,172.47715,172.558675,172.56865,172.63205,172.66655,172.69835,172.723925,172.78765,172.834625,172.85845,172.895675,172.9316,172.971325,173.039875,173.063475,173.08185,173.10915,173.14805,173.185775,173.259325,173.2974,173.372075,173.385825,173.423025,173.4586,173.490875,173.5311,173.549,173.75145,173.8642,173.8694,173.89005,173.9825,174.088775,174.198575,174.289575,174.325875,174.38375,174.434275,174.46075,174.4675,174.48625,174.51655,174.5435,174.570575,174.57865,174.6716,174.72095,174.7814,174.80325,174.8859,174.930025,174.96095,175.082175,175.5341,175.540875,175.6141,175.67565,175.728225,175.78145,176.1093,176.16525,176.219475,176.2445,176.288275,176.32755,176.35905,176.386925,176.39865,176.44245,176.471025,176.517825,176.52265,176.5528,176.5861,176.594625,176.6167,176.6441,176.656625,176.69255,176.745875,176.8421,176.89775,177.4114,177.502475,177.573375,177.753775,177.770425,177.803375,177.844025,177.84885,177.9054,177.979325,178.03215,178.074375,178.1358,178.173425,178.206525,178.231175,178.284975,178.30185,178.330475,178.3497,178.387925,178.457575,178.47455,178.5299,178.6607,178.7156,178.973175,179.1191,179.12495,179.2143,179.23495,179.37365,179.5514,179.6132,179.647825,179.7115,179.723825,179.75885,179.801575,179.8538,179.89405,179.8962,179.942475,179.98895,180.021,180.03345,180.06685,180.098575,180.11755,180.15245,180.1747,180.209075,180.24095,180.26965,180.280925,180.306625,180.333325,180.394525,180.42105,180.455625,180.47035,180.48595,180.54595,180.612475,180.65155,180.923075,180.9945,181.044525,181.07265,181.114775,181.199225,181.20905,181.294275,181.30015,181.366375,181.41325,181.483575,181.555675,181.6411,181.70685,181.766925,181.782825,181.843325,181.8544,181.9083,181.93685,181.941275,181.985525,181.990175,182.032925,182.091025,182.18705,182.2065,182.351625,182.50415,182.5914,182.648125,182.716675,182.756925,182.810875,182.87475,182.902675,182.93425,182.9706,183.00215,183.0197,183.036975,183.04955,183.115,183.144625,183.1907,183.21045,183.2298,183.27375,183.318175,183.36015,183.3951,183.40535,183.45905,183.496775,183.549325,183.594475,183.6382,183.7243,183.865825,183.93335,184.008125,184.1831,184.4187,188.808275,189.09965,0,0,0,0,0,0,0,0,0,0,0,0,0,0,0,0,0,0,0,0,0,0,0,0,0,0,0,0,0,0,0,0,0,0,0,0,0,0,0,0,0,0,0,0,0,0,0,0,0,0,0,0,0,0,0,0,0,0,0,0,0,0,0,0,0,0,0,0,0,0,0,0,0,0,0,0,0,0,0,0,0,0,0,0,0,0,0,0,0
"166",172.72885,173.419175,173.53795,173.597425,173.625675,173.967625,174.021925,174.099975,174.13085,174.165,174.2151,174.256425,174.902425,174.973525,175.053725,175.10505,175.169,175.1723,175.190525,175.2239,175.2459,175.3373,175.80385,176.017975,176.05125,176.0652,176.881625,177.0185,177.145575,177.19525,177.3913,177.40855,177.621575,178.67575,178.791725,178.824475,178.88785,178.94435,179.00475,179.0295,179.129375,179.168275,179.2273,179.319075,179.38735,180.6963,181.146225,181.5701,0,0,0,0,0,0,0,0,0,0,0,0,0,0,0,0,0,0,0,0,0,0,0,0,0,0,0,0,0,0,0,0,0,0,0,0,0,0,0,0,0,0,0,0,0,0,0,0,0,0,0,0,0,0,0,0,0,0,0,0,0,0,0,0,0,0,0,0,0,0,0,0,0,0,0,0,0,0,0,0,0,0,0,0,0,0,0,0,0,0,0,0,0,0,0,0,0,0,0,0,0,0,0,0,0,0,0,0,0,0,0,0,0,0,0,0,0,0,0,0,0,0,0,0,0,0,0,0,0,0,0,0,0,0,0,0,0,0,0,0,0,0,0,0,0,0,0,0,0,0,0,0,0,0,0,0,0,0,0,0,0,0,0,0,0,0,0,0,0,0,0,0,0,0,0,0,0,0,0,0,0,0,0,0,0,0,0,0,0,0,0,0,0,0,0,0,0,0,0,0,0,0,0,0,0,0,0,0,0,0,0,0,0,0,0,0,0,0,0,0,0,0,0,0,0,0,0,0,0,0,0,0,0,0,0,0,0,0,0,0,0,0,0,0,0,0,0,0,0,0,0,0,0,0,0,0,0,0,0,0,0,0,0,0,0,0,0,0,0,0,0,0,0,0,0,0,0,0,0,0,0,0,0,0,0,0,0,0,0,0,0,0,0,0,0,0,0,0,0,0,0,0,0,0,0,0,0,0,0,0,0,0,0,0,0,0,0,0,0,0,0,0,0,0,0,0,0,0,0,0,0,0,0,0,0,0,0,0,0,0,0,0,0,0,0,0,0,0,0,0,0,0,0,0,0,0,0,0,0,0,0,0,0,0,0,0,0,0,0,0,0,0,0,0
"167",172.1353,172.219825,172.24435,172.307075,172.4374,172.503575,172.564825,173.31635,173.3296,173.375875,173.39285,173.44775,173.4796,173.559875,173.752925,173.77695,173.80845,173.89095,174.030025,174.7431,174.785025,174.863275,174.945825,174.97755,174.998575,175.0408,175.07435,175.0879,175.221975,175.3549,175.480125,175.57935,175.607625,175.7087,176.653425,176.704625,176.803075,176.826475,177.005125,177.0679,177.0857,177.16045,177.274425,177.47965,177.549025,178.46645,178.5652,178.630975,178.647975,178.70835,178.73805,178.757,178.842975,178.864225,180.538625,180.6271,180.703475,180.766975,180.8097,180.899475,180.94815,180.983975,181.049975,0,0,0,0,0,0,0,0,0,0,0,0,0,0,0,0,0,0,0,0,0,0,0,0,0,0,0,0,0,0,0,0,0,0,0,0,0,0,0,0,0,0,0,0,0,0,0,0,0,0,0,0,0,0,0,0,0,0,0,0,0,0,0,0,0,0,0,0,0,0,0,0,0,0,0,0,0,0,0,0,0,0,0,0,0,0,0,0,0,0,0,0,0,0,0,0,0,0,0,0,0,0,0,0,0,0,0,0,0,0,0,0,0,0,0,0,0,0,0,0,0,0,0,0,0,0,0,0,0,0,0,0,0,0,0,0,0,0,0,0,0,0,0,0,0,0,0,0,0,0,0,0,0,0,0,0,0,0,0,0,0,0,0,0,0,0,0,0,0,0,0,0,0,0,0,0,0,0,0,0,0,0,0,0,0,0,0,0,0,0,0,0,0,0,0,0,0,0,0,0,0,0,0,0,0,0,0,0,0,0,0,0,0,0,0,0,0,0,0,0,0,0,0,0,0,0,0,0,0,0,0,0,0,0,0,0,0,0,0,0,0,0,0,0,0,0,0,0,0,0,0,0,0,0,0,0,0,0,0,0,0,0,0,0,0,0,0,0,0,0,0,0,0,0,0,0,0,0,0,0,0,0,0,0,0,0,0,0,0,0,0,0,0,0,0,0,0,0,0,0,0,0,0,0,0,0,0,0,0,0,0,0,0,0,0,0,0,0,0,0,0,0,0,0,0,0,0,0,0,0,0,0,0,0,0,0,0,0,0,0,0,0,0,0,0,0,0,0,0,0,0,0,0,0,0,0,0,0,0
"168",171.030475,171.053625,171.087825,171.101675,171.146125,171.196075,171.21335,171.2362,171.2539,171.33145,171.37315,171.414625,171.4919,171.585575,171.968175,172.028075,172.062525,172.074375,172.116225,172.16555,172.1835,172.198475,172.2131,172.243175,172.25175,172.2718,172.283375,172.29605,172.318525,172.32715,172.36325,172.3761,172.386475,172.394675,172.457075,172.468225,172.543375,172.6304,172.696225,172.757725,173.109825,173.183325,173.236525,173.258425,173.2717,173.31835,173.336225,173.355,173.366675,173.380325,173.402925,173.413875,173.42535,173.44325,173.459325,173.4724,173.4957,173.5094,173.535675,173.545125,173.564275,173.572375,173.5808,173.59145,173.61365,173.62965,173.64155,173.65005,173.660175,173.67115,173.700025,173.720275,173.7395,173.7713,173.8032,173.8382,173.98415,174.1087,174.161075,174.60655,174.6966,174.737925,174.764125,174.803725,174.81585,174.8509,174.889675,174.916125,174.939725,174.950925,174.9659,174.9898,175.0068,175.021625,175.049225,175.09325,175.10215,175.12625,175.13805,175.1525,175.16985,175.188825,175.2081,175.220975,175.22825,175.23855,175.2629,175.272775,175.3039,175.32125,175.33155,175.33945,175.37425,175.387375,175.404425,175.42745,175.440875,175.46475,175.4918,175.531075,175.62805,175.67145,175.80235,175.95935,176.545825,176.66685,176.71865,176.7417,176.7709,176.831175,176.86355,176.8844,176.900825,176.927675,176.9349,176.9388,176.948325,176.962175,176.978,176.99985,177.01775,177.0361,177.0483,177.061675,177.075825,177.0871,177.099125,177.11175,177.1251,177.1452,177.15245,177.162875,177.176175,177.186175,177.1987,177.2073,177.239375,177.2555,177.27885,177.292275,177.307975,177.349525,177.4179,177.528275,177.57775,177.648025,178.396825,178.438075,178.48605,178.52425,178.55175,178.578625,178.597075,178.613125,178.64895,178.66205,178.679625,178.69715,178.714025,178.72365,178.74135,178.75435,178.768475,178.777575,178.788925,178.80065,178.825525,178.834625,178.8468,178.861625,178.875925,178.926125,178.938375,178.956575,178.96895,178.977725,179.02415,179.045975,179.072375,179.110775,179.4331,180.292975,180.368,180.483325,180.51385,180.57775,180.624225,180.690975,180.72,180.73785,180.764675,180.790925,180.841125,180.861625,180.906875,181.399525,183.15515,192.840275,0,0,0,0,0,0,0,0,0,0,0,0,0,0,0,0,0,0,0,0,0,0,0,0,0,0,0,0,0,0,0,0,0,0,0,0,0,0,0,0,0,0,0,0,0,0,0,0,0,0,0,0,0,0,0,0,0,0,0,0,0,0,0,0,0,0,0,0,0,0,0,0,0,0,0,0,0,0,0,0,0,0,0,0,0,0,0,0,0,0,0,0,0,0,0,0,0,0,0,0,0,0,0,0,0,0,0,0,0,0,0,0,0,0,0,0,0,0,0,0,0,0,0,0,0,0,0,0,0,0,0,0,0,0,0,0,0,0,0,0,0,0,0,0,0,0,0,0,0,0,0,0,0,0,0,0,0,0,0,0,0,0,0,0,0,0,0,0,0,0,0,0,0,0,0,0,0,0,0,0,0,0,0,0,0,0,0,0,0,0,0,0,0,0,0,0,0,0,0,0,0,0,0,0
"169",170.3594,170.424275,170.4877,170.5065,170.561575,170.5977,170.635275,170.664825,171.57665,171.63125,171.65625,171.700275,171.74775,172.8365,172.883,172.94425,173.009975,173.697525,174.32245,175.45705,176.152175,176.1714,176.209625,176.270575,176.307325,176.329175,176.3766,177.831175,177.89295,177.932725,177.966775,178.01015,178.05955,178.08105,179.58005,179.669975,179.725775,179.75585,179.8059,179.86865,179.9183,0,0,0,0,0,0,0,0,0,0,0,0,0,0,0,0,0,0,0,0,0,0,0,0,0,0,0,0,0,0,0,0,0,0,0,0,0,0,0,0,0,0,0,0,0,0,0,0,0,0,0,0,0,0,0,0,0,0,0,0,0,0,0,0,0,0,0,0,0,0,0,0,0,0,0,0,0,0,0,0,0,0,0,0,0,0,0,0,0,0,0,0,0,0,0,0,0,0,0,0,0,0,0,0,0,0,0,0,0,0,0,0,0,0,0,0,0,0,0,0,0,0,0,0,0,0,0,0,0,0,0,0,0,0,0,0,0,0,0,0,0,0,0,0,0,0,0,0,0,0,0,0,0,0,0,0,0,0,0,0,0,0,0,0,0,0,0,0,0,0,0,0,0,0,0,0,0,0,0,0,0,0,0,0,0,0,0,0,0,0,0,0,0,0,0,0,0,0,0,0,0,0,0,0,0,0,0,0,0,0,0,0,0,0,0,0,0,0,0,0,0,0,0,0,0,0,0,0,0,0,0,0,0,0,0,0,0,0,0,0,0,0,0,0,0,0,0,0,0,0,0,0,0,0,0,0,0,0,0,0,0,0,0,0,0,0,0,0,0,0,0,0,0,0,0,0,0,0,0,0,0,0,0,0,0,0,0,0,0,0,0,0,0,0,0,0,0,0,0,0,0,0,0,0,0,0,0,0,0,0,0,0,0,0,0,0,0,0,0,0,0,0,0,0,0,0,0,0,0,0,0,0,0,0,0,0,0,0,0,0,0,0,0,0,0,0,0,0,0,0,0,0,0,0,0,0,0,0,0,0,0,0,0,0,0,0,0,0,0,0,0,0,0,0,0,0,0,0,0,0,0
"170",171.0312,171.045675,171.07925,171.1218,171.17125,171.197225,171.2344,171.305375,171.327275,171.3742,171.405525,171.94545,171.9775,172.01215,172.0459,172.0586,172.084675,172.147125,172.3889,172.64975,172.730725,173.1759,173.200125,173.2106,173.261775,173.2937,173.32625,173.3827,173.4441,173.502775,173.602725,173.6916,173.7392,173.813,174.1017,174.7182,174.745625,174.84015,174.875225,174.942975,174.959925,175.216025,175.5684,175.814525,176.57295,176.612325,176.641925,176.737425,176.834125,176.89175,176.93575,176.96455,177.459025,177.7154,178.316425,178.3365,178.360725,178.39715,178.461125,178.536025,178.571925,178.71805,178.974925,179.013025,179.31735,180.2203,180.25735,180.2915,180.342825,180.39065,180.4241,180.457925,180.60645,180.660625,180.83815,181.031675,181.19415,182.927725,183.095825,183.349375,183.615625,0,0,0,0,0,0,0,0,0,0,0,0,0,0,0,0,0,0,0,0,0,0,0,0,0,0,0,0,0,0,0,0,0,0,0,0,0,0,0,0,0,0,0,0,0,0,0,0,0,0,0,0,0,0,0,0,0,0,0,0,0,0,0,0,0,0,0,0,0,0,0,0,0,0,0,0,0,0,0,0,0,0,0,0,0,0,0,0,0,0,0,0,0,0,0,0,0,0,0,0,0,0,0,0,0,0,0,0,0,0,0,0,0,0,0,0,0,0,0,0,0,0,0,0,0,0,0,0,0,0,0,0,0,0,0,0,0,0,0,0,0,0,0,0,0,0,0,0,0,0,0,0,0,0,0,0,0,0,0,0,0,0,0,0,0,0,0,0,0,0,0,0,0,0,0,0,0,0,0,0,0,0,0,0,0,0,0,0,0,0,0,0,0,0,0,0,0,0,0,0,0,0,0,0,0,0,0,0,0,0,0,0,0,0,0,0,0,0,0,0,0,0,0,0,0,0,0,0,0,0,0,0,0,0,0,0,0,0,0,0,0,0,0,0,0,0,0,0,0,0,0,0,0,0,0,0,0,0,0,0,0,0,0,0,0,0,0,0,0,0,0,0,0,0,0,0,0,0,0,0,0,0,0,0,0,0,0,0,0,0,0,0,0,0,0,0,0,0,0,0,0,0,0,0,0,0,0,0,0,0,0,0,0,0,0,0,0,0,0,0,0,0,0,0,0,0,0,0,0,0,0,0,0,0,0,0,0,0,0,0,0
"171",171.13815,171.218925,172.10625,172.13415,172.217275,172.303225,172.47335,173.384475,173.4464,173.510475,173.573375,175.015875,175.118525,175.218675,175.67765,176.862175,177.147475,178.436575,178.504325,178.794475,178.862775,180.451925,180.664275,180.932425,0,0,0,0,0,0,0,0,0,0,0,0,0,0,0,0,0,0,0,0,0,0,0,0,0,0,0,0,0,0,0,0,0,0,0,0,0,0,0,0,0,0,0,0,0,0,0,0,0,0,0,0,0,0,0,0,0,0,0,0,0,0,0,0,0,0,0,0,0,0,0,0,0,0,0,0,0,0,0,0,0,0,0,0,0,0,0,0,0,0,0,0,0,0,0,0,0,0,0,0,0,0,0,0,0,0,0,0,0,0,0,0,0,0,0,0,0,0,0,0,0,0,0,0,0,0,0,0,0,0,0,0,0,0,0,0,0,0,0,0,0,0,0,0,0,0,0,0,0,0,0,0,0,0,0,0,0,0,0,0,0,0,0,0,0,0,0,0,0,0,0,0,0,0,0,0,0,0,0,0,0,0,0,0,0,0,0,0,0,0,0,0,0,0,0,0,0,0,0,0,0,0,0,0,0,0,0,0,0,0,0,0,0,0,0,0,0,0,0,0,0,0,0,0,0,0,0,0,0,0,0,0,0,0,0,0,0,0,0,0,0,0,0,0,0,0,0,0,0,0,0,0,0,0,0,0,0,0,0,0,0,0,0,0,0,0,0,0,0,0,0,0,0,0,0,0,0,0,0,0,0,0,0,0,0,0,0,0,0,0,0,0,0,0,0,0,0,0,0,0,0,0,0,0,0,0,0,0,0,0,0,0,0,0,0,0,0,0,0,0,0,0,0,0,0,0,0,0,0,0,0,0,0,0,0,0,0,0,0,0,0,0,0,0,0,0,0,0,0,0,0,0,0,0,0,0,0,0,0,0,0,0,0,0,0,0,0,0,0,0,0,0,0,0,0,0,0,0,0,0,0,0,0,0,0,0,0,0,0,0,0,0,0,0,0,0,0,0
"172",171.507925,171.553075,179.530375,179.66205,181.633975,181.73945,181.855825,181.911375,181.9596,182.07485,182.2436,0,0,0,0,0,0,0,0,0,0,0,0,0,0,0,0,0,0,0,0,0,0,0,0,0,0,0,0,0,0,0,0,0,0,0,0,0,0,0,0,0,0,0,0,0,0,0,0,0,0,0,0,0,0,0,0,0,0,0,0,0,0,0,0,0,0,0,0,0,0,0,0,0,0,0,0,0,0,0,0,0,0,0,0,0,0,0,0,0,0,0,0,0,0,0,0,0,0,0,0,0,0,0,0,0,0,0,0,0,0,0,0,0,0,0,0,0,0,0,0,0,0,0,0,0,0,0,0,0,0,0,0,0,0,0,0,0,0,0,0,0,0,0,0,0,0,0,0,0,0,0,0,0,0,0,0,0,0,0,0,0,0,0,0,0,0,0,0,0,0,0,0,0,0,0,0,0,0,0,0,0,0,0,0,0,0,0,0,0,0,0,0,0,0,0,0,0,0,0,0,0,0,0,0,0,0,0,0,0,0,0,0,0,0,0,0,0,0,0,0,0,0,0,0,0,0,0,0,0,0,0,0,0,0,0,0,0,0,0,0,0,0,0,0,0,0,0,0,0,0,0,0,0,0,0,0,0,0,0,0,0,0,0,0,0,0,0,0,0,0,0,0,0,0,0,0,0,0,0,0,0,0,0,0,0,0,0,0,0,0,0,0,0,0,0,0,0,0,0,0,0,0,0,0,0,0,0,0,0,0,0,0,0,0,0,0,0,0,0,0,0,0,0,0,0,0,0,0,0,0,0,0,0,0,0,0,0,0,0,0,0,0,0,0,0,0,0,0,0,0,0,0,0,0,0,0,0,0,0,0,0,0,0,0,0,0,0,0,0,0,0,0,0,0,0,0,0,0,0,0,0,0,0,0,0,0,0,0,0,0,0,0,0,0,0,0,0,0,0,0,0,0,0,0,0,0,0,0,0,0,0
"173",170.9615,171.017875,171.0699,171.090025,171.14895,171.17935,171.242675,171.9415,171.96445,171.99495,172.00765,172.05975,172.093225,172.154375,172.4913,173.146375,173.192175,173.219575,173.240575,173.26505,173.282125,173.360075,173.59515,173.653125,174.00245,174.534525,174.65495,174.681975,174.7144,174.8506,174.893425,175.2047,175.553275,176.546725,176.59775,176.614225,176.907875,176.920825,176.967275,177.191025,177.325125,177.3461,178.34145,178.362,178.38625,178.430725,178.48715,178.512575,178.543775,178.79665,179.2242,180.263325,180.286,180.38015,180.4258,180.45965,180.5896,180.7323,180.854475,181.169525,181.251,0,0,0,0,0,0,0,0,0,0,0,0,0,0,0,0,0,0,0,0,0,0,0,0,0,0,0,0,0,0,0,0,0,0,0,0,0,0,0,0,0,0,0,0,0,0,0,0,0,0,0,0,0,0,0,0,0,0,0,0,0,0,0,0,0,0,0,0,0,0,0,0,0,0,0,0,0,0,0,0,0,0,0,0,0,0,0,0,0,0,0,0,0,0,0,0,0,0,0,0,0,0,0,0,0,0,0,0,0,0,0,0,0,0,0,0,0,0,0,0,0,0,0,0,0,0,0,0,0,0,0,0,0,0,0,0,0,0,0,0,0,0,0,0,0,0,0,0,0,0,0,0,0,0,0,0,0,0,0,0,0,0,0,0,0,0,0,0,0,0,0,0,0,0,0,0,0,0,0,0,0,0,0,0,0,0,0,0,0,0,0,0,0,0,0,0,0,0,0,0,0,0,0,0,0,0,0,0,0,0,0,0,0,0,0,0,0,0,0,0,0,0,0,0,0,0,0,0,0,0,0,0,0,0,0,0,0,0,0,0,0,0,0,0,0,0,0,0,0,0,0,0,0,0,0,0,0,0,0,0,0,0,0,0,0,0,0,0,0,0,0,0,0,0,0,0,0,0,0,0,0,0,0,0,0,0,0,0,0,0,0,0,0,0,0,0,0,0,0,0,0,0,0,0,0,0,0,0,0,0,0,0,0,0,0,0,0,0,0,0,0,0,0,0,0,0,0,0,0,0,0,0,0,0,0,0,0,0,0,0,0,0,0,0,0,0,0,0,0,0,0,0,0,0,0,0,0,0,0,0,0
"174",170.040425,172.824025,174.17485,175.207,175.220525,175.30515,175.37975,175.428425,178.897975,180.86975,0,0,0,0,0,0,0,0,0,0,0,0,0,0,0,0,0,0,0,0,0,0,0,0,0,0,0,0,0,0,0,0,0,0,0,0,0,0,0,0,0,0,0,0,0,0,0,0,0,0,0,0,0,0,0,0,0,0,0,0,0,0,0,0,0,0,0,0,0,0,0,0,0,0,0,0,0,0,0,0,0,0,0,0,0,0,0,0,0,0,0,0,0,0,0,0,0,0,0,0,0,0,0,0,0,0,0,0,0,0,0,0,0,0,0,0,0,0,0,0,0,0,0,0,0,0,0,0,0,0,0,0,0,0,0,0,0,0,0,0,0,0,0,0,0,0,0,0,0,0,0,0,0,0,0,0,0,0,0,0,0,0,0,0,0,0,0,0,0,0,0,0,0,0,0,0,0,0,0,0,0,0,0,0,0,0,0,0,0,0,0,0,0,0,0,0,0,0,0,0,0,0,0,0,0,0,0,0,0,0,0,0,0,0,0,0,0,0,0,0,0,0,0,0,0,0,0,0,0,0,0,0,0,0,0,0,0,0,0,0,0,0,0,0,0,0,0,0,0,0,0,0,0,0,0,0,0,0,0,0,0,0,0,0,0,0,0,0,0,0,0,0,0,0,0,0,0,0,0,0,0,0,0,0,0,0,0,0,0,0,0,0,0,0,0,0,0,0,0,0,0,0,0,0,0,0,0,0,0,0,0,0,0,0,0,0,0,0,0,0,0,0,0,0,0,0,0,0,0,0,0,0,0,0,0,0,0,0,0,0,0,0,0,0,0,0,0,0,0,0,0,0,0,0,0,0,0,0,0,0,0,0,0,0,0,0,0,0,0,0,0,0,0,0,0,0,0,0,0,0,0,0,0,0,0,0,0,0,0,0,0,0,0,0,0,0,0,0,0,0,0,0,0,0,0,0,0,0,0,0,0,0
"175",169.9749,170.0441,170.08795,170.1265,170.152825,170.16305,170.213025,170.256325,170.30415,170.32055,170.426775,170.470925,171.6462,171.647925,175.2871,175.31605,176.112075,176.1836,177.793725,177.84015,177.871175,179.0756,179.432425,179.43575,179.50935,179.55355,179.589025,179.684225,179.779775,179.8076,181.857325,181.993075,182.045425,182.172325,182.242975,0,0,0,0,0,0,0,0,0,0,0,0,0,0,0,0,0,0,0,0,0,0,0,0,0,0,0,0,0,0,0,0,0,0,0,0,0,0,0,0,0,0,0,0,0,0,0,0,0,0,0,0,0,0,0,0,0,0,0,0,0,0,0,0,0,0,0,0,0,0,0,0,0,0,0,0,0,0,0,0,0,0,0,0,0,0,0,0,0,0,0,0,0,0,0,0,0,0,0,0,0,0,0,0,0,0,0,0,0,0,0,0,0,0,0,0,0,0,0,0,0,0,0,0,0,0,0,0,0,0,0,0,0,0,0,0,0,0,0,0,0,0,0,0,0,0,0,0,0,0,0,0,0,0,0,0,0,0,0,0,0,0,0,0,0,0,0,0,0,0,0,0,0,0,0,0,0,0,0,0,0,0,0,0,0,0,0,0,0,0,0,0,0,0,0,0,0,0,0,0,0,0,0,0,0,0,0,0,0,0,0,0,0,0,0,0,0,0,0,0,0,0,0,0,0,0,0,0,0,0,0,0,0,0,0,0,0,0,0,0,0,0,0,0,0,0,0,0,0,0,0,0,0,0,0,0,0,0,0,0,0,0,0,0,0,0,0,0,0,0,0,0,0,0,0,0,0,0,0,0,0,0,0,0,0,0,0,0,0,0,0,0,0,0,0,0,0,0,0,0,0,0,0,0,0,0,0,0,0,0,0,0,0,0,0,0,0,0,0,0,0,0,0,0,0,0,0,0,0,0,0,0,0,0,0,0,0,0,0,0,0,0,0,0,0,0,0,0,0,0,0,0,0,0,0,0,0,0,0,0,0,0,0,0,0,0,0,0,0,0,0,0,0,0,0,0,0,0,0,0,0,0,0,0,0,0,0
"176",171.06405,171.14655,171.27275,172.1996,172.4136,173.9271,174.7889,175.4764,177.10345,177.3384,177.5612,178.6324,178.85925,179.164025,180.494675,180.541975,180.7212,180.7706,180.897675,180.988675,183.2039,0,0,0,0,0,0,0,0,0,0,0,0,0,0,0,0,0,0,0,0,0,0,0,0,0,0,0,0,0,0,0,0,0,0,0,0,0,0,0,0,0,0,0,0,0,0,0,0,0,0,0,0,0,0,0,0,0,0,0,0,0,0,0,0,0,0,0,0,0,0,0,0,0,0,0,0,0,0,0,0,0,0,0,0,0,0,0,0,0,0,0,0,0,0,0,0,0,0,0,0,0,0,0,0,0,0,0,0,0,0,0,0,0,0,0,0,0,0,0,0,0,0,0,0,0,0,0,0,0,0,0,0,0,0,0,0,0,0,0,0,0,0,0,0,0,0,0,0,0,0,0,0,0,0,0,0,0,0,0,0,0,0,0,0,0,0,0,0,0,0,0,0,0,0,0,0,0,0,0,0,0,0,0,0,0,0,0,0,0,0,0,0,0,0,0,0,0,0,0,0,0,0,0,0,0,0,0,0,0,0,0,0,0,0,0,0,0,0,0,0,0,0,0,0,0,0,0,0,0,0,0,0,0,0,0,0,0,0,0,0,0,0,0,0,0,0,0,0,0,0,0,0,0,0,0,0,0,0,0,0,0,0,0,0,0,0,0,0,0,0,0,0,0,0,0,0,0,0,0,0,0,0,0,0,0,0,0,0,0,0,0,0,0,0,0,0,0,0,0,0,0,0,0,0,0,0,0,0,0,0,0,0,0,0,0,0,0,0,0,0,0,0,0,0,0,0,0,0,0,0,0,0,0,0,0,0,0,0,0,0,0,0,0,0,0,0,0,0,0,0,0,0,0,0,0,0,0,0,0,0,0,0,0,0,0,0,0,0,0,0,0,0,0,0,0,0,0,0,0,0,0,0,0,0,0,0,0,0,0,0,0,0,0,0,0,0,0,0,0,0,0
"177",172.41685,172.536525,172.594825,172.62125,172.6562,172.720325,173.55725,173.604275,173.63615,173.685,173.702875,173.789675,173.8208,173.87095,173.91465,173.943725,173.9762,174.040575,174.120025,174.194375,174.704825,174.772175,174.82725,174.92615,175.1788,175.267,175.299225,175.372675,175.487975,175.5986,175.772775,175.787525,175.81195,175.83535,175.86765,175.940925,175.994675,176.917875,176.97085,177.074675,177.2103,177.23215,177.2678,177.342425,177.521525,178.643175,178.7043,178.74795,178.901275,178.98545,179.03775,181.10065,0,0,0,0,0,0,0,0,0,0,0,0,0,0,0,0,0,0,0,0,0,0,0,0,0,0,0,0,0,0,0,0,0,0,0,0,0,0,0,0,0,0,0,0,0,0,0,0,0,0,0,0,0,0,0,0,0,0,0,0,0,0,0,0,0,0,0,0,0,0,0,0,0,0,0,0,0,0,0,0,0,0,0,0,0,0,0,0,0,0,0,0,0,0,0,0,0,0,0,0,0,0,0,0,0,0,0,0,0,0,0,0,0,0,0,0,0,0,0,0,0,0,0,0,0,0,0,0,0,0,0,0,0,0,0,0,0,0,0,0,0,0,0,0,0,0,0,0,0,0,0,0,0,0,0,0,0,0,0,0,0,0,0,0,0,0,0,0,0,0,0,0,0,0,0,0,0,0,0,0,0,0,0,0,0,0,0,0,0,0,0,0,0,0,0,0,0,0,0,0,0,0,0,0,0,0,0,0,0,0,0,0,0,0,0,0,0,0,0,0,0,0,0,0,0,0,0,0,0,0,0,0,0,0,0,0,0,0,0,0,0,0,0,0,0,0,0,0,0,0,0,0,0,0,0,0,0,0,0,0,0,0,0,0,0,0,0,0,0,0,0,0,0,0,0,0,0,0,0,0,0,0,0,0,0,0,0,0,0,0,0,0,0,0,0,0,0,0,0,0,0,0,0,0,0,0,0,0,0,0,0,0,0,0,0,0,0,0,0,0,0,0,0,0,0,0,0,0,0,0,0,0,0,0,0,0,0,0,0,0,0,0,0,0,0,0,0,0,0,0,0,0,0,0,0,0,0,0,0,0,0,0,0,0,0,0,0,0,0,0
"178",172.347275,172.37065,172.390625,172.4249,172.458425,172.5058,172.5577,172.593175,172.615025,172.64175,173.387225,173.55,173.62145,173.656675,173.708025,173.760625,173.78395,173.79965,173.815425,173.880375,173.9018,173.93195,173.94685,173.969125,174.019175,174.102475,174.12795,174.154675,174.185325,174.830625,174.87235,174.942325,174.969075,175.045075,175.086825,175.19865,175.221475,175.243275,175.262475,175.298025,175.336275,175.357825,175.37915,175.4054,175.460475,175.50055,175.559875,175.58875,175.6185,175.6546,175.6763,175.717625,175.731575,175.771575,175.791125,175.8129,175.84415,175.86845,175.889575,175.904675,175.92395,175.979925,176.027925,176.976475,177.046025,177.133225,177.163575,177.193,177.216175,177.234575,177.263875,177.28445,177.3233,177.34665,177.38835,177.421625,177.446475,177.48315,177.517925,177.60505,178.69235,178.762725,178.7836,178.814075,178.84495,178.868025,178.9041,178.94185,178.9766,178.99995,179.040525,179.10485,179.179275,179.236525,179.333075,180.8355,180.9102,180.934575,181.041075,181.2527,0,0,0,0,0,0,0,0,0,0,0,0,0,0,0,0,0,0,0,0,0,0,0,0,0,0,0,0,0,0,0,0,0,0,0,0,0,0,0,0,0,0,0,0,0,0,0,0,0,0,0,0,0,0,0,0,0,0,0,0,0,0,0,0,0,0,0,0,0,0,0,0,0,0,0,0,0,0,0,0,0,0,0,0,0,0,0,0,0,0,0,0,0,0,0,0,0,0,0,0,0,0,0,0,0,0,0,0,0,0,0,0,0,0,0,0,0,0,0,0,0,0,0,0,0,0,0,0,0,0,0,0,0,0,0,0,0,0,0,0,0,0,0,0,0,0,0,0,0,0,0,0,0,0,0,0,0,0,0,0,0,0,0,0,0,0,0,0,0,0,0,0,0,0,0,0,0,0,0,0,0,0,0,0,0,0,0,0,0,0,0,0,0,0,0,0,0,0,0,0,0,0,0,0,0,0,0,0,0,0,0,0,0,0,0,0,0,0,0,0,0,0,0,0,0,0,0,0,0,0,0,0,0,0,0,0,0,0,0,0,0,0,0,0,0,0,0,0,0,0,0,0,0,0,0,0,0,0,0,0,0,0,0,0,0,0,0,0,0,0,0,0,0,0,0,0,0,0,0,0,0,0,0,0,0,0,0,0,0,0,0,0,0,0,0,0,0,0,0,0,0,0,0,0,0,0,0,0,0,0,0,0,0,0,0,0,0,0,0,0,0,0
"179",171.2339,172.2685,172.336775,172.413275,172.44075,173.33415,173.52435,173.57375,173.677,173.74555,173.8444,173.858325,173.99155,174.0634,175.149125,175.437325,177.0219,177.105975,178.589725,180.60325,181.157875,0,0,0,0,0,0,0,0,0,0,0,0,0,0,0,0,0,0,0,0,0,0,0,0,0,0,0,0,0,0,0,0,0,0,0,0,0,0,0,0,0,0,0,0,0,0,0,0,0,0,0,0,0,0,0,0,0,0,0,0,0,0,0,0,0,0,0,0,0,0,0,0,0,0,0,0,0,0,0,0,0,0,0,0,0,0,0,0,0,0,0,0,0,0,0,0,0,0,0,0,0,0,0,0,0,0,0,0,0,0,0,0,0,0,0,0,0,0,0,0,0,0,0,0,0,0,0,0,0,0,0,0,0,0,0,0,0,0,0,0,0,0,0,0,0,0,0,0,0,0,0,0,0,0,0,0,0,0,0,0,0,0,0,0,0,0,0,0,0,0,0,0,0,0,0,0,0,0,0,0,0,0,0,0,0,0,0,0,0,0,0,0,0,0,0,0,0,0,0,0,0,0,0,0,0,0,0,0,0,0,0,0,0,0,0,0,0,0,0,0,0,0,0,0,0,0,0,0,0,0,0,0,0,0,0,0,0,0,0,0,0,0,0,0,0,0,0,0,0,0,0,0,0,0,0,0,0,0,0,0,0,0,0,0,0,0,0,0,0,0,0,0,0,0,0,0,0,0,0,0,0,0,0,0,0,0,0,0,0,0,0,0,0,0,0,0,0,0,0,0,0,0,0,0,0,0,0,0,0,0,0,0,0,0,0,0,0,0,0,0,0,0,0,0,0,0,0,0,0,0,0,0,0,0,0,0,0,0,0,0,0,0,0,0,0,0,0,0,0,0,0,0,0,0,0,0,0,0,0,0,0,0,0,0,0,0,0,0,0,0,0,0,0,0,0,0,0,0,0,0,0,0,0,0,0,0,0,0,0,0,0,0,0,0,0,0,0,0,0,0,0
"180",170.0085,170.024675,170.240575,170.591,171.16645,171.4441,171.51475,171.5451,171.558275,171.575525,171.5835,171.69915,171.7087,172.369825,172.381525,172.94725,173.673825,177.915875,177.953225,178.016725,178.11155,179.53325,179.677425,179.68675,179.71045,179.75225,179.804675,181.77955,181.83915,181.866575,181.99655,182.046875,182.15885,182.217375,184.09775,0,0,0,0,0,0,0,0,0,0,0,0,0,0,0,0,0,0,0,0,0,0,0,0,0,0,0,0,0,0,0,0,0,0,0,0,0,0,0,0,0,0,0,0,0,0,0,0,0,0,0,0,0,0,0,0,0,0,0,0,0,0,0,0,0,0,0,0,0,0,0,0,0,0,0,0,0,0,0,0,0,0,0,0,0,0,0,0,0,0,0,0,0,0,0,0,0,0,0,0,0,0,0,0,0,0,0,0,0,0,0,0,0,0,0,0,0,0,0,0,0,0,0,0,0,0,0,0,0,0,0,0,0,0,0,0,0,0,0,0,0,0,0,0,0,0,0,0,0,0,0,0,0,0,0,0,0,0,0,0,0,0,0,0,0,0,0,0,0,0,0,0,0,0,0,0,0,0,0,0,0,0,0,0,0,0,0,0,0,0,0,0,0,0,0,0,0,0,0,0,0,0,0,0,0,0,0,0,0,0,0,0,0,0,0,0,0,0,0,0,0,0,0,0,0,0,0,0,0,0,0,0,0,0,0,0,0,0,0,0,0,0,0,0,0,0,0,0,0,0,0,0,0,0,0,0,0,0,0,0,0,0,0,0,0,0,0,0,0,0,0,0,0,0,0,0,0,0,0,0,0,0,0,0,0,0,0,0,0,0,0,0,0,0,0,0,0,0,0,0,0,0,0,0,0,0,0,0,0,0,0,0,0,0,0,0,0,0,0,0,0,0,0,0,0,0,0,0,0,0,0,0,0,0,0,0,0,0,0,0,0,0,0,0,0,0,0,0,0,0,0,0,0,0,0,0,0,0,0,0,0,0,0,0,0,0,0,0,0,0,0,0,0,0,0,0,0,0,0,0,0,0,0,0,0,0,0
"181",171.0927,171.18005,172.02515,172.12395,172.20395,172.235475,172.29585,172.5403,172.672975,172.734775,173.22445,173.43485,173.48155,173.63865,173.68705,173.731325,174.0362,174.0823,174.723925,174.78985,175.116825,176.707975,176.803325,176.85165,176.8949,176.924975,177.553925,178.42325,178.466475,178.5153,178.5592,178.647775,178.730375,180.467675,180.66175,180.7381,180.7849,180.99175,181.09975,0,0,0,0,0,0,0,0,0,0,0,0,0,0,0,0,0,0,0,0,0,0,0,0,0,0,0,0,0,0,0,0,0,0,0,0,0,0,0,0,0,0,0,0,0,0,0,0,0,0,0,0,0,0,0,0,0,0,0,0,0,0,0,0,0,0,0,0,0,0,0,0,0,0,0,0,0,0,0,0,0,0,0,0,0,0,0,0,0,0,0,0,0,0,0,0,0,0,0,0,0,0,0,0,0,0,0,0,0,0,0,0,0,0,0,0,0,0,0,0,0,0,0,0,0,0,0,0,0,0,0,0,0,0,0,0,0,0,0,0,0,0,0,0,0,0,0,0,0,0,0,0,0,0,0,0,0,0,0,0,0,0,0,0,0,0,0,0,0,0,0,0,0,0,0,0,0,0,0,0,0,0,0,0,0,0,0,0,0,0,0,0,0,0,0,0,0,0,0,0,0,0,0,0,0,0,0,0,0,0,0,0,0,0,0,0,0,0,0,0,0,0,0,0,0,0,0,0,0,0,0,0,0,0,0,0,0,0,0,0,0,0,0,0,0,0,0,0,0,0,0,0,0,0,0,0,0,0,0,0,0,0,0,0,0,0,0,0,0,0,0,0,0,0,0,0,0,0,0,0,0,0,0,0,0,0,0,0,0,0,0,0,0,0,0,0,0,0,0,0,0,0,0,0,0,0,0,0,0,0,0,0,0,0,0,0,0,0,0,0,0,0,0,0,0,0,0,0,0,0,0,0,0,0,0,0,0,0,0,0,0,0,0,0,0,0,0,0,0,0,0,0,0,0,0,0,0,0,0,0,0,0,0,0,0,0,0,0,0,0,0,0,0,0,0,0,0,0,0,0,0,0,0
"182",170.959225,171.013175,171.131725,171.14485,171.20655,171.94405,172.01655,172.0879,172.166775,172.5231,173.14865,173.16025,174.5259,175.32355,175.8164,176.50915,176.5387,176.591775,176.6186,176.778875,178.50125,180.608175,182.980175,0,0,0,0,0,0,0,0,0,0,0,0,0,0,0,0,0,0,0,0,0,0,0,0,0,0,0,0,0,0,0,0,0,0,0,0,0,0,0,0,0,0,0,0,0,0,0,0,0,0,0,0,0,0,0,0,0,0,0,0,0,0,0,0,0,0,0,0,0,0,0,0,0,0,0,0,0,0,0,0,0,0,0,0,0,0,0,0,0,0,0,0,0,0,0,0,0,0,0,0,0,0,0,0,0,0,0,0,0,0,0,0,0,0,0,0,0,0,0,0,0,0,0,0,0,0,0,0,0,0,0,0,0,0,0,0,0,0,0,0,0,0,0,0,0,0,0,0,0,0,0,0,0,0,0,0,0,0,0,0,0,0,0,0,0,0,0,0,0,0,0,0,0,0,0,0,0,0,0,0,0,0,0,0,0,0,0,0,0,0,0,0,0,0,0,0,0,0,0,0,0,0,0,0,0,0,0,0,0,0,0,0,0,0,0,0,0,0,0,0,0,0,0,0,0,0,0,0,0,0,0,0,0,0,0,0,0,0,0,0,0,0,0,0,0,0,0,0,0,0,0,0,0,0,0,0,0,0,0,0,0,0,0,0,0,0,0,0,0,0,0,0,0,0,0,0,0,0,0,0,0,0,0,0,0,0,0,0,0,0,0,0,0,0,0,0,0,0,0,0,0,0,0,0,0,0,0,0,0,0,0,0,0,0,0,0,0,0,0,0,0,0,0,0,0,0,0,0,0,0,0,0,0,0,0,0,0,0,0,0,0,0,0,0,0,0,0,0,0,0,0,0,0,0,0,0,0,0,0,0,0,0,0,0,0,0,0,0,0,0,0,0,0,0,0,0,0,0,0,0,0,0,0,0,0,0,0,0,0,0,0,0,0,0,0,0,0,0,0
"183",171.21345,171.277225,171.374125,171.9705,171.98785,172.073625,172.17735,172.210375,172.4293,172.483425,173.285325,173.325425,173.425025,173.53015,173.829575,173.91335,173.9842,174.7022,174.765325,174.81535,174.950975,175.0995,175.1738,175.65945,175.777925,175.88245,176.646975,176.984775,177.03415,177.08825,177.386025,177.456125,177.5782,178.471375,178.5045,178.681025,178.7487,178.8902,0,0,0,0,0,0,0,0,0,0,0,0,0,0,0,0,0,0,0,0,0,0,0,0,0,0,0,0,0,0,0,0,0,0,0,0,0,0,0,0,0,0,0,0,0,0,0,0,0,0,0,0,0,0,0,0,0,0,0,0,0,0,0,0,0,0,0,0,0,0,0,0,0,0,0,0,0,0,0,0,0,0,0,0,0,0,0,0,0,0,0,0,0,0,0,0,0,0,0,0,0,0,0,0,0,0,0,0,0,0,0,0,0,0,0,0,0,0,0,0,0,0,0,0,0,0,0,0,0,0,0,0,0,0,0,0,0,0,0,0,0,0,0,0,0,0,0,0,0,0,0,0,0,0,0,0,0,0,0,0,0,0,0,0,0,0,0,0,0,0,0,0,0,0,0,0,0,0,0,0,0,0,0,0,0,0,0,0,0,0,0,0,0,0,0,0,0,0,0,0,0,0,0,0,0,0,0,0,0,0,0,0,0,0,0,0,0,0,0,0,0,0,0,0,0,0,0,0,0,0,0,0,0,0,0,0,0,0,0,0,0,0,0,0,0,0,0,0,0,0,0,0,0,0,0,0,0,0,0,0,0,0,0,0,0,0,0,0,0,0,0,0,0,0,0,0,0,0,0,0,0,0,0,0,0,0,0,0,0,0,0,0,0,0,0,0,0,0,0,0,0,0,0,0,0,0,0,0,0,0,0,0,0,0,0,0,0,0,0,0,0,0,0,0,0,0,0,0,0,0,0,0,0,0,0,0,0,0,0,0,0,0,0,0,0,0,0,0,0,0,0,0,0,0,0,0,0,0,0,0,0,0,0,0,0,0,0,0,0,0,0,0,0,0,0,0,0,0,0,0,0,0,0,0
"184",171.051125,171.15385,171.20945,171.405275,171.447875,171.997325,172.028825,172.0828,172.155325,172.18395,172.222025,172.232225,172.249175,172.3396,172.351325,172.361875,172.377325,172.433575,172.481,172.688975,173.1563,173.2315,173.268675,173.31755,173.336375,173.364275,173.4106,173.430375,173.4714,173.511725,173.539025,173.558825,173.586075,173.628275,173.7296,173.7529,173.8704,174.02615,174.08015,174.533525,174.7948,174.855325,174.88705,174.912775,175.0514,175.082125,175.11175,175.135125,175.1702,175.2072,175.254325,175.317525,175.3894,175.48425,175.6882,175.7701,175.789925,175.865575,175.930825,176.013075,176.1314,176.61545,176.630625,176.677375,176.6939,176.721175,176.751025,176.796725,176.812175,176.82205,176.84925,176.859975,176.880375,176.893425,176.9169,176.92945,176.9436,176.963725,176.9744,176.991975,177.00165,177.025375,177.032425,177.06585,177.1138,177.126125,177.149125,177.1888,177.251825,177.372675,177.417175,177.463125,177.4953,177.53355,177.555425,177.63085,178.3765,178.416825,178.43835,178.457325,178.519175,178.5311,178.560225,178.5823,178.62845,178.643625,178.655425,178.6877,178.697025,178.7208,178.741275,178.76665,178.793475,178.8444,178.899725,180.331075,180.360175,180.38805,180.435275,180.499925,180.537975,180.586725,180.686375,180.7331,180.779975,180.8269,180.8675,181.213875,183.543725,0,0,0,0,0,0,0,0,0,0,0,0,0,0,0,0,0,0,0,0,0,0,0,0,0,0,0,0,0,0,0,0,0,0,0,0,0,0,0,0,0,0,0,0,0,0,0,0,0,0,0,0,0,0,0,0,0,0,0,0,0,0,0,0,0,0,0,0,0,0,0,0,0,0,0,0,0,0,0,0,0,0,0,0,0,0,0,0,0,0,0,0,0,0,0,0,0,0,0,0,0,0,0,0,0,0,0,0,0,0,0,0,0,0,0,0,0,0,0,0,0,0,0,0,0,0,0,0,0,0,0,0,0,0,0,0,0,0,0,0,0,0,0,0,0,0,0,0,0,0,0,0,0,0,0,0,0,0,0,0,0,0,0,0,0,0,0,0,0,0,0,0,0,0,0,0,0,0,0,0,0,0,0,0,0,0,0,0,0,0,0,0,0,0,0,0,0,0,0,0,0,0,0,0,0,0,0,0,0,0,0,0,0,0,0,0,0,0,0,0,0,0,0,0,0,0,0,0,0,0,0,0,0,0,0,0,0,0,0,0,0,0,0,0,0,0,0,0,0,0,0,0,0,0,0,0,0,0,0,0,0,0,0,0,0,0,0,0,0,0,0,0,0,0,0,0,0,0,0,0,0,0,0,0,0,0,0,0,0,0,0,0,0
"185",172.38065,172.4175,172.449075,172.514975,172.53665,172.561275,172.5895,172.635575,173.521725,173.6548,173.7103,173.747325,173.7967,173.8599,173.89545,173.9547,173.980975,174.0882,177.00665,177.0479,177.12755,177.158225,177.23045,177.286325,0,0,0,0,0,0,0,0,0,0,0,0,0,0,0,0,0,0,0,0,0,0,0,0,0,0,0,0,0,0,0,0,0,0,0,0,0,0,0,0,0,0,0,0,0,0,0,0,0,0,0,0,0,0,0,0,0,0,0,0,0,0,0,0,0,0,0,0,0,0,0,0,0,0,0,0,0,0,0,0,0,0,0,0,0,0,0,0,0,0,0,0,0,0,0,0,0,0,0,0,0,0,0,0,0,0,0,0,0,0,0,0,0,0,0,0,0,0,0,0,0,0,0,0,0,0,0,0,0,0,0,0,0,0,0,0,0,0,0,0,0,0,0,0,0,0,0,0,0,0,0,0,0,0,0,0,0,0,0,0,0,0,0,0,0,0,0,0,0,0,0,0,0,0,0,0,0,0,0,0,0,0,0,0,0,0,0,0,0,0,0,0,0,0,0,0,0,0,0,0,0,0,0,0,0,0,0,0,0,0,0,0,0,0,0,0,0,0,0,0,0,0,0,0,0,0,0,0,0,0,0,0,0,0,0,0,0,0,0,0,0,0,0,0,0,0,0,0,0,0,0,0,0,0,0,0,0,0,0,0,0,0,0,0,0,0,0,0,0,0,0,0,0,0,0,0,0,0,0,0,0,0,0,0,0,0,0,0,0,0,0,0,0,0,0,0,0,0,0,0,0,0,0,0,0,0,0,0,0,0,0,0,0,0,0,0,0,0,0,0,0,0,0,0,0,0,0,0,0,0,0,0,0,0,0,0,0,0,0,0,0,0,0,0,0,0,0,0,0,0,0,0,0,0,0,0,0,0,0,0,0,0,0,0,0,0,0,0,0,0,0,0,0,0,0,0,0,0,0,0,0,0,0,0,0,0,0,0,0,0,0,0,0,0,0,0,0,0
"186",172.21325,172.285975,172.325625,172.42215,172.559075,0,0,0,0,0,0,0,0,0,0,0,0,0,0,0,0,0,0,0,0,0,0,0,0,0,0,0,0,0,0,0,0,0,0,0,0,0,0,0,0,0,0,0,0,0,0,0,0,0,0,0,0,0,0,0,0,0,0,0,0,0,0,0,0,0,0,0,0,0,0,0,0,0,0,0,0,0,0,0,0,0,0,0,0,0,0,0,0,0,0,0,0,0,0,0,0,0,0,0,0,0,0,0,0,0,0,0,0,0,0,0,0,0,0,0,0,0,0,0,0,0,0,0,0,0,0,0,0,0,0,0,0,0,0,0,0,0,0,0,0,0,0,0,0,0,0,0,0,0,0,0,0,0,0,0,0,0,0,0,0,0,0,0,0,0,0,0,0,0,0,0,0,0,0,0,0,0,0,0,0,0,0,0,0,0,0,0,0,0,0,0,0,0,0,0,0,0,0,0,0,0,0,0,0,0,0,0,0,0,0,0,0,0,0,0,0,0,0,0,0,0,0,0,0,0,0,0,0,0,0,0,0,0,0,0,0,0,0,0,0,0,0,0,0,0,0,0,0,0,0,0,0,0,0,0,0,0,0,0,0,0,0,0,0,0,0,0,0,0,0,0,0,0,0,0,0,0,0,0,0,0,0,0,0,0,0,0,0,0,0,0,0,0,0,0,0,0,0,0,0,0,0,0,0,0,0,0,0,0,0,0,0,0,0,0,0,0,0,0,0,0,0,0,0,0,0,0,0,0,0,0,0,0,0,0,0,0,0,0,0,0,0,0,0,0,0,0,0,0,0,0,0,0,0,0,0,0,0,0,0,0,0,0,0,0,0,0,0,0,0,0,0,0,0,0,0,0,0,0,0,0,0,0,0,0,0,0,0,0,0,0,0,0,0,0,0,0,0,0,0,0,0,0,0,0,0,0,0,0,0,0,0,0,0,0,0,0
"187",170.147625,170.857925,170.8713,170.8815,170.904175,170.915875,170.9291,170.9571,171.0001,171.04405,171.11385,171.116725,171.154625,171.21075,171.2498,171.296575,171.501675,171.578725,171.61025,171.691525,171.840975,171.88955,171.906875,171.915525,171.933125,171.950575,171.971975,171.98705,172.0027,172.03035,172.076125,172.1221,172.13535,172.143875,172.154925,172.168,172.193775,172.206225,172.214125,172.2245,172.241025,172.2433,172.2839,172.3423,172.356225,172.35975,172.366775,172.369475,172.41165,172.430725,172.4791,172.508275,172.54995,172.562325,172.5732,172.59105,172.64405,172.6517,172.692775,172.705025,172.744825,172.88735,172.98405,173.08975,173.121975,173.141125,173.238975,173.266475,173.270625,173.31635,173.31895,173.329475,173.33315,173.3484,173.357225,173.369575,173.37885,173.4001,173.407075,173.41765,173.419525,173.4299,173.452475,173.47235,173.50275,173.512625,173.55315,173.60665,173.618725,173.6316,173.652975,173.66985,173.705675,173.714525,173.72615,173.73325,173.771075,173.774775,173.778425,173.788925,173.810575,173.827075,173.833775,173.866125,173.870025,173.90965,173.93505,173.9384,173.95045,173.960975,173.967125,173.9861,174.0209,174.03185,174.0809,174.1133,174.147375,174.1558,174.5144,174.534725,174.545275,174.561275,174.56815,174.6097,174.617925,174.64925,174.651225,174.66945,174.67725,174.694075,174.713875,174.7157,174.72215,174.7255,174.7356,174.7585,174.797225,174.79885,174.80265,174.812225,174.820625,174.848325,174.923825,174.9567,174.973075,174.984425,174.989025,175.004825,175.04035,175.0592,175.0743,175.11835,175.161575,175.16545,175.17875,175.207975,175.23755,175.282425,175.307325,175.314525,175.4071,175.464525,175.469775,175.5193,175.527825,175.538325,175.5504,175.563775,175.57605,175.586675,175.597625,175.6326,175.6507,175.664025,175.673375,175.700775,175.71115,175.820675,175.8255,175.8523,175.8715,175.926575,175.92955,175.9549,176.0851,176.346525,176.48995,176.50635,176.523225,176.563975,176.59345,176.595825,176.6163,176.62545,176.629775,176.633575,176.66765,176.68395,176.715225,176.718225,176.7751,176.799975,176.8308,176.8407,176.857375,176.8848,176.931375,176.939125,176.9731,176.996175,177.0126,177.07755,177.085875,177.120425,177.145025,177.150775,177.19115,177.199725,177.2559,177.31465,177.317175,177.36865,177.38485,177.4038,177.493725,177.50415,177.5115,177.532725,177.541175,177.544575,177.603275,177.761175,177.893075,178.259625,178.294975,178.316,178.337875,178.379275,178.411,178.414275,178.4367,178.470225,178.489025,178.4924,178.5106,178.5201,178.526,178.534325,178.545325,178.565775,178.5737,178.5984,178.60085,178.628125,178.662225,178.728325,178.740275,178.760025,178.801825,178.812525,178.822925,178.866825,178.89135,178.893025,178.928525,178.932375,178.97015,178.992325,178.99415,179.038375,179.0992,179.141175,179.707775,180.302425,180.32855,180.351425,180.375975,180.4096,180.429525,180.560525,180.59435,180.606775,180.628275,180.7042,180.7171,180.73335,180.748475,180.758175,180.764275,180.7961,180.82345,180.82785,180.862375,180.883675,180.892725,180.922475,180.93275,180.964475,180.979675,181.00775,181.022875,181.06455,181.15185,181.242975,181.311,0,0,0,0,0,0,0,0,0,0,0,0,0,0,0,0,0,0,0,0,0,0,0,0,0,0,0,0,0,0,0,0,0,0,0,0,0,0,0,0,0,0,0,0,0,0,0,0,0,0,0,0,0,0,0,0,0,0,0,0,0,0,0,0,0,0,0,0,0,0,0,0,0,0,0,0,0,0,0,0,0,0,0,0,0,0,0,0,0,0,0,0,0,0,0,0,0,0,0,0,0,0,0,0,0,0,0,0,0,0,0,0,0,0,0,0,0
"188",169.5639,169.904325,169.95145,169.9725,170.002525,170.09065,170.108025,170.1188,170.139925,170.190775,170.2078,170.2419,170.265875,170.288825,170.309475,170.335775,170.349525,170.367925,170.38925,170.41945,170.43725,170.452225,170.4977,170.579525,170.643875,170.6758,170.690675,170.700675,170.7399,170.790825,170.842225,170.93555,171.28425,171.3561,171.4109,171.44545,171.48115,171.503325,171.5266,171.537925,171.666025,171.70235,171.7182,171.7937,171.911325,172.34715,172.732425,172.756275,172.775575,172.7935,172.8056,172.870575,172.915175,172.9225,172.98665,173.0071,173.08415,174.1785,174.230425,174.249075,174.29225,174.3292,174.3461,174.35745,174.38215,174.424725,174.46465,174.48425,176.040825,176.117575,176.19295,176.216525,176.292125,176.342575,176.3944,176.432775,176.47655,176.54995,177.61815,177.6864,177.736575,177.8167,177.8417,177.933275,178.0389,178.0578,178.0841,178.1136,178.159275,178.201875,178.264,178.617525,178.9567,179.100075,179.1798,179.269675,179.361475,179.396075,179.428725,179.4621,179.48605,179.51685,179.5455,179.613975,179.667425,179.683275,179.724275,179.7402,179.759825,179.778625,179.794625,179.814925,179.868925,179.88705,179.936875,179.968825,180.014425,180.058975,181.187925,181.258875,181.31685,181.351175,181.40625,181.467175,181.5086,181.561225,181.59855,181.630625,181.6558,181.703175,181.7314,181.757825,181.822025,181.857425,181.92385,181.951325,181.9935,182.0433,182.0765,182.0979,182.131725,182.16295,182.192475,182.303375,182.406275,182.4507,182.515425,183.51265,183.62535,183.780425,183.9427,184.033225,184.271875,184.4249,184.5304,184.7465,0,0,0,0,0,0,0,0,0,0,0,0,0,0,0,0,0,0,0,0,0,0,0,0,0,0,0,0,0,0,0,0,0,0,0,0,0,0,0,0,0,0,0,0,0,0,0,0,0,0,0,0,0,0,0,0,0,0,0,0,0,0,0,0,0,0,0,0,0,0,0,0,0,0,0,0,0,0,0,0,0,0,0,0,0,0,0,0,0,0,0,0,0,0,0,0,0,0,0,0,0,0,0,0,0,0,0,0,0,0,0,0,0,0,0,0,0,0,0,0,0,0,0,0,0,0,0,0,0,0,0,0,0,0,0,0,0,0,0,0,0,0,0,0,0,0,0,0,0,0,0,0,0,0,0,0,0,0,0,0,0,0,0,0,0,0,0,0,0,0,0,0,0,0,0,0,0,0,0,0,0,0,0,0,0,0,0,0,0,0,0,0,0,0,0,0,0,0,0,0,0,0,0,0,0,0,0,0,0,0,0,0,0,0,0,0,0,0,0,0,0,0,0,0,0,0,0,0,0,0,0,0,0,0,0,0,0,0,0,0,0,0,0,0,0,0,0,0,0,0,0,0,0,0,0,0,0,0,0,0,0,0,0,0,0,0
"189",171.18015,172.065175,172.093275,172.11355,172.1341,172.175725,172.2204,172.2553,172.270125,172.341175,172.3545,172.458775,172.4816,172.498475,172.522475,172.534775,173.340725,173.4337,173.449675,173.53785,173.5858,173.603975,173.61645,173.73975,173.820325,173.95345,174.09615,174.78005,174.803125,174.826025,174.9567,174.974475,175.138125,175.589325,175.614525,175.89965,176.6943,176.759275,176.790975,176.846525,177.0345,177.10195,178.57105,178.6395,178.765225,178.79075,0,0,0,0,0,0,0,0,0,0,0,0,0,0,0,0,0,0,0,0,0,0,0,0,0,0,0,0,0,0,0,0,0,0,0,0,0,0,0,0,0,0,0,0,0,0,0,0,0,0,0,0,0,0,0,0,0,0,0,0,0,0,0,0,0,0,0,0,0,0,0,0,0,0,0,0,0,0,0,0,0,0,0,0,0,0,0,0,0,0,0,0,0,0,0,0,0,0,0,0,0,0,0,0,0,0,0,0,0,0,0,0,0,0,0,0,0,0,0,0,0,0,0,0,0,0,0,0,0,0,0,0,0,0,0,0,0,0,0,0,0,0,0,0,0,0,0,0,0,0,0,0,0,0,0,0,0,0,0,0,0,0,0,0,0,0,0,0,0,0,0,0,0,0,0,0,0,0,0,0,0,0,0,0,0,0,0,0,0,0,0,0,0,0,0,0,0,0,0,0,0,0,0,0,0,0,0,0,0,0,0,0,0,0,0,0,0,0,0,0,0,0,0,0,0,0,0,0,0,0,0,0,0,0,0,0,0,0,0,0,0,0,0,0,0,0,0,0,0,0,0,0,0,0,0,0,0,0,0,0,0,0,0,0,0,0,0,0,0,0,0,0,0,0,0,0,0,0,0,0,0,0,0,0,0,0,0,0,0,0,0,0,0,0,0,0,0,0,0,0,0,0,0,0,0,0,0,0,0,0,0,0,0,0,0,0,0,0,0,0,0,0,0,0,0,0,0,0,0,0,0,0,0,0,0,0,0,0,0,0,0,0,0,0,0,0,0,0,0,0,0,0,0,0,0,0,0,0,0,0,0,0,0,0,0,0,0,0,0,0,0,0,0,0,0,0
"190",170.119575,171.4123,171.736775,175.424375,177.430075,177.88055,179.784125,179.8165,179.870475,181.771125,181.83085,181.964575,182.003525,182.1342,182.16815,182.218325,182.301775,182.3831,0,0,0,0,0,0,0,0,0,0,0,0,0,0,0,0,0,0,0,0,0,0,0,0,0,0,0,0,0,0,0,0,0,0,0,0,0,0,0,0,0,0,0,0,0,0,0,0,0,0,0,0,0,0,0,0,0,0,0,0,0,0,0,0,0,0,0,0,0,0,0,0,0,0,0,0,0,0,0,0,0,0,0,0,0,0,0,0,0,0,0,0,0,0,0,0,0,0,0,0,0,0,0,0,0,0,0,0,0,0,0,0,0,0,0,0,0,0,0,0,0,0,0,0,0,0,0,0,0,0,0,0,0,0,0,0,0,0,0,0,0,0,0,0,0,0,0,0,0,0,0,0,0,0,0,0,0,0,0,0,0,0,0,0,0,0,0,0,0,0,0,0,0,0,0,0,0,0,0,0,0,0,0,0,0,0,0,0,0,0,0,0,0,0,0,0,0,0,0,0,0,0,0,0,0,0,0,0,0,0,0,0,0,0,0,0,0,0,0,0,0,0,0,0,0,0,0,0,0,0,0,0,0,0,0,0,0,0,0,0,0,0,0,0,0,0,0,0,0,0,0,0,0,0,0,0,0,0,0,0,0,0,0,0,0,0,0,0,0,0,0,0,0,0,0,0,0,0,0,0,0,0,0,0,0,0,0,0,0,0,0,0,0,0,0,0,0,0,0,0,0,0,0,0,0,0,0,0,0,0,0,0,0,0,0,0,0,0,0,0,0,0,0,0,0,0,0,0,0,0,0,0,0,0,0,0,0,0,0,0,0,0,0,0,0,0,0,0,0,0,0,0,0,0,0,0,0,0,0,0,0,0,0,0,0,0,0,0,0,0,0,0,0,0,0,0,0,0,0,0,0,0,0,0,0,0,0,0,0,0,0,0,0,0,0,0,0,0,0,0,0,0,0,0
"191",170.012375,170.045025,170.050275,170.065175,170.12825,170.16915,170.23635,170.267825,170.318875,170.353825,170.3697,170.381475,170.41605,170.42895,170.447975,170.501925,170.51875,170.545275,170.566675,170.6157,170.693725,171.00675,171.41635,171.49155,171.56805,171.60375,171.620325,171.6351,171.644225,171.6473,171.670225,171.683325,171.7228,171.743,171.745425,172.841325,172.851475,172.8689,172.880275,172.940025,173.0036,175.82415,176.170025,176.371125,177.739675,177.803225,177.860125,177.884275,177.89665,177.913325,177.9277,177.945025,178.049275,178.107975,179.296575,179.4459,179.4549,179.47635,179.49475,179.535425,179.556375,179.576625,179.600525,179.63065,179.64855,179.69305,179.710075,179.735525,179.743325,179.79085,179.834125,179.880425,179.96595,181.2915,181.427975,181.518675,181.668275,181.7247,182.0147,182.04815,182.118875,182.239275,182.31905,0,0,0,0,0,0,0,0,0,0,0,0,0,0,0,0,0,0,0,0,0,0,0,0,0,0,0,0,0,0,0,0,0,0,0,0,0,0,0,0,0,0,0,0,0,0,0,0,0,0,0,0,0,0,0,0,0,0,0,0,0,0,0,0,0,0,0,0,0,0,0,0,0,0,0,0,0,0,0,0,0,0,0,0,0,0,0,0,0,0,0,0,0,0,0,0,0,0,0,0,0,0,0,0,0,0,0,0,0,0,0,0,0,0,0,0,0,0,0,0,0,0,0,0,0,0,0,0,0,0,0,0,0,0,0,0,0,0,0,0,0,0,0,0,0,0,0,0,0,0,0,0,0,0,0,0,0,0,0,0,0,0,0,0,0,0,0,0,0,0,0,0,0,0,0,0,0,0,0,0,0,0,0,0,0,0,0,0,0,0,0,0,0,0,0,0,0,0,0,0,0,0,0,0,0,0,0,0,0,0,0,0,0,0,0,0,0,0,0,0,0,0,0,0,0,0,0,0,0,0,0,0,0,0,0,0,0,0,0,0,0,0,0,0,0,0,0,0,0,0,0,0,0,0,0,0,0,0,0,0,0,0,0,0,0,0,0,0,0,0,0,0,0,0,0,0,0,0,0,0,0,0,0,0,0,0,0,0,0,0,0,0,0,0,0,0,0,0,0,0,0,0,0,0,0,0,0,0,0,0,0,0,0,0,0,0,0,0,0,0,0,0,0,0,0,0,0,0,0,0,0,0,0,0,0,0,0,0,0
"192",172.18845,172.284275,173.514,175.158,175.244475,177.03355,177.0923,177.1178,178.5976,0,0,0,0,0,0,0,0,0,0,0,0,0,0,0,0,0,0,0,0,0,0,0,0,0,0,0,0,0,0,0,0,0,0,0,0,0,0,0,0,0,0,0,0,0,0,0,0,0,0,0,0,0,0,0,0,0,0,0,0,0,0,0,0,0,0,0,0,0,0,0,0,0,0,0,0,0,0,0,0,0,0,0,0,0,0,0,0,0,0,0,0,0,0,0,0,0,0,0,0,0,0,0,0,0,0,0,0,0,0,0,0,0,0,0,0,0,0,0,0,0,0,0,0,0,0,0,0,0,0,0,0,0,0,0,0,0,0,0,0,0,0,0,0,0,0,0,0,0,0,0,0,0,0,0,0,0,0,0,0,0,0,0,0,0,0,0,0,0,0,0,0,0,0,0,0,0,0,0,0,0,0,0,0,0,0,0,0,0,0,0,0,0,0,0,0,0,0,0,0,0,0,0,0,0,0,0,0,0,0,0,0,0,0,0,0,0,0,0,0,0,0,0,0,0,0,0,0,0,0,0,0,0,0,0,0,0,0,0,0,0,0,0,0,0,0,0,0,0,0,0,0,0,0,0,0,0,0,0,0,0,0,0,0,0,0,0,0,0,0,0,0,0,0,0,0,0,0,0,0,0,0,0,0,0,0,0,0,0,0,0,0,0,0,0,0,0,0,0,0,0,0,0,0,0,0,0,0,0,0,0,0,0,0,0,0,0,0,0,0,0,0,0,0,0,0,0,0,0,0,0,0,0,0,0,0,0,0,0,0,0,0,0,0,0,0,0,0,0,0,0,0,0,0,0,0,0,0,0,0,0,0,0,0,0,0,0,0,0,0,0,0,0,0,0,0,0,0,0,0,0,0,0,0,0,0,0,0,0,0,0,0,0,0,0,0,0,0,0,0,0,0,0,0,0,0,0,0,0,0,0,0,0
"193",170.3287,170.440925,170.517075,170.63315,170.6673,171.546775,171.577225,171.6284,171.6583,171.698575,171.726275,172.83825,172.944775,176.183925,176.23265,176.254725,176.386325,177.81155,177.85575,177.872875,177.91095,177.93025,177.9545,177.9905,178.053625,178.1059,178.156325,179.511375,179.612075,179.66195,179.705,179.727525,179.767025,179.792675,179.893825,179.95415,0,0,0,0,0,0,0,0,0,0,0,0,0,0,0,0,0,0,0,0,0,0,0,0,0,0,0,0,0,0,0,0,0,0,0,0,0,0,0,0,0,0,0,0,0,0,0,0,0,0,0,0,0,0,0,0,0,0,0,0,0,0,0,0,0,0,0,0,0,0,0,0,0,0,0,0,0,0,0,0,0,0,0,0,0,0,0,0,0,0,0,0,0,0,0,0,0,0,0,0,0,0,0,0,0,0,0,0,0,0,0,0,0,0,0,0,0,0,0,0,0,0,0,0,0,0,0,0,0,0,0,0,0,0,0,0,0,0,0,0,0,0,0,0,0,0,0,0,0,0,0,0,0,0,0,0,0,0,0,0,0,0,0,0,0,0,0,0,0,0,0,0,0,0,0,0,0,0,0,0,0,0,0,0,0,0,0,0,0,0,0,0,0,0,0,0,0,0,0,0,0,0,0,0,0,0,0,0,0,0,0,0,0,0,0,0,0,0,0,0,0,0,0,0,0,0,0,0,0,0,0,0,0,0,0,0,0,0,0,0,0,0,0,0,0,0,0,0,0,0,0,0,0,0,0,0,0,0,0,0,0,0,0,0,0,0,0,0,0,0,0,0,0,0,0,0,0,0,0,0,0,0,0,0,0,0,0,0,0,0,0,0,0,0,0,0,0,0,0,0,0,0,0,0,0,0,0,0,0,0,0,0,0,0,0,0,0,0,0,0,0,0,0,0,0,0,0,0,0,0,0,0,0,0,0,0,0,0,0,0,0,0,0,0,0,0,0,0,0,0,0,0,0,0,0,0,0,0,0,0,0,0,0,0,0,0,0,0,0,0,0,0,0,0,0,0,0,0,0,0,0,0,0,0,0,0
"194",170.94595,170.9721,171.010425,171.03135,171.9177,171.937925,171.95465,173.150925,173.187875,176.545275,176.577175,178.35365,180.407375,180.437025,180.49105,180.5208,180.557475,180.6985,0,0,0,0,0,0,0,0,0,0,0,0,0,0,0,0,0,0,0,0,0,0,0,0,0,0,0,0,0,0,0,0,0,0,0,0,0,0,0,0,0,0,0,0,0,0,0,0,0,0,0,0,0,0,0,0,0,0,0,0,0,0,0,0,0,0,0,0,0,0,0,0,0,0,0,0,0,0,0,0,0,0,0,0,0,0,0,0,0,0,0,0,0,0,0,0,0,0,0,0,0,0,0,0,0,0,0,0,0,0,0,0,0,0,0,0,0,0,0,0,0,0,0,0,0,0,0,0,0,0,0,0,0,0,0,0,0,0,0,0,0,0,0,0,0,0,0,0,0,0,0,0,0,0,0,0,0,0,0,0,0,0,0,0,0,0,0,0,0,0,0,0,0,0,0,0,0,0,0,0,0,0,0,0,0,0,0,0,0,0,0,0,0,0,0,0,0,0,0,0,0,0,0,0,0,0,0,0,0,0,0,0,0,0,0,0,0,0,0,0,0,0,0,0,0,0,0,0,0,0,0,0,0,0,0,0,0,0,0,0,0,0,0,0,0,0,0,0,0,0,0,0,0,0,0,0,0,0,0,0,0,0,0,0,0,0,0,0,0,0,0,0,0,0,0,0,0,0,0,0,0,0,0,0,0,0,0,0,0,0,0,0,0,0,0,0,0,0,0,0,0,0,0,0,0,0,0,0,0,0,0,0,0,0,0,0,0,0,0,0,0,0,0,0,0,0,0,0,0,0,0,0,0,0,0,0,0,0,0,0,0,0,0,0,0,0,0,0,0,0,0,0,0,0,0,0,0,0,0,0,0,0,0,0,0,0,0,0,0,0,0,0,0,0,0,0,0,0,0,0,0,0,0,0,0,0,0,0,0,0,0,0,0,0,0,0,0,0,0,0,0,0,0,0
"195",170.351225,170.482075,170.581075,170.8439,171.262775,171.47825,171.586375,171.634625,171.7077,172.732225,172.928675,174.1679,174.445,175.97885,176.13885,176.255875,177.20445,177.363175,177.6887,177.8923,177.969175,178.078775,178.302275,179.133325,179.315375,179.470125,179.606075,179.784125,0,0,0,0,0,0,0,0,0,0,0,0,0,0,0,0,0,0,0,0,0,0,0,0,0,0,0,0,0,0,0,0,0,0,0,0,0,0,0,0,0,0,0,0,0,0,0,0,0,0,0,0,0,0,0,0,0,0,0,0,0,0,0,0,0,0,0,0,0,0,0,0,0,0,0,0,0,0,0,0,0,0,0,0,0,0,0,0,0,0,0,0,0,0,0,0,0,0,0,0,0,0,0,0,0,0,0,0,0,0,0,0,0,0,0,0,0,0,0,0,0,0,0,0,0,0,0,0,0,0,0,0,0,0,0,0,0,0,0,0,0,0,0,0,0,0,0,0,0,0,0,0,0,0,0,0,0,0,0,0,0,0,0,0,0,0,0,0,0,0,0,0,0,0,0,0,0,0,0,0,0,0,0,0,0,0,0,0,0,0,0,0,0,0,0,0,0,0,0,0,0,0,0,0,0,0,0,0,0,0,0,0,0,0,0,0,0,0,0,0,0,0,0,0,0,0,0,0,0,0,0,0,0,0,0,0,0,0,0,0,0,0,0,0,0,0,0,0,0,0,0,0,0,0,0,0,0,0,0,0,0,0,0,0,0,0,0,0,0,0,0,0,0,0,0,0,0,0,0,0,0,0,0,0,0,0,0,0,0,0,0,0,0,0,0,0,0,0,0,0,0,0,0,0,0,0,0,0,0,0,0,0,0,0,0,0,0,0,0,0,0,0,0,0,0,0,0,0,0,0,0,0,0,0,0,0,0,0,0,0,0,0,0,0,0,0,0,0,0,0,0,0,0,0,0,0,0,0,0,0,0,0,0,0,0,0,0,0,0,0,0,0,0,0,0,0,0,0,0,0,0,0,0,0,0,0,0,0,0,0,0,0,0,0
"196",172.352825,172.37405,172.415625,172.44545,172.464175,172.49355,172.511625,172.5424,172.5932,172.6421,173.629675,173.673925,173.7029,173.750325,173.799,173.8583,173.90255,173.946425,173.973325,174.069225,176.980975,177.05995,177.104225,177.1433,177.168025,177.191675,177.213425,177.27125,177.32025,0,0,0,0,0,0,0,0,0,0,0,0,0,0,0,0,0,0,0,0,0,0,0,0,0,0,0,0,0,0,0,0,0,0,0,0,0,0,0,0,0,0,0,0,0,0,0,0,0,0,0,0,0,0,0,0,0,0,0,0,0,0,0,0,0,0,0,0,0,0,0,0,0,0,0,0,0,0,0,0,0,0,0,0,0,0,0,0,0,0,0,0,0,0,0,0,0,0,0,0,0,0,0,0,0,0,0,0,0,0,0,0,0,0,0,0,0,0,0,0,0,0,0,0,0,0,0,0,0,0,0,0,0,0,0,0,0,0,0,0,0,0,0,0,0,0,0,0,0,0,0,0,0,0,0,0,0,0,0,0,0,0,0,0,0,0,0,0,0,0,0,0,0,0,0,0,0,0,0,0,0,0,0,0,0,0,0,0,0,0,0,0,0,0,0,0,0,0,0,0,0,0,0,0,0,0,0,0,0,0,0,0,0,0,0,0,0,0,0,0,0,0,0,0,0,0,0,0,0,0,0,0,0,0,0,0,0,0,0,0,0,0,0,0,0,0,0,0,0,0,0,0,0,0,0,0,0,0,0,0,0,0,0,0,0,0,0,0,0,0,0,0,0,0,0,0,0,0,0,0,0,0,0,0,0,0,0,0,0,0,0,0,0,0,0,0,0,0,0,0,0,0,0,0,0,0,0,0,0,0,0,0,0,0,0,0,0,0,0,0,0,0,0,0,0,0,0,0,0,0,0,0,0,0,0,0,0,0,0,0,0,0,0,0,0,0,0,0,0,0,0,0,0,0,0,0,0,0,0,0,0,0,0,0,0,0,0,0,0,0,0,0,0,0,0,0,0,0,0,0,0,0,0,0,0,0,0,0,0,0,0,0,0
"197",171.97885,172.1019,172.13045,172.230025,173.050225,173.3186,173.34835,173.3859,173.470625,174.460325,174.645375,175.77435,175.919625,175.9513,176.314925,176.4365,176.841625,176.9185,176.93095,177.028175,177.180425,177.6201,178.434525,178.456,178.656025,178.813,179.566275,0,0,0,0,0,0,0,0,0,0,0,0,0,0,0,0,0,0,0,0,0,0,0,0,0,0,0,0,0,0,0,0,0,0,0,0,0,0,0,0,0,0,0,0,0,0,0,0,0,0,0,0,0,0,0,0,0,0,0,0,0,0,0,0,0,0,0,0,0,0,0,0,0,0,0,0,0,0,0,0,0,0,0,0,0,0,0,0,0,0,0,0,0,0,0,0,0,0,0,0,0,0,0,0,0,0,0,0,0,0,0,0,0,0,0,0,0,0,0,0,0,0,0,0,0,0,0,0,0,0,0,0,0,0,0,0,0,0,0,0,0,0,0,0,0,0,0,0,0,0,0,0,0,0,0,0,0,0,0,0,0,0,0,0,0,0,0,0,0,0,0,0,0,0,0,0,0,0,0,0,0,0,0,0,0,0,0,0,0,0,0,0,0,0,0,0,0,0,0,0,0,0,0,0,0,0,0,0,0,0,0,0,0,0,0,0,0,0,0,0,0,0,0,0,0,0,0,0,0,0,0,0,0,0,0,0,0,0,0,0,0,0,0,0,0,0,0,0,0,0,0,0,0,0,0,0,0,0,0,0,0,0,0,0,0,0,0,0,0,0,0,0,0,0,0,0,0,0,0,0,0,0,0,0,0,0,0,0,0,0,0,0,0,0,0,0,0,0,0,0,0,0,0,0,0,0,0,0,0,0,0,0,0,0,0,0,0,0,0,0,0,0,0,0,0,0,0,0,0,0,0,0,0,0,0,0,0,0,0,0,0,0,0,0,0,0,0,0,0,0,0,0,0,0,0,0,0,0,0,0,0,0,0,0,0,0,0,0,0,0,0,0,0,0,0,0,0,0,0,0,0,0,0,0,0,0,0,0,0,0,0,0,0,0,0
"198",170.8879,170.9343,170.9738,171.881175,171.925125,171.947025,172.03635,172.263575,172.5209,173.144975,173.1568,173.196775,173.2422,173.30825,173.322475,173.3611,173.4839,173.706775,173.816825,173.997025,174.532375,174.598775,174.683725,174.7121,174.72215,174.75005,174.773375,174.82025,174.876925,175.1623,175.2661,175.5636,175.583525,176.52695,176.561475,176.62695,176.650075,176.667675,178.389575,178.49345,178.5128,178.526925,178.78055,0,0,0,0,0,0,0,0,0,0,0,0,0,0,0,0,0,0,0,0,0,0,0,0,0,0,0,0,0,0,0,0,0,0,0,0,0,0,0,0,0,0,0,0,0,0,0,0,0,0,0,0,0,0,0,0,0,0,0,0,0,0,0,0,0,0,0,0,0,0,0,0,0,0,0,0,0,0,0,0,0,0,0,0,0,0,0,0,0,0,0,0,0,0,0,0,0,0,0,0,0,0,0,0,0,0,0,0,0,0,0,0,0,0,0,0,0,0,0,0,0,0,0,0,0,0,0,0,0,0,0,0,0,0,0,0,0,0,0,0,0,0,0,0,0,0,0,0,0,0,0,0,0,0,0,0,0,0,0,0,0,0,0,0,0,0,0,0,0,0,0,0,0,0,0,0,0,0,0,0,0,0,0,0,0,0,0,0,0,0,0,0,0,0,0,0,0,0,0,0,0,0,0,0,0,0,0,0,0,0,0,0,0,0,0,0,0,0,0,0,0,0,0,0,0,0,0,0,0,0,0,0,0,0,0,0,0,0,0,0,0,0,0,0,0,0,0,0,0,0,0,0,0,0,0,0,0,0,0,0,0,0,0,0,0,0,0,0,0,0,0,0,0,0,0,0,0,0,0,0,0,0,0,0,0,0,0,0,0,0,0,0,0,0,0,0,0,0,0,0,0,0,0,0,0,0,0,0,0,0,0,0,0,0,0,0,0,0,0,0,0,0,0,0,0,0,0,0,0,0,0,0,0,0,0,0,0,0,0,0,0,0,0,0,0,0,0,0,0,0,0,0,0,0,0,0,0,0,0,0,0,0,0,0,0,0,0,0,0,0,0,0,0,0,0,0,0,0,0
"199",169.928325,170.1481,170.22165,170.37975,170.39875,170.4573,170.496925,170.522825,170.539325,170.552125,170.56375,170.57945,170.586775,170.61405,170.662725,170.706025,170.79665,170.92335,171.5429,171.590625,171.66885,171.6995,171.728575,172.123975,172.770475,172.875825,172.954975,173.0159,174.257075,175.9477,176.134475,176.17125,176.198825,176.235625,176.24905,176.346225,176.393975,176.504075,177.69045,177.749525,177.933125,177.951525,178.04375,178.094325,178.9002,179.543075,179.590825,179.6843,179.773775,179.800625,179.8549,179.90865,180.4039,180.4796,184.736075,0,0,0,0,0,0,0,0,0,0,0,0,0,0,0,0,0,0,0,0,0,0,0,0,0,0,0,0,0,0,0,0,0,0,0,0,0,0,0,0,0,0,0,0,0,0,0,0,0,0,0,0,0,0,0,0,0,0,0,0,0,0,0,0,0,0,0,0,0,0,0,0,0,0,0,0,0,0,0,0,0,0,0,0,0,0,0,0,0,0,0,0,0,0,0,0,0,0,0,0,0,0,0,0,0,0,0,0,0,0,0,0,0,0,0,0,0,0,0,0,0,0,0,0,0,0,0,0,0,0,0,0,0,0,0,0,0,0,0,0,0,0,0,0,0,0,0,0,0,0,0,0,0,0,0,0,0,0,0,0,0,0,0,0,0,0,0,0,0,0,0,0,0,0,0,0,0,0,0,0,0,0,0,0,0,0,0,0,0,0,0,0,0,0,0,0,0,0,0,0,0,0,0,0,0,0,0,0,0,0,0,0,0,0,0,0,0,0,0,0,0,0,0,0,0,0,0,0,0,0,0,0,0,0,0,0,0,0,0,0,0,0,0,0,0,0,0,0,0,0,0,0,0,0,0,0,0,0,0,0,0,0,0,0,0,0,0,0,0,0,0,0,0,0,0,0,0,0,0,0,0,0,0,0,0,0,0,0,0,0,0,0,0,0,0,0,0,0,0,0,0,0,0,0,0,0,0,0,0,0,0,0,0,0,0,0,0,0,0,0,0,0,0,0,0,0,0,0,0,0,0,0,0,0,0,0,0,0,0,0,0,0,0,0,0,0,0,0,0,0,0,0,0,0,0,0,0,0,0,0,0,0,0,0,0,0,0
"200",170.121025,170.89135,170.949725,170.968,171.013675,171.13045,171.239425,171.3341,171.361675,171.443975,171.556325,171.789675,171.90655,171.94325,171.956375,171.992925,172.039025,172.199525,172.289775,172.379525,172.482075,172.510025,172.56975,172.649025,172.678,172.701975,172.720625,172.77265,172.7748,172.799125,172.914675,173.071425,173.11195,173.187175,173.22055,173.276075,173.357825,173.360425,173.408525,173.453325,173.50505,173.5151,173.66685,173.744525,173.753525,173.831,173.848975,173.877125,173.89865,173.933525,173.95225,173.97785,174.02035,174.1153,174.119,174.13385,174.144625,174.16625,174.191625,174.22005,174.256325,174.284675,174.366275,174.383075,174.45325,174.48585,174.48685,174.52275,174.556525,174.6546,174.684375,174.706675,174.730675,174.753925,174.8324,174.87385,174.92145,174.952,175.03215,175.0679,175.06995,175.134425,175.171025,175.2912,175.3011,175.335275,175.3442,175.47745,175.5508,175.562825,175.5947,175.61975,175.6431,175.648775,175.66515,175.7182,175.764375,175.800825,175.843275,175.87195,175.93685,176.021975,176.0574,176.060025,176.1553,176.450025,176.497325,176.518125,176.547925,176.575525,176.606825,176.8343,176.837625,176.900975,176.924575,176.983025,177.0045,177.007275,177.288275,177.43665,177.4658,177.49175,177.5484,177.57465,177.60555,177.64055,177.70735,177.987475,178.1935,178.2515,178.2835,178.304975,178.345075,178.4534,178.564525,178.600025,178.6988,178.777125,178.813975,178.892025,179.0659,179.134425,179.18135,179.2258,179.265475,179.2927,179.3603,179.394,179.406075,179.491925,179.53705,179.6773,179.743775,179.804575,179.917075,180.023725,180.078125,180.11445,180.153925,180.234925,180.26895,180.3046,180.334,180.366975,180.413725,180.44825,180.487225,180.547375,180.5937,180.6967,180.735025,180.7532,180.862175,180.88645,180.91915,180.955475,180.989425,181.0189,181.085875,181.1102,181.1606,181.193275,181.240425,181.26535,181.299125,181.3352,181.3655,181.4343,181.4695,181.488875,181.507,181.539675,181.60355,181.6538,181.6852,181.726025,181.89615,182.520325,182.645475,182.729175,182.75495,182.78815,182.824025,182.863,182.8963,182.98385,183.015625,183.056475,183.10255,183.14135,183.1804,183.267075,183.30035,183.334675,183.371175,183.418175,183.4773,183.5258,183.6033,183.692475,183.7853,183.882025,0,0,0,0,0,0,0,0,0,0,0,0,0,0,0,0,0,0,0,0,0,0,0,0,0,0,0,0,0,0,0,0,0,0,0,0,0,0,0,0,0,0,0,0,0,0,0,0,0,0,0,0,0,0,0,0,0,0,0,0,0,0,0,0,0,0,0,0,0,0,0,0,0,0,0,0,0,0,0,0,0,0,0,0,0,0,0,0,0,0,0,0,0,0,0,0,0,0,0,0,0,0,0,0,0,0,0,0,0,0,0,0,0,0,0,0,0,0,0,0,0,0,0,0,0,0,0,0,0,0,0,0,0,0,0,0,0,0,0,0,0,0,0,0,0,0,0,0,0,0,0,0,0,0,0,0,0,0,0,0,0,0,0,0,0,0,0,0,0,0,0,0,0,0,0,0,0,0,0,0,0,0,0,0,0,0,0,0,0,0,0,0,0,0,0,0,0,0,0,0
"201",170.09265,170.1449,170.1584,170.209275,170.2934,170.339725,170.400775,170.480575,170.531225,170.635375,170.669175,171.062025,171.5059,171.534225,171.578725,172.811025,172.820375,172.89345,173.80815,174.31805,174.325125,176.12115,176.1828,176.1958,176.218425,176.234375,176.2406,176.256525,176.2763,177.16335,177.812975,177.829325,177.8447,177.901425,178.081325,179.383375,179.49645,179.55,179.663575,179.729575,179.772575,179.850625,179.9079,181.90955,0,0,0,0,0,0,0,0,0,0,0,0,0,0,0,0,0,0,0,0,0,0,0,0,0,0,0,0,0,0,0,0,0,0,0,0,0,0,0,0,0,0,0,0,0,0,0,0,0,0,0,0,0,0,0,0,0,0,0,0,0,0,0,0,0,0,0,0,0,0,0,0,0,0,0,0,0,0,0,0,0,0,0,0,0,0,0,0,0,0,0,0,0,0,0,0,0,0,0,0,0,0,0,0,0,0,0,0,0,0,0,0,0,0,0,0,0,0,0,0,0,0,0,0,0,0,0,0,0,0,0,0,0,0,0,0,0,0,0,0,0,0,0,0,0,0,0,0,0,0,0,0,0,0,0,0,0,0,0,0,0,0,0,0,0,0,0,0,0,0,0,0,0,0,0,0,0,0,0,0,0,0,0,0,0,0,0,0,0,0,0,0,0,0,0,0,0,0,0,0,0,0,0,0,0,0,0,0,0,0,0,0,0,0,0,0,0,0,0,0,0,0,0,0,0,0,0,0,0,0,0,0,0,0,0,0,0,0,0,0,0,0,0,0,0,0,0,0,0,0,0,0,0,0,0,0,0,0,0,0,0,0,0,0,0,0,0,0,0,0,0,0,0,0,0,0,0,0,0,0,0,0,0,0,0,0,0,0,0,0,0,0,0,0,0,0,0,0,0,0,0,0,0,0,0,0,0,0,0,0,0,0,0,0,0,0,0,0,0,0,0,0,0,0,0,0,0,0,0,0,0,0,0,0,0,0,0,0,0,0,0,0,0,0,0,0,0,0,0,0,0,0,0,0,0,0,0,0,0,0,0,0,0,0,0,0,0,0,0,0,0,0,0,0,0,0,0,0
"202",170.978875,170.999825,171.0275,171.0465,171.926925,171.949375,173.190525,173.390975,174.050375,174.518,178.3553,0,0,0,0,0,0,0,0,0,0,0,0,0,0,0,0,0,0,0,0,0,0,0,0,0,0,0,0,0,0,0,0,0,0,0,0,0,0,0,0,0,0,0,0,0,0,0,0,0,0,0,0,0,0,0,0,0,0,0,0,0,0,0,0,0,0,0,0,0,0,0,0,0,0,0,0,0,0,0,0,0,0,0,0,0,0,0,0,0,0,0,0,0,0,0,0,0,0,0,0,0,0,0,0,0,0,0,0,0,0,0,0,0,0,0,0,0,0,0,0,0,0,0,0,0,0,0,0,0,0,0,0,0,0,0,0,0,0,0,0,0,0,0,0,0,0,0,0,0,0,0,0,0,0,0,0,0,0,0,0,0,0,0,0,0,0,0,0,0,0,0,0,0,0,0,0,0,0,0,0,0,0,0,0,0,0,0,0,0,0,0,0,0,0,0,0,0,0,0,0,0,0,0,0,0,0,0,0,0,0,0,0,0,0,0,0,0,0,0,0,0,0,0,0,0,0,0,0,0,0,0,0,0,0,0,0,0,0,0,0,0,0,0,0,0,0,0,0,0,0,0,0,0,0,0,0,0,0,0,0,0,0,0,0,0,0,0,0,0,0,0,0,0,0,0,0,0,0,0,0,0,0,0,0,0,0,0,0,0,0,0,0,0,0,0,0,0,0,0,0,0,0,0,0,0,0,0,0,0,0,0,0,0,0,0,0,0,0,0,0,0,0,0,0,0,0,0,0,0,0,0,0,0,0,0,0,0,0,0,0,0,0,0,0,0,0,0,0,0,0,0,0,0,0,0,0,0,0,0,0,0,0,0,0,0,0,0,0,0,0,0,0,0,0,0,0,0,0,0,0,0,0,0,0,0,0,0,0,0,0,0,0,0,0,0,0,0,0,0,0,0,0,0,0,0,0,0,0,0,0,0
"203",172.2438,172.574075,173.269275,173.287775,173.351625,173.389,173.46315,173.53935,173.573425,173.613925,173.760225,174.545425,174.580275,174.895175,175.006825,175.025275,175.091125,175.14065,175.21895,175.290325,175.6179,175.771675,175.83615,176.58375,176.727925,176.85395,176.873175,176.901875,178.41865,178.47835,178.583,178.630475,0,0,0,0,0,0,0,0,0,0,0,0,0,0,0,0,0,0,0,0,0,0,0,0,0,0,0,0,0,0,0,0,0,0,0,0,0,0,0,0,0,0,0,0,0,0,0,0,0,0,0,0,0,0,0,0,0,0,0,0,0,0,0,0,0,0,0,0,0,0,0,0,0,0,0,0,0,0,0,0,0,0,0,0,0,0,0,0,0,0,0,0,0,0,0,0,0,0,0,0,0,0,0,0,0,0,0,0,0,0,0,0,0,0,0,0,0,0,0,0,0,0,0,0,0,0,0,0,0,0,0,0,0,0,0,0,0,0,0,0,0,0,0,0,0,0,0,0,0,0,0,0,0,0,0,0,0,0,0,0,0,0,0,0,0,0,0,0,0,0,0,0,0,0,0,0,0,0,0,0,0,0,0,0,0,0,0,0,0,0,0,0,0,0,0,0,0,0,0,0,0,0,0,0,0,0,0,0,0,0,0,0,0,0,0,0,0,0,0,0,0,0,0,0,0,0,0,0,0,0,0,0,0,0,0,0,0,0,0,0,0,0,0,0,0,0,0,0,0,0,0,0,0,0,0,0,0,0,0,0,0,0,0,0,0,0,0,0,0,0,0,0,0,0,0,0,0,0,0,0,0,0,0,0,0,0,0,0,0,0,0,0,0,0,0,0,0,0,0,0,0,0,0,0,0,0,0,0,0,0,0,0,0,0,0,0,0,0,0,0,0,0,0,0,0,0,0,0,0,0,0,0,0,0,0,0,0,0,0,0,0,0,0,0,0,0,0,0,0,0,0,0,0,0,0,0,0,0,0,0,0,0,0,0,0,0,0,0,0,0,0,0,0,0,0,0,0,0,0,0,0,0,0,0,0,0,0,0,0,0
"204",171.976475,172.106975,172.143325,172.279225,172.316725,172.43525,173.4092,173.550225,173.64895,173.731875,174.055725,174.560325,174.93655,174.99025,175.1976,175.40805,176.80095,176.98795,177.209725,178.54805,178.82365,178.8994,0,0,0,0,0,0,0,0,0,0,0,0,0,0,0,0,0,0,0,0,0,0,0,0,0,0,0,0,0,0,0,0,0,0,0,0,0,0,0,0,0,0,0,0,0,0,0,0,0,0,0,0,0,0,0,0,0,0,0,0,0,0,0,0,0,0,0,0,0,0,0,0,0,0,0,0,0,0,0,0,0,0,0,0,0,0,0,0,0,0,0,0,0,0,0,0,0,0,0,0,0,0,0,0,0,0,0,0,0,0,0,0,0,0,0,0,0,0,0,0,0,0,0,0,0,0,0,0,0,0,0,0,0,0,0,0,0,0,0,0,0,0,0,0,0,0,0,0,0,0,0,0,0,0,0,0,0,0,0,0,0,0,0,0,0,0,0,0,0,0,0,0,0,0,0,0,0,0,0,0,0,0,0,0,0,0,0,0,0,0,0,0,0,0,0,0,0,0,0,0,0,0,0,0,0,0,0,0,0,0,0,0,0,0,0,0,0,0,0,0,0,0,0,0,0,0,0,0,0,0,0,0,0,0,0,0,0,0,0,0,0,0,0,0,0,0,0,0,0,0,0,0,0,0,0,0,0,0,0,0,0,0,0,0,0,0,0,0,0,0,0,0,0,0,0,0,0,0,0,0,0,0,0,0,0,0,0,0,0,0,0,0,0,0,0,0,0,0,0,0,0,0,0,0,0,0,0,0,0,0,0,0,0,0,0,0,0,0,0,0,0,0,0,0,0,0,0,0,0,0,0,0,0,0,0,0,0,0,0,0,0,0,0,0,0,0,0,0,0,0,0,0,0,0,0,0,0,0,0,0,0,0,0,0,0,0,0,0,0,0,0,0,0,0,0,0,0,0,0,0,0,0,0,0,0,0,0,0,0,0,0,0,0,0,0,0,0,0,0,0
"205",169.5525,169.634575,169.839625,169.8999,170.0936,170.20325,170.206625,170.271175,170.30165,170.35235,170.3896,170.447875,170.494925,170.504,170.5058,170.522475,170.547025,170.59425,170.59525,170.6342,170.66355,170.706475,170.793225,170.875075,170.942975,170.95275,171.0553,171.153475,171.174225,171.180675,171.2994,171.369775,171.414825,171.427725,171.5794,171.580775,171.652775,171.695325,171.720675,171.823,171.8654,171.872475,171.977925,172.000725,172.01815,172.0426,172.088875,172.09365,172.12365,172.133825,172.16205,172.1761,172.203,172.216625,172.227675,172.23315,172.2591,172.2958,172.338675,172.403925,172.4251,172.44955,172.491125,172.495775,172.539475,172.5638,172.590725,172.6405,172.663725,172.665475,172.7092,172.771375,172.773475,172.81825,172.87115,172.913875,172.977625,173.033325,173.089325,173.12245,173.161575,173.213275,173.254175,173.2931,173.30995,173.34,173.3957,173.4065,173.428475,173.4425,173.465125,173.49125,173.519025,173.553675,173.57645,173.59735,173.612475,173.62835,173.657175,173.676725,173.696875,173.712125,173.722925,173.76275,173.8046,173.85115,173.86655,173.89475,173.9035,173.919925,173.935175,173.97745,173.9788,174.009325,174.01925,174.03255,174.043525,174.066375,174.076225,174.079425,174.0931,174.118275,174.1281,174.1699,174.199275,174.259975,174.300775,174.323025,174.4,174.40675,174.485625,174.5358,174.653875,174.68825,174.724525,174.74445,174.75215,174.763775,174.7952,174.8125,174.857825,174.871625,174.9068,174.941825,174.9601,175.001275,175.019475,175.03945,175.068875,175.085375,175.10585,175.12775,175.14465,175.162675,175.174875,175.203825,175.215775,175.23245,175.23815,175.248775,175.266275,175.279575,175.302175,175.313425,175.319175,175.33185,175.3397,175.3564,175.368825,175.380575,175.3975,175.42035,175.441225,175.462375,175.49365,175.5364,175.550025,175.5907,175.607425,175.6483,175.678575,175.68025,175.700125,175.735175,175.7745,175.797575,175.84105,175.8714,175.88105,175.899075,175.915025,175.9273,175.997075,176.020225,176.05895,176.1498,176.160375,176.211675,176.274125,176.346,176.39045,176.550575,176.5608,176.64105,176.880025,177.040525,177.1272,177.138225,177.160575,177.17605,177.197075,177.2283,177.243325,177.2829,177.29745,177.32725,177.3403,177.387175,177.408275,177.46685,177.50255,177.546375,177.62455,177.62645,177.80215,178.177475,178.288525,178.439875,178.440725,178.451475,178.5425,178.5974,178.660325,178.6893,178.7242,178.8536,178.9047,178.928325,178.936625,178.946525,178.98515,179.006925,179.037,179.050675,179.057075,179.08365,179.1205,179.234675,179.25615,179.30095,180.156375,180.328475,180.366525,180.4602,180.533625,180.619425,180.6683,180.697,180.77985,180.819275,180.903475,180.93785,180.98055,181.02355,181.150175,181.5624,181.864475,183.3676,0,0,0,0,0,0,0,0,0,0,0,0,0,0,0,0,0,0,0,0,0,0,0,0,0,0,0,0,0,0,0,0,0,0,0,0,0,0,0,0,0,0,0,0,0,0,0,0,0,0,0,0,0,0,0,0,0,0,0,0,0,0,0,0,0,0,0,0,0,0,0,0,0,0,0,0,0,0,0,0,0,0,0,0,0,0,0,0,0,0,0,0,0,0,0,0,0,0,0,0,0,0,0,0,0,0,0,0,0,0,0,0,0,0,0,0,0,0,0,0,0,0,0,0,0,0,0,0,0,0,0,0,0,0,0,0,0,0,0,0,0,0,0,0,0,0,0,0,0,0,0,0,0,0
"206",169.560675,169.581375,169.61005,169.628675,169.66425,169.688475,169.738275,169.784175,169.8022,169.818375,169.8436,169.860275,169.87995,169.8996,169.90955,169.93955,169.949,169.960325,169.977475,170.018275,170.036425,170.10195,170.315775,170.369475,170.572725,170.62035,170.82725,170.84655,170.878775,170.902575,170.9459,170.96705,170.974525,170.983075,170.995525,171.0058,171.02115,171.0349,171.073325,171.0913,171.098325,171.122075,171.135525,171.14905,171.15805,171.169725,171.177075,171.1945,171.2022,171.215575,171.24725,171.27685,171.3058,171.325175,171.333125,171.345675,171.377475,171.404025,171.424925,171.44695,171.4993,171.555,171.9494,171.9643,172.023975,172.10525,172.251725,172.261325,172.304625,172.322425,172.347675,172.369,172.424475,172.46865,172.483975,172.532325,172.555075,172.617225,173.381825,173.4036,174.053125,174.840375,176.712625,176.759425,176.799,176.817825,176.862225,176.8751,176.89245,176.920925,176.977825,177.02885,177.07375,177.14765,177.83945,178.41175,178.463575,178.481425,178.482575,178.665825,180.52455,182.2242,0,0,0,0,0,0,0,0,0,0,0,0,0,0,0,0,0,0,0,0,0,0,0,0,0,0,0,0,0,0,0,0,0,0,0,0,0,0,0,0,0,0,0,0,0,0,0,0,0,0,0,0,0,0,0,0,0,0,0,0,0,0,0,0,0,0,0,0,0,0,0,0,0,0,0,0,0,0,0,0,0,0,0,0,0,0,0,0,0,0,0,0,0,0,0,0,0,0,0,0,0,0,0,0,0,0,0,0,0,0,0,0,0,0,0,0,0,0,0,0,0,0,0,0,0,0,0,0,0,0,0,0,0,0,0,0,0,0,0,0,0,0,0,0,0,0,0,0,0,0,0,0,0,0,0,0,0,0,0,0,0,0,0,0,0,0,0,0,0,0,0,0,0,0,0,0,0,0,0,0,0,0,0,0,0,0,0,0,0,0,0,0,0,0,0,0,0,0,0,0,0,0,0,0,0,0,0,0,0,0,0,0,0,0,0,0,0,0,0,0,0,0,0,0,0,0,0,0,0,0,0,0,0,0,0,0,0,0,0,0,0,0,0,0,0,0,0,0,0,0,0,0,0,0,0,0,0,0,0,0,0,0,0,0,0,0,0,0,0,0,0,0,0,0,0,0,0,0,0,0,0,0,0,0,0,0,0,0,0,0,0,0,0,0,0,0,0,0,0,0,0,0,0,0,0,0,0,0,0,0,0,0,0,0,0,0,0,0,0,0
"207",169.5656,169.5935,169.618025,169.663425,169.75685,169.84115,169.88095,169.93155,170.530525,170.76875,170.792425,170.81635,170.843725,170.86415,170.88365,170.9464,170.95805,170.979475,170.987675,171.00015,171.022,171.047425,171.0706,171.109125,171.1673,171.1859,171.197775,171.21395,171.2619,171.265075,171.281875,171.325475,171.336525,171.3429,171.40285,171.46475,171.519875,171.821525,171.897025,171.9173,171.965275,171.97275,171.997725,172.0586,172.125675,172.1433,172.150275,172.187725,172.1963,172.243725,172.271325,172.2867,172.29765,172.334725,172.3652,172.3824,172.4035,172.4239,172.483275,172.565025,172.581875,172.60095,172.6275,172.655,172.6734,172.688925,172.715975,172.73225,172.7364,172.76635,172.7784,172.79335,172.827325,172.90275,173.04235,173.08025,173.1004,173.1153,173.126975,173.14785,173.186375,173.21305,173.219925,173.2968,173.324,173.326125,173.336375,173.346925,173.3857,173.4121,173.43625,173.44305,173.4884,173.505325,173.516775,173.529225,173.5628,173.573675,173.5942,173.6181,173.625025,173.673075,173.7216,173.7592,173.770775,173.803025,173.824625,173.84555,173.8589,173.898975,174.0204,174.0923,174.154,174.218125,174.275925,174.39165,174.42255,174.458025,174.4851,174.506225,174.532325,174.5592,174.58015,174.600025,174.6108,174.66075,174.6825,174.693125,174.707425,174.73235,174.746575,174.76655,174.789725,174.82125,174.8486,174.862025,174.888425,174.934925,174.942025,174.953825,175.0111,175.022775,175.0562,175.056775,175.07155,175.100875,175.1115,175.11845,175.14645,175.1692,175.181225,175.18805,175.1982,175.242625,175.2527,175.268125,175.27595,175.312725,175.3918,175.4191,175.437875,175.450825,175.479825,175.492125,175.5327,175.54655,175.5841,175.5983,175.6103,175.64815,175.6798,175.685875,175.69835,175.7121,175.74875,175.772,175.833425,175.88065,175.911525,175.95615,176.196025,176.29195,176.455675,176.491975,176.515,176.549525,176.571,176.602775,176.62175,176.63645,176.665825,176.699775,176.71615,176.752725,176.795,176.806975,176.814125,176.829175,176.86055,176.873775,176.94845,176.983225,177.002475,177.0362,177.04005,177.06955,177.07815,177.0808,177.112975,177.136875,177.17575,177.221575,177.22585,177.2506,177.2858,177.30065,177.349225,177.358825,177.390275,177.4313,177.48135,177.4936,177.535525,177.584975,177.60715,177.65085,177.730675,177.77275,177.887775,178.181725,178.2729,178.3086,178.339225,178.385125,178.422,178.434325,178.4508,178.509325,178.522425,178.575075,178.615125,178.6415,178.65515,178.679075,178.715875,178.735975,178.795575,178.872025,178.888525,178.9385,178.981225,179.03745,179.1013,179.1433,179.17915,179.320725,180.138675,180.246675,180.396075,180.613125,180.6765,180.747575,180.835775,181.045875,183.191825,0,0,0,0,0,0,0,0,0,0,0,0,0,0,0,0,0,0,0,0,0,0,0,0,0,0,0,0,0,0,0,0,0,0,0,0,0,0,0,0,0,0,0,0,0,0,0,0,0,0,0,0,0,0,0,0,0,0,0,0,0,0,0,0,0,0,0,0,0,0,0,0,0,0,0,0,0,0,0,0,0,0,0,0,0,0,0,0,0,0,0,0,0,0,0,0,0,0,0,0,0,0,0,0,0,0,0,0,0,0,0,0,0,0,0,0,0,0,0,0,0,0,0,0,0,0,0,0,0,0,0,0,0,0,0,0,0,0,0,0,0,0,0,0,0,0,0,0,0,0,0,0,0,0,0,0,0
"208",170.03705,170.1629,170.206025,170.23015,170.26455,170.2878,170.311925,170.335075,170.35025,170.379375,170.425625,170.436525,170.47655,170.486275,170.498725,170.517425,170.52605,170.573275,170.6107,170.62605,170.63325,170.6399,170.6556,170.659675,170.70695,170.73765,171.4262,171.49155,171.527775,171.53515,171.5761,171.585575,171.61885,171.65665,171.66895,171.6873,171.70015,171.710725,171.748175,171.825075,172.779225,172.858025,172.9149,172.9353,172.970225,172.999125,173.0203,174.290025,176.030125,176.145725,176.16635,176.220725,176.275,176.30865,176.3334,176.391225,176.436875,177.702375,177.79065,177.84285,177.8901,177.91445,177.941525,177.950425,177.9748,178.014725,178.0354,178.099425,179.498025,179.603075,179.69075,179.837975,181.835875,181.9318,0,0,0,0,0,0,0,0,0,0,0,0,0,0,0,0,0,0,0,0,0,0,0,0,0,0,0,0,0,0,0,0,0,0,0,0,0,0,0,0,0,0,0,0,0,0,0,0,0,0,0,0,0,0,0,0,0,0,0,0,0,0,0,0,0,0,0,0,0,0,0,0,0,0,0,0,0,0,0,0,0,0,0,0,0,0,0,0,0,0,0,0,0,0,0,0,0,0,0,0,0,0,0,0,0,0,0,0,0,0,0,0,0,0,0,0,0,0,0,0,0,0,0,0,0,0,0,0,0,0,0,0,0,0,0,0,0,0,0,0,0,0,0,0,0,0,0,0,0,0,0,0,0,0,0,0,0,0,0,0,0,0,0,0,0,0,0,0,0,0,0,0,0,0,0,0,0,0,0,0,0,0,0,0,0,0,0,0,0,0,0,0,0,0,0,0,0,0,0,0,0,0,0,0,0,0,0,0,0,0,0,0,0,0,0,0,0,0,0,0,0,0,0,0,0,0,0,0,0,0,0,0,0,0,0,0,0,0,0,0,0,0,0,0,0,0,0,0,0,0,0,0,0,0,0,0,0,0,0,0,0,0,0,0,0,0,0,0,0,0,0,0,0,0,0,0,0,0,0,0,0,0,0,0,0,0,0,0,0,0,0,0,0,0,0,0,0,0,0,0,0,0,0,0,0,0,0,0,0,0,0,0,0,0,0,0,0,0,0,0,0,0,0,0,0,0,0,0,0,0,0,0,0,0,0,0,0,0,0,0,0,0,0,0,0,0,0,0
"209",172.3015,172.327975,172.346925,172.370625,172.39585,172.416875,172.433575,172.46355,172.4936,172.507475,172.5431,172.562875,172.58765,173.572275,173.611025,173.6367,173.6551,173.67495,173.70675,173.740375,173.757,173.790675,173.81285,173.87495,173.895925,174.04065,175.7403,175.79885,175.844625,175.876925,175.905375,176.889925,177.000125,177.027925,177.0732,177.114825,177.24605,177.274975,0,0,0,0,0,0,0,0,0,0,0,0,0,0,0,0,0,0,0,0,0,0,0,0,0,0,0,0,0,0,0,0,0,0,0,0,0,0,0,0,0,0,0,0,0,0,0,0,0,0,0,0,0,0,0,0,0,0,0,0,0,0,0,0,0,0,0,0,0,0,0,0,0,0,0,0,0,0,0,0,0,0,0,0,0,0,0,0,0,0,0,0,0,0,0,0,0,0,0,0,0,0,0,0,0,0,0,0,0,0,0,0,0,0,0,0,0,0,0,0,0,0,0,0,0,0,0,0,0,0,0,0,0,0,0,0,0,0,0,0,0,0,0,0,0,0,0,0,0,0,0,0,0,0,0,0,0,0,0,0,0,0,0,0,0,0,0,0,0,0,0,0,0,0,0,0,0,0,0,0,0,0,0,0,0,0,0,0,0,0,0,0,0,0,0,0,0,0,0,0,0,0,0,0,0,0,0,0,0,0,0,0,0,0,0,0,0,0,0,0,0,0,0,0,0,0,0,0,0,0,0,0,0,0,0,0,0,0,0,0,0,0,0,0,0,0,0,0,0,0,0,0,0,0,0,0,0,0,0,0,0,0,0,0,0,0,0,0,0,0,0,0,0,0,0,0,0,0,0,0,0,0,0,0,0,0,0,0,0,0,0,0,0,0,0,0,0,0,0,0,0,0,0,0,0,0,0,0,0,0,0,0,0,0,0,0,0,0,0,0,0,0,0,0,0,0,0,0,0,0,0,0,0,0,0,0,0,0,0,0,0,0,0,0,0,0,0,0,0,0,0,0,0,0,0,0,0,0,0,0,0,0,0,0,0,0,0,0,0,0,0,0,0,0,0,0,0,0,0,0,0,0,0,0
"210",171.013025,171.197575,171.264825,172.000925,172.181175,172.589675,173.32585,173.3838,173.486825,175.05595,175.164575,178.596125,178.678825,178.834075,178.888275,0,0,0,0,0,0,0,0,0,0,0,0,0,0,0,0,0,0,0,0,0,0,0,0,0,0,0,0,0,0,0,0,0,0,0,0,0,0,0,0,0,0,0,0,0,0,0,0,0,0,0,0,0,0,0,0,0,0,0,0,0,0,0,0,0,0,0,0,0,0,0,0,0,0,0,0,0,0,0,0,0,0,0,0,0,0,0,0,0,0,0,0,0,0,0,0,0,0,0,0,0,0,0,0,0,0,0,0,0,0,0,0,0,0,0,0,0,0,0,0,0,0,0,0,0,0,0,0,0,0,0,0,0,0,0,0,0,0,0,0,0,0,0,0,0,0,0,0,0,0,0,0,0,0,0,0,0,0,0,0,0,0,0,0,0,0,0,0,0,0,0,0,0,0,0,0,0,0,0,0,0,0,0,0,0,0,0,0,0,0,0,0,0,0,0,0,0,0,0,0,0,0,0,0,0,0,0,0,0,0,0,0,0,0,0,0,0,0,0,0,0,0,0,0,0,0,0,0,0,0,0,0,0,0,0,0,0,0,0,0,0,0,0,0,0,0,0,0,0,0,0,0,0,0,0,0,0,0,0,0,0,0,0,0,0,0,0,0,0,0,0,0,0,0,0,0,0,0,0,0,0,0,0,0,0,0,0,0,0,0,0,0,0,0,0,0,0,0,0,0,0,0,0,0,0,0,0,0,0,0,0,0,0,0,0,0,0,0,0,0,0,0,0,0,0,0,0,0,0,0,0,0,0,0,0,0,0,0,0,0,0,0,0,0,0,0,0,0,0,0,0,0,0,0,0,0,0,0,0,0,0,0,0,0,0,0,0,0,0,0,0,0,0,0,0,0,0,0,0,0,0,0,0,0,0,0,0,0,0,0,0,0,0,0,0,0,0,0,0,0,0,0,0,0,0,0,0
"211",169.74605,169.838925,169.878525,169.929325,170.061925,170.10305,170.222225,170.3109,170.331675,170.37655,170.449925,170.479325,170.523275,170.5348,170.538575,170.554525,170.719575,170.806425,170.8991,170.9213,170.9585,171.0198,171.04495,171.0548,171.08295,171.100225,171.10405,171.118375,171.15975,171.223225,171.240225,171.286575,171.2919,171.3655,171.3841,171.41555,171.436525,171.522425,171.529825,171.6043,171.6474,171.65515,171.681725,171.7418,171.775475,171.803125,171.8507,171.956425,172.486075,172.7239,172.798825,172.835875,172.851275,172.8596,172.8989,172.939325,173.019875,173.046175,173.0694,173.109075,174.129225,174.227025,174.34515,174.35365,174.37705,174.41925,174.47655,174.5021,174.55105,176.189,176.277575,176.322725,176.3433,176.3764,176.4052,176.437375,176.4616,177.079275,177.18435,177.479225,177.6065,177.69575,177.765775,177.92705,177.98155,178.0258,178.0652,178.1254,178.17095,178.230675,178.663875,178.9985,179.157375,179.186925,179.213825,179.343125,179.381975,179.42265,179.544175,179.600425,179.6411,179.6744,179.72585,179.7284,179.741575,179.7561,179.7741,179.798375,179.822275,179.84575,179.8695,179.897575,179.957425,179.981325,180.23915,180.3874,180.6145,181.00655,181.13375,181.199025,181.288125,181.3401,181.430375,181.469125,181.518575,181.62115,181.68905,181.740075,181.783275,181.82915,181.8525,181.939225,181.945425,181.9807,182.016475,182.067575,182.16115,182.30795,182.397475,182.457925,182.802475,182.892025,183.261425,183.47235,183.5438,183.64125,183.710975,183.7696,183.842,183.93965,184.010325,184.07525,184.1695,184.260275,184.41845,184.5723,184.639425,184.71175,184.827,185.090025,185.20505,185.89505,186.32535,186.553375,188.411375,0,0,0,0,0,0,0,0,0,0,0,0,0,0,0,0,0,0,0,0,0,0,0,0,0,0,0,0,0,0,0,0,0,0,0,0,0,0,0,0,0,0,0,0,0,0,0,0,0,0,0,0,0,0,0,0,0,0,0,0,0,0,0,0,0,0,0,0,0,0,0,0,0,0,0,0,0,0,0,0,0,0,0,0,0,0,0,0,0,0,0,0,0,0,0,0,0,0,0,0,0,0,0,0,0,0,0,0,0,0,0,0,0,0,0,0,0,0,0,0,0,0,0,0,0,0,0,0,0,0,0,0,0,0,0,0,0,0,0,0,0,0,0,0,0,0,0,0,0,0,0,0,0,0,0,0,0,0,0,0,0,0,0,0,0,0,0,0,0,0,0,0,0,0,0,0,0,0,0,0,0,0,0,0,0,0,0,0,0,0,0,0,0,0,0,0,0,0,0,0,0,0,0,0,0,0,0,0,0,0,0,0,0,0,0,0,0,0,0,0,0,0,0,0,0,0,0,0,0,0,0,0,0,0,0,0,0,0,0,0,0,0,0,0,0,0,0,0,0,0,0,0,0,0,0,0,0
"212",170.024225,170.075025,170.0767,170.1241,170.131575,170.23945,170.29015,170.31835,170.33305,170.377275,170.40045,171.48665,171.534375,171.547775,171.584825,172.813625,172.897625,175.39445,175.415175,175.470225,176.1237,176.138575,176.17275,176.191425,176.208175,176.266175,177.799525,177.85125,177.90055,177.91365,177.968025,178.084525,179.462475,179.6396,179.6611,179.773125,179.88165,0,0,0,0,0,0,0,0,0,0,0,0,0,0,0,0,0,0,0,0,0,0,0,0,0,0,0,0,0,0,0,0,0,0,0,0,0,0,0,0,0,0,0,0,0,0,0,0,0,0,0,0,0,0,0,0,0,0,0,0,0,0,0,0,0,0,0,0,0,0,0,0,0,0,0,0,0,0,0,0,0,0,0,0,0,0,0,0,0,0,0,0,0,0,0,0,0,0,0,0,0,0,0,0,0,0,0,0,0,0,0,0,0,0,0,0,0,0,0,0,0,0,0,0,0,0,0,0,0,0,0,0,0,0,0,0,0,0,0,0,0,0,0,0,0,0,0,0,0,0,0,0,0,0,0,0,0,0,0,0,0,0,0,0,0,0,0,0,0,0,0,0,0,0,0,0,0,0,0,0,0,0,0,0,0,0,0,0,0,0,0,0,0,0,0,0,0,0,0,0,0,0,0,0,0,0,0,0,0,0,0,0,0,0,0,0,0,0,0,0,0,0,0,0,0,0,0,0,0,0,0,0,0,0,0,0,0,0,0,0,0,0,0,0,0,0,0,0,0,0,0,0,0,0,0,0,0,0,0,0,0,0,0,0,0,0,0,0,0,0,0,0,0,0,0,0,0,0,0,0,0,0,0,0,0,0,0,0,0,0,0,0,0,0,0,0,0,0,0,0,0,0,0,0,0,0,0,0,0,0,0,0,0,0,0,0,0,0,0,0,0,0,0,0,0,0,0,0,0,0,0,0,0,0,0,0,0,0,0,0,0,0,0,0,0,0,0,0,0,0,0,0,0,0,0,0,0,0,0,0,0,0,0,0,0,0,0,0,0,0,0,0,0,0,0,0,0,0,0,0,0,0,0,0,0
"213",160.289975,160.49835,162.367625,162.858725,163.369025,164.680525,164.9725,165.212025,165.865475,166.031725,166.44315,166.99055,167.27385,167.684475,167.920475,168.6375,169.469425,169.522325,170.092975,170.13795,170.40365,170.459225,170.564,170.5852,170.598025,170.677675,171.20925,171.235475,171.50705,171.5659,171.5691,171.613125,171.625275,171.639125,171.712425,172.994025,173.310775,174.256925,174.711825,176.0693,176.198475,176.219725,176.394675,176.822125,177.400025,177.6903,177.7628,177.8233,177.8691,177.95245,178.033225,178.09265,178.688875,179.713475,179.854225,179.8549,179.983325,180.29625,181.091275,181.3572,181.551375,182.0026,182.251175,192.839825,0,0,0,0,0,0,0,0,0,0,0,0,0,0,0,0,0,0,0,0,0,0,0,0,0,0,0,0,0,0,0,0,0,0,0,0,0,0,0,0,0,0,0,0,0,0,0,0,0,0,0,0,0,0,0,0,0,0,0,0,0,0,0,0,0,0,0,0,0,0,0,0,0,0,0,0,0,0,0,0,0,0,0,0,0,0,0,0,0,0,0,0,0,0,0,0,0,0,0,0,0,0,0,0,0,0,0,0,0,0,0,0,0,0,0,0,0,0,0,0,0,0,0,0,0,0,0,0,0,0,0,0,0,0,0,0,0,0,0,0,0,0,0,0,0,0,0,0,0,0,0,0,0,0,0,0,0,0,0,0,0,0,0,0,0,0,0,0,0,0,0,0,0,0,0,0,0,0,0,0,0,0,0,0,0,0,0,0,0,0,0,0,0,0,0,0,0,0,0,0,0,0,0,0,0,0,0,0,0,0,0,0,0,0,0,0,0,0,0,0,0,0,0,0,0,0,0,0,0,0,0,0,0,0,0,0,0,0,0,0,0,0,0,0,0,0,0,0,0,0,0,0,0,0,0,0,0,0,0,0,0,0,0,0,0,0,0,0,0,0,0,0,0,0,0,0,0,0,0,0,0,0,0,0,0,0,0,0,0,0,0,0,0,0,0,0,0,0,0,0,0,0,0,0,0,0,0,0,0,0,0,0,0,0,0,0,0,0,0,0,0,0,0,0,0,0,0,0,0,0,0,0,0,0,0,0,0,0,0,0,0,0,0,0,0,0,0,0,0,0,0,0,0,0,0,0,0,0
"214",175.1586,175.1999,175.228825,175.27095,175.309525,175.344575,175.371175,175.42895,0,0,0,0,0,0,0,0,0,0,0,0,0,0,0,0,0,0,0,0,0,0,0,0,0,0,0,0,0,0,0,0,0,0,0,0,0,0,0,0,0,0,0,0,0,0,0,0,0,0,0,0,0,0,0,0,0,0,0,0,0,0,0,0,0,0,0,0,0,0,0,0,0,0,0,0,0,0,0,0,0,0,0,0,0,0,0,0,0,0,0,0,0,0,0,0,0,0,0,0,0,0,0,0,0,0,0,0,0,0,0,0,0,0,0,0,0,0,0,0,0,0,0,0,0,0,0,0,0,0,0,0,0,0,0,0,0,0,0,0,0,0,0,0,0,0,0,0,0,0,0,0,0,0,0,0,0,0,0,0,0,0,0,0,0,0,0,0,0,0,0,0,0,0,0,0,0,0,0,0,0,0,0,0,0,0,0,0,0,0,0,0,0,0,0,0,0,0,0,0,0,0,0,0,0,0,0,0,0,0,0,0,0,0,0,0,0,0,0,0,0,0,0,0,0,0,0,0,0,0,0,0,0,0,0,0,0,0,0,0,0,0,0,0,0,0,0,0,0,0,0,0,0,0,0,0,0,0,0,0,0,0,0,0,0,0,0,0,0,0,0,0,0,0,0,0,0,0,0,0,0,0,0,0,0,0,0,0,0,0,0,0,0,0,0,0,0,0,0,0,0,0,0,0,0,0,0,0,0,0,0,0,0,0,0,0,0,0,0,0,0,0,0,0,0,0,0,0,0,0,0,0,0,0,0,0,0,0,0,0,0,0,0,0,0,0,0,0,0,0,0,0,0,0,0,0,0,0,0,0,0,0,0,0,0,0,0,0,0,0,0,0,0,0,0,0,0,0,0,0,0,0,0,0,0,0,0,0,0,0,0,0,0,0,0,0,0,0,0,0,0,0,0,0,0,0,0,0,0,0,0,0,0,0
"215",170.996775,171.03035,171.05315,171.081275,171.102075,171.1457,171.16145,171.182525,171.223625,171.254625,171.30825,171.341325,171.378925,171.4302,171.98005,172.00155,172.033,172.075475,172.09335,172.1144,172.1772,172.197675,172.217525,172.26705,172.28425,172.3032,172.336825,172.39875,172.45195,172.487825,172.531075,172.560925,172.630875,173.2404,173.29225,173.333925,173.372125,173.431075,173.476825,173.5404,173.5559,173.6152,173.677075,173.85455,173.91855,174.704725,174.7281,174.800975,174.846225,174.9019,174.947675,175.0031,175.08145,175.12635,175.35535,175.582225,175.664525,175.7075,175.775325,175.8895,176.62505,176.65585,176.706025,176.824675,176.89975,176.9612,177.01755,177.06085,177.111525,177.155475,177.211925,177.272575,177.335825,177.449325,177.574975,178.41075,178.452775,178.495875,178.5645,178.586325,178.6683,178.70845,178.75795,178.80445,178.875575,179.001125,180.656275,0,0,0,0,0,0,0,0,0,0,0,0,0,0,0,0,0,0,0,0,0,0,0,0,0,0,0,0,0,0,0,0,0,0,0,0,0,0,0,0,0,0,0,0,0,0,0,0,0,0,0,0,0,0,0,0,0,0,0,0,0,0,0,0,0,0,0,0,0,0,0,0,0,0,0,0,0,0,0,0,0,0,0,0,0,0,0,0,0,0,0,0,0,0,0,0,0,0,0,0,0,0,0,0,0,0,0,0,0,0,0,0,0,0,0,0,0,0,0,0,0,0,0,0,0,0,0,0,0,0,0,0,0,0,0,0,0,0,0,0,0,0,0,0,0,0,0,0,0,0,0,0,0,0,0,0,0,0,0,0,0,0,0,0,0,0,0,0,0,0,0,0,0,0,0,0,0,0,0,0,0,0,0,0,0,0,0,0,0,0,0,0,0,0,0,0,0,0,0,0,0,0,0,0,0,0,0,0,0,0,0,0,0,0,0,0,0,0,0,0,0,0,0,0,0,0,0,0,0,0,0,0,0,0,0,0,0,0,0,0,0,0,0,0,0,0,0,0,0,0,0,0,0,0,0,0,0,0,0,0,0,0,0,0,0,0,0,0,0,0,0,0,0,0,0,0,0,0,0,0,0,0,0,0,0,0,0,0,0,0,0,0,0,0,0,0,0,0,0,0,0,0,0,0,0,0,0,0,0,0,0,0,0,0,0,0,0,0,0,0,0,0,0,0,0,0,0,0,0,0,0,0,0,0,0
"216",169.5672,169.62265,169.74395,169.842575,169.9091,169.978525,170.01105,170.34095,170.3866,170.489225,170.5456,170.6253,170.6498,170.669825,170.71745,170.719775,170.747475,170.781625,170.798,170.82685,170.84535,170.904,170.934225,170.944525,170.965575,171.00795,171.035575,171.037575,171.0694,171.173575,171.185675,171.2131,171.254775,171.269425,171.32525,171.3633,171.40555,171.4189,171.427075,171.446375,171.472025,171.485675,171.52895,171.541075,171.564125,171.581425,171.72375,171.785325,171.8139,171.82125,171.832125,171.836,171.86185,171.87425,171.894625,171.949325,171.957475,171.969475,171.99895,172.00915,172.02575,172.032925,172.061375,172.06785,172.111525,172.117475,172.119075,172.138925,172.16785,172.20165,172.21235,172.232075,172.251175,172.2797,172.295725,172.32135,172.399125,172.4503,172.494075,172.526225,172.545625,172.548925,172.564475,172.575625,172.6051,172.6508,172.681675,172.6887,172.779725,172.8477,172.90135,172.902525,172.972425,172.98545,173.02665,173.06075,173.068375,173.0926,173.13285,173.144275,173.186125,173.1975,173.231125,173.26335,173.29155,173.300325,173.35505,173.369125,173.37905,173.385475,173.395775,173.4239,173.441175,173.45615,173.46255,173.4878,173.51435,173.568725,173.5991,173.6073,173.64805,173.66735,173.687,173.71625,173.748225,173.7662,173.810325,173.8244,173.8411,173.8596,173.899475,173.939325,173.96625,174.000475,174.064225,174.107175,174.12895,174.15375,174.17165,174.19275,174.2459,174.2857,174.32645,174.3491,174.475425,174.5069,174.5358,174.577075,174.6386,174.651775,174.665,174.693675,174.71165,174.774275,174.792975,174.80545,174.824575,174.8364,174.854875,174.88,174.891575,174.90095,174.901625,174.934375,174.9418,174.962225,174.9907,175.0175,175.0431,175.056475,175.082575,175.10345,175.1044,175.1143,175.13675,175.16325,175.208275,175.24125,175.292175,175.339725,175.413325,175.4188,175.48965,175.514075,175.532425,175.543375,175.564325,175.597725,175.6187,175.640625,175.710825,175.7302,175.75585,175.778375,175.79435,175.812325,175.868175,175.99075,176.048775,176.1516,176.424625,176.4918,176.518325,176.67705,176.70315,176.71455,176.730675,176.759525,176.7683,176.775175,176.794675,176.815575,176.8513,176.8527,176.874575,176.88365,176.91605,176.929475,176.99705,177.013325,177.035375,177.053575,177.0718,177.0961,177.135225,177.193075,177.206975,177.250325,177.299625,177.342375,177.394125,177.409775,177.4476,177.488125,177.5167,177.545525,177.56375,177.637425,177.647625,177.7412,177.76305,177.80965,177.885725,177.90855,178.206725,178.267075,178.308375,178.320775,178.356525,178.388625,178.421725,178.427325,178.442875,178.50445,178.536175,178.56615,178.5856,178.606775,178.614925,178.6302,178.6482,178.669875,178.697975,178.7231,178.735725,178.772425,178.783975,178.80125,178.833325,178.84005,178.89775,178.899875,178.9348,179.0793,179.1044,179.137375,179.17425,179.373875,179.533425,179.6341,179.64075,179.7999,180.006325,180.0388,180.1147,180.13835,180.146725,180.178925,180.226375,180.261725,180.3328,180.402225,180.435125,180.505775,180.54145,180.5709,180.679725,180.700775,180.720475,180.74595,180.7714,180.789425,180.801125,180.8337,180.835475,180.854275,180.893225,180.918625,180.942375,181.066575,181.107775,181.166675,181.214775,181.275275,181.316725,181.373875,181.41555,181.582625,181.8282,181.999175,182.47315,182.76085,182.903225,182.984525,183.0412,183.1285,183.240525,183.28085,183.386825,183.516175,183.670625,185.034625,187.4646,187.827625,188.69205,189.170325,192.097325,0,0,0,0,0,0,0,0,0,0,0,0,0,0,0,0,0,0,0,0,0,0,0,0,0,0,0,0,0,0,0,0,0,0,0,0,0,0,0,0,0,0,0,0,0,0,0,0,0,0,0,0,0,0,0,0,0,0,0,0,0,0,0,0,0,0,0,0,0,0,0,0,0,0,0,0,0,0,0,0,0,0,0,0,0
"217",169.49465,169.538,169.558575,169.651875,169.91515,170.1491,170.279275,170.441025,170.725975,170.994075,171.718125,172.78285,172.848275,172.87175,173.7605,174.1245,174.185425,174.302125,175.450275,176.116625,176.176475,176.307875,176.3547,176.449975,177.73085,178.1123,178.1647,179.690375,179.831475,179.8796,182.021325,182.49075,186.873375,190.052025,191.524125,0,0,0,0,0,0,0,0,0,0,0,0,0,0,0,0,0,0,0,0,0,0,0,0,0,0,0,0,0,0,0,0,0,0,0,0,0,0,0,0,0,0,0,0,0,0,0,0,0,0,0,0,0,0,0,0,0,0,0,0,0,0,0,0,0,0,0,0,0,0,0,0,0,0,0,0,0,0,0,0,0,0,0,0,0,0,0,0,0,0,0,0,0,0,0,0,0,0,0,0,0,0,0,0,0,0,0,0,0,0,0,0,0,0,0,0,0,0,0,0,0,0,0,0,0,0,0,0,0,0,0,0,0,0,0,0,0,0,0,0,0,0,0,0,0,0,0,0,0,0,0,0,0,0,0,0,0,0,0,0,0,0,0,0,0,0,0,0,0,0,0,0,0,0,0,0,0,0,0,0,0,0,0,0,0,0,0,0,0,0,0,0,0,0,0,0,0,0,0,0,0,0,0,0,0,0,0,0,0,0,0,0,0,0,0,0,0,0,0,0,0,0,0,0,0,0,0,0,0,0,0,0,0,0,0,0,0,0,0,0,0,0,0,0,0,0,0,0,0,0,0,0,0,0,0,0,0,0,0,0,0,0,0,0,0,0,0,0,0,0,0,0,0,0,0,0,0,0,0,0,0,0,0,0,0,0,0,0,0,0,0,0,0,0,0,0,0,0,0,0,0,0,0,0,0,0,0,0,0,0,0,0,0,0,0,0,0,0,0,0,0,0,0,0,0,0,0,0,0,0,0,0,0,0,0,0,0,0,0,0,0,0,0,0,0,0,0,0,0,0,0,0,0,0,0,0,0,0,0,0,0,0,0,0,0,0,0,0,0,0,0,0,0,0,0,0,0,0,0,0,0,0,0,0,0,0,0
"218",170.127475,170.4173,170.922925,171.007275,171.35755,171.42265,172.018425,172.081325,172.177475,172.205475,172.26115,172.348725,172.38485,172.461475,172.495975,172.5869,172.643875,172.750525,173.337525,173.3771,173.387775,173.3967,173.414625,173.4315,173.52025,173.54455,173.597625,173.6269,173.67125,173.6944,173.711025,173.74335,173.77815,173.801075,173.819675,173.858175,173.9051,173.949625,173.983475,174.069775,174.103025,174.125275,174.14555,174.172825,174.303825,174.341775,174.427975,174.6955,174.732775,174.78625,174.837025,174.86455,174.923175,174.95445,174.9761,175.0126,175.043625,175.067625,175.0946,175.117,175.173025,175.194875,175.23685,175.31355,175.32435,175.3578,175.376625,175.42115,175.4688,175.5073,175.587775,175.621325,175.672525,175.711075,175.7252,175.790475,175.840675,175.9191,175.9537,175.976775,176.008475,176.12705,176.154025,176.6432,176.77645,176.84755,176.906325,176.943625,177.046625,177.120825,177.147375,177.2118,177.2618,177.317925,177.33845,177.362475,177.386375,177.4394,177.459325,177.508575,177.511,177.539725,177.577125,177.7836,178.339475,178.400775,178.5636,178.64205,178.667275,178.6993,178.81235,178.8279,178.90875,178.953275,179.05205,179.125475,179.183675,179.22315,179.31465,179.376625,179.44825,180.3432,180.4494,180.591725,180.65455,180.757925,180.851925,181.096875,181.3845,0,0,0,0,0,0,0,0,0,0,0,0,0,0,0,0,0,0,0,0,0,0,0,0,0,0,0,0,0,0,0,0,0,0,0,0,0,0,0,0,0,0,0,0,0,0,0,0,0,0,0,0,0,0,0,0,0,0,0,0,0,0,0,0,0,0,0,0,0,0,0,0,0,0,0,0,0,0,0,0,0,0,0,0,0,0,0,0,0,0,0,0,0,0,0,0,0,0,0,0,0,0,0,0,0,0,0,0,0,0,0,0,0,0,0,0,0,0,0,0,0,0,0,0,0,0,0,0,0,0,0,0,0,0,0,0,0,0,0,0,0,0,0,0,0,0,0,0,0,0,0,0,0,0,0,0,0,0,0,0,0,0,0,0,0,0,0,0,0,0,0,0,0,0,0,0,0,0,0,0,0,0,0,0,0,0,0,0,0,0,0,0,0,0,0,0,0,0,0,0,0,0,0,0,0,0,0,0,0,0,0,0,0,0,0,0,0,0,0,0,0,0,0,0,0,0,0,0,0,0,0,0,0,0,0,0,0,0,0,0,0,0,0,0,0,0,0,0,0,0,0,0,0,0,0,0,0,0,0,0,0,0,0,0,0,0,0,0,0,0,0,0,0,0,0,0,0,0,0,0,0,0,0,0,0,0,0,0,0,0,0,0,0
"219",171.022175,171.060475,171.12115,171.138025,171.160325,171.235025,171.280925,171.949975,171.9958,172.051825,172.147775,172.211825,172.4408,172.590425,172.662675,172.6999,172.75585,173.1707,173.188725,173.244775,173.2982,173.3526,173.419425,173.6329,173.732175,173.785475,173.994575,174.101,174.352975,174.579125,174.661825,174.7234,174.771175,174.8478,174.8972,175.1688,175.2862,175.32935,175.47485,175.597025,175.673625,175.787975,175.826725,176.58555,176.705325,176.918325,177.12945,177.2671,177.342925,177.466325,177.524325,177.600275,178.284125,178.334725,178.35455,178.41165,178.46085,178.63245,178.71,178.814275,178.99355,179.122725,179.2316,179.3319,180.113875,180.231375,180.378125,180.413875,180.4939,180.542325,180.65795,180.73495,180.8182,180.897825,180.985775,181.121475,181.30055,181.5312,181.770675,183.022725,183.05065,183.260875,183.44515,183.606225,0,0,0,0,0,0,0,0,0,0,0,0,0,0,0,0,0,0,0,0,0,0,0,0,0,0,0,0,0,0,0,0,0,0,0,0,0,0,0,0,0,0,0,0,0,0,0,0,0,0,0,0,0,0,0,0,0,0,0,0,0,0,0,0,0,0,0,0,0,0,0,0,0,0,0,0,0,0,0,0,0,0,0,0,0,0,0,0,0,0,0,0,0,0,0,0,0,0,0,0,0,0,0,0,0,0,0,0,0,0,0,0,0,0,0,0,0,0,0,0,0,0,0,0,0,0,0,0,0,0,0,0,0,0,0,0,0,0,0,0,0,0,0,0,0,0,0,0,0,0,0,0,0,0,0,0,0,0,0,0,0,0,0,0,0,0,0,0,0,0,0,0,0,0,0,0,0,0,0,0,0,0,0,0,0,0,0,0,0,0,0,0,0,0,0,0,0,0,0,0,0,0,0,0,0,0,0,0,0,0,0,0,0,0,0,0,0,0,0,0,0,0,0,0,0,0,0,0,0,0,0,0,0,0,0,0,0,0,0,0,0,0,0,0,0,0,0,0,0,0,0,0,0,0,0,0,0,0,0,0,0,0,0,0,0,0,0,0,0,0,0,0,0,0,0,0,0,0,0,0,0,0,0,0,0,0,0,0,0,0,0,0,0,0,0,0,0,0,0,0,0,0,0,0,0,0,0,0,0,0,0,0,0,0,0,0,0,0,0,0,0,0,0,0,0,0,0,0,0,0,0,0,0,0,0,0,0,0
"220",170.11315,170.971175,170.98405,171.031175,171.052325,171.08135,171.10845,171.158625,171.357225,171.977625,171.990575,172.007225,172.016575,172.034075,172.22795,173.1782,173.2222,173.72165,174.20975,174.581325,175.305025,175.436325,176.591675,176.62055,176.658525,176.753975,178.417825,178.49275,178.519475,180.3397,180.40015,180.427125,180.511775,183.27325,0,0,0,0,0,0,0,0,0,0,0,0,0,0,0,0,0,0,0,0,0,0,0,0,0,0,0,0,0,0,0,0,0,0,0,0,0,0,0,0,0,0,0,0,0,0,0,0,0,0,0,0,0,0,0,0,0,0,0,0,0,0,0,0,0,0,0,0,0,0,0,0,0,0,0,0,0,0,0,0,0,0,0,0,0,0,0,0,0,0,0,0,0,0,0,0,0,0,0,0,0,0,0,0,0,0,0,0,0,0,0,0,0,0,0,0,0,0,0,0,0,0,0,0,0,0,0,0,0,0,0,0,0,0,0,0,0,0,0,0,0,0,0,0,0,0,0,0,0,0,0,0,0,0,0,0,0,0,0,0,0,0,0,0,0,0,0,0,0,0,0,0,0,0,0,0,0,0,0,0,0,0,0,0,0,0,0,0,0,0,0,0,0,0,0,0,0,0,0,0,0,0,0,0,0,0,0,0,0,0,0,0,0,0,0,0,0,0,0,0,0,0,0,0,0,0,0,0,0,0,0,0,0,0,0,0,0,0,0,0,0,0,0,0,0,0,0,0,0,0,0,0,0,0,0,0,0,0,0,0,0,0,0,0,0,0,0,0,0,0,0,0,0,0,0,0,0,0,0,0,0,0,0,0,0,0,0,0,0,0,0,0,0,0,0,0,0,0,0,0,0,0,0,0,0,0,0,0,0,0,0,0,0,0,0,0,0,0,0,0,0,0,0,0,0,0,0,0,0,0,0,0,0,0,0,0,0,0,0,0,0,0,0,0,0,0,0,0,0,0,0,0,0,0,0,0,0,0,0,0,0,0,0,0,0,0,0,0,0,0,0,0,0,0,0,0,0,0,0,0,0,0,0,0,0,0,0,0
"221",171.261725,171.933075,172.15635,172.44545,172.627325,173.1797,174.532125,175.022575,175.16565,175.186525,175.391675,176.27235,176.549325,176.5608,177.0947,178.365275,178.522225,178.8391,178.938225,0,0,0,0,0,0,0,0,0,0,0,0,0,0,0,0,0,0,0,0,0,0,0,0,0,0,0,0,0,0,0,0,0,0,0,0,0,0,0,0,0,0,0,0,0,0,0,0,0,0,0,0,0,0,0,0,0,0,0,0,0,0,0,0,0,0,0,0,0,0,0,0,0,0,0,0,0,0,0,0,0,0,0,0,0,0,0,0,0,0,0,0,0,0,0,0,0,0,0,0,0,0,0,0,0,0,0,0,0,0,0,0,0,0,0,0,0,0,0,0,0,0,0,0,0,0,0,0,0,0,0,0,0,0,0,0,0,0,0,0,0,0,0,0,0,0,0,0,0,0,0,0,0,0,0,0,0,0,0,0,0,0,0,0,0,0,0,0,0,0,0,0,0,0,0,0,0,0,0,0,0,0,0,0,0,0,0,0,0,0,0,0,0,0,0,0,0,0,0,0,0,0,0,0,0,0,0,0,0,0,0,0,0,0,0,0,0,0,0,0,0,0,0,0,0,0,0,0,0,0,0,0,0,0,0,0,0,0,0,0,0,0,0,0,0,0,0,0,0,0,0,0,0,0,0,0,0,0,0,0,0,0,0,0,0,0,0,0,0,0,0,0,0,0,0,0,0,0,0,0,0,0,0,0,0,0,0,0,0,0,0,0,0,0,0,0,0,0,0,0,0,0,0,0,0,0,0,0,0,0,0,0,0,0,0,0,0,0,0,0,0,0,0,0,0,0,0,0,0,0,0,0,0,0,0,0,0,0,0,0,0,0,0,0,0,0,0,0,0,0,0,0,0,0,0,0,0,0,0,0,0,0,0,0,0,0,0,0,0,0,0,0,0,0,0,0,0,0,0,0,0,0,0,0,0,0,0,0,0,0,0,0,0,0,0,0,0,0,0,0,0,0,0
"222",160.034025,160.200725,160.34445,160.52815,160.9447,161.166125,161.24725,161.744225,162.085425,162.3108,162.545275,162.837325,163.2551,163.403875,163.5561,163.69495,163.869575,163.98895,164.101375,164.1654,164.3574,164.58095,164.722375,164.865025,164.9815,165.358625,165.523275,165.837275,166.1411,166.245575,166.61455,166.9178,166.985875,167.1492,167.54745,167.78145,167.99715,168.279025,168.418975,168.600025,168.8036,169.435,169.577575,169.626925,169.99435,170.97025,171.0803,171.148725,171.18745,171.208875,171.933675,172.0407,172.107525,172.1345,172.188425,172.207625,172.244375,172.275925,172.341225,172.3921,172.43555,172.50925,172.57375,172.636475,173.184725,173.21465,173.26685,173.322925,173.404475,173.454425,173.480375,173.537975,173.590525,173.7555,173.833325,173.96525,174.061625,174.743425,174.792025,175.289725,175.335025,175.37145,175.54555,175.60875,175.65485,175.776025,175.803225,175.82495,175.956425,176.5212,176.55655,176.62845,176.685325,176.709825,176.761125,176.7977,176.816375,176.84035,176.8771,176.901425,176.959175,176.9938,177.025825,177.24725,178.2896,178.317525,178.34745,178.3705,178.43055,178.44975,178.47105,178.490975,178.507075,178.54835,178.56395,178.58065,178.6062,178.643875,178.64785,178.687525,178.71215,178.73435,178.7648,178.826625,179.1339,180.112575,180.15225,180.227725,180.2789,180.3103,180.33125,180.351775,180.37185,180.4063,180.524475,180.62985,180.69595,180.725675,180.767175,180.844275,180.887825,181.04345,181.198775,181.245725,181.49895,182.5409,182.704075,182.766425,182.80125,182.850175,182.888275,182.944075,182.991175,183.03215,183.068475,183.119125,183.17195,183.188125,183.232875,183.3132,183.340825,183.3759,183.4248,183.465975,183.53515,183.613775,183.743125,183.8352,188.8315,192.074175,0,0,0,0,0,0,0,0,0,0,0,0,0,0,0,0,0,0,0,0,0,0,0,0,0,0,0,0,0,0,0,0,0,0,0,0,0,0,0,0,0,0,0,0,0,0,0,0,0,0,0,0,0,0,0,0,0,0,0,0,0,0,0,0,0,0,0,0,0,0,0,0,0,0,0,0,0,0,0,0,0,0,0,0,0,0,0,0,0,0,0,0,0,0,0,0,0,0,0,0,0,0,0,0,0,0,0,0,0,0,0,0,0,0,0,0,0,0,0,0,0,0,0,0,0,0,0,0,0,0,0,0,0,0,0,0,0,0,0,0,0,0,0,0,0,0,0,0,0,0,0,0,0,0,0,0,0,0,0,0,0,0,0,0,0,0,0,0,0,0,0,0,0,0,0,0,0,0,0,0,0,0,0,0,0,0,0,0,0,0,0,0,0,0,0,0,0,0,0,0,0,0,0,0,0,0,0,0,0,0,0,0,0,0,0,0,0,0,0,0,0,0,0,0,0,0,0,0,0,0,0,0,0,0,0,0,0,0,0,0,0,0,0,0,0,0,0,0,0,0,0,0
"223",171.120175,171.14915,171.1708,171.220525,171.2421,172.016025,172.064975,172.12935,172.16285,172.185825,172.19745,172.300375,172.31065,172.370625,172.431925,172.518325,172.588025,172.719325,173.19325,173.219025,173.25345,173.354925,173.3741,173.41705,173.603875,173.624125,173.7358,173.819525,173.908925,173.944575,173.970675,174.056425,174.19915,174.2343,174.5952,174.764,174.8299,175.086775,175.099875,175.148975,175.200325,175.233325,175.25545,175.2695,175.274025,175.29015,175.3345,175.357,175.37565,175.40965,175.50705,175.546875,175.583525,175.79535,175.829375,175.86855,175.941725,175.992475,176.029,176.60815,176.6771,176.702,177.3493,177.3821,177.40715,177.49235,177.553625,177.60845,177.672325,178.413925,178.885775,178.99935,179.021975,179.090825,179.116425,179.174175,179.2826,179.407375,180.344725,180.4048,180.4465,180.658575,180.72385,180.890925,181.19665,0,0,0,0,0,0,0,0,0,0,0,0,0,0,0,0,0,0,0,0,0,0,0,0,0,0,0,0,0,0,0,0,0,0,0,0,0,0,0,0,0,0,0,0,0,0,0,0,0,0,0,0,0,0,0,0,0,0,0,0,0,0,0,0,0,0,0,0,0,0,0,0,0,0,0,0,0,0,0,0,0,0,0,0,0,0,0,0,0,0,0,0,0,0,0,0,0,0,0,0,0,0,0,0,0,0,0,0,0,0,0,0,0,0,0,0,0,0,0,0,0,0,0,0,0,0,0,0,0,0,0,0,0,0,0,0,0,0,0,0,0,0,0,0,0,0,0,0,0,0,0,0,0,0,0,0,0,0,0,0,0,0,0,0,0,0,0,0,0,0,0,0,0,0,0,0,0,0,0,0,0,0,0,0,0,0,0,0,0,0,0,0,0,0,0,0,0,0,0,0,0,0,0,0,0,0,0,0,0,0,0,0,0,0,0,0,0,0,0,0,0,0,0,0,0,0,0,0,0,0,0,0,0,0,0,0,0,0,0,0,0,0,0,0,0,0,0,0,0,0,0,0,0,0,0,0,0,0,0,0,0,0,0,0,0,0,0,0,0,0,0,0,0,0,0,0,0,0,0,0,0,0,0,0,0,0,0,0,0,0,0,0,0,0,0,0,0,0,0,0,0,0,0,0,0,0,0,0,0,0,0,0,0,0,0,0,0,0,0,0,0,0,0,0,0,0,0,0,0,0,0,0,0,0,0,0,0
"224",170.974525,170.9997,171.0151,171.061325,171.0871,171.1053,171.3438,171.9349,171.96205,171.983075,172.00375,172.027525,172.270875,172.3371,172.382475,172.5456,172.60325,172.635125,172.678425,173.152375,173.31705,173.3323,173.442125,173.5642,173.575275,173.7017,173.927425,173.943,174.5566,174.66825,174.69195,174.757275,174.8339,175.015625,175.040325,175.106625,175.24375,175.4872,175.499725,175.555575,175.59755,175.612775,175.83335,176.549325,176.62345,176.7376,176.814,176.842275,177.046475,178.357025,178.3849,178.4741,178.495425,178.631575,178.657225,178.703975,178.723175,178.7605,180.4944,180.5269,180.573975,180.61215,180.706375,180.76755,180.80305,180.9339,180.970925,181.00225,181.138375,0,0,0,0,0,0,0,0,0,0,0,0,0,0,0,0,0,0,0,0,0,0,0,0,0,0,0,0,0,0,0,0,0,0,0,0,0,0,0,0,0,0,0,0,0,0,0,0,0,0,0,0,0,0,0,0,0,0,0,0,0,0,0,0,0,0,0,0,0,0,0,0,0,0,0,0,0,0,0,0,0,0,0,0,0,0,0,0,0,0,0,0,0,0,0,0,0,0,0,0,0,0,0,0,0,0,0,0,0,0,0,0,0,0,0,0,0,0,0,0,0,0,0,0,0,0,0,0,0,0,0,0,0,0,0,0,0,0,0,0,0,0,0,0,0,0,0,0,0,0,0,0,0,0,0,0,0,0,0,0,0,0,0,0,0,0,0,0,0,0,0,0,0,0,0,0,0,0,0,0,0,0,0,0,0,0,0,0,0,0,0,0,0,0,0,0,0,0,0,0,0,0,0,0,0,0,0,0,0,0,0,0,0,0,0,0,0,0,0,0,0,0,0,0,0,0,0,0,0,0,0,0,0,0,0,0,0,0,0,0,0,0,0,0,0,0,0,0,0,0,0,0,0,0,0,0,0,0,0,0,0,0,0,0,0,0,0,0,0,0,0,0,0,0,0,0,0,0,0,0,0,0,0,0,0,0,0,0,0,0,0,0,0,0,0,0,0,0,0,0,0,0,0,0,0,0,0,0,0,0,0,0,0,0,0,0,0,0,0,0,0,0,0,0,0,0,0,0,0,0,0,0,0,0,0,0,0,0,0,0,0,0,0,0,0,0,0,0,0,0,0,0,0
"225",169.85735,169.909,169.935875,169.97245,170.003225,170.01705,170.0362,170.052025,170.062975,170.081025,170.0991,170.1098,170.152075,170.166325,170.17675,170.189525,170.235025,170.25275,170.2738,170.2862,170.303825,170.32115,170.346175,170.367425,170.3812,170.3998,170.5616,171.407525,171.455425,171.4964,171.559525,171.6933,177.848525,177.896725,177.98235,178.047475,179.037375,179.322575,179.39385,179.458775,179.50985,179.550225,179.587325,179.60325,179.680925,179.765825,179.83825,181.017575,181.667175,181.760025,181.8489,181.907375,181.9902,182.009475,182.0418,182.075425,182.114925,182.1599,182.2092,182.2872,183.271025,183.50485,183.999075,184.123575,184.299825,0,0,0,0,0,0,0,0,0,0,0,0,0,0,0,0,0,0,0,0,0,0,0,0,0,0,0,0,0,0,0,0,0,0,0,0,0,0,0,0,0,0,0,0,0,0,0,0,0,0,0,0,0,0,0,0,0,0,0,0,0,0,0,0,0,0,0,0,0,0,0,0,0,0,0,0,0,0,0,0,0,0,0,0,0,0,0,0,0,0,0,0,0,0,0,0,0,0,0,0,0,0,0,0,0,0,0,0,0,0,0,0,0,0,0,0,0,0,0,0,0,0,0,0,0,0,0,0,0,0,0,0,0,0,0,0,0,0,0,0,0,0,0,0,0,0,0,0,0,0,0,0,0,0,0,0,0,0,0,0,0,0,0,0,0,0,0,0,0,0,0,0,0,0,0,0,0,0,0,0,0,0,0,0,0,0,0,0,0,0,0,0,0,0,0,0,0,0,0,0,0,0,0,0,0,0,0,0,0,0,0,0,0,0,0,0,0,0,0,0,0,0,0,0,0,0,0,0,0,0,0,0,0,0,0,0,0,0,0,0,0,0,0,0,0,0,0,0,0,0,0,0,0,0,0,0,0,0,0,0,0,0,0,0,0,0,0,0,0,0,0,0,0,0,0,0,0,0,0,0,0,0,0,0,0,0,0,0,0,0,0,0,0,0,0,0,0,0,0,0,0,0,0,0,0,0,0,0,0,0,0,0,0,0,0,0,0,0,0,0,0,0,0,0,0,0,0,0,0,0,0,0,0,0,0,0,0,0,0,0,0,0,0,0,0,0,0,0,0,0,0,0,0,0,0,0,0
"226",161.302675,161.5692,161.665725,161.89275,162.1621,162.6302,162.8373,163.599625,164.137425,164.300525,164.4561,164.823375,165.9249,166.58795,168.46405,168.745,169.230775,169.431225,169.55585,169.636475,169.875825,170.309875,170.4247,170.6255,171.142325,172.67135,174.168025,174.31285,175.255325,177.495925,177.546575,0,0,0,0,0,0,0,0,0,0,0,0,0,0,0,0,0,0,0,0,0,0,0,0,0,0,0,0,0,0,0,0,0,0,0,0,0,0,0,0,0,0,0,0,0,0,0,0,0,0,0,0,0,0,0,0,0,0,0,0,0,0,0,0,0,0,0,0,0,0,0,0,0,0,0,0,0,0,0,0,0,0,0,0,0,0,0,0,0,0,0,0,0,0,0,0,0,0,0,0,0,0,0,0,0,0,0,0,0,0,0,0,0,0,0,0,0,0,0,0,0,0,0,0,0,0,0,0,0,0,0,0,0,0,0,0,0,0,0,0,0,0,0,0,0,0,0,0,0,0,0,0,0,0,0,0,0,0,0,0,0,0,0,0,0,0,0,0,0,0,0,0,0,0,0,0,0,0,0,0,0,0,0,0,0,0,0,0,0,0,0,0,0,0,0,0,0,0,0,0,0,0,0,0,0,0,0,0,0,0,0,0,0,0,0,0,0,0,0,0,0,0,0,0,0,0,0,0,0,0,0,0,0,0,0,0,0,0,0,0,0,0,0,0,0,0,0,0,0,0,0,0,0,0,0,0,0,0,0,0,0,0,0,0,0,0,0,0,0,0,0,0,0,0,0,0,0,0,0,0,0,0,0,0,0,0,0,0,0,0,0,0,0,0,0,0,0,0,0,0,0,0,0,0,0,0,0,0,0,0,0,0,0,0,0,0,0,0,0,0,0,0,0,0,0,0,0,0,0,0,0,0,0,0,0,0,0,0,0,0,0,0,0,0,0,0,0,0,0,0,0,0,0,0,0,0,0,0,0,0,0,0,0,0,0,0,0,0,0,0,0,0,0,0,0,0,0,0,0,0,0,0,0,0,0,0,0,0,0,0,0
"227",171.09545,171.1328,171.857625,172.1953,172.231775,173.40405,173.493225,173.5268,173.6306,174.88015,174.971475,175.044575,175.139,175.218975,175.228575,176.32275,176.9518,177.0987,178.567775,178.615825,178.66465,178.84595,178.870875,0,0,0,0,0,0,0,0,0,0,0,0,0,0,0,0,0,0,0,0,0,0,0,0,0,0,0,0,0,0,0,0,0,0,0,0,0,0,0,0,0,0,0,0,0,0,0,0,0,0,0,0,0,0,0,0,0,0,0,0,0,0,0,0,0,0,0,0,0,0,0,0,0,0,0,0,0,0,0,0,0,0,0,0,0,0,0,0,0,0,0,0,0,0,0,0,0,0,0,0,0,0,0,0,0,0,0,0,0,0,0,0,0,0,0,0,0,0,0,0,0,0,0,0,0,0,0,0,0,0,0,0,0,0,0,0,0,0,0,0,0,0,0,0,0,0,0,0,0,0,0,0,0,0,0,0,0,0,0,0,0,0,0,0,0,0,0,0,0,0,0,0,0,0,0,0,0,0,0,0,0,0,0,0,0,0,0,0,0,0,0,0,0,0,0,0,0,0,0,0,0,0,0,0,0,0,0,0,0,0,0,0,0,0,0,0,0,0,0,0,0,0,0,0,0,0,0,0,0,0,0,0,0,0,0,0,0,0,0,0,0,0,0,0,0,0,0,0,0,0,0,0,0,0,0,0,0,0,0,0,0,0,0,0,0,0,0,0,0,0,0,0,0,0,0,0,0,0,0,0,0,0,0,0,0,0,0,0,0,0,0,0,0,0,0,0,0,0,0,0,0,0,0,0,0,0,0,0,0,0,0,0,0,0,0,0,0,0,0,0,0,0,0,0,0,0,0,0,0,0,0,0,0,0,0,0,0,0,0,0,0,0,0,0,0,0,0,0,0,0,0,0,0,0,0,0,0,0,0,0,0,0,0,0,0,0,0,0,0,0,0,0,0,0,0,0,0,0,0,0,0,0,0,0,0,0,0,0,0,0,0,0,0,0,0,0,0,0,0
"228",172.2606,172.391875,172.47065,172.606475,172.65305,172.69405,173.226275,173.372475,173.457225,173.483325,173.57275,173.693725,173.8213,173.847875,173.87905,173.9137,174.011175,174.09595,174.4755,174.631475,174.87255,174.969775,175.042875,175.39275,175.4265,175.468725,175.696375,175.737075,175.7676,175.96045,176.06665,176.77515,176.865675,176.934375,176.998975,177.0777,177.18345,177.460275,177.635475,177.725075,178.62205,178.73935,178.77495,178.839575,178.913975,178.950175,179.245575,179.36435,179.453025,181.145975,181.545025,181.767125,0,0,0,0,0,0,0,0,0,0,0,0,0,0,0,0,0,0,0,0,0,0,0,0,0,0,0,0,0,0,0,0,0,0,0,0,0,0,0,0,0,0,0,0,0,0,0,0,0,0,0,0,0,0,0,0,0,0,0,0,0,0,0,0,0,0,0,0,0,0,0,0,0,0,0,0,0,0,0,0,0,0,0,0,0,0,0,0,0,0,0,0,0,0,0,0,0,0,0,0,0,0,0,0,0,0,0,0,0,0,0,0,0,0,0,0,0,0,0,0,0,0,0,0,0,0,0,0,0,0,0,0,0,0,0,0,0,0,0,0,0,0,0,0,0,0,0,0,0,0,0,0,0,0,0,0,0,0,0,0,0,0,0,0,0,0,0,0,0,0,0,0,0,0,0,0,0,0,0,0,0,0,0,0,0,0,0,0,0,0,0,0,0,0,0,0,0,0,0,0,0,0,0,0,0,0,0,0,0,0,0,0,0,0,0,0,0,0,0,0,0,0,0,0,0,0,0,0,0,0,0,0,0,0,0,0,0,0,0,0,0,0,0,0,0,0,0,0,0,0,0,0,0,0,0,0,0,0,0,0,0,0,0,0,0,0,0,0,0,0,0,0,0,0,0,0,0,0,0,0,0,0,0,0,0,0,0,0,0,0,0,0,0,0,0,0,0,0,0,0,0,0,0,0,0,0,0,0,0,0,0,0,0,0,0,0,0,0,0,0,0,0,0,0,0,0,0,0,0,0,0,0,0,0,0,0,0,0,0,0,0,0,0,0,0,0,0,0,0,0,0,0,0,0,0,0,0,0,0,0,0,0,0,0,0,0,0,0,0,0
"229",172.377075,172.421575,172.489125,172.52185,172.595975,173.64265,173.7522,173.811075,173.8889,173.9826,177.081625,177.139975,177.1695,177.19875,0,0,0,0,0,0,0,0,0,0,0,0,0,0,0,0,0,0,0,0,0,0,0,0,0,0,0,0,0,0,0,0,0,0,0,0,0,0,0,0,0,0,0,0,0,0,0,0,0,0,0,0,0,0,0,0,0,0,0,0,0,0,0,0,0,0,0,0,0,0,0,0,0,0,0,0,0,0,0,0,0,0,0,0,0,0,0,0,0,0,0,0,0,0,0,0,0,0,0,0,0,0,0,0,0,0,0,0,0,0,0,0,0,0,0,0,0,0,0,0,0,0,0,0,0,0,0,0,0,0,0,0,0,0,0,0,0,0,0,0,0,0,0,0,0,0,0,0,0,0,0,0,0,0,0,0,0,0,0,0,0,0,0,0,0,0,0,0,0,0,0,0,0,0,0,0,0,0,0,0,0,0,0,0,0,0,0,0,0,0,0,0,0,0,0,0,0,0,0,0,0,0,0,0,0,0,0,0,0,0,0,0,0,0,0,0,0,0,0,0,0,0,0,0,0,0,0,0,0,0,0,0,0,0,0,0,0,0,0,0,0,0,0,0,0,0,0,0,0,0,0,0,0,0,0,0,0,0,0,0,0,0,0,0,0,0,0,0,0,0,0,0,0,0,0,0,0,0,0,0,0,0,0,0,0,0,0,0,0,0,0,0,0,0,0,0,0,0,0,0,0,0,0,0,0,0,0,0,0,0,0,0,0,0,0,0,0,0,0,0,0,0,0,0,0,0,0,0,0,0,0,0,0,0,0,0,0,0,0,0,0,0,0,0,0,0,0,0,0,0,0,0,0,0,0,0,0,0,0,0,0,0,0,0,0,0,0,0,0,0,0,0,0,0,0,0,0,0,0,0,0,0,0,0,0,0,0,0,0,0,0,0,0,0,0,0,0,0,0,0,0,0,0,0,0,0,0,0
"230",171.078975,171.1547,171.21605,172.0961,172.15845,172.201125,172.225425,172.2684,172.313275,172.3385,172.41165,172.5014,173.4943,173.544825,173.623275,176.8375,176.950075,177.04925,177.1026,178.719725,0,0,0,0,0,0,0,0,0,0,0,0,0,0,0,0,0,0,0,0,0,0,0,0,0,0,0,0,0,0,0,0,0,0,0,0,0,0,0,0,0,0,0,0,0,0,0,0,0,0,0,0,0,0,0,0,0,0,0,0,0,0,0,0,0,0,0,0,0,0,0,0,0,0,0,0,0,0,0,0,0,0,0,0,0,0,0,0,0,0,0,0,0,0,0,0,0,0,0,0,0,0,0,0,0,0,0,0,0,0,0,0,0,0,0,0,0,0,0,0,0,0,0,0,0,0,0,0,0,0,0,0,0,0,0,0,0,0,0,0,0,0,0,0,0,0,0,0,0,0,0,0,0,0,0,0,0,0,0,0,0,0,0,0,0,0,0,0,0,0,0,0,0,0,0,0,0,0,0,0,0,0,0,0,0,0,0,0,0,0,0,0,0,0,0,0,0,0,0,0,0,0,0,0,0,0,0,0,0,0,0,0,0,0,0,0,0,0,0,0,0,0,0,0,0,0,0,0,0,0,0,0,0,0,0,0,0,0,0,0,0,0,0,0,0,0,0,0,0,0,0,0,0,0,0,0,0,0,0,0,0,0,0,0,0,0,0,0,0,0,0,0,0,0,0,0,0,0,0,0,0,0,0,0,0,0,0,0,0,0,0,0,0,0,0,0,0,0,0,0,0,0,0,0,0,0,0,0,0,0,0,0,0,0,0,0,0,0,0,0,0,0,0,0,0,0,0,0,0,0,0,0,0,0,0,0,0,0,0,0,0,0,0,0,0,0,0,0,0,0,0,0,0,0,0,0,0,0,0,0,0,0,0,0,0,0,0,0,0,0,0,0,0,0,0,0,0,0,0,0,0,0,0,0,0,0,0,0,0,0,0,0,0,0,0,0,0,0,0,0,0,0
"231",160.926575,161.218075,161.73855,162.183725,163.675175,164.583,166.852,167.132625,167.286,168.45895,170.635525,170.9275,171.034375,171.170675,171.220425,171.24195,171.269675,171.3253,171.33505,171.428325,171.49685,171.557925,171.566475,171.57155,171.87885,171.912375,171.927975,171.976575,171.9982,172.015925,172.0292,172.032525,172.051525,172.135075,172.153675,172.1628,172.176475,172.185725,172.2043,172.2767,172.2872,172.30305,172.335775,172.362475,172.379875,172.38555,172.422,172.47785,172.49745,172.51395,172.52585,172.52805,172.5304,172.554225,172.5714,172.591825,172.6192,172.63155,172.6553,172.669925,172.675075,172.688575,172.699875,172.7278,172.742975,173.1055,173.142925,173.169725,173.19305,173.20265,173.21575,173.25255,173.279,173.29115,173.318875,173.340875,173.360475,173.374025,173.377325,173.39275,173.394225,173.409375,173.4191,173.4466,173.46545,173.47625,173.47975,173.510875,173.513175,173.53575,173.5419,173.56915,173.576425,173.58945,173.591525,173.599025,173.613525,173.61485,173.62055,173.648775,173.65605,173.6968,173.704175,173.71165,173.723125,173.733175,173.74035,173.742825,173.74945,173.754625,173.762625,173.7687,173.7757,173.7871,173.790725,173.805175,173.8089,173.819475,173.824425,173.842775,173.855575,173.8751,173.88465,173.9017,173.90815,173.935675,173.953,173.96235,173.964675,173.97385,173.981975,173.9893,173.991625,173.9983,173.99995,174.0098,174.0169,174.026375,174.0355,174.04795,174.056825,174.06425,174.06945,174.077775,174.0877,174.1172,174.1261,174.173825,174.195225,174.22115,174.245775,174.295075,174.31135,174.351325,174.3659,174.4251,174.489475,174.515675,174.539,174.555775,174.57515,174.59,174.621425,174.64075,174.6476,174.652175,174.664875,174.674475,174.686775,174.69795,174.70275,174.705725,174.7291,174.7369,174.7556,174.767275,174.7822,174.797375,174.8088,174.818225,174.830125,174.848775,174.858875,174.86175,174.8707,174.8733,174.8809,174.8823,174.89285,174.8962,174.902875,174.911225,174.921375,174.935525,174.9486,174.956925,174.97095,174.985525,175.0414,175.05185,175.064775,175.07565,175.08265,175.0926,175.11435,175.120025,175.1225,175.14015,175.1625,175.17685,175.192475,175.200225,175.209425,175.2205,175.24715,175.261,175.266825,175.268425,175.2695,175.282175,175.293,175.32485,175.336025,175.339775,175.346325,175.3604,175.396625,175.39935,175.40785,175.416525,175.433125,175.47115,175.492575,175.516425,175.518225,175.54965,175.558625,175.56945,175.59335,175.60485,175.613775,175.622,175.65195,175.65785,175.6675,175.67955,175.68805,175.701775,175.7099,175.7422,175.7463,175.752375,175.7634,175.773475,175.781175,175.7983,175.7997,175.80675,175.8234,175.83225,175.842975,175.8542,175.865225,175.872175,175.879975,175.907775,175.921225,175.928575,175.939125,175.945925,175.965875,175.9892,176.011925,176.02785,176.05395,176.07465,176.08135,176.54185,176.554,176.589675,176.641075,176.64635,176.753725,176.879325,176.89505,176.910225,176.930875,176.94725,176.948475,177.00195,177.024975,177.035675,177.065325,177.1941,177.2073,177.22445,177.2557,177.267725,177.280975,177.3011,177.32495,177.36615,177.3838,177.41975,177.43305,177.444975,177.4661,177.486425,177.4951,177.519475,177.530825,177.53915,177.549625,177.638275,177.6808,177.697025,177.782075,177.869825,178.352825,178.385425,178.396275,178.5174,178.542075,178.62765,178.747975,178.821325,178.8426,178.863225,178.897175,178.934525,178.93875,178.9486,178.9982,179.0387,179.070975,179.117725,179.139325,179.144275,179.158475,179.188075,179.212125,179.2426,179.28775,179.442625,179.6576,180.165825,180.2503,180.28415,180.315875,180.344575,180.34725,180.376075,180.416975,180.4471,180.488475,180.549925,180.56965,180.594325,180.609525,180.6292,180.6544,180.6583,180.684525,180.7202,180.723725,180.72975,180.7427,180.7902,180.801625,180.8192,180.839125,180.880475,180.8908,180.9027,180.920925,180.9369,180.948175,180.958825,180.977825,180.992725,181.016775,181.03345,181.04455,181.066525,181.096875,181.129875,181.17085,181.21045,181.241825,181.259375,181.28975,181.30765,181.33325,181.36795,181.38065,181.3977,181.416175,181.444325,181.461375,181.48555,181.5296,181.56715,181.67215,181.7751,181.836975,181.88785,182.00385,182.3789,182.381175,182.9493,183.100225,183.2065,183.29885,183.325325,183.783375,183.9051,183.9905,184.1228,184.4938,185.021175,189.60745,189.67265
"232",170.558475,170.9912,171.05585,171.278225,171.4869,171.581875,171.9091,172.4648,172.8065,172.927525,173.107175,173.382575,173.62125,173.734275,174.6571,174.795325,174.991925,175.341075,175.405625,176.564475,176.825325,176.968025,177.18605,177.24125,177.349475,178.79835,178.8598,178.89815,179.024175,179.111425,0,0,0,0,0,0,0,0,0,0,0,0,0,0,0,0,0,0,0,0,0,0,0,0,0,0,0,0,0,0,0,0,0,0,0,0,0,0,0,0,0,0,0,0,0,0,0,0,0,0,0,0,0,0,0,0,0,0,0,0,0,0,0,0,0,0,0,0,0,0,0,0,0,0,0,0,0,0,0,0,0,0,0,0,0,0,0,0,0,0,0,0,0,0,0,0,0,0,0,0,0,0,0,0,0,0,0,0,0,0,0,0,0,0,0,0,0,0,0,0,0,0,0,0,0,0,0,0,0,0,0,0,0,0,0,0,0,0,0,0,0,0,0,0,0,0,0,0,0,0,0,0,0,0,0,0,0,0,0,0,0,0,0,0,0,0,0,0,0,0,0,0,0,0,0,0,0,0,0,0,0,0,0,0,0,0,0,0,0,0,0,0,0,0,0,0,0,0,0,0,0,0,0,0,0,0,0,0,0,0,0,0,0,0,0,0,0,0,0,0,0,0,0,0,0,0,0,0,0,0,0,0,0,0,0,0,0,0,0,0,0,0,0,0,0,0,0,0,0,0,0,0,0,0,0,0,0,0,0,0,0,0,0,0,0,0,0,0,0,0,0,0,0,0,0,0,0,0,0,0,0,0,0,0,0,0,0,0,0,0,0,0,0,0,0,0,0,0,0,0,0,0,0,0,0,0,0,0,0,0,0,0,0,0,0,0,0,0,0,0,0,0,0,0,0,0,0,0,0,0,0,0,0,0,0,0,0,0,0,0,0,0,0,0,0,0,0,0,0,0,0,0,0,0,0,0,0,0,0,0,0,0,0,0,0,0,0,0,0,0,0,0,0,0,0,0,0,0,0,0,0,0,0,0,0,0,0,0,0,0,0,0
"233",173.62805,173.711125,173.7446,173.986375,174.031825,174.1024,174.222225,174.911075,175.029475,175.0745,175.1559,175.235925,175.283325,175.33015,175.40005,175.457525,175.479175,175.87485,175.924825,175.97175,175.996025,176.01725,177.25815,177.388,177.4735,177.62445,178.911525,178.93855,178.9708,179.012925,179.0327,179.063,179.110125,179.1296,0,0,0,0,0,0,0,0,0,0,0,0,0,0,0,0,0,0,0,0,0,0,0,0,0,0,0,0,0,0,0,0,0,0,0,0,0,0,0,0,0,0,0,0,0,0,0,0,0,0,0,0,0,0,0,0,0,0,0,0,0,0,0,0,0,0,0,0,0,0,0,0,0,0,0,0,0,0,0,0,0,0,0,0,0,0,0,0,0,0,0,0,0,0,0,0,0,0,0,0,0,0,0,0,0,0,0,0,0,0,0,0,0,0,0,0,0,0,0,0,0,0,0,0,0,0,0,0,0,0,0,0,0,0,0,0,0,0,0,0,0,0,0,0,0,0,0,0,0,0,0,0,0,0,0,0,0,0,0,0,0,0,0,0,0,0,0,0,0,0,0,0,0,0,0,0,0,0,0,0,0,0,0,0,0,0,0,0,0,0,0,0,0,0,0,0,0,0,0,0,0,0,0,0,0,0,0,0,0,0,0,0,0,0,0,0,0,0,0,0,0,0,0,0,0,0,0,0,0,0,0,0,0,0,0,0,0,0,0,0,0,0,0,0,0,0,0,0,0,0,0,0,0,0,0,0,0,0,0,0,0,0,0,0,0,0,0,0,0,0,0,0,0,0,0,0,0,0,0,0,0,0,0,0,0,0,0,0,0,0,0,0,0,0,0,0,0,0,0,0,0,0,0,0,0,0,0,0,0,0,0,0,0,0,0,0,0,0,0,0,0,0,0,0,0,0,0,0,0,0,0,0,0,0,0,0,0,0,0,0,0,0,0,0,0,0,0,0,0,0,0,0,0,0,0,0,0,0,0,0,0,0,0,0,0,0,0,0,0,0,0,0,0,0,0,0,0,0,0,0,0,0,0,0,0,0,0,0
"234",172.4082,173.554675,173.852475,173.9197,174.141825,174.6056,174.995175,175.017575,175.303575,175.386,175.528825,175.972525,176.1252,176.671275,176.72305,177.163025,177.614975,178.916825,180.5116,0,0,0,0,0,0,0,0,0,0,0,0,0,0,0,0,0,0,0,0,0,0,0,0,0,0,0,0,0,0,0,0,0,0,0,0,0,0,0,0,0,0,0,0,0,0,0,0,0,0,0,0,0,0,0,0,0,0,0,0,0,0,0,0,0,0,0,0,0,0,0,0,0,0,0,0,0,0,0,0,0,0,0,0,0,0,0,0,0,0,0,0,0,0,0,0,0,0,0,0,0,0,0,0,0,0,0,0,0,0,0,0,0,0,0,0,0,0,0,0,0,0,0,0,0,0,0,0,0,0,0,0,0,0,0,0,0,0,0,0,0,0,0,0,0,0,0,0,0,0,0,0,0,0,0,0,0,0,0,0,0,0,0,0,0,0,0,0,0,0,0,0,0,0,0,0,0,0,0,0,0,0,0,0,0,0,0,0,0,0,0,0,0,0,0,0,0,0,0,0,0,0,0,0,0,0,0,0,0,0,0,0,0,0,0,0,0,0,0,0,0,0,0,0,0,0,0,0,0,0,0,0,0,0,0,0,0,0,0,0,0,0,0,0,0,0,0,0,0,0,0,0,0,0,0,0,0,0,0,0,0,0,0,0,0,0,0,0,0,0,0,0,0,0,0,0,0,0,0,0,0,0,0,0,0,0,0,0,0,0,0,0,0,0,0,0,0,0,0,0,0,0,0,0,0,0,0,0,0,0,0,0,0,0,0,0,0,0,0,0,0,0,0,0,0,0,0,0,0,0,0,0,0,0,0,0,0,0,0,0,0,0,0,0,0,0,0,0,0,0,0,0,0,0,0,0,0,0,0,0,0,0,0,0,0,0,0,0,0,0,0,0,0,0,0,0,0,0,0,0,0,0,0,0,0,0,0,0,0,0,0,0,0,0,0,0,0,0,0,0,0,0,0
"235",169.886325,169.990875,170.01755,170.04915,170.0714,170.104625,170.1251,170.16075,170.18,170.201,170.210725,170.257875,170.28775,170.3039,170.327125,170.35035,170.38095,170.4006,170.416225,170.42815,170.453825,170.4641,170.487075,170.50115,170.531025,170.544075,170.562725,170.583425,170.60175,170.6207,170.639875,170.658175,170.6758,170.688475,170.699825,170.727,170.762825,170.78645,170.8111,170.849275,171.0317,171.18055,171.32055,171.38395,171.442075,171.47625,171.5011,171.571675,171.59505,171.60985,171.6177,171.625975,171.6469,171.663625,171.68935,171.698475,171.722175,171.731975,171.745375,171.7686,171.782875,171.7948,171.824525,171.846525,171.8999,172.110425,172.23525,172.571975,172.613525,172.6411,172.69065,172.7163,172.727125,172.74405,172.770775,172.78355,172.81465,172.82985,172.844525,172.854975,172.870725,172.884875,172.89355,172.91575,172.9273,172.9421,172.952,172.96295,172.9836,172.9923,173.0045,173.0101,173.026575,173.038475,173.05365,173.0764,173.09735,173.13265,173.38695,173.9235,174.018275,174.0738,174.11975,174.14695,174.17165,174.191825,174.221375,174.2443,174.26825,174.2872,174.2985,174.31285,174.32205,174.33785,174.348725,174.36015,174.368475,174.398175,174.4059,174.416825,174.43445,174.44605,174.458725,174.4726,174.487025,174.513775,174.541625,174.5635,174.58265,174.643025,174.667125,174.7478,174.988475,175.1589,175.5088,175.529425,175.545525,175.620175,175.639625,175.678075,175.7471,175.79895,175.844025,175.91525,175.955925,175.98915,176.057525,176.068625,176.087025,176.10515,176.1198,176.13815,176.15095,176.16165,176.18125,176.2004,176.208275,176.2183,176.22595,176.241525,176.2529,176.27135,176.282625,176.3038,176.315275,176.32275,176.338425,176.3504,176.360175,176.36895,176.3805,176.38715,176.39785,176.406675,176.421,176.432,176.4501,176.47765,176.52585,176.57985,176.79315,177.3177,177.5086,177.566525,177.619375,177.65545,177.6779,177.6942,177.728175,177.750625,177.7666,177.78455,177.8097,177.83435,177.855725,177.88205,177.9064,177.920275,177.93315,177.95335,177.967175,177.991075,178.004175,178.015425,178.028175,178.0479,178.0579,178.08115,178.0917,178.1117,178.13015,178.144975,178.157975,178.175875,178.19005,178.2096,178.234125,178.2627,179.341925,179.37565,179.414375,179.445725,179.482025,179.499875,179.55465,179.570275,179.59765,179.615375,179.63375,179.6472,179.667725,179.687175,179.707725,179.7289,179.74055,179.748875,179.760725,179.779725,179.7913,179.80785,179.8161,179.838975,179.85425,179.8638,179.876825,179.89695,179.90785,179.914325,179.923725,179.935225,179.9655,179.97675,179.997925,180.019575,180.046625,180.069875,180.099975,181.000225,181.100675,181.168925,181.220075,181.2845,181.328425,181.4014,181.439475,181.488725,181.524625,181.56085,181.59445,181.658325,181.7119,181.75635,181.792875,181.8274,181.856125,181.88725,181.931325,181.99085,182.02865,182.0924,182.130175,182.199775,182.365,182.434725,182.50415,182.612875,0,0,0,0,0,0,0,0,0,0,0,0,0,0,0,0,0,0,0,0,0,0,0,0,0,0,0,0,0,0,0,0,0,0,0,0,0,0,0,0,0,0,0,0,0,0,0,0,0,0,0,0,0,0,0,0,0,0,0,0,0,0,0,0,0,0,0,0,0,0,0,0,0,0,0,0,0,0,0,0,0,0,0,0,0,0,0,0,0,0,0,0,0,0,0,0,0,0,0,0,0,0,0,0,0,0,0,0,0,0,0,0,0,0,0,0,0,0,0,0,0,0,0,0,0,0,0,0,0,0,0,0,0,0,0,0
"236",172.018875,172.5473,173.20135,173.2308,173.250325,173.2901,173.37545,173.439075,173.7405,173.7778,173.852375,173.880925,173.968725,174.0324,174.06975,174.615875,174.7194,174.7603,174.78735,174.802125,174.852725,174.874425,174.902925,174.960625,175.113175,175.28715,175.3288,175.38,175.48185,175.541875,175.561075,175.607825,175.721225,175.734225,175.761375,175.78455,175.8202,175.837725,175.8878,175.9261,176.668675,176.73355,176.893975,177.032875,177.165475,177.2834,177.34255,177.42395,177.4883,177.563175,177.591375,178.28665,178.605225,178.65255,178.740925,178.853325,178.903175,179.13985,180.2501,180.275675,180.322625,180.358875,180.4532,180.48905,180.5318,180.57035,180.598325,180.63475,180.68235,180.705,180.732375,180.7545,180.798975,180.839175,180.919625,180.992775,181.068875,181.10285,181.1686,181.241275,181.3034,181.413525,182.93655,183.006675,183.073875,183.0994,183.154125,183.20455,183.267875,183.31685,183.361,183.443875,183.5916,0,0,0,0,0,0,0,0,0,0,0,0,0,0,0,0,0,0,0,0,0,0,0,0,0,0,0,0,0,0,0,0,0,0,0,0,0,0,0,0,0,0,0,0,0,0,0,0,0,0,0,0,0,0,0,0,0,0,0,0,0,0,0,0,0,0,0,0,0,0,0,0,0,0,0,0,0,0,0,0,0,0,0,0,0,0,0,0,0,0,0,0,0,0,0,0,0,0,0,0,0,0,0,0,0,0,0,0,0,0,0,0,0,0,0,0,0,0,0,0,0,0,0,0,0,0,0,0,0,0,0,0,0,0,0,0,0,0,0,0,0,0,0,0,0,0,0,0,0,0,0,0,0,0,0,0,0,0,0,0,0,0,0,0,0,0,0,0,0,0,0,0,0,0,0,0,0,0,0,0,0,0,0,0,0,0,0,0,0,0,0,0,0,0,0,0,0,0,0,0,0,0,0,0,0,0,0,0,0,0,0,0,0,0,0,0,0,0,0,0,0,0,0,0,0,0,0,0,0,0,0,0,0,0,0,0,0,0,0,0,0,0,0,0,0,0,0,0,0,0,0,0,0,0,0,0,0,0,0,0,0,0,0,0,0,0,0,0,0,0,0,0,0,0,0,0,0,0,0,0,0,0,0,0,0,0,0,0,0,0,0,0,0,0,0,0,0,0,0,0,0,0,0,0,0,0,0,0,0,0,0,0,0,0,0,0,0,0,0,0,0,0,0,0,0,0,0,0,0
"237",169.736575,169.818975,170.373925,170.52755,170.598525,170.8392,171.492575,171.6089,171.631975,171.69885,171.78865,171.955025,172.8797,173.05115,175.469125,176.308225,176.51515,176.583975,177.80375,178.101025,178.25755,179.243975,179.805975,179.841525,181.6885,181.7743,181.8391,181.9713,182.2723,182.3573,182.49435,184.393675,185.005475,188.147,188.661725,192.45775,192.69065,193.10135,193.95265,196.370425,196.66685,197.051475,197.324125,0,0,0,0,0,0,0,0,0,0,0,0,0,0,0,0,0,0,0,0,0,0,0,0,0,0,0,0,0,0,0,0,0,0,0,0,0,0,0,0,0,0,0,0,0,0,0,0,0,0,0,0,0,0,0,0,0,0,0,0,0,0,0,0,0,0,0,0,0,0,0,0,0,0,0,0,0,0,0,0,0,0,0,0,0,0,0,0,0,0,0,0,0,0,0,0,0,0,0,0,0,0,0,0,0,0,0,0,0,0,0,0,0,0,0,0,0,0,0,0,0,0,0,0,0,0,0,0,0,0,0,0,0,0,0,0,0,0,0,0,0,0,0,0,0,0,0,0,0,0,0,0,0,0,0,0,0,0,0,0,0,0,0,0,0,0,0,0,0,0,0,0,0,0,0,0,0,0,0,0,0,0,0,0,0,0,0,0,0,0,0,0,0,0,0,0,0,0,0,0,0,0,0,0,0,0,0,0,0,0,0,0,0,0,0,0,0,0,0,0,0,0,0,0,0,0,0,0,0,0,0,0,0,0,0,0,0,0,0,0,0,0,0,0,0,0,0,0,0,0,0,0,0,0,0,0,0,0,0,0,0,0,0,0,0,0,0,0,0,0,0,0,0,0,0,0,0,0,0,0,0,0,0,0,0,0,0,0,0,0,0,0,0,0,0,0,0,0,0,0,0,0,0,0,0,0,0,0,0,0,0,0,0,0,0,0,0,0,0,0,0,0,0,0,0,0,0,0,0,0,0,0,0,0,0,0,0,0,0,0,0,0,0,0,0,0,0,0,0,0,0,0,0,0,0,0,0,0,0,0,0,0,0,0,0,0,0,0,0,0,0,0,0,0,0,0,0,0,0
"238",171.0288,171.0352,171.045825,171.08515,171.110725,171.13665,171.188,171.275825,171.356,171.9988,172.01085,172.021975,172.032875,172.0611,172.121225,172.14505,172.168475,172.2126,172.22535,172.2722,172.2973,172.3453,172.3895,172.4389,172.526075,172.6649,173.17975,173.2353,173.251925,173.273725,173.291975,173.31315,173.33375,173.364075,173.38065,173.3968,173.4338,173.47135,173.4809,173.5083,173.5681,173.6088,173.6809,173.700125,173.733225,173.749975,173.7667,173.785175,173.798325,173.818775,173.839725,173.8591,173.877,173.895775,173.953575,174.041975,174.043475,174.085,174.115075,174.162075,174.265925,174.545825,174.55905,174.6046,174.638575,174.669325,174.687475,174.70865,174.726225,174.750375,174.794225,174.822825,174.8712,174.890875,174.908975,174.9771,175.0155,175.045275,175.133375,175.161225,175.171875,175.2474,175.303525,175.359425,175.43545,175.441125,175.4772,175.498475,175.577675,175.596275,175.634225,175.65535,175.679725,175.69995,175.728625,175.749775,175.850525,175.898125,176.552525,176.59315,176.61355,176.6363,176.659975,176.702075,176.722925,176.766425,176.833,176.848475,176.868675,176.901225,176.927825,176.9737,177.028725,177.05105,177.1716,177.191825,177.25815,177.26255,177.302675,177.31185,177.35055,177.387375,177.432525,177.47865,177.5594,177.60665,178.3071,178.343825,178.379675,178.403325,178.439125,178.458375,178.47715,178.500775,178.606575,178.6399,178.672175,178.693975,178.7344,178.84315,178.878925,178.9194,178.9348,178.9615,179.031075,179.130925,179.23945,179.5973,180.396125,180.413975,180.456525,180.528,180.563075,180.606325,180.62555,180.696625,180.730775,180.751,180.79675,180.819875,180.86605,180.898625,181.001725,181.0408,181.080225,181.138325,181.17025,181.213875,181.25435,0,0,0,0,0,0,0,0,0,0,0,0,0,0,0,0,0,0,0,0,0,0,0,0,0,0,0,0,0,0,0,0,0,0,0,0,0,0,0,0,0,0,0,0,0,0,0,0,0,0,0,0,0,0,0,0,0,0,0,0,0,0,0,0,0,0,0,0,0,0,0,0,0,0,0,0,0,0,0,0,0,0,0,0,0,0,0,0,0,0,0,0,0,0,0,0,0,0,0,0,0,0,0,0,0,0,0,0,0,0,0,0,0,0,0,0,0,0,0,0,0,0,0,0,0,0,0,0,0,0,0,0,0,0,0,0,0,0,0,0,0,0,0,0,0,0,0,0,0,0,0,0,0,0,0,0,0,0,0,0,0,0,0,0,0,0,0,0,0,0,0,0,0,0,0,0,0,0,0,0,0,0,0,0,0,0,0,0,0,0,0,0,0,0,0,0,0,0,0,0,0,0,0,0,0,0,0,0,0,0,0,0,0,0,0,0,0,0,0,0,0,0,0,0,0,0,0,0,0,0,0,0,0,0,0,0,0,0,0,0,0,0,0,0,0,0,0,0,0,0,0,0,0
"239",173.70555,175.11825,175.1517,175.2145,175.24,175.261575,175.28995,177.29185,177.355575,178.568575,179.006,179.0617,0,0,0,0,0,0,0,0,0,0,0,0,0,0,0,0,0,0,0,0,0,0,0,0,0,0,0,0,0,0,0,0,0,0,0,0,0,0,0,0,0,0,0,0,0,0,0,0,0,0,0,0,0,0,0,0,0,0,0,0,0,0,0,0,0,0,0,0,0,0,0,0,0,0,0,0,0,0,0,0,0,0,0,0,0,0,0,0,0,0,0,0,0,0,0,0,0,0,0,0,0,0,0,0,0,0,0,0,0,0,0,0,0,0,0,0,0,0,0,0,0,0,0,0,0,0,0,0,0,0,0,0,0,0,0,0,0,0,0,0,0,0,0,0,0,0,0,0,0,0,0,0,0,0,0,0,0,0,0,0,0,0,0,0,0,0,0,0,0,0,0,0,0,0,0,0,0,0,0,0,0,0,0,0,0,0,0,0,0,0,0,0,0,0,0,0,0,0,0,0,0,0,0,0,0,0,0,0,0,0,0,0,0,0,0,0,0,0,0,0,0,0,0,0,0,0,0,0,0,0,0,0,0,0,0,0,0,0,0,0,0,0,0,0,0,0,0,0,0,0,0,0,0,0,0,0,0,0,0,0,0,0,0,0,0,0,0,0,0,0,0,0,0,0,0,0,0,0,0,0,0,0,0,0,0,0,0,0,0,0,0,0,0,0,0,0,0,0,0,0,0,0,0,0,0,0,0,0,0,0,0,0,0,0,0,0,0,0,0,0,0,0,0,0,0,0,0,0,0,0,0,0,0,0,0,0,0,0,0,0,0,0,0,0,0,0,0,0,0,0,0,0,0,0,0,0,0,0,0,0,0,0,0,0,0,0,0,0,0,0,0,0,0,0,0,0,0,0,0,0,0,0,0,0,0,0,0,0,0,0,0,0,0,0,0,0,0,0,0,0,0,0,0,0,0,0,0,0,0,0
"240",170.9293,170.967575,170.995975,171.0075,171.1646,171.93485,171.9521,172.0827,172.1931,173.154025,173.188875,173.211225,174.512675,176.8123,180.272525,180.34725,180.4984,183.1255,183.240875,183.28005,183.351625,0,0,0,0,0,0,0,0,0,0,0,0,0,0,0,0,0,0,0,0,0,0,0,0,0,0,0,0,0,0,0,0,0,0,0,0,0,0,0,0,0,0,0,0,0,0,0,0,0,0,0,0,0,0,0,0,0,0,0,0,0,0,0,0,0,0,0,0,0,0,0,0,0,0,0,0,0,0,0,0,0,0,0,0,0,0,0,0,0,0,0,0,0,0,0,0,0,0,0,0,0,0,0,0,0,0,0,0,0,0,0,0,0,0,0,0,0,0,0,0,0,0,0,0,0,0,0,0,0,0,0,0,0,0,0,0,0,0,0,0,0,0,0,0,0,0,0,0,0,0,0,0,0,0,0,0,0,0,0,0,0,0,0,0,0,0,0,0,0,0,0,0,0,0,0,0,0,0,0,0,0,0,0,0,0,0,0,0,0,0,0,0,0,0,0,0,0,0,0,0,0,0,0,0,0,0,0,0,0,0,0,0,0,0,0,0,0,0,0,0,0,0,0,0,0,0,0,0,0,0,0,0,0,0,0,0,0,0,0,0,0,0,0,0,0,0,0,0,0,0,0,0,0,0,0,0,0,0,0,0,0,0,0,0,0,0,0,0,0,0,0,0,0,0,0,0,0,0,0,0,0,0,0,0,0,0,0,0,0,0,0,0,0,0,0,0,0,0,0,0,0,0,0,0,0,0,0,0,0,0,0,0,0,0,0,0,0,0,0,0,0,0,0,0,0,0,0,0,0,0,0,0,0,0,0,0,0,0,0,0,0,0,0,0,0,0,0,0,0,0,0,0,0,0,0,0,0,0,0,0,0,0,0,0,0,0,0,0,0,0,0,0,0,0,0,0,0,0,0,0,0,0,0,0,0,0,0,0,0,0,0,0,0,0,0,0,0,0,0,0,0
"241",170.068475,170.184325,170.33175,170.373025,170.546875,170.605325,170.691175,171.4363,171.5116,171.53055,171.555925,171.583725,171.639925,171.72575,172.84825,172.960475,176.21065,176.245,176.3079,176.377075,177.7297,177.83265,177.861375,177.893225,177.932325,177.97385,178.051575,178.117275,179.202825,179.281625,179.370925,179.531125,179.569125,179.6013,179.66955,179.698875,179.759525,179.8378,181.215725,181.343025,181.499525,181.537075,181.6032,181.6617,181.695925,181.7812,181.82305,181.85765,181.89055,181.927525,181.972975,181.9934,182.027925,182.06485,182.0931,182.147525,182.188775,182.264175,182.315675,182.3667,183.961725,184.088725,184.2388,184.36165,0,0,0,0,0,0,0,0,0,0,0,0,0,0,0,0,0,0,0,0,0,0,0,0,0,0,0,0,0,0,0,0,0,0,0,0,0,0,0,0,0,0,0,0,0,0,0,0,0,0,0,0,0,0,0,0,0,0,0,0,0,0,0,0,0,0,0,0,0,0,0,0,0,0,0,0,0,0,0,0,0,0,0,0,0,0,0,0,0,0,0,0,0,0,0,0,0,0,0,0,0,0,0,0,0,0,0,0,0,0,0,0,0,0,0,0,0,0,0,0,0,0,0,0,0,0,0,0,0,0,0,0,0,0,0,0,0,0,0,0,0,0,0,0,0,0,0,0,0,0,0,0,0,0,0,0,0,0,0,0,0,0,0,0,0,0,0,0,0,0,0,0,0,0,0,0,0,0,0,0,0,0,0,0,0,0,0,0,0,0,0,0,0,0,0,0,0,0,0,0,0,0,0,0,0,0,0,0,0,0,0,0,0,0,0,0,0,0,0,0,0,0,0,0,0,0,0,0,0,0,0,0,0,0,0,0,0,0,0,0,0,0,0,0,0,0,0,0,0,0,0,0,0,0,0,0,0,0,0,0,0,0,0,0,0,0,0,0,0,0,0,0,0,0,0,0,0,0,0,0,0,0,0,0,0,0,0,0,0,0,0,0,0,0,0,0,0,0,0,0,0,0,0,0,0,0,0,0,0,0,0,0,0,0,0,0,0,0,0,0,0,0,0,0,0,0,0,0,0,0,0,0,0,0,0,0,0,0,0,0,0,0,0,0,0,0,0,0,0,0,0,0,0,0,0,0,0,0
"242",169.541775,170.889775,170.94905,170.9717,171.146075,171.882425,171.956325,172.06955,173.142825,173.64875,173.711825,173.929175,175.724625,176.807325,178.746275,179.4179,180.168925,181.011025,181.12175,181.84615,182.263,182.901525,183.026425,183.113675,0,0,0,0,0,0,0,0,0,0,0,0,0,0,0,0,0,0,0,0,0,0,0,0,0,0,0,0,0,0,0,0,0,0,0,0,0,0,0,0,0,0,0,0,0,0,0,0,0,0,0,0,0,0,0,0,0,0,0,0,0,0,0,0,0,0,0,0,0,0,0,0,0,0,0,0,0,0,0,0,0,0,0,0,0,0,0,0,0,0,0,0,0,0,0,0,0,0,0,0,0,0,0,0,0,0,0,0,0,0,0,0,0,0,0,0,0,0,0,0,0,0,0,0,0,0,0,0,0,0,0,0,0,0,0,0,0,0,0,0,0,0,0,0,0,0,0,0,0,0,0,0,0,0,0,0,0,0,0,0,0,0,0,0,0,0,0,0,0,0,0,0,0,0,0,0,0,0,0,0,0,0,0,0,0,0,0,0,0,0,0,0,0,0,0,0,0,0,0,0,0,0,0,0,0,0,0,0,0,0,0,0,0,0,0,0,0,0,0,0,0,0,0,0,0,0,0,0,0,0,0,0,0,0,0,0,0,0,0,0,0,0,0,0,0,0,0,0,0,0,0,0,0,0,0,0,0,0,0,0,0,0,0,0,0,0,0,0,0,0,0,0,0,0,0,0,0,0,0,0,0,0,0,0,0,0,0,0,0,0,0,0,0,0,0,0,0,0,0,0,0,0,0,0,0,0,0,0,0,0,0,0,0,0,0,0,0,0,0,0,0,0,0,0,0,0,0,0,0,0,0,0,0,0,0,0,0,0,0,0,0,0,0,0,0,0,0,0,0,0,0,0,0,0,0,0,0,0,0,0,0,0,0,0,0,0,0,0,0,0,0,0,0,0,0,0,0,0,0,0,0,0,0,0,0,0,0,0,0,0,0,0,0,0,0,0,0,0
"243",172.33015,172.356575,172.386825,172.41125,172.4257,172.450775,172.47525,172.496475,172.51535,172.54015,172.5666,172.5905,172.624375,172.655875,173.523175,173.588625,173.6272,173.656175,173.691375,173.70835,173.745925,173.773475,173.80595,173.826075,173.863125,173.8935,173.940625,173.973075,174.039475,174.073375,174.106375,175.794375,175.901225,177.006125,177.072525,177.094475,177.13925,177.18555,0,0,0,0,0,0,0,0,0,0,0,0,0,0,0,0,0,0,0,0,0,0,0,0,0,0,0,0,0,0,0,0,0,0,0,0,0,0,0,0,0,0,0,0,0,0,0,0,0,0,0,0,0,0,0,0,0,0,0,0,0,0,0,0,0,0,0,0,0,0,0,0,0,0,0,0,0,0,0,0,0,0,0,0,0,0,0,0,0,0,0,0,0,0,0,0,0,0,0,0,0,0,0,0,0,0,0,0,0,0,0,0,0,0,0,0,0,0,0,0,0,0,0,0,0,0,0,0,0,0,0,0,0,0,0,0,0,0,0,0,0,0,0,0,0,0,0,0,0,0,0,0,0,0,0,0,0,0,0,0,0,0,0,0,0,0,0,0,0,0,0,0,0,0,0,0,0,0,0,0,0,0,0,0,0,0,0,0,0,0,0,0,0,0,0,0,0,0,0,0,0,0,0,0,0,0,0,0,0,0,0,0,0,0,0,0,0,0,0,0,0,0,0,0,0,0,0,0,0,0,0,0,0,0,0,0,0,0,0,0,0,0,0,0,0,0,0,0,0,0,0,0,0,0,0,0,0,0,0,0,0,0,0,0,0,0,0,0,0,0,0,0,0,0,0,0,0,0,0,0,0,0,0,0,0,0,0,0,0,0,0,0,0,0,0,0,0,0,0,0,0,0,0,0,0,0,0,0,0,0,0,0,0,0,0,0,0,0,0,0,0,0,0,0,0,0,0,0,0,0,0,0,0,0,0,0,0,0,0,0,0,0,0,0,0,0,0,0,0,0,0,0,0,0,0,0,0,0,0,0,0,0,0,0,0,0,0,0,0,0,0,0,0,0,0,0,0,0,0,0,0,0,0,0
"244",169.571075,170.3643,170.439575,170.5418,170.5588,170.614175,170.634725,170.656575,170.70665,170.89065,170.931425,171.510575,171.673275,171.797675,171.8535,171.90565,172.04005,172.160025,172.172825,172.301925,172.45015,173.135575,173.436225,173.47465,174.591275,176.267725,176.47925,177.15435,177.94625,178.07525,178.1801,178.257475,178.35525,178.5376,178.86,179.737625,180.063375,180.13725,0,0,0,0,0,0,0,0,0,0,0,0,0,0,0,0,0,0,0,0,0,0,0,0,0,0,0,0,0,0,0,0,0,0,0,0,0,0,0,0,0,0,0,0,0,0,0,0,0,0,0,0,0,0,0,0,0,0,0,0,0,0,0,0,0,0,0,0,0,0,0,0,0,0,0,0,0,0,0,0,0,0,0,0,0,0,0,0,0,0,0,0,0,0,0,0,0,0,0,0,0,0,0,0,0,0,0,0,0,0,0,0,0,0,0,0,0,0,0,0,0,0,0,0,0,0,0,0,0,0,0,0,0,0,0,0,0,0,0,0,0,0,0,0,0,0,0,0,0,0,0,0,0,0,0,0,0,0,0,0,0,0,0,0,0,0,0,0,0,0,0,0,0,0,0,0,0,0,0,0,0,0,0,0,0,0,0,0,0,0,0,0,0,0,0,0,0,0,0,0,0,0,0,0,0,0,0,0,0,0,0,0,0,0,0,0,0,0,0,0,0,0,0,0,0,0,0,0,0,0,0,0,0,0,0,0,0,0,0,0,0,0,0,0,0,0,0,0,0,0,0,0,0,0,0,0,0,0,0,0,0,0,0,0,0,0,0,0,0,0,0,0,0,0,0,0,0,0,0,0,0,0,0,0,0,0,0,0,0,0,0,0,0,0,0,0,0,0,0,0,0,0,0,0,0,0,0,0,0,0,0,0,0,0,0,0,0,0,0,0,0,0,0,0,0,0,0,0,0,0,0,0,0,0,0,0,0,0,0,0,0,0,0,0,0,0,0,0,0,0,0,0,0,0,0,0,0,0,0,0,0,0,0,0,0,0,0,0,0,0,0,0,0,0,0,0,0,0,0,0,0,0,0,0
"245",172.21625,172.259375,172.2843,172.31315,172.358775,172.40355,172.479475,172.498325,172.520375,172.54555,172.6043,172.6448,173.46285,173.5124,173.55425,173.590625,173.658475,173.697925,173.8684,173.891125,174.015775,174.0867,175.79015,176.87675,176.9797,177.0466,177.081075,177.149575,177.200975,0,0,0,0,0,0,0,0,0,0,0,0,0,0,0,0,0,0,0,0,0,0,0,0,0,0,0,0,0,0,0,0,0,0,0,0,0,0,0,0,0,0,0,0,0,0,0,0,0,0,0,0,0,0,0,0,0,0,0,0,0,0,0,0,0,0,0,0,0,0,0,0,0,0,0,0,0,0,0,0,0,0,0,0,0,0,0,0,0,0,0,0,0,0,0,0,0,0,0,0,0,0,0,0,0,0,0,0,0,0,0,0,0,0,0,0,0,0,0,0,0,0,0,0,0,0,0,0,0,0,0,0,0,0,0,0,0,0,0,0,0,0,0,0,0,0,0,0,0,0,0,0,0,0,0,0,0,0,0,0,0,0,0,0,0,0,0,0,0,0,0,0,0,0,0,0,0,0,0,0,0,0,0,0,0,0,0,0,0,0,0,0,0,0,0,0,0,0,0,0,0,0,0,0,0,0,0,0,0,0,0,0,0,0,0,0,0,0,0,0,0,0,0,0,0,0,0,0,0,0,0,0,0,0,0,0,0,0,0,0,0,0,0,0,0,0,0,0,0,0,0,0,0,0,0,0,0,0,0,0,0,0,0,0,0,0,0,0,0,0,0,0,0,0,0,0,0,0,0,0,0,0,0,0,0,0,0,0,0,0,0,0,0,0,0,0,0,0,0,0,0,0,0,0,0,0,0,0,0,0,0,0,0,0,0,0,0,0,0,0,0,0,0,0,0,0,0,0,0,0,0,0,0,0,0,0,0,0,0,0,0,0,0,0,0,0,0,0,0,0,0,0,0,0,0,0,0,0,0,0,0,0,0,0,0,0,0,0,0,0,0,0,0,0,0,0,0,0,0,0,0,0,0,0,0,0,0,0,0,0,0,0,0
"246",170.52065,171.489,171.538325,172.13115,172.15335,172.233175,172.8976,173.2702,173.27685,173.352975,173.4087,173.4927,173.57985,175.049675,175.199625,175.278675,175.31545,176.777575,176.969425,177.067,178.53415,178.64835,178.742175,178.83255,178.888925,182.113025,0,0,0,0,0,0,0,0,0,0,0,0,0,0,0,0,0,0,0,0,0,0,0,0,0,0,0,0,0,0,0,0,0,0,0,0,0,0,0,0,0,0,0,0,0,0,0,0,0,0,0,0,0,0,0,0,0,0,0,0,0,0,0,0,0,0,0,0,0,0,0,0,0,0,0,0,0,0,0,0,0,0,0,0,0,0,0,0,0,0,0,0,0,0,0,0,0,0,0,0,0,0,0,0,0,0,0,0,0,0,0,0,0,0,0,0,0,0,0,0,0,0,0,0,0,0,0,0,0,0,0,0,0,0,0,0,0,0,0,0,0,0,0,0,0,0,0,0,0,0,0,0,0,0,0,0,0,0,0,0,0,0,0,0,0,0,0,0,0,0,0,0,0,0,0,0,0,0,0,0,0,0,0,0,0,0,0,0,0,0,0,0,0,0,0,0,0,0,0,0,0,0,0,0,0,0,0,0,0,0,0,0,0,0,0,0,0,0,0,0,0,0,0,0,0,0,0,0,0,0,0,0,0,0,0,0,0,0,0,0,0,0,0,0,0,0,0,0,0,0,0,0,0,0,0,0,0,0,0,0,0,0,0,0,0,0,0,0,0,0,0,0,0,0,0,0,0,0,0,0,0,0,0,0,0,0,0,0,0,0,0,0,0,0,0,0,0,0,0,0,0,0,0,0,0,0,0,0,0,0,0,0,0,0,0,0,0,0,0,0,0,0,0,0,0,0,0,0,0,0,0,0,0,0,0,0,0,0,0,0,0,0,0,0,0,0,0,0,0,0,0,0,0,0,0,0,0,0,0,0,0,0,0,0,0,0,0,0,0,0,0,0,0,0,0,0,0,0,0,0,0,0,0,0,0,0,0,0,0,0,0,0,0,0,0,0
"247",171.08185,171.160975,171.232075,171.363125,171.96825,172.0175,172.150725,172.223375,172.371225,172.67025,173.1501,174.5441,176.609675,178.37195,178.4336,178.684975,180.1205,180.197575,180.4021,182.769475,182.846925,0,0,0,0,0,0,0,0,0,0,0,0,0,0,0,0,0,0,0,0,0,0,0,0,0,0,0,0,0,0,0,0,0,0,0,0,0,0,0,0,0,0,0,0,0,0,0,0,0,0,0,0,0,0,0,0,0,0,0,0,0,0,0,0,0,0,0,0,0,0,0,0,0,0,0,0,0,0,0,0,0,0,0,0,0,0,0,0,0,0,0,0,0,0,0,0,0,0,0,0,0,0,0,0,0,0,0,0,0,0,0,0,0,0,0,0,0,0,0,0,0,0,0,0,0,0,0,0,0,0,0,0,0,0,0,0,0,0,0,0,0,0,0,0,0,0,0,0,0,0,0,0,0,0,0,0,0,0,0,0,0,0,0,0,0,0,0,0,0,0,0,0,0,0,0,0,0,0,0,0,0,0,0,0,0,0,0,0,0,0,0,0,0,0,0,0,0,0,0,0,0,0,0,0,0,0,0,0,0,0,0,0,0,0,0,0,0,0,0,0,0,0,0,0,0,0,0,0,0,0,0,0,0,0,0,0,0,0,0,0,0,0,0,0,0,0,0,0,0,0,0,0,0,0,0,0,0,0,0,0,0,0,0,0,0,0,0,0,0,0,0,0,0,0,0,0,0,0,0,0,0,0,0,0,0,0,0,0,0,0,0,0,0,0,0,0,0,0,0,0,0,0,0,0,0,0,0,0,0,0,0,0,0,0,0,0,0,0,0,0,0,0,0,0,0,0,0,0,0,0,0,0,0,0,0,0,0,0,0,0,0,0,0,0,0,0,0,0,0,0,0,0,0,0,0,0,0,0,0,0,0,0,0,0,0,0,0,0,0,0,0,0,0,0,0,0,0,0,0,0,0,0,0,0,0,0,0,0,0,0,0,0,0,0,0,0,0,0,0,0,0
"248",163.293075,164.322325,169.5254,169.7216,169.94535,170.09715,170.214775,170.3546,170.4103,170.716925,170.7649,170.8096,170.882625,170.92255,170.947525,170.976375,171.00555,171.03355,171.126625,171.195725,171.228575,171.259175,171.29135,171.3092,171.387075,171.622375,171.701675,171.79925,171.864525,171.913825,171.958675,171.991975,172.0596,172.094775,172.13645,172.1623,172.196175,172.281375,172.3076,172.333975,172.36735,172.475725,172.741225,172.8589,172.9676,172.997925,173.054875,173.11215,173.19215,173.3315,173.373,173.44875,173.4505,173.50465,173.559125,173.58505,173.6639,174.0213,174.09525,174.236,174.38075,174.4089,174.435625,174.514625,174.538725,174.5767,174.6403,174.6764,174.741325,174.80285,174.845675,174.963275,175.0529,175.295525,175.37755,175.5704,175.618675,175.8109,175.860725,175.9134,175.94375,175.9821,176.043975,176.0838,176.182,176.209025,176.245525,176.319575,176.3522,176.3707,176.436275,176.569025,176.607775,176.6499,176.738325,176.760825,176.818575,176.884225,177.217975,177.2537,177.377075,177.476475,177.49695,177.572875,177.620525,177.66335,177.704975,177.747075,177.8691,177.987425,178.0484,178.0879,178.19345,178.271025,178.312175,178.445875,178.485725,178.53565,178.582975,178.6164,178.63515,178.71505,178.77215,179.2232,179.314475,179.370475,179.43185,179.495925,179.541725,179.59175,179.6851,179.731975,179.8758,179.92875,180.023325,180.16625,180.318375,180.399625,180.5861,180.649025,180.7743,180.837175,180.9647,181.011575,181.122975,181.210025,181.26605,181.3164,181.36445,181.50995,181.562925,181.62825,181.669075,181.70475,181.800075,181.9259,181.96775,182.117525,182.2409,182.3047,182.539625,182.98875,183.7878,184.23165,184.46375,0,0,0,0,0,0,0,0,0,0,0,0,0,0,0,0,0,0,0,0,0,0,0,0,0,0,0,0,0,0,0,0,0,0,0,0,0,0,0,0,0,0,0,0,0,0,0,0,0,0,0,0,0,0,0,0,0,0,0,0,0,0,0,0,0,0,0,0,0,0,0,0,0,0,0,0,0,0,0,0,0,0,0,0,0,0,0,0,0,0,0,0,0,0,0,0,0,0,0,0,0,0,0,0,0,0,0,0,0,0,0,0,0,0,0,0,0,0,0,0,0,0,0,0,0,0,0,0,0,0,0,0,0,0,0,0,0,0,0,0,0,0,0,0,0,0,0,0,0,0,0,0,0,0,0,0,0,0,0,0,0,0,0,0,0,0,0,0,0,0,0,0,0,0,0,0,0,0,0,0,0,0,0,0,0,0,0,0,0,0,0,0,0,0,0,0,0,0,0,0,0,0,0,0,0,0,0,0,0,0,0,0,0,0,0,0,0,0,0,0,0,0,0,0,0,0,0,0,0,0,0,0,0,0,0,0,0,0,0,0,0,0,0,0,0,0,0,0,0,0,0,0,0,0,0,0,0
"249",172.10315,172.45245,172.4906,172.54155,172.63755,173.1681,173.365675,173.566225,173.61175,173.63695,173.8891,175.00675,175.079625,175.21755,175.219375,175.249575,175.6213,175.712675,175.7978,177.0085,178.87355,0,0,0,0,0,0,0,0,0,0,0,0,0,0,0,0,0,0,0,0,0,0,0,0,0,0,0,0,0,0,0,0,0,0,0,0,0,0,0,0,0,0,0,0,0,0,0,0,0,0,0,0,0,0,0,0,0,0,0,0,0,0,0,0,0,0,0,0,0,0,0,0,0,0,0,0,0,0,0,0,0,0,0,0,0,0,0,0,0,0,0,0,0,0,0,0,0,0,0,0,0,0,0,0,0,0,0,0,0,0,0,0,0,0,0,0,0,0,0,0,0,0,0,0,0,0,0,0,0,0,0,0,0,0,0,0,0,0,0,0,0,0,0,0,0,0,0,0,0,0,0,0,0,0,0,0,0,0,0,0,0,0,0,0,0,0,0,0,0,0,0,0,0,0,0,0,0,0,0,0,0,0,0,0,0,0,0,0,0,0,0,0,0,0,0,0,0,0,0,0,0,0,0,0,0,0,0,0,0,0,0,0,0,0,0,0,0,0,0,0,0,0,0,0,0,0,0,0,0,0,0,0,0,0,0,0,0,0,0,0,0,0,0,0,0,0,0,0,0,0,0,0,0,0,0,0,0,0,0,0,0,0,0,0,0,0,0,0,0,0,0,0,0,0,0,0,0,0,0,0,0,0,0,0,0,0,0,0,0,0,0,0,0,0,0,0,0,0,0,0,0,0,0,0,0,0,0,0,0,0,0,0,0,0,0,0,0,0,0,0,0,0,0,0,0,0,0,0,0,0,0,0,0,0,0,0,0,0,0,0,0,0,0,0,0,0,0,0,0,0,0,0,0,0,0,0,0,0,0,0,0,0,0,0,0,0,0,0,0,0,0,0,0,0,0,0,0,0,0,0,0,0,0,0,0,0,0,0,0,0,0,0,0,0,0,0,0,0,0,0,0
