"","V1","V2","V3","V4","V5","V6","V7","V8","V9","V10","V11","V12","V13","V14","V15","V16","V17","V18","V19","V20","V21","V22","V23","V24","V25","V26","V27","V28","V29","V30","V31","V32","V33","V34","V35","V36","V37","V38","V39","V40","V41","V42","V43","V44","V45","V46","V47","V48","V49","V50","V51","V52","V53","V54","V55","V56","V57","V58","V59","V60","V61","V62","V63","V64","V65","V66","V67","V68","V69","V70","V71","V72","V73","V74","V75","V76","V77","V78","V79","V80","V81","V82","V83","V84","V85","V86","V87","V88","V89","V90","V91","V92","V93","V94","V95","V96","V97","V98","V99","V100","V101","V102","V103","V104","V105","V106","V107","V108","V109","V110","V111","V112","V113","V114","V115","V116","V117","V118","V119","V120","V121","V122","V123","V124","V125","V126","V127","V128","V129","V130","V131","V132","V133","V134","V135","V136","V137","V138","V139","V140","V141","V142","V143","V144","V145","V146","V147","V148","V149","V150","V151","V152","V153","V154","V155","V156","V157","V158","V159","V160","V161","V162","V163","V164","V165","V166","V167","V168","V169","V170","V171","V172","V173","V174","V175","V176","V177","V178","V179","V180","V181","V182","V183","V184","V185","V186","V187","V188","V189","V190","V191","V192","V193","V194","V195","V196","V197","V198","V199","V200","V201","V202","V203","V204","V205","V206","V207","V208","V209","V210","V211","V212","V213","V214","V215","V216","V217","V218","V219","V220","V221","V222","V223","V224","V225","V226","V227","V228","V229","V230","V231","V232","V233","V234","V235","V236","V237","V238","V239","V240","V241","V242","V243","V244","V245","V246","V247","V248","V249","V250","V251","V252","V253","V254","V255","V256","V257","V258","V259","V260","V261","V262","V263","V264","V265","V266","V267","V268","V269","V270","V271","V272","V273","V274","V275","V276","V277","V278","V279","V280","V281","V282","V283","V284","V285","V286","V287","V288","V289","V290","V291","V292","V293","V294","V295","V296","V297","V298","V299","V300","V301","V302","V303","V304","V305","V306","V307","V308","V309","V310","V311","V312","V313","V314","V315","V316","V317","V318","V319","V320","V321","V322","V323","V324","V325","V326","V327","V328","V329","V330","V331","V332","V333","V334","V335","V336","V337","V338","V339","V340","V341","V342","V343","V344","V345","V346","V347","V348","V349","V350","V351","V352","V353","V354","V355","V356","V357","V358","V359","V360","V361","V362","V363","V364","V365","V366","V367","V368","V369","V370","V371","V372","V373","V374","V375","V376","V377","V378","V379","V380","V381","V382","V383","V384","V385","V386","V387","V388","V389","V390","V391","V392","V393","V394","V395","V396","V397","V398","V399","V400","V401","V402","V403","V404","V405","V406","V407","V408","V409","V410","V411","V412","V413","V414","V415","V416","V417","V418","V419","V420","V421","V422","V423","V424","V425","V426","V427","V428","V429","V430","V431","V432","V433","V434","V435","V436","V437","V438","V439","V440","V441","V442","V443","V444","V445","V446","V447","V448","V449","V450","V451","V452","V453","V454","V455","V456","V457","V458","V459","V460","V461","V462","V463","V464","V465","V466","V467","V468","V469","V470","V471","V472","V473","V474","V475","V476","V477"
"1",129.731925,129.8291,129.881575,130.137075,130.726375,130.784725,130.822825,130.8584,130.88815,130.935975,130.985925,131.05805,131.111,131.127,131.1802,131.2457,131.30785,131.4023,131.554825,131.592225,131.731775,132.60845,132.752075,132.808725,132.880775,134.212825,134.289275,134.349975,134.40525,134.461725,134.5543,134.589025,134.64305,134.71415,134.741925,134.7712,134.834875,134.998675,141.201575,141.373125,141.47175,141.713775,0,0,0,0,0,0,0,0,0,0,0,0,0,0,0,0,0,0,0,0,0,0,0,0,0,0,0,0,0,0,0,0,0,0,0,0,0,0,0,0,0,0,0,0,0,0,0,0,0,0,0,0,0,0,0,0,0,0,0,0,0,0,0,0,0,0,0,0,0,0,0,0,0,0,0,0,0,0,0,0,0,0,0,0,0,0,0,0,0,0,0,0,0,0,0,0,0,0,0,0,0,0,0,0,0,0,0,0,0,0,0,0,0,0,0,0,0,0,0,0,0,0,0,0,0,0,0,0,0,0,0,0,0,0,0,0,0,0,0,0,0,0,0,0,0,0,0,0,0,0,0,0,0,0,0,0,0,0,0,0,0,0,0,0,0,0,0,0,0,0,0,0,0,0,0,0,0,0,0,0,0,0,0,0,0,0,0,0,0,0,0,0,0,0,0,0,0,0,0,0,0,0,0,0,0,0,0,0,0,0,0,0,0,0,0,0,0,0,0,0,0,0,0,0,0,0,0,0,0,0,0,0,0,0,0,0,0,0,0,0,0,0,0,0,0,0,0,0,0,0,0,0,0,0,0,0,0,0,0,0,0,0,0,0,0,0,0,0,0,0,0,0,0,0,0,0,0,0,0,0,0,0,0,0,0,0,0,0,0,0,0,0,0,0,0,0,0,0,0,0,0,0,0,0,0,0,0,0,0,0,0,0,0,0,0,0,0,0,0,0,0,0,0,0,0,0,0,0,0,0,0,0,0,0,0,0,0,0,0,0,0,0,0,0,0,0,0,0,0,0,0,0,0,0,0,0,0,0,0,0,0,0,0,0,0,0,0,0,0,0,0,0,0,0,0,0,0,0,0,0,0,0,0,0,0,0,0,0,0,0,0,0,0,0,0,0,0,0,0,0,0,0,0,0,0,0,0,0,0,0,0,0,0,0,0,0,0,0,0,0,0,0,0,0,0,0,0,0,0,0,0,0,0,0,0
"2",130.564,130.69675,130.83445,130.9021,130.95265,131.0226,131.115175,132.220525,132.252075,132.353775,132.404775,132.8777,133.504425,133.8413,134.0251,134.17925,134.234675,134.280275,134.31355,134.357,134.41365,134.44895,134.51005,134.6276,134.691425,135.471325,135.64595,135.719875,135.7603,135.890325,135.92815,135.966725,137.612425,137.6432,137.679625,137.737925,137.77275,137.82325,137.860525,141.075475,141.166125,141.2247,141.291925,141.342,141.45025,141.503675,141.54185,141.637775,141.706625,141.777775,141.86975,0,0,0,0,0,0,0,0,0,0,0,0,0,0,0,0,0,0,0,0,0,0,0,0,0,0,0,0,0,0,0,0,0,0,0,0,0,0,0,0,0,0,0,0,0,0,0,0,0,0,0,0,0,0,0,0,0,0,0,0,0,0,0,0,0,0,0,0,0,0,0,0,0,0,0,0,0,0,0,0,0,0,0,0,0,0,0,0,0,0,0,0,0,0,0,0,0,0,0,0,0,0,0,0,0,0,0,0,0,0,0,0,0,0,0,0,0,0,0,0,0,0,0,0,0,0,0,0,0,0,0,0,0,0,0,0,0,0,0,0,0,0,0,0,0,0,0,0,0,0,0,0,0,0,0,0,0,0,0,0,0,0,0,0,0,0,0,0,0,0,0,0,0,0,0,0,0,0,0,0,0,0,0,0,0,0,0,0,0,0,0,0,0,0,0,0,0,0,0,0,0,0,0,0,0,0,0,0,0,0,0,0,0,0,0,0,0,0,0,0,0,0,0,0,0,0,0,0,0,0,0,0,0,0,0,0,0,0,0,0,0,0,0,0,0,0,0,0,0,0,0,0,0,0,0,0,0,0,0,0,0,0,0,0,0,0,0,0,0,0,0,0,0,0,0,0,0,0,0,0,0,0,0,0,0,0,0,0,0,0,0,0,0,0,0,0,0,0,0,0,0,0,0,0,0,0,0,0,0,0,0,0,0,0,0,0,0,0,0,0,0,0,0,0,0,0,0,0,0,0,0,0,0,0,0,0,0,0,0,0,0,0,0,0,0,0,0,0,0,0,0,0,0,0,0,0,0,0,0,0,0,0,0,0,0,0,0,0,0,0,0,0,0,0,0,0,0,0,0,0,0,0,0,0,0,0,0,0,0,0,0,0,0,0,0,0,0,0,0,0,0,0,0,0,0,0,0,0,0,0,0,0,0,0,0,0,0,0,0,0,0,0,0,0,0,0
"3",129.65355,130.9424,131.072375,131.1518,131.44325,131.6648,132.7311,133.91525,134.51425,134.801125,134.82165,135.6192,136.387625,137.963075,138.60935,139.925775,142.380225,0,0,0,0,0,0,0,0,0,0,0,0,0,0,0,0,0,0,0,0,0,0,0,0,0,0,0,0,0,0,0,0,0,0,0,0,0,0,0,0,0,0,0,0,0,0,0,0,0,0,0,0,0,0,0,0,0,0,0,0,0,0,0,0,0,0,0,0,0,0,0,0,0,0,0,0,0,0,0,0,0,0,0,0,0,0,0,0,0,0,0,0,0,0,0,0,0,0,0,0,0,0,0,0,0,0,0,0,0,0,0,0,0,0,0,0,0,0,0,0,0,0,0,0,0,0,0,0,0,0,0,0,0,0,0,0,0,0,0,0,0,0,0,0,0,0,0,0,0,0,0,0,0,0,0,0,0,0,0,0,0,0,0,0,0,0,0,0,0,0,0,0,0,0,0,0,0,0,0,0,0,0,0,0,0,0,0,0,0,0,0,0,0,0,0,0,0,0,0,0,0,0,0,0,0,0,0,0,0,0,0,0,0,0,0,0,0,0,0,0,0,0,0,0,0,0,0,0,0,0,0,0,0,0,0,0,0,0,0,0,0,0,0,0,0,0,0,0,0,0,0,0,0,0,0,0,0,0,0,0,0,0,0,0,0,0,0,0,0,0,0,0,0,0,0,0,0,0,0,0,0,0,0,0,0,0,0,0,0,0,0,0,0,0,0,0,0,0,0,0,0,0,0,0,0,0,0,0,0,0,0,0,0,0,0,0,0,0,0,0,0,0,0,0,0,0,0,0,0,0,0,0,0,0,0,0,0,0,0,0,0,0,0,0,0,0,0,0,0,0,0,0,0,0,0,0,0,0,0,0,0,0,0,0,0,0,0,0,0,0,0,0,0,0,0,0,0,0,0,0,0,0,0,0,0,0,0,0,0,0,0,0,0,0,0,0,0,0,0,0,0,0,0,0,0,0,0,0,0,0,0,0,0,0,0,0,0,0,0,0,0,0,0,0,0,0,0,0,0,0,0,0,0,0,0,0,0,0,0,0,0,0,0,0,0,0,0,0,0,0,0,0,0,0,0,0,0,0,0,0
"4",129.5171,129.5327,129.551025,130.076775,130.204875,130.4077,130.49665,130.516425,130.5271,130.626625,130.691275,130.74485,130.753275,130.80305,130.831225,130.8543,130.8679,130.885775,130.9069,130.924075,130.9324,130.941375,130.972475,130.997125,131.007025,131.017025,131.037625,131.077825,131.0919,131.12035,131.1353,131.191975,131.22805,131.3238,131.34585,131.379525,131.53705,131.55845,131.81255,131.902225,131.965325,132.0068,132.019325,132.047825,132.064575,132.081875,132.09325,132.109275,132.119675,132.1322,132.1541,132.1565,132.16815,132.17415,132.188925,132.1964,132.209225,132.2237,132.2347,132.25325,132.31435,132.343725,132.374925,132.41625,132.42515,132.438425,132.4482,132.455725,132.4673,132.48155,132.488725,132.5333,132.5734,132.59305,132.609425,132.670175,133.0121,133.355775,133.359025,133.396775,133.4415,133.45205,133.46475,133.51195,133.527175,133.539425,133.551125,133.5685,133.6201,133.652425,133.662175,133.682425,133.692,133.726575,133.740775,133.7648,133.77315,133.8293,133.845575,133.861225,133.8815,133.95575,133.989975,134.01135,134.086175,134.11895,134.14775,134.169225,134.192325,134.21615,134.251075,134.2718,134.336525,134.375,134.383325,134.39965,134.4113,134.4377,134.4514,134.50575,134.5311,134.591825,134.64655,134.7116,135.34525,135.4224,135.465575,135.486575,135.498725,135.5097,135.52805,135.5585,135.59755,135.6113,135.63285,135.6542,135.6971,135.72865,135.747,135.792925,135.834975,135.961625,136.05785,136.0741,136.104525,136.20625,136.323725,136.424925,136.5215,137.012625,137.44005,137.45345,137.4684,137.49295,137.50035,137.5244,137.559625,137.57095,137.617375,137.658075,137.74465,137.754775,137.766775,137.7999,137.827125,137.838775,137.9003,138.019275,138.108225,138.197175,138.273275,139.063125,139.081675,139.102075,139.116125,139.162125,139.201525,139.227375,139.314875,139.32395,139.3419,139.371225,139.399275,139.42665,139.441775,139.4581,139.495825,139.51735,139.5888,139.613,139.62555,139.65515,139.6881,139.721525,139.7427,139.81615,139.898675,141.238775,141.300325,141.3432,141.370025,141.427,141.486825,141.491675,141.522325,141.54005,141.567225,141.574175,141.588525,141.620675,141.6423,141.657825,141.68115,141.717,141.732125,141.7604,141.781,141.79635,141.807325,141.902125,141.957175,142.03275,143.959625,144.035975,144.09105,144.117175,144.23115,144.26005,144.32085,145.464675,0,0,0,0,0,0,0,0,0,0,0,0,0,0,0,0,0,0,0,0,0,0,0,0,0,0,0,0,0,0,0,0,0,0,0,0,0,0,0,0,0,0,0,0,0,0,0,0,0,0,0,0,0,0,0,0,0,0,0,0,0,0,0,0,0,0,0,0,0,0,0,0,0,0,0,0,0,0,0,0,0,0,0,0,0,0,0,0,0,0,0,0,0,0,0,0,0,0,0,0,0,0,0,0,0,0,0,0,0,0,0,0,0,0,0,0,0,0,0,0,0,0,0,0,0,0,0,0,0,0,0,0,0,0,0,0,0,0,0,0,0,0,0,0,0,0,0,0,0,0,0,0,0,0,0,0,0,0,0,0,0,0,0,0,0,0,0,0,0,0,0,0,0,0,0,0,0,0,0,0,0,0,0,0,0,0,0,0,0,0,0,0,0,0,0,0,0,0,0,0,0,0,0,0,0,0,0,0,0,0,0,0,0,0,0,0,0,0,0,0,0,0,0,0,0,0,0,0,0,0,0,0,0,0,0,0,0,0,0,0,0,0,0,0,0,0,0
"5",130.036875,130.1089,130.20035,130.292675,130.40995,130.4487,130.491425,130.54885,130.5817,130.62075,130.664325,131.56745,131.8335,131.8702,131.909925,131.953775,132.0171,132.079625,132.113775,132.19195,132.3163,132.380825,132.4323,132.556825,133.160075,133.2311,133.29735,133.3365,133.379675,133.474275,133.52345,133.5754,133.64215,133.70915,133.797925,133.88645,134.0089,134.082325,135.2325,135.328575,135.358425,135.38795,135.420725,135.45795,135.495,135.523375,135.561575,135.6208,135.71665,135.867575,136.010175,136.152,136.28,136.363525,136.412175,136.4515,136.500825,136.55455,136.705075,136.736775,136.819125,137.023525,137.107375,137.152725,137.19265,137.226675,137.26285,137.29005,137.334375,137.384575,137.42855,137.47675,137.875225,137.9387,138.007,138.077325,138.22295,138.4506,138.499175,138.57145,138.62855,138.673825,138.7286,138.8004,138.8611,138.9014,138.93555,138.998775,139.044,139.26335,139.423125,139.6324,139.8396,139.906075,140.2035,140.3454,140.490275,140.623775,140.718775,140.795275,0,0,0,0,0,0,0,0,0,0,0,0,0,0,0,0,0,0,0,0,0,0,0,0,0,0,0,0,0,0,0,0,0,0,0,0,0,0,0,0,0,0,0,0,0,0,0,0,0,0,0,0,0,0,0,0,0,0,0,0,0,0,0,0,0,0,0,0,0,0,0,0,0,0,0,0,0,0,0,0,0,0,0,0,0,0,0,0,0,0,0,0,0,0,0,0,0,0,0,0,0,0,0,0,0,0,0,0,0,0,0,0,0,0,0,0,0,0,0,0,0,0,0,0,0,0,0,0,0,0,0,0,0,0,0,0,0,0,0,0,0,0,0,0,0,0,0,0,0,0,0,0,0,0,0,0,0,0,0,0,0,0,0,0,0,0,0,0,0,0,0,0,0,0,0,0,0,0,0,0,0,0,0,0,0,0,0,0,0,0,0,0,0,0,0,0,0,0,0,0,0,0,0,0,0,0,0,0,0,0,0,0,0,0,0,0,0,0,0,0,0,0,0,0,0,0,0,0,0,0,0,0,0,0,0,0,0,0,0,0,0,0,0,0,0,0,0,0,0,0,0,0,0,0,0,0,0,0,0,0,0,0,0,0,0,0,0,0,0,0,0,0,0,0,0,0,0,0,0,0,0,0,0,0,0,0,0,0,0,0,0,0,0,0,0,0,0,0,0,0,0,0,0,0,0,0,0,0,0,0,0,0,0,0,0,0,0,0,0,0,0,0,0,0,0,0,0,0,0,0,0,0,0,0,0,0,0,0,0,0,0,0,0,0,0,0,0,0,0,0,0,0,0,0,0,0,0,0,0,0,0,0,0,0,0,0,0,0,0,0,0,0,0,0,0,0,0
"6",132.506925,134.54675,134.7841,135.20145,138.619975,138.69635,140.050625,140.207425,140.344475,142.714075,142.8331,142.85505,142.8998,142.939825,142.992575,143.0192,143.1391,143.201375,143.29315,0,0,0,0,0,0,0,0,0,0,0,0,0,0,0,0,0,0,0,0,0,0,0,0,0,0,0,0,0,0,0,0,0,0,0,0,0,0,0,0,0,0,0,0,0,0,0,0,0,0,0,0,0,0,0,0,0,0,0,0,0,0,0,0,0,0,0,0,0,0,0,0,0,0,0,0,0,0,0,0,0,0,0,0,0,0,0,0,0,0,0,0,0,0,0,0,0,0,0,0,0,0,0,0,0,0,0,0,0,0,0,0,0,0,0,0,0,0,0,0,0,0,0,0,0,0,0,0,0,0,0,0,0,0,0,0,0,0,0,0,0,0,0,0,0,0,0,0,0,0,0,0,0,0,0,0,0,0,0,0,0,0,0,0,0,0,0,0,0,0,0,0,0,0,0,0,0,0,0,0,0,0,0,0,0,0,0,0,0,0,0,0,0,0,0,0,0,0,0,0,0,0,0,0,0,0,0,0,0,0,0,0,0,0,0,0,0,0,0,0,0,0,0,0,0,0,0,0,0,0,0,0,0,0,0,0,0,0,0,0,0,0,0,0,0,0,0,0,0,0,0,0,0,0,0,0,0,0,0,0,0,0,0,0,0,0,0,0,0,0,0,0,0,0,0,0,0,0,0,0,0,0,0,0,0,0,0,0,0,0,0,0,0,0,0,0,0,0,0,0,0,0,0,0,0,0,0,0,0,0,0,0,0,0,0,0,0,0,0,0,0,0,0,0,0,0,0,0,0,0,0,0,0,0,0,0,0,0,0,0,0,0,0,0,0,0,0,0,0,0,0,0,0,0,0,0,0,0,0,0,0,0,0,0,0,0,0,0,0,0,0,0,0,0,0,0,0,0,0,0,0,0,0,0,0,0,0,0,0,0,0,0,0,0,0,0,0,0,0,0,0,0,0,0,0,0,0,0,0,0,0,0,0,0,0,0,0,0,0,0,0,0,0,0,0,0,0,0,0,0,0,0,0,0,0,0,0,0,0,0,0,0,0,0,0,0,0,0,0,0,0,0,0,0,0,0,0,0
"7",129.5038,129.55835,129.698275,129.74785,129.863675,129.90605,129.91565,129.9958,130.050775,130.0749,130.159925,130.20315,130.287,130.4594,130.5377,130.810275,130.87055,131.207875,131.253075,131.297175,131.3163,131.399325,131.4643,131.587125,132.37245,132.560525,132.5785,132.5989,132.613775,132.65045,132.660975,132.673725,132.687675,132.70735,132.7723,132.803225,132.836275,132.8868,132.91815,132.944825,133.134275,133.510675,133.645925,133.743675,133.825475,133.866325,133.957125,134.079225,134.3937,134.45715,134.564475,134.61095,134.67355,134.696175,134.7176,134.765725,134.84225,134.883825,134.895475,134.9441,135.78115,135.94845,136.0372,136.216575,136.27385,136.313275,136.4957,136.53835,136.591825,136.822625,136.898225,137.6945,137.842875,138.051625,138.074475,138.106525,138.171025,138.200525,138.231875,138.28165,138.3391,138.429675,138.5148,138.567,138.714475,139.639425,140.027075,140.0957,140.15015,140.253275,140.34645,141.558775,141.8004,141.932475,142.06915,142.11035,142.218175,142.29195,142.4432,142.54385,142.623,142.719975,142.81575,142.9201,143.01355,144.355175,144.7498,145.245825,145.797825,0,0,0,0,0,0,0,0,0,0,0,0,0,0,0,0,0,0,0,0,0,0,0,0,0,0,0,0,0,0,0,0,0,0,0,0,0,0,0,0,0,0,0,0,0,0,0,0,0,0,0,0,0,0,0,0,0,0,0,0,0,0,0,0,0,0,0,0,0,0,0,0,0,0,0,0,0,0,0,0,0,0,0,0,0,0,0,0,0,0,0,0,0,0,0,0,0,0,0,0,0,0,0,0,0,0,0,0,0,0,0,0,0,0,0,0,0,0,0,0,0,0,0,0,0,0,0,0,0,0,0,0,0,0,0,0,0,0,0,0,0,0,0,0,0,0,0,0,0,0,0,0,0,0,0,0,0,0,0,0,0,0,0,0,0,0,0,0,0,0,0,0,0,0,0,0,0,0,0,0,0,0,0,0,0,0,0,0,0,0,0,0,0,0,0,0,0,0,0,0,0,0,0,0,0,0,0,0,0,0,0,0,0,0,0,0,0,0,0,0,0,0,0,0,0,0,0,0,0,0,0,0,0,0,0,0,0,0,0,0,0,0,0,0,0,0,0,0,0,0,0,0,0,0,0,0,0,0,0,0,0,0,0,0,0,0,0,0,0,0,0,0,0,0,0,0,0,0,0,0,0,0,0,0,0,0,0,0,0,0,0,0,0,0,0,0,0,0,0,0,0,0,0,0,0,0,0,0,0,0,0,0,0,0,0,0,0,0,0,0,0,0,0,0,0,0,0,0,0,0,0,0,0,0,0,0,0,0,0,0,0,0,0,0,0,0,0,0,0,0,0,0,0,0,0,0,0,0,0,0,0,0,0,0,0,0,0,0
"8",129.675375,129.795525,129.98885,130.22285,130.356925,130.5465,130.5678,131.5917,131.82415,131.938775,132.135225,132.823975,132.955375,133.07015,133.278225,133.34725,134.049825,134.54255,134.6786,135.01515,135.16305,135.290025,135.667125,136.47885,136.608,136.741375,136.843575,137.1148,138.439675,138.656125,138.786425,139.60615,140.185225,140.51275,0,0,0,0,0,0,0,0,0,0,0,0,0,0,0,0,0,0,0,0,0,0,0,0,0,0,0,0,0,0,0,0,0,0,0,0,0,0,0,0,0,0,0,0,0,0,0,0,0,0,0,0,0,0,0,0,0,0,0,0,0,0,0,0,0,0,0,0,0,0,0,0,0,0,0,0,0,0,0,0,0,0,0,0,0,0,0,0,0,0,0,0,0,0,0,0,0,0,0,0,0,0,0,0,0,0,0,0,0,0,0,0,0,0,0,0,0,0,0,0,0,0,0,0,0,0,0,0,0,0,0,0,0,0,0,0,0,0,0,0,0,0,0,0,0,0,0,0,0,0,0,0,0,0,0,0,0,0,0,0,0,0,0,0,0,0,0,0,0,0,0,0,0,0,0,0,0,0,0,0,0,0,0,0,0,0,0,0,0,0,0,0,0,0,0,0,0,0,0,0,0,0,0,0,0,0,0,0,0,0,0,0,0,0,0,0,0,0,0,0,0,0,0,0,0,0,0,0,0,0,0,0,0,0,0,0,0,0,0,0,0,0,0,0,0,0,0,0,0,0,0,0,0,0,0,0,0,0,0,0,0,0,0,0,0,0,0,0,0,0,0,0,0,0,0,0,0,0,0,0,0,0,0,0,0,0,0,0,0,0,0,0,0,0,0,0,0,0,0,0,0,0,0,0,0,0,0,0,0,0,0,0,0,0,0,0,0,0,0,0,0,0,0,0,0,0,0,0,0,0,0,0,0,0,0,0,0,0,0,0,0,0,0,0,0,0,0,0,0,0,0,0,0,0,0,0,0,0,0,0,0,0,0,0,0,0,0,0,0,0,0,0,0,0,0,0,0,0,0,0,0,0,0,0,0,0,0,0,0,0,0,0,0,0,0,0,0,0,0,0,0,0,0,0,0,0,0,0,0,0,0,0,0,0,0,0,0,0,0,0,0,0,0,0,0,0,0,0,0,0,0,0,0,0,0,0,0,0,0,0,0,0,0
"9",131.574325,132.627425,132.8079,132.9002,133.221175,134.587925,134.64205,134.707775,134.743375,134.80355,134.84385,134.8876,134.9252,135.072575,135.14495,137.0703,138.65835,138.756325,140.08625,140.2289,140.295625,140.392925,140.724425,142.2314,142.277525,142.365725,142.4253,142.4904,142.5307,142.583025,142.655625,142.739475,142.8005,142.853025,142.9178,143.015075,143.134175,143.2115,0,0,0,0,0,0,0,0,0,0,0,0,0,0,0,0,0,0,0,0,0,0,0,0,0,0,0,0,0,0,0,0,0,0,0,0,0,0,0,0,0,0,0,0,0,0,0,0,0,0,0,0,0,0,0,0,0,0,0,0,0,0,0,0,0,0,0,0,0,0,0,0,0,0,0,0,0,0,0,0,0,0,0,0,0,0,0,0,0,0,0,0,0,0,0,0,0,0,0,0,0,0,0,0,0,0,0,0,0,0,0,0,0,0,0,0,0,0,0,0,0,0,0,0,0,0,0,0,0,0,0,0,0,0,0,0,0,0,0,0,0,0,0,0,0,0,0,0,0,0,0,0,0,0,0,0,0,0,0,0,0,0,0,0,0,0,0,0,0,0,0,0,0,0,0,0,0,0,0,0,0,0,0,0,0,0,0,0,0,0,0,0,0,0,0,0,0,0,0,0,0,0,0,0,0,0,0,0,0,0,0,0,0,0,0,0,0,0,0,0,0,0,0,0,0,0,0,0,0,0,0,0,0,0,0,0,0,0,0,0,0,0,0,0,0,0,0,0,0,0,0,0,0,0,0,0,0,0,0,0,0,0,0,0,0,0,0,0,0,0,0,0,0,0,0,0,0,0,0,0,0,0,0,0,0,0,0,0,0,0,0,0,0,0,0,0,0,0,0,0,0,0,0,0,0,0,0,0,0,0,0,0,0,0,0,0,0,0,0,0,0,0,0,0,0,0,0,0,0,0,0,0,0,0,0,0,0,0,0,0,0,0,0,0,0,0,0,0,0,0,0,0,0,0,0,0,0,0,0,0,0,0,0,0,0,0,0,0,0,0,0,0,0,0,0,0,0,0,0,0,0,0,0,0,0,0,0,0,0,0,0,0,0,0,0,0,0,0,0,0,0,0,0,0,0,0,0,0,0,0,0,0,0,0,0,0,0,0,0,0,0,0,0,0,0,0,0,0,0,0,0,0,0,0,0,0,0,0,0
"10",133.805525,134.276975,135.272825,135.34335,135.44965,136.09465,136.175725,136.322225,136.3727,136.401325,136.483775,136.54605,136.80205,136.956825,137.040575,137.1324,137.185425,137.23965,137.309175,137.435,137.9445,138.136925,138.65015,138.711125,138.795975,138.8799,138.9791,140.503,0,0,0,0,0,0,0,0,0,0,0,0,0,0,0,0,0,0,0,0,0,0,0,0,0,0,0,0,0,0,0,0,0,0,0,0,0,0,0,0,0,0,0,0,0,0,0,0,0,0,0,0,0,0,0,0,0,0,0,0,0,0,0,0,0,0,0,0,0,0,0,0,0,0,0,0,0,0,0,0,0,0,0,0,0,0,0,0,0,0,0,0,0,0,0,0,0,0,0,0,0,0,0,0,0,0,0,0,0,0,0,0,0,0,0,0,0,0,0,0,0,0,0,0,0,0,0,0,0,0,0,0,0,0,0,0,0,0,0,0,0,0,0,0,0,0,0,0,0,0,0,0,0,0,0,0,0,0,0,0,0,0,0,0,0,0,0,0,0,0,0,0,0,0,0,0,0,0,0,0,0,0,0,0,0,0,0,0,0,0,0,0,0,0,0,0,0,0,0,0,0,0,0,0,0,0,0,0,0,0,0,0,0,0,0,0,0,0,0,0,0,0,0,0,0,0,0,0,0,0,0,0,0,0,0,0,0,0,0,0,0,0,0,0,0,0,0,0,0,0,0,0,0,0,0,0,0,0,0,0,0,0,0,0,0,0,0,0,0,0,0,0,0,0,0,0,0,0,0,0,0,0,0,0,0,0,0,0,0,0,0,0,0,0,0,0,0,0,0,0,0,0,0,0,0,0,0,0,0,0,0,0,0,0,0,0,0,0,0,0,0,0,0,0,0,0,0,0,0,0,0,0,0,0,0,0,0,0,0,0,0,0,0,0,0,0,0,0,0,0,0,0,0,0,0,0,0,0,0,0,0,0,0,0,0,0,0,0,0,0,0,0,0,0,0,0,0,0,0,0,0,0,0,0,0,0,0,0,0,0,0,0,0,0,0,0,0,0,0,0,0,0,0,0,0,0,0,0,0,0,0,0,0,0,0,0,0,0,0,0,0,0,0,0,0,0,0,0,0,0,0,0,0,0,0,0,0,0,0,0,0,0,0,0,0,0,0,0,0
"11",131.894375,136.9934,137.06885,137.108525,137.145025,137.187875,137.28005,138.548075,138.577075,138.610325,138.6343,138.663975,138.67905,138.7012,138.719025,138.75345,138.78075,138.8053,138.833325,138.87005,138.92395,140.0489,140.104275,140.167325,140.1899,140.2734,140.315,140.349475,140.381675,140.403075,140.4361,140.4732,140.50455,140.5438,140.70155,142.607375,142.688575,142.785975,142.81725,142.867075,142.908475,142.99375,143.1274,143.250875,0,0,0,0,0,0,0,0,0,0,0,0,0,0,0,0,0,0,0,0,0,0,0,0,0,0,0,0,0,0,0,0,0,0,0,0,0,0,0,0,0,0,0,0,0,0,0,0,0,0,0,0,0,0,0,0,0,0,0,0,0,0,0,0,0,0,0,0,0,0,0,0,0,0,0,0,0,0,0,0,0,0,0,0,0,0,0,0,0,0,0,0,0,0,0,0,0,0,0,0,0,0,0,0,0,0,0,0,0,0,0,0,0,0,0,0,0,0,0,0,0,0,0,0,0,0,0,0,0,0,0,0,0,0,0,0,0,0,0,0,0,0,0,0,0,0,0,0,0,0,0,0,0,0,0,0,0,0,0,0,0,0,0,0,0,0,0,0,0,0,0,0,0,0,0,0,0,0,0,0,0,0,0,0,0,0,0,0,0,0,0,0,0,0,0,0,0,0,0,0,0,0,0,0,0,0,0,0,0,0,0,0,0,0,0,0,0,0,0,0,0,0,0,0,0,0,0,0,0,0,0,0,0,0,0,0,0,0,0,0,0,0,0,0,0,0,0,0,0,0,0,0,0,0,0,0,0,0,0,0,0,0,0,0,0,0,0,0,0,0,0,0,0,0,0,0,0,0,0,0,0,0,0,0,0,0,0,0,0,0,0,0,0,0,0,0,0,0,0,0,0,0,0,0,0,0,0,0,0,0,0,0,0,0,0,0,0,0,0,0,0,0,0,0,0,0,0,0,0,0,0,0,0,0,0,0,0,0,0,0,0,0,0,0,0,0,0,0,0,0,0,0,0,0,0,0,0,0,0,0,0,0,0,0,0,0,0,0,0,0,0,0,0,0,0,0,0,0,0,0,0,0,0,0,0,0,0,0,0,0,0,0,0,0,0,0,0,0,0,0,0,0,0,0,0,0,0,0,0,0,0,0,0,0,0,0,0,0,0,0,0,0,0,0,0,0,0,0,0,0,0,0,0
"12",136.27035,136.36845,136.626725,139.710725,0,0,0,0,0,0,0,0,0,0,0,0,0,0,0,0,0,0,0,0,0,0,0,0,0,0,0,0,0,0,0,0,0,0,0,0,0,0,0,0,0,0,0,0,0,0,0,0,0,0,0,0,0,0,0,0,0,0,0,0,0,0,0,0,0,0,0,0,0,0,0,0,0,0,0,0,0,0,0,0,0,0,0,0,0,0,0,0,0,0,0,0,0,0,0,0,0,0,0,0,0,0,0,0,0,0,0,0,0,0,0,0,0,0,0,0,0,0,0,0,0,0,0,0,0,0,0,0,0,0,0,0,0,0,0,0,0,0,0,0,0,0,0,0,0,0,0,0,0,0,0,0,0,0,0,0,0,0,0,0,0,0,0,0,0,0,0,0,0,0,0,0,0,0,0,0,0,0,0,0,0,0,0,0,0,0,0,0,0,0,0,0,0,0,0,0,0,0,0,0,0,0,0,0,0,0,0,0,0,0,0,0,0,0,0,0,0,0,0,0,0,0,0,0,0,0,0,0,0,0,0,0,0,0,0,0,0,0,0,0,0,0,0,0,0,0,0,0,0,0,0,0,0,0,0,0,0,0,0,0,0,0,0,0,0,0,0,0,0,0,0,0,0,0,0,0,0,0,0,0,0,0,0,0,0,0,0,0,0,0,0,0,0,0,0,0,0,0,0,0,0,0,0,0,0,0,0,0,0,0,0,0,0,0,0,0,0,0,0,0,0,0,0,0,0,0,0,0,0,0,0,0,0,0,0,0,0,0,0,0,0,0,0,0,0,0,0,0,0,0,0,0,0,0,0,0,0,0,0,0,0,0,0,0,0,0,0,0,0,0,0,0,0,0,0,0,0,0,0,0,0,0,0,0,0,0,0,0,0,0,0,0,0,0,0,0,0,0,0,0,0,0,0,0,0,0,0,0,0,0,0,0,0,0,0,0,0,0,0,0,0,0,0,0,0,0,0,0,0,0,0,0,0,0,0,0,0,0,0,0,0,0,0,0,0,0,0,0,0,0,0,0,0,0,0,0,0,0,0,0,0,0,0,0,0,0,0,0,0,0,0,0,0
"13",133.8234,0,0,0,0,0,0,0,0,0,0,0,0,0,0,0,0,0,0,0,0,0,0,0,0,0,0,0,0,0,0,0,0,0,0,0,0,0,0,0,0,0,0,0,0,0,0,0,0,0,0,0,0,0,0,0,0,0,0,0,0,0,0,0,0,0,0,0,0,0,0,0,0,0,0,0,0,0,0,0,0,0,0,0,0,0,0,0,0,0,0,0,0,0,0,0,0,0,0,0,0,0,0,0,0,0,0,0,0,0,0,0,0,0,0,0,0,0,0,0,0,0,0,0,0,0,0,0,0,0,0,0,0,0,0,0,0,0,0,0,0,0,0,0,0,0,0,0,0,0,0,0,0,0,0,0,0,0,0,0,0,0,0,0,0,0,0,0,0,0,0,0,0,0,0,0,0,0,0,0,0,0,0,0,0,0,0,0,0,0,0,0,0,0,0,0,0,0,0,0,0,0,0,0,0,0,0,0,0,0,0,0,0,0,0,0,0,0,0,0,0,0,0,0,0,0,0,0,0,0,0,0,0,0,0,0,0,0,0,0,0,0,0,0,0,0,0,0,0,0,0,0,0,0,0,0,0,0,0,0,0,0,0,0,0,0,0,0,0,0,0,0,0,0,0,0,0,0,0,0,0,0,0,0,0,0,0,0,0,0,0,0,0,0,0,0,0,0,0,0,0,0,0,0,0,0,0,0,0,0,0,0,0,0,0,0,0,0,0,0,0,0,0,0,0,0,0,0,0,0,0,0,0,0,0,0,0,0,0,0,0,0,0,0,0,0,0,0,0,0,0,0,0,0,0,0,0,0,0,0,0,0,0,0,0,0,0,0,0,0,0,0,0,0,0,0,0,0,0,0,0,0,0,0,0,0,0,0,0,0,0,0,0,0,0,0,0,0,0,0,0,0,0,0,0,0,0,0,0,0,0,0,0,0,0,0,0,0,0,0,0,0,0,0,0,0,0,0,0,0,0,0,0,0,0,0,0,0,0,0,0,0,0,0,0,0,0,0,0,0,0,0,0,0,0,0,0,0,0,0,0,0,0,0,0,0,0,0,0,0,0,0,0,0,0,0,0
"14",0,0,0,0,0,0,0,0,0,0,0,0,0,0,0,0,0,0,0,0,0,0,0,0,0,0,0,0,0,0,0,0,0,0,0,0,0,0,0,0,0,0,0,0,0,0,0,0,0,0,0,0,0,0,0,0,0,0,0,0,0,0,0,0,0,0,0,0,0,0,0,0,0,0,0,0,0,0,0,0,0,0,0,0,0,0,0,0,0,0,0,0,0,0,0,0,0,0,0,0,0,0,0,0,0,0,0,0,0,0,0,0,0,0,0,0,0,0,0,0,0,0,0,0,0,0,0,0,0,0,0,0,0,0,0,0,0,0,0,0,0,0,0,0,0,0,0,0,0,0,0,0,0,0,0,0,0,0,0,0,0,0,0,0,0,0,0,0,0,0,0,0,0,0,0,0,0,0,0,0,0,0,0,0,0,0,0,0,0,0,0,0,0,0,0,0,0,0,0,0,0,0,0,0,0,0,0,0,0,0,0,0,0,0,0,0,0,0,0,0,0,0,0,0,0,0,0,0,0,0,0,0,0,0,0,0,0,0,0,0,0,0,0,0,0,0,0,0,0,0,0,0,0,0,0,0,0,0,0,0,0,0,0,0,0,0,0,0,0,0,0,0,0,0,0,0,0,0,0,0,0,0,0,0,0,0,0,0,0,0,0,0,0,0,0,0,0,0,0,0,0,0,0,0,0,0,0,0,0,0,0,0,0,0,0,0,0,0,0,0,0,0,0,0,0,0,0,0,0,0,0,0,0,0,0,0,0,0,0,0,0,0,0,0,0,0,0,0,0,0,0,0,0,0,0,0,0,0,0,0,0,0,0,0,0,0,0,0,0,0,0,0,0,0,0,0,0,0,0,0,0,0,0,0,0,0,0,0,0,0,0,0,0,0,0,0,0,0,0,0,0,0,0,0,0,0,0,0,0,0,0,0,0,0,0,0,0,0,0,0,0,0,0,0,0,0,0,0,0,0,0,0,0,0,0,0,0,0,0,0,0,0,0,0,0,0,0,0,0,0,0,0,0,0,0,0,0,0,0,0,0,0,0,0,0,0,0,0,0,0,0,0,0,0,0,0,0
"15",122.222575,137.212875,142.164775,142.50935,142.641775,142.74565,143.16155,143.205475,143.347425,144.563725,144.8492,146.4942,150.9286,0,0,0,0,0,0,0,0,0,0,0,0,0,0,0,0,0,0,0,0,0,0,0,0,0,0,0,0,0,0,0,0,0,0,0,0,0,0,0,0,0,0,0,0,0,0,0,0,0,0,0,0,0,0,0,0,0,0,0,0,0,0,0,0,0,0,0,0,0,0,0,0,0,0,0,0,0,0,0,0,0,0,0,0,0,0,0,0,0,0,0,0,0,0,0,0,0,0,0,0,0,0,0,0,0,0,0,0,0,0,0,0,0,0,0,0,0,0,0,0,0,0,0,0,0,0,0,0,0,0,0,0,0,0,0,0,0,0,0,0,0,0,0,0,0,0,0,0,0,0,0,0,0,0,0,0,0,0,0,0,0,0,0,0,0,0,0,0,0,0,0,0,0,0,0,0,0,0,0,0,0,0,0,0,0,0,0,0,0,0,0,0,0,0,0,0,0,0,0,0,0,0,0,0,0,0,0,0,0,0,0,0,0,0,0,0,0,0,0,0,0,0,0,0,0,0,0,0,0,0,0,0,0,0,0,0,0,0,0,0,0,0,0,0,0,0,0,0,0,0,0,0,0,0,0,0,0,0,0,0,0,0,0,0,0,0,0,0,0,0,0,0,0,0,0,0,0,0,0,0,0,0,0,0,0,0,0,0,0,0,0,0,0,0,0,0,0,0,0,0,0,0,0,0,0,0,0,0,0,0,0,0,0,0,0,0,0,0,0,0,0,0,0,0,0,0,0,0,0,0,0,0,0,0,0,0,0,0,0,0,0,0,0,0,0,0,0,0,0,0,0,0,0,0,0,0,0,0,0,0,0,0,0,0,0,0,0,0,0,0,0,0,0,0,0,0,0,0,0,0,0,0,0,0,0,0,0,0,0,0,0,0,0,0,0,0,0,0,0,0,0,0,0,0,0,0,0,0,0,0,0,0,0,0,0,0,0,0,0,0,0,0,0,0,0,0,0,0,0,0,0,0,0,0,0,0,0,0,0,0,0,0,0,0,0,0,0,0,0,0,0,0,0,0,0,0,0,0,0,0,0,0,0,0
"16",129.526825,129.5406,129.573675,129.5911,129.66425,129.75145,129.79665,129.8342,129.937225,129.99065,130.013275,130.051575,130.066325,130.11635,130.155975,130.20835,130.2265,130.287675,130.34635,130.3984,130.44125,130.499275,130.53,130.553875,130.59515,130.684475,130.79895,130.92635,131.080975,131.13655,131.16195,131.21205,131.255625,131.2846,131.3018,131.338525,131.393925,131.472175,131.53355,131.598925,131.690225,131.8394,131.8633,132.00225,132.024575,132.17305,132.337825,132.403825,132.44005,132.4943,132.531725,132.5621,132.622825,132.784975,132.942825,133.2725,133.44715,133.502875,133.589875,133.75015,133.8261,133.90605,133.933575,133.974275,134.035725,134.059775,134.134125,134.182875,134.2285,134.2732,134.36785,134.406575,134.509025,134.574725,134.61885,134.733175,134.793375,134.9354,134.993025,135.10985,135.275925,135.370025,135.451075,135.4881,135.55335,135.599575,135.633375,135.70385,135.847375,135.881025,135.932475,136.03265,136.088175,136.1463,136.18855,136.2444,136.302,136.341175,136.413525,136.43195,136.47275,136.510425,136.5636,136.582425,136.618475,136.64555,136.7339,136.7851,136.830125,136.8922,136.9494,137.010125,137.078525,137.150375,137.193825,137.372075,137.42485,137.516525,137.884875,137.951725,138.009475,138.081925,138.1275,138.161,138.21485,138.236825,138.48135,138.516825,138.574,138.66855,138.913725,139.076,139.498375,139.570225,139.673775,139.7369,139.814125,139.91555,140.013,140.069075,140.155175,140.232675,140.377725,140.605,140.792725,141.039325,141.247175,141.43795,141.55685,141.6914,141.8142,141.936225,142.06485,142.23195,142.329925,142.5417,142.722575,142.8644,142.986475,143.093825,143.92855,144.2037,144.4023,144.687275,144.89165,145.009,0,0,0,0,0,0,0,0,0,0,0,0,0,0,0,0,0,0,0,0,0,0,0,0,0,0,0,0,0,0,0,0,0,0,0,0,0,0,0,0,0,0,0,0,0,0,0,0,0,0,0,0,0,0,0,0,0,0,0,0,0,0,0,0,0,0,0,0,0,0,0,0,0,0,0,0,0,0,0,0,0,0,0,0,0,0,0,0,0,0,0,0,0,0,0,0,0,0,0,0,0,0,0,0,0,0,0,0,0,0,0,0,0,0,0,0,0,0,0,0,0,0,0,0,0,0,0,0,0,0,0,0,0,0,0,0,0,0,0,0,0,0,0,0,0,0,0,0,0,0,0,0,0,0,0,0,0,0,0,0,0,0,0,0,0,0,0,0,0,0,0,0,0,0,0,0,0,0,0,0,0,0,0,0,0,0,0,0,0,0,0,0,0,0,0,0,0,0,0,0,0,0,0,0,0,0,0,0,0,0,0,0,0,0,0,0,0,0,0,0,0,0,0,0,0,0,0,0,0,0,0,0,0,0,0,0,0,0,0,0,0,0,0,0,0,0,0,0,0,0,0,0,0,0,0,0,0,0,0,0,0,0,0,0,0,0,0,0,0,0,0,0,0,0,0,0,0,0,0,0,0,0,0,0,0,0,0,0,0,0,0,0,0,0,0,0,0,0,0,0,0,0,0,0,0,0,0,0,0,0,0
"17",129.984275,130.047425,130.108925,130.15605,130.24485,130.30885,130.381725,130.4561,130.5442,130.56935,130.662475,130.8562,131.564675,131.855675,131.91005,131.9533,132.00185,132.346475,133.274575,133.389925,134.822525,135.112925,135.1579,135.2876,135.325525,135.5453,137.271225,140.42665,142.91055,143.11355,0,0,0,0,0,0,0,0,0,0,0,0,0,0,0,0,0,0,0,0,0,0,0,0,0,0,0,0,0,0,0,0,0,0,0,0,0,0,0,0,0,0,0,0,0,0,0,0,0,0,0,0,0,0,0,0,0,0,0,0,0,0,0,0,0,0,0,0,0,0,0,0,0,0,0,0,0,0,0,0,0,0,0,0,0,0,0,0,0,0,0,0,0,0,0,0,0,0,0,0,0,0,0,0,0,0,0,0,0,0,0,0,0,0,0,0,0,0,0,0,0,0,0,0,0,0,0,0,0,0,0,0,0,0,0,0,0,0,0,0,0,0,0,0,0,0,0,0,0,0,0,0,0,0,0,0,0,0,0,0,0,0,0,0,0,0,0,0,0,0,0,0,0,0,0,0,0,0,0,0,0,0,0,0,0,0,0,0,0,0,0,0,0,0,0,0,0,0,0,0,0,0,0,0,0,0,0,0,0,0,0,0,0,0,0,0,0,0,0,0,0,0,0,0,0,0,0,0,0,0,0,0,0,0,0,0,0,0,0,0,0,0,0,0,0,0,0,0,0,0,0,0,0,0,0,0,0,0,0,0,0,0,0,0,0,0,0,0,0,0,0,0,0,0,0,0,0,0,0,0,0,0,0,0,0,0,0,0,0,0,0,0,0,0,0,0,0,0,0,0,0,0,0,0,0,0,0,0,0,0,0,0,0,0,0,0,0,0,0,0,0,0,0,0,0,0,0,0,0,0,0,0,0,0,0,0,0,0,0,0,0,0,0,0,0,0,0,0,0,0,0,0,0,0,0,0,0,0,0,0,0,0,0,0,0,0,0,0,0,0,0,0,0,0,0,0,0,0,0,0,0,0,0,0,0,0,0,0,0,0,0,0,0,0,0,0,0,0,0,0,0,0,0,0,0,0,0,0,0,0,0,0,0,0,0,0,0,0,0,0,0,0,0,0,0,0,0,0,0,0,0,0,0,0,0,0,0,0,0,0,0,0,0,0,0,0,0
"18",129.75845,130.0195,130.0819,130.211875,130.24185,130.321775,130.3789,130.426175,130.4658,130.613925,130.68295,130.740175,131.713675,131.8343,131.9023,132.02935,132.4768,133.086625,133.278275,133.33415,133.430175,133.764225,133.83095,134.327475,134.791525,134.9744,135.0613,135.148025,135.200775,135.30475,135.3648,135.4455,135.6383,135.77075,135.83395,135.9678,136.123025,136.32455,136.483075,137.135325,137.323125,137.4992,138.642025,138.713625,138.777575,138.88065,138.947925,140.277,140.3928,140.487675,140.6391,140.81175,0,0,0,0,0,0,0,0,0,0,0,0,0,0,0,0,0,0,0,0,0,0,0,0,0,0,0,0,0,0,0,0,0,0,0,0,0,0,0,0,0,0,0,0,0,0,0,0,0,0,0,0,0,0,0,0,0,0,0,0,0,0,0,0,0,0,0,0,0,0,0,0,0,0,0,0,0,0,0,0,0,0,0,0,0,0,0,0,0,0,0,0,0,0,0,0,0,0,0,0,0,0,0,0,0,0,0,0,0,0,0,0,0,0,0,0,0,0,0,0,0,0,0,0,0,0,0,0,0,0,0,0,0,0,0,0,0,0,0,0,0,0,0,0,0,0,0,0,0,0,0,0,0,0,0,0,0,0,0,0,0,0,0,0,0,0,0,0,0,0,0,0,0,0,0,0,0,0,0,0,0,0,0,0,0,0,0,0,0,0,0,0,0,0,0,0,0,0,0,0,0,0,0,0,0,0,0,0,0,0,0,0,0,0,0,0,0,0,0,0,0,0,0,0,0,0,0,0,0,0,0,0,0,0,0,0,0,0,0,0,0,0,0,0,0,0,0,0,0,0,0,0,0,0,0,0,0,0,0,0,0,0,0,0,0,0,0,0,0,0,0,0,0,0,0,0,0,0,0,0,0,0,0,0,0,0,0,0,0,0,0,0,0,0,0,0,0,0,0,0,0,0,0,0,0,0,0,0,0,0,0,0,0,0,0,0,0,0,0,0,0,0,0,0,0,0,0,0,0,0,0,0,0,0,0,0,0,0,0,0,0,0,0,0,0,0,0,0,0,0,0,0,0,0,0,0,0,0,0,0,0,0,0,0,0,0,0,0,0,0,0,0,0,0,0,0,0,0,0,0,0,0,0,0,0,0,0,0,0,0,0,0,0,0,0,0,0,0,0,0,0,0,0,0,0,0,0,0,0,0,0,0,0,0,0,0,0,0,0,0,0,0,0,0,0
"19",131.6654,131.75335,131.849975,131.99955,132.875675,133.008025,133.11485,133.22215,133.2987,134.938925,135.049,135.1329,135.24645,135.35925,138.185825,138.53305,138.63165,140.1495,140.249575,140.411925,140.4927,142.77955,149.5032,0,0,0,0,0,0,0,0,0,0,0,0,0,0,0,0,0,0,0,0,0,0,0,0,0,0,0,0,0,0,0,0,0,0,0,0,0,0,0,0,0,0,0,0,0,0,0,0,0,0,0,0,0,0,0,0,0,0,0,0,0,0,0,0,0,0,0,0,0,0,0,0,0,0,0,0,0,0,0,0,0,0,0,0,0,0,0,0,0,0,0,0,0,0,0,0,0,0,0,0,0,0,0,0,0,0,0,0,0,0,0,0,0,0,0,0,0,0,0,0,0,0,0,0,0,0,0,0,0,0,0,0,0,0,0,0,0,0,0,0,0,0,0,0,0,0,0,0,0,0,0,0,0,0,0,0,0,0,0,0,0,0,0,0,0,0,0,0,0,0,0,0,0,0,0,0,0,0,0,0,0,0,0,0,0,0,0,0,0,0,0,0,0,0,0,0,0,0,0,0,0,0,0,0,0,0,0,0,0,0,0,0,0,0,0,0,0,0,0,0,0,0,0,0,0,0,0,0,0,0,0,0,0,0,0,0,0,0,0,0,0,0,0,0,0,0,0,0,0,0,0,0,0,0,0,0,0,0,0,0,0,0,0,0,0,0,0,0,0,0,0,0,0,0,0,0,0,0,0,0,0,0,0,0,0,0,0,0,0,0,0,0,0,0,0,0,0,0,0,0,0,0,0,0,0,0,0,0,0,0,0,0,0,0,0,0,0,0,0,0,0,0,0,0,0,0,0,0,0,0,0,0,0,0,0,0,0,0,0,0,0,0,0,0,0,0,0,0,0,0,0,0,0,0,0,0,0,0,0,0,0,0,0,0,0,0,0,0,0,0,0,0,0,0,0,0,0,0,0,0,0,0,0,0,0,0,0,0,0,0,0,0,0,0,0,0,0,0,0,0,0,0,0,0,0,0,0,0,0,0,0,0,0,0,0,0,0,0,0,0,0,0,0,0,0,0,0,0,0,0,0,0,0,0,0,0,0,0,0,0,0,0,0,0,0,0,0,0,0,0,0,0,0,0
"20",130.417325,131.6879,131.78935,131.928675,133.692325,133.817175,135.795125,135.955675,136.050825,136.166825,136.254925,136.39725,136.47405,136.59035,136.672625,136.863875,137.0531,137.247325,137.39235,137.490675,137.909025,138.018525,138.20185,138.31675,138.430425,138.5609,138.78315,138.8524,138.98615,139.09545,139.1548,139.488375,139.704925,139.956525,140.140875,140.245075,140.39475,140.550875,141.01485,0,0,0,0,0,0,0,0,0,0,0,0,0,0,0,0,0,0,0,0,0,0,0,0,0,0,0,0,0,0,0,0,0,0,0,0,0,0,0,0,0,0,0,0,0,0,0,0,0,0,0,0,0,0,0,0,0,0,0,0,0,0,0,0,0,0,0,0,0,0,0,0,0,0,0,0,0,0,0,0,0,0,0,0,0,0,0,0,0,0,0,0,0,0,0,0,0,0,0,0,0,0,0,0,0,0,0,0,0,0,0,0,0,0,0,0,0,0,0,0,0,0,0,0,0,0,0,0,0,0,0,0,0,0,0,0,0,0,0,0,0,0,0,0,0,0,0,0,0,0,0,0,0,0,0,0,0,0,0,0,0,0,0,0,0,0,0,0,0,0,0,0,0,0,0,0,0,0,0,0,0,0,0,0,0,0,0,0,0,0,0,0,0,0,0,0,0,0,0,0,0,0,0,0,0,0,0,0,0,0,0,0,0,0,0,0,0,0,0,0,0,0,0,0,0,0,0,0,0,0,0,0,0,0,0,0,0,0,0,0,0,0,0,0,0,0,0,0,0,0,0,0,0,0,0,0,0,0,0,0,0,0,0,0,0,0,0,0,0,0,0,0,0,0,0,0,0,0,0,0,0,0,0,0,0,0,0,0,0,0,0,0,0,0,0,0,0,0,0,0,0,0,0,0,0,0,0,0,0,0,0,0,0,0,0,0,0,0,0,0,0,0,0,0,0,0,0,0,0,0,0,0,0,0,0,0,0,0,0,0,0,0,0,0,0,0,0,0,0,0,0,0,0,0,0,0,0,0,0,0,0,0,0,0,0,0,0,0,0,0,0,0,0,0,0,0,0,0,0,0,0,0,0,0,0,0,0,0,0,0,0,0,0,0,0,0,0,0,0,0,0,0,0,0,0,0,0,0,0,0,0,0,0,0,0,0,0,0,0,0,0,0,0,0,0,0,0,0,0,0,0,0,0,0,0,0,0,0
"21",130.10255,130.249425,130.5225,130.527675,130.553075,130.57575,130.641125,130.667575,130.7746,132.103775,132.43205,133.5253,133.598625,134.1256,135.525175,135.5733,135.61135,135.7142,135.818575,135.8871,136.173225,136.30395,137.02285,137.0979,137.864075,138.098075,138.3132,138.406875,138.635575,138.74875,138.87415,139.395975,141.475,141.7861,141.936775,0,0,0,0,0,0,0,0,0,0,0,0,0,0,0,0,0,0,0,0,0,0,0,0,0,0,0,0,0,0,0,0,0,0,0,0,0,0,0,0,0,0,0,0,0,0,0,0,0,0,0,0,0,0,0,0,0,0,0,0,0,0,0,0,0,0,0,0,0,0,0,0,0,0,0,0,0,0,0,0,0,0,0,0,0,0,0,0,0,0,0,0,0,0,0,0,0,0,0,0,0,0,0,0,0,0,0,0,0,0,0,0,0,0,0,0,0,0,0,0,0,0,0,0,0,0,0,0,0,0,0,0,0,0,0,0,0,0,0,0,0,0,0,0,0,0,0,0,0,0,0,0,0,0,0,0,0,0,0,0,0,0,0,0,0,0,0,0,0,0,0,0,0,0,0,0,0,0,0,0,0,0,0,0,0,0,0,0,0,0,0,0,0,0,0,0,0,0,0,0,0,0,0,0,0,0,0,0,0,0,0,0,0,0,0,0,0,0,0,0,0,0,0,0,0,0,0,0,0,0,0,0,0,0,0,0,0,0,0,0,0,0,0,0,0,0,0,0,0,0,0,0,0,0,0,0,0,0,0,0,0,0,0,0,0,0,0,0,0,0,0,0,0,0,0,0,0,0,0,0,0,0,0,0,0,0,0,0,0,0,0,0,0,0,0,0,0,0,0,0,0,0,0,0,0,0,0,0,0,0,0,0,0,0,0,0,0,0,0,0,0,0,0,0,0,0,0,0,0,0,0,0,0,0,0,0,0,0,0,0,0,0,0,0,0,0,0,0,0,0,0,0,0,0,0,0,0,0,0,0,0,0,0,0,0,0,0,0,0,0,0,0,0,0,0,0,0,0,0,0,0,0,0,0,0,0,0,0,0,0,0,0,0,0,0,0,0,0,0,0,0,0,0,0,0,0,0,0,0,0,0,0,0,0,0,0,0,0,0,0,0,0,0,0,0,0,0,0,0,0,0,0,0,0,0,0,0,0,0,0,0,0
"22",131.31835,132.365275,132.50085,132.584975,132.654575,133.92605,134.095625,134.2962,135.91165,136.026375,136.112125,136.17705,136.248175,136.3081,136.34455,136.414375,136.504325,136.530525,138.0508,138.1025,139.551925,0,0,0,0,0,0,0,0,0,0,0,0,0,0,0,0,0,0,0,0,0,0,0,0,0,0,0,0,0,0,0,0,0,0,0,0,0,0,0,0,0,0,0,0,0,0,0,0,0,0,0,0,0,0,0,0,0,0,0,0,0,0,0,0,0,0,0,0,0,0,0,0,0,0,0,0,0,0,0,0,0,0,0,0,0,0,0,0,0,0,0,0,0,0,0,0,0,0,0,0,0,0,0,0,0,0,0,0,0,0,0,0,0,0,0,0,0,0,0,0,0,0,0,0,0,0,0,0,0,0,0,0,0,0,0,0,0,0,0,0,0,0,0,0,0,0,0,0,0,0,0,0,0,0,0,0,0,0,0,0,0,0,0,0,0,0,0,0,0,0,0,0,0,0,0,0,0,0,0,0,0,0,0,0,0,0,0,0,0,0,0,0,0,0,0,0,0,0,0,0,0,0,0,0,0,0,0,0,0,0,0,0,0,0,0,0,0,0,0,0,0,0,0,0,0,0,0,0,0,0,0,0,0,0,0,0,0,0,0,0,0,0,0,0,0,0,0,0,0,0,0,0,0,0,0,0,0,0,0,0,0,0,0,0,0,0,0,0,0,0,0,0,0,0,0,0,0,0,0,0,0,0,0,0,0,0,0,0,0,0,0,0,0,0,0,0,0,0,0,0,0,0,0,0,0,0,0,0,0,0,0,0,0,0,0,0,0,0,0,0,0,0,0,0,0,0,0,0,0,0,0,0,0,0,0,0,0,0,0,0,0,0,0,0,0,0,0,0,0,0,0,0,0,0,0,0,0,0,0,0,0,0,0,0,0,0,0,0,0,0,0,0,0,0,0,0,0,0,0,0,0,0,0,0,0,0,0,0,0,0,0,0,0,0,0,0,0,0,0,0,0,0,0,0,0,0,0,0,0,0,0,0,0,0,0,0,0,0,0,0,0,0,0,0,0,0,0,0,0,0,0,0,0,0,0,0,0,0,0,0,0,0,0,0,0,0,0,0,0,0,0,0,0,0,0,0
"23",129.604425,129.7091,129.7947,129.864675,130.0095,130.0723,130.11375,130.234175,130.2896,130.293225,130.349575,130.41325,130.484375,130.540875,130.851625,131.007275,131.051925,131.17975,131.6054,131.77675,131.853175,131.992825,132.037775,132.091,132.4792,132.6134,132.754675,133.0059,133.13815,133.22495,133.3093,133.41895,133.5029,133.6007,133.72375,133.78565,133.832525,134.047475,134.123075,134.206875,134.29515,134.335475,134.4865,134.54585,134.684775,134.77085,134.915825,134.98615,135.0696,135.16915,135.2366,135.317525,135.3656,135.415275,135.4647,135.526475,136.125425,136.2252,136.4427,136.483775,136.528,136.58275,136.66445,136.73925,136.858625,136.949625,137.008425,137.051175,137.102775,137.1506,137.186275,137.2256,137.265875,137.307425,137.36835,137.43395,137.687375,137.791125,137.915,137.974725,138.12525,138.18335,138.263325,138.3023,138.418625,138.49175,138.535275,138.5791,138.64075,138.6816,138.739,138.78565,138.82895,138.8726,138.918175,138.97745,139.0225,139.0899,139.215,139.38175,139.4647,139.587875,139.7342,139.854125,140.0324,140.1431,140.204025,140.29095,140.361325,140.421975,140.5087,140.572125,140.67775,140.74015,140.8986,141.02825,141.20225,141.5264,142.018375,142.184725,142.3669,142.483025,142.630025,142.71365,142.8224,142.955775,143.05445,143.19085,143.2884,143.445175,143.848,144.55295,144.759,144.8952,145.066775,145.360725,145.68855,0,0,0,0,0,0,0,0,0,0,0,0,0,0,0,0,0,0,0,0,0,0,0,0,0,0,0,0,0,0,0,0,0,0,0,0,0,0,0,0,0,0,0,0,0,0,0,0,0,0,0,0,0,0,0,0,0,0,0,0,0,0,0,0,0,0,0,0,0,0,0,0,0,0,0,0,0,0,0,0,0,0,0,0,0,0,0,0,0,0,0,0,0,0,0,0,0,0,0,0,0,0,0,0,0,0,0,0,0,0,0,0,0,0,0,0,0,0,0,0,0,0,0,0,0,0,0,0,0,0,0,0,0,0,0,0,0,0,0,0,0,0,0,0,0,0,0,0,0,0,0,0,0,0,0,0,0,0,0,0,0,0,0,0,0,0,0,0,0,0,0,0,0,0,0,0,0,0,0,0,0,0,0,0,0,0,0,0,0,0,0,0,0,0,0,0,0,0,0,0,0,0,0,0,0,0,0,0,0,0,0,0,0,0,0,0,0,0,0,0,0,0,0,0,0,0,0,0,0,0,0,0,0,0,0,0,0,0,0,0,0,0,0,0,0,0,0,0,0,0,0,0,0,0,0,0,0,0,0,0,0,0,0,0,0,0,0,0,0,0,0,0,0,0,0,0,0,0,0,0,0,0,0,0,0,0,0,0,0,0,0,0,0,0,0,0,0,0,0,0,0,0,0,0,0,0,0,0,0,0,0,0,0,0,0,0,0,0,0,0,0,0,0,0,0,0,0,0,0,0,0,0,0,0,0,0,0,0,0,0
"24",129.6191,129.68095,129.7603,129.8093,129.99015,130.17525,130.294775,130.6829,130.97375,131.16825,131.215025,131.2461,131.29315,131.401325,131.438075,131.506175,131.538525,131.568475,131.60795,131.622,131.732775,131.768625,131.8308,131.882175,132.028775,132.08765,132.1276,132.217375,132.304475,132.481025,132.533,132.569675,132.645125,132.80355,132.827,132.9111,132.940175,133.082975,133.227375,133.338,133.71315,133.7361,133.836325,133.8768,133.947975,134.00235,134.036525,134.07615,134.1825,134.221475,134.310875,134.365775,134.4381,134.473375,134.50245,134.525,134.6534,134.70795,134.859575,135.0014,135.104975,135.192825,135.23855,135.4814,135.580075,135.73155,135.7756,135.822525,136.092325,136.189825,136.235125,136.277775,136.309825,136.489575,136.560825,136.625325,136.74595,136.78,136.89285,136.96845,137.137675,137.2535,137.4885,137.557925,137.654325,137.676525,137.70535,137.7276,137.778825,137.92225,138.0394,138.0515,138.120625,138.264775,138.450275,139.182625,139.239125,139.3337,139.39755,139.487125,139.507725,139.635325,139.6973,139.749275,139.801425,139.948725,140.031325,140.97855,141.441725,141.540025,141.69865,141.865225,141.9605,141.9985,142.056475,142.0981,142.169625,142.226875,142.358925,144.058525,144.1692,144.25965,144.351525,144.488125,144.67155,0,0,0,0,0,0,0,0,0,0,0,0,0,0,0,0,0,0,0,0,0,0,0,0,0,0,0,0,0,0,0,0,0,0,0,0,0,0,0,0,0,0,0,0,0,0,0,0,0,0,0,0,0,0,0,0,0,0,0,0,0,0,0,0,0,0,0,0,0,0,0,0,0,0,0,0,0,0,0,0,0,0,0,0,0,0,0,0,0,0,0,0,0,0,0,0,0,0,0,0,0,0,0,0,0,0,0,0,0,0,0,0,0,0,0,0,0,0,0,0,0,0,0,0,0,0,0,0,0,0,0,0,0,0,0,0,0,0,0,0,0,0,0,0,0,0,0,0,0,0,0,0,0,0,0,0,0,0,0,0,0,0,0,0,0,0,0,0,0,0,0,0,0,0,0,0,0,0,0,0,0,0,0,0,0,0,0,0,0,0,0,0,0,0,0,0,0,0,0,0,0,0,0,0,0,0,0,0,0,0,0,0,0,0,0,0,0,0,0,0,0,0,0,0,0,0,0,0,0,0,0,0,0,0,0,0,0,0,0,0,0,0,0,0,0,0,0,0,0,0,0,0,0,0,0,0,0,0,0,0,0,0,0,0,0,0,0,0,0,0,0,0,0,0,0,0,0,0,0,0,0,0,0,0,0,0,0,0,0,0,0,0,0,0,0,0,0,0,0,0,0,0,0,0,0,0,0,0,0,0,0,0,0,0,0,0,0,0,0,0,0,0,0,0,0,0,0,0,0,0,0,0,0,0,0,0,0,0,0,0,0,0,0,0,0,0,0,0,0,0,0,0
"25",125.22665,129.868075,129.96645,130.5076,130.509125,130.5213,130.794025,130.878625,131.537,131.74705,131.93845,132.18325,132.230025,133.566875,133.885025,134.049575,135.139,135.69215,137.2191,137.789475,138.27515,139.03275,0,0,0,0,0,0,0,0,0,0,0,0,0,0,0,0,0,0,0,0,0,0,0,0,0,0,0,0,0,0,0,0,0,0,0,0,0,0,0,0,0,0,0,0,0,0,0,0,0,0,0,0,0,0,0,0,0,0,0,0,0,0,0,0,0,0,0,0,0,0,0,0,0,0,0,0,0,0,0,0,0,0,0,0,0,0,0,0,0,0,0,0,0,0,0,0,0,0,0,0,0,0,0,0,0,0,0,0,0,0,0,0,0,0,0,0,0,0,0,0,0,0,0,0,0,0,0,0,0,0,0,0,0,0,0,0,0,0,0,0,0,0,0,0,0,0,0,0,0,0,0,0,0,0,0,0,0,0,0,0,0,0,0,0,0,0,0,0,0,0,0,0,0,0,0,0,0,0,0,0,0,0,0,0,0,0,0,0,0,0,0,0,0,0,0,0,0,0,0,0,0,0,0,0,0,0,0,0,0,0,0,0,0,0,0,0,0,0,0,0,0,0,0,0,0,0,0,0,0,0,0,0,0,0,0,0,0,0,0,0,0,0,0,0,0,0,0,0,0,0,0,0,0,0,0,0,0,0,0,0,0,0,0,0,0,0,0,0,0,0,0,0,0,0,0,0,0,0,0,0,0,0,0,0,0,0,0,0,0,0,0,0,0,0,0,0,0,0,0,0,0,0,0,0,0,0,0,0,0,0,0,0,0,0,0,0,0,0,0,0,0,0,0,0,0,0,0,0,0,0,0,0,0,0,0,0,0,0,0,0,0,0,0,0,0,0,0,0,0,0,0,0,0,0,0,0,0,0,0,0,0,0,0,0,0,0,0,0,0,0,0,0,0,0,0,0,0,0,0,0,0,0,0,0,0,0,0,0,0,0,0,0,0,0,0,0,0,0,0,0,0,0,0,0,0,0,0,0,0,0,0,0,0,0,0,0,0,0,0,0,0,0,0,0,0,0,0,0,0,0,0,0,0,0,0,0,0,0,0,0,0,0,0,0,0,0,0,0,0,0,0,0,0,0,0
"26",129.930775,137.036,137.087025,137.123175,137.181175,137.2375,137.318075,138.538425,138.5686,138.625425,138.7062,138.726275,138.76455,138.824025,138.89565,140.119075,140.175675,140.2307,140.2796,140.344225,140.419175,140.490425,140.5922,142.848675,142.9795,143.08695,143.13485,143.21485,143.3373,145.2372,145.346225,0,0,0,0,0,0,0,0,0,0,0,0,0,0,0,0,0,0,0,0,0,0,0,0,0,0,0,0,0,0,0,0,0,0,0,0,0,0,0,0,0,0,0,0,0,0,0,0,0,0,0,0,0,0,0,0,0,0,0,0,0,0,0,0,0,0,0,0,0,0,0,0,0,0,0,0,0,0,0,0,0,0,0,0,0,0,0,0,0,0,0,0,0,0,0,0,0,0,0,0,0,0,0,0,0,0,0,0,0,0,0,0,0,0,0,0,0,0,0,0,0,0,0,0,0,0,0,0,0,0,0,0,0,0,0,0,0,0,0,0,0,0,0,0,0,0,0,0,0,0,0,0,0,0,0,0,0,0,0,0,0,0,0,0,0,0,0,0,0,0,0,0,0,0,0,0,0,0,0,0,0,0,0,0,0,0,0,0,0,0,0,0,0,0,0,0,0,0,0,0,0,0,0,0,0,0,0,0,0,0,0,0,0,0,0,0,0,0,0,0,0,0,0,0,0,0,0,0,0,0,0,0,0,0,0,0,0,0,0,0,0,0,0,0,0,0,0,0,0,0,0,0,0,0,0,0,0,0,0,0,0,0,0,0,0,0,0,0,0,0,0,0,0,0,0,0,0,0,0,0,0,0,0,0,0,0,0,0,0,0,0,0,0,0,0,0,0,0,0,0,0,0,0,0,0,0,0,0,0,0,0,0,0,0,0,0,0,0,0,0,0,0,0,0,0,0,0,0,0,0,0,0,0,0,0,0,0,0,0,0,0,0,0,0,0,0,0,0,0,0,0,0,0,0,0,0,0,0,0,0,0,0,0,0,0,0,0,0,0,0,0,0,0,0,0,0,0,0,0,0,0,0,0,0,0,0,0,0,0,0,0,0,0,0,0,0,0,0,0,0,0,0,0,0,0,0,0,0,0,0,0,0,0,0,0,0,0,0,0,0,0,0,0,0,0,0,0,0,0,0,0,0,0,0,0,0,0,0,0,0,0,0,0,0,0,0
"27",130.5746,130.833925,130.91005,130.92555,130.99275,131.0287,131.0742,131.090725,131.160775,131.194425,131.27745,131.3623,131.427475,131.50085,131.52555,131.581075,131.847325,132.04005,132.083875,132.12485,132.160975,132.22235,132.265925,132.314275,132.34005,132.387025,132.417475,132.4558,132.474875,132.534425,132.575125,132.610175,132.669925,132.772325,132.83395,132.927175,132.985025,133.5372,133.637225,133.6719,133.746325,133.8082,134.04605,134.4086,134.741725,134.8979,135.501875,135.622225,135.65975,135.73475,135.780425,135.8078,135.851525,135.8747,135.928025,135.9651,136.002575,136.040875,136.09035,136.16955,136.244425,136.302375,136.387875,136.461825,137.83985,137.938125,137.992675,138.136975,138.20015,139.129525,139.21305,139.34075,139.679075,140.900525,140.99645,141.146975,141.248475,141.3157,141.414225,141.522525,141.600825,141.8206,0,0,0,0,0,0,0,0,0,0,0,0,0,0,0,0,0,0,0,0,0,0,0,0,0,0,0,0,0,0,0,0,0,0,0,0,0,0,0,0,0,0,0,0,0,0,0,0,0,0,0,0,0,0,0,0,0,0,0,0,0,0,0,0,0,0,0,0,0,0,0,0,0,0,0,0,0,0,0,0,0,0,0,0,0,0,0,0,0,0,0,0,0,0,0,0,0,0,0,0,0,0,0,0,0,0,0,0,0,0,0,0,0,0,0,0,0,0,0,0,0,0,0,0,0,0,0,0,0,0,0,0,0,0,0,0,0,0,0,0,0,0,0,0,0,0,0,0,0,0,0,0,0,0,0,0,0,0,0,0,0,0,0,0,0,0,0,0,0,0,0,0,0,0,0,0,0,0,0,0,0,0,0,0,0,0,0,0,0,0,0,0,0,0,0,0,0,0,0,0,0,0,0,0,0,0,0,0,0,0,0,0,0,0,0,0,0,0,0,0,0,0,0,0,0,0,0,0,0,0,0,0,0,0,0,0,0,0,0,0,0,0,0,0,0,0,0,0,0,0,0,0,0,0,0,0,0,0,0,0,0,0,0,0,0,0,0,0,0,0,0,0,0,0,0,0,0,0,0,0,0,0,0,0,0,0,0,0,0,0,0,0,0,0,0,0,0,0,0,0,0,0,0,0,0,0,0,0,0,0,0,0,0,0,0,0,0,0,0,0,0,0,0,0,0,0,0,0,0,0,0,0,0,0,0,0,0,0,0,0,0,0,0,0,0,0,0,0,0,0,0,0,0,0,0,0,0,0,0,0,0,0,0,0,0,0,0,0,0,0,0,0,0,0,0,0,0,0,0,0,0,0,0,0,0,0,0,0,0,0,0,0,0,0,0
"28",129.571125,130.81735,130.913925,131.07505,131.122375,131.173975,131.175325,131.222025,131.248,131.281125,131.32,131.365175,131.423075,131.443325,131.483,131.5018,131.552575,131.605175,131.608175,131.650425,131.711525,131.72925,131.802625,131.9156,132.083925,132.1692,132.28535,132.3897,132.480525,132.568475,132.60315,132.6591,132.7561,132.7988,132.820025,132.872925,132.898275,132.94045,133.0322,133.07965,133.157825,133.650475,133.732175,133.77055,133.8675,134.0047,134.0374,134.61125,134.841,134.88885,134.92475,135.02565,135.04895,135.197225,135.27135,135.4865,136.09605,136.1729,136.219325,136.252,136.2619,136.31085,136.339375,136.3808,136.462475,136.489525,136.5651,136.6226,136.664325,136.6932,136.7551,136.8104,137.0093,137.1531,137.875525,137.99045,138.013,138.073225,138.13765,138.1573,138.22885,138.268375,138.30695,138.335625,138.375825,138.416175,138.447025,138.4901,138.5404,138.58505,139.4919,139.595375,139.717675,139.903125,139.950625,140.06495,140.1158,140.28225,140.3336,140.415475,140.4926,141.8454,141.850425,141.9233,142.001475,142.106175,142.19025,142.2495,142.2957,142.360375,142.39705,142.444275,142.516025,142.562375,142.61065,142.65015,142.6927,142.7612,142.8016,142.871025,142.93425,143.031275,143.1636,144.556975,144.67575,144.79455,144.894,144.993675,145.086075,145.176675,145.276025,145.433975,145.536475,145.6902,145.9331,146.15455,151.6732,152.139575,152.368375,152.5796,152.744775,153.031575,153.24195,153.5084,153.77045,153.996225,154.145275,154.4444,154.61445,154.833075,154.96915,155.135775,155.428675,155.625225,155.848925,156.010625,156.18975,156.390125,156.61215,156.807575,156.9602,157.21805,157.418125,157.67035,157.89965,158.12115,158.314775,0,0,0,0,0,0,0,0,0,0,0,0,0,0,0,0,0,0,0,0,0,0,0,0,0,0,0,0,0,0,0,0,0,0,0,0,0,0,0,0,0,0,0,0,0,0,0,0,0,0,0,0,0,0,0,0,0,0,0,0,0,0,0,0,0,0,0,0,0,0,0,0,0,0,0,0,0,0,0,0,0,0,0,0,0,0,0,0,0,0,0,0,0,0,0,0,0,0,0,0,0,0,0,0,0,0,0,0,0,0,0,0,0,0,0,0,0,0,0,0,0,0,0,0,0,0,0,0,0,0,0,0,0,0,0,0,0,0,0,0,0,0,0,0,0,0,0,0,0,0,0,0,0,0,0,0,0,0,0,0,0,0,0,0,0,0,0,0,0,0,0,0,0,0,0,0,0,0,0,0,0,0,0,0,0,0,0,0,0,0,0,0,0,0,0,0,0,0,0,0,0,0,0,0,0,0,0,0,0,0,0,0,0,0,0,0,0,0,0,0,0,0,0,0,0,0,0,0,0,0,0,0,0,0,0,0,0,0,0,0,0,0,0,0,0,0,0,0,0,0,0,0,0,0,0,0,0,0,0,0,0,0,0,0,0,0,0,0,0,0,0,0,0,0,0,0,0,0,0,0,0,0,0,0,0,0,0,0,0,0,0,0,0,0,0,0,0,0,0,0,0,0,0,0,0,0,0,0,0,0
"29",129.633325,131.6485,131.819375,131.837775,131.894425,132.88765,132.969925,133.10995,133.323175,134.87635,135.008275,135.0841,135.222925,135.335975,135.5049,136.528125,136.9149,137.324475,138.35895,139.080025,140.500675,144.253375,144.52325,144.831425,145.033475,145.343625,145.578975,145.8088,146.0225,146.3201,146.707775,147.82235,148.420925,149.3701,149.59605,149.96855,150.3698,150.70875,150.947375,151.524025,153.613125,153.97885,154.6099,154.912075,155.37935,155.94475,156.395675,156.752075,157.1367,157.529725,157.838975,158.12595,0,0,0,0,0,0,0,0,0,0,0,0,0,0,0,0,0,0,0,0,0,0,0,0,0,0,0,0,0,0,0,0,0,0,0,0,0,0,0,0,0,0,0,0,0,0,0,0,0,0,0,0,0,0,0,0,0,0,0,0,0,0,0,0,0,0,0,0,0,0,0,0,0,0,0,0,0,0,0,0,0,0,0,0,0,0,0,0,0,0,0,0,0,0,0,0,0,0,0,0,0,0,0,0,0,0,0,0,0,0,0,0,0,0,0,0,0,0,0,0,0,0,0,0,0,0,0,0,0,0,0,0,0,0,0,0,0,0,0,0,0,0,0,0,0,0,0,0,0,0,0,0,0,0,0,0,0,0,0,0,0,0,0,0,0,0,0,0,0,0,0,0,0,0,0,0,0,0,0,0,0,0,0,0,0,0,0,0,0,0,0,0,0,0,0,0,0,0,0,0,0,0,0,0,0,0,0,0,0,0,0,0,0,0,0,0,0,0,0,0,0,0,0,0,0,0,0,0,0,0,0,0,0,0,0,0,0,0,0,0,0,0,0,0,0,0,0,0,0,0,0,0,0,0,0,0,0,0,0,0,0,0,0,0,0,0,0,0,0,0,0,0,0,0,0,0,0,0,0,0,0,0,0,0,0,0,0,0,0,0,0,0,0,0,0,0,0,0,0,0,0,0,0,0,0,0,0,0,0,0,0,0,0,0,0,0,0,0,0,0,0,0,0,0,0,0,0,0,0,0,0,0,0,0,0,0,0,0,0,0,0,0,0,0,0,0,0,0,0,0,0,0,0,0,0,0,0,0,0,0,0,0,0,0,0,0,0,0,0,0,0,0,0,0,0,0,0,0,0,0,0,0,0,0,0,0,0,0,0,0,0,0,0,0,0,0,0,0,0,0,0,0,0,0,0,0,0,0,0,0,0,0,0,0,0,0,0,0,0,0,0,0,0,0,0
"30",129.964025,130.0941,130.15025,130.196225,130.2001,130.305725,130.331425,130.521275,130.8751,131.229325,131.44065,131.592,131.80125,131.81475,131.8471,131.884975,131.926325,131.9392,132.33145,132.48315,132.53775,132.616225,132.76065,132.7707,133.115925,133.28435,133.502075,133.7786,133.87935,134.04,134.126625,134.140725,134.268625,134.352325,134.46625,134.541325,134.566425,134.622325,135.228575,135.261225,135.355,135.459125,135.57435,135.908475,136.17475,136.254625,136.25715,136.33505,136.608575,136.626825,136.66255,136.710525,136.75895,136.794625,136.85495,137.020075,137.070125,137.1194,137.132825,137.17315,137.195225,137.217275,137.219275,137.255475,137.279725,137.2846,137.310675,137.3413,137.3595,137.400725,137.58945,138.404075,138.410775,138.473475,138.505825,138.5908,138.6113,138.669375,138.6968,138.7039,138.79395,138.826375,138.853375,138.869175,138.955975,138.9937,139.740525,139.78315,139.9841,140.03885,140.077975,140.1119,140.150275,140.177625,140.206925,140.234775,140.25695,140.29675,140.325825,140.346,140.3798,140.399,140.438825,140.4611,140.5259,140.578325,140.6141,140.676925,141.1981,141.2752,141.774725,142.45695,142.54195,142.62065,142.689075,142.723025,142.78735,142.82935,142.835475,142.92055,143.036425,143.087325,143.1223,143.174775,143.234125,143.2913,143.366825,143.369425,145.542525,0,0,0,0,0,0,0,0,0,0,0,0,0,0,0,0,0,0,0,0,0,0,0,0,0,0,0,0,0,0,0,0,0,0,0,0,0,0,0,0,0,0,0,0,0,0,0,0,0,0,0,0,0,0,0,0,0,0,0,0,0,0,0,0,0,0,0,0,0,0,0,0,0,0,0,0,0,0,0,0,0,0,0,0,0,0,0,0,0,0,0,0,0,0,0,0,0,0,0,0,0,0,0,0,0,0,0,0,0,0,0,0,0,0,0,0,0,0,0,0,0,0,0,0,0,0,0,0,0,0,0,0,0,0,0,0,0,0,0,0,0,0,0,0,0,0,0,0,0,0,0,0,0,0,0,0,0,0,0,0,0,0,0,0,0,0,0,0,0,0,0,0,0,0,0,0,0,0,0,0,0,0,0,0,0,0,0,0,0,0,0,0,0,0,0,0,0,0,0,0,0,0,0,0,0,0,0,0,0,0,0,0,0,0,0,0,0,0,0,0,0,0,0,0,0,0,0,0,0,0,0,0,0,0,0,0,0,0,0,0,0,0,0,0,0,0,0,0,0,0,0,0,0,0,0,0,0,0,0,0,0,0,0,0,0,0,0,0,0,0,0,0,0,0,0,0,0,0,0,0,0,0,0,0,0,0,0,0,0,0,0,0,0,0,0,0,0,0,0,0,0,0,0,0,0,0,0,0,0,0,0,0,0,0,0,0,0,0,0,0,0,0,0,0,0,0,0,0,0,0,0,0,0,0,0,0,0,0,0,0,0,0,0,0,0,0,0,0
"31",130.6427,130.8963,130.9738,131.01675,131.05115,131.08495,131.112075,131.12855,131.152375,131.18785,131.231925,131.2507,131.267475,131.28465,131.299875,131.31155,131.395925,131.40785,131.448625,131.463675,131.5651,131.635075,131.74695,131.7669,132.065975,132.1184,132.159225,132.20365,132.2323,132.254175,132.36225,132.3942,132.40895,132.4542,132.517175,132.572925,132.5948,132.642375,132.700125,132.706375,132.710125,132.8303,132.838775,132.852075,133.0083,133.0486,133.267825,133.35085,133.432625,133.474425,133.52105,133.534975,133.657875,133.693275,133.729075,133.747475,133.78315,133.83815,133.870725,133.890375,133.937575,133.988725,134.0749,134.10305,134.196025,134.278575,134.30065,134.31865,134.341025,134.404075,134.5262,134.720625,134.770125,134.80675,134.943375,134.96655,135.61705,135.81995,136.194475,136.27795,136.34155,136.361925,136.3796,136.413475,136.424675,136.49245,136.6851,136.72965,136.85125,136.953525,137.527225,137.573875,137.60195,137.6325,137.662,137.6973,137.738525,137.807175,137.838575,137.866,137.9107,137.918725,138.1621,138.200325,138.262425,138.320225,138.34855,138.4301,139.1355,139.279675,139.322725,139.39375,139.467425,139.488275,139.530375,139.57495,139.628725,139.677325,139.7323,140.014075,141.460275,141.50795,141.5788,141.645875,141.715825,141.80295,141.901375,141.950225,141.98235,142.47925,0,0,0,0,0,0,0,0,0,0,0,0,0,0,0,0,0,0,0,0,0,0,0,0,0,0,0,0,0,0,0,0,0,0,0,0,0,0,0,0,0,0,0,0,0,0,0,0,0,0,0,0,0,0,0,0,0,0,0,0,0,0,0,0,0,0,0,0,0,0,0,0,0,0,0,0,0,0,0,0,0,0,0,0,0,0,0,0,0,0,0,0,0,0,0,0,0,0,0,0,0,0,0,0,0,0,0,0,0,0,0,0,0,0,0,0,0,0,0,0,0,0,0,0,0,0,0,0,0,0,0,0,0,0,0,0,0,0,0,0,0,0,0,0,0,0,0,0,0,0,0,0,0,0,0,0,0,0,0,0,0,0,0,0,0,0,0,0,0,0,0,0,0,0,0,0,0,0,0,0,0,0,0,0,0,0,0,0,0,0,0,0,0,0,0,0,0,0,0,0,0,0,0,0,0,0,0,0,0,0,0,0,0,0,0,0,0,0,0,0,0,0,0,0,0,0,0,0,0,0,0,0,0,0,0,0,0,0,0,0,0,0,0,0,0,0,0,0,0,0,0,0,0,0,0,0,0,0,0,0,0,0,0,0,0,0,0,0,0,0,0,0,0,0,0,0,0,0,0,0,0,0,0,0,0,0,0,0,0,0,0,0,0,0,0,0,0,0,0,0,0,0,0,0,0,0,0,0,0,0,0,0,0,0,0,0,0,0,0,0,0,0,0,0,0,0,0,0,0,0,0,0,0,0,0,0,0,0,0,0,0,0,0,0,0,0,0
"32",129.635,129.66365,129.73515,129.758625,129.9021,130.107125,130.1145,130.16905,130.470325,130.51425,130.575925,130.6552,130.77885,130.81465,130.847175,131.080975,131.125575,131.230675,131.29275,131.342975,131.42565,131.874875,131.879775,131.892925,131.923975,131.9383,132.5133,132.536575,134.794525,135.145975,135.2941,135.422425,135.517925,135.68945,135.695375,135.74135,135.94865,135.981425,136.0014,136.0994,136.115675,136.152125,136.326625,136.66005,136.950475,137.007775,137.010475,137.177675,137.38335,138.6064,138.67315,138.732175,138.757925,138.8943,139.00205,139.985725,140.0763,140.227075,140.306575,140.337875,140.4447,140.5917,142.6795,142.75105,142.763475,142.838025,142.88615,142.925275,142.986025,143.028,143.079575,143.26875,143.38515,144.757425,144.931775,145.051875,145.448575,145.5394,146.246375,0,0,0,0,0,0,0,0,0,0,0,0,0,0,0,0,0,0,0,0,0,0,0,0,0,0,0,0,0,0,0,0,0,0,0,0,0,0,0,0,0,0,0,0,0,0,0,0,0,0,0,0,0,0,0,0,0,0,0,0,0,0,0,0,0,0,0,0,0,0,0,0,0,0,0,0,0,0,0,0,0,0,0,0,0,0,0,0,0,0,0,0,0,0,0,0,0,0,0,0,0,0,0,0,0,0,0,0,0,0,0,0,0,0,0,0,0,0,0,0,0,0,0,0,0,0,0,0,0,0,0,0,0,0,0,0,0,0,0,0,0,0,0,0,0,0,0,0,0,0,0,0,0,0,0,0,0,0,0,0,0,0,0,0,0,0,0,0,0,0,0,0,0,0,0,0,0,0,0,0,0,0,0,0,0,0,0,0,0,0,0,0,0,0,0,0,0,0,0,0,0,0,0,0,0,0,0,0,0,0,0,0,0,0,0,0,0,0,0,0,0,0,0,0,0,0,0,0,0,0,0,0,0,0,0,0,0,0,0,0,0,0,0,0,0,0,0,0,0,0,0,0,0,0,0,0,0,0,0,0,0,0,0,0,0,0,0,0,0,0,0,0,0,0,0,0,0,0,0,0,0,0,0,0,0,0,0,0,0,0,0,0,0,0,0,0,0,0,0,0,0,0,0,0,0,0,0,0,0,0,0,0,0,0,0,0,0,0,0,0,0,0,0,0,0,0,0,0,0,0,0,0,0,0,0,0,0,0,0,0,0,0,0,0,0,0,0,0,0,0,0,0,0,0,0,0,0,0,0,0,0,0,0,0,0,0,0,0,0,0,0,0,0,0,0,0,0,0,0,0,0,0,0,0,0,0,0,0,0,0,0,0,0,0,0,0,0,0
"33",131.06485,131.7528,131.95135,132.748075,132.860275,133.025025,133.154275,135.1624,135.200225,136.214175,136.261225,136.79115,137.011925,137.08185,138.8104,142.695975,143.174275,0,0,0,0,0,0,0,0,0,0,0,0,0,0,0,0,0,0,0,0,0,0,0,0,0,0,0,0,0,0,0,0,0,0,0,0,0,0,0,0,0,0,0,0,0,0,0,0,0,0,0,0,0,0,0,0,0,0,0,0,0,0,0,0,0,0,0,0,0,0,0,0,0,0,0,0,0,0,0,0,0,0,0,0,0,0,0,0,0,0,0,0,0,0,0,0,0,0,0,0,0,0,0,0,0,0,0,0,0,0,0,0,0,0,0,0,0,0,0,0,0,0,0,0,0,0,0,0,0,0,0,0,0,0,0,0,0,0,0,0,0,0,0,0,0,0,0,0,0,0,0,0,0,0,0,0,0,0,0,0,0,0,0,0,0,0,0,0,0,0,0,0,0,0,0,0,0,0,0,0,0,0,0,0,0,0,0,0,0,0,0,0,0,0,0,0,0,0,0,0,0,0,0,0,0,0,0,0,0,0,0,0,0,0,0,0,0,0,0,0,0,0,0,0,0,0,0,0,0,0,0,0,0,0,0,0,0,0,0,0,0,0,0,0,0,0,0,0,0,0,0,0,0,0,0,0,0,0,0,0,0,0,0,0,0,0,0,0,0,0,0,0,0,0,0,0,0,0,0,0,0,0,0,0,0,0,0,0,0,0,0,0,0,0,0,0,0,0,0,0,0,0,0,0,0,0,0,0,0,0,0,0,0,0,0,0,0,0,0,0,0,0,0,0,0,0,0,0,0,0,0,0,0,0,0,0,0,0,0,0,0,0,0,0,0,0,0,0,0,0,0,0,0,0,0,0,0,0,0,0,0,0,0,0,0,0,0,0,0,0,0,0,0,0,0,0,0,0,0,0,0,0,0,0,0,0,0,0,0,0,0,0,0,0,0,0,0,0,0,0,0,0,0,0,0,0,0,0,0,0,0,0,0,0,0,0,0,0,0,0,0,0,0,0,0,0,0,0,0,0,0,0,0,0,0,0,0,0,0,0,0,0,0,0,0,0,0,0,0,0,0,0,0,0,0,0,0,0,0,0
"34",131.52335,131.6795,131.781725,131.8446,131.896425,132.6259,132.9097,132.910825,133.174825,133.3031,134.516875,134.742875,135.003925,135.183825,135.344075,135.36455,135.390625,135.4108,136.1562,136.353625,136.7019,137.470375,138.156425,138.52835,138.593625,138.92225,138.93265,140.2057,142.2339,142.968425,0,0,0,0,0,0,0,0,0,0,0,0,0,0,0,0,0,0,0,0,0,0,0,0,0,0,0,0,0,0,0,0,0,0,0,0,0,0,0,0,0,0,0,0,0,0,0,0,0,0,0,0,0,0,0,0,0,0,0,0,0,0,0,0,0,0,0,0,0,0,0,0,0,0,0,0,0,0,0,0,0,0,0,0,0,0,0,0,0,0,0,0,0,0,0,0,0,0,0,0,0,0,0,0,0,0,0,0,0,0,0,0,0,0,0,0,0,0,0,0,0,0,0,0,0,0,0,0,0,0,0,0,0,0,0,0,0,0,0,0,0,0,0,0,0,0,0,0,0,0,0,0,0,0,0,0,0,0,0,0,0,0,0,0,0,0,0,0,0,0,0,0,0,0,0,0,0,0,0,0,0,0,0,0,0,0,0,0,0,0,0,0,0,0,0,0,0,0,0,0,0,0,0,0,0,0,0,0,0,0,0,0,0,0,0,0,0,0,0,0,0,0,0,0,0,0,0,0,0,0,0,0,0,0,0,0,0,0,0,0,0,0,0,0,0,0,0,0,0,0,0,0,0,0,0,0,0,0,0,0,0,0,0,0,0,0,0,0,0,0,0,0,0,0,0,0,0,0,0,0,0,0,0,0,0,0,0,0,0,0,0,0,0,0,0,0,0,0,0,0,0,0,0,0,0,0,0,0,0,0,0,0,0,0,0,0,0,0,0,0,0,0,0,0,0,0,0,0,0,0,0,0,0,0,0,0,0,0,0,0,0,0,0,0,0,0,0,0,0,0,0,0,0,0,0,0,0,0,0,0,0,0,0,0,0,0,0,0,0,0,0,0,0,0,0,0,0,0,0,0,0,0,0,0,0,0,0,0,0,0,0,0,0,0,0,0,0,0,0,0,0,0,0,0,0,0,0,0,0,0,0,0,0,0,0,0,0,0,0,0,0,0,0,0,0,0,0,0,0,0,0,0,0,0,0,0,0,0,0,0,0,0,0,0,0,0,0
"35",129.61095,129.7635,129.943625,130.1796,130.2169,130.270625,130.313175,130.389625,130.6298,130.728175,131.791925,134.72265,134.821025,134.9042,135.143425,135.3255,135.3994,137.0429,137.181525,138.838125,140.942,144.6559,0,0,0,0,0,0,0,0,0,0,0,0,0,0,0,0,0,0,0,0,0,0,0,0,0,0,0,0,0,0,0,0,0,0,0,0,0,0,0,0,0,0,0,0,0,0,0,0,0,0,0,0,0,0,0,0,0,0,0,0,0,0,0,0,0,0,0,0,0,0,0,0,0,0,0,0,0,0,0,0,0,0,0,0,0,0,0,0,0,0,0,0,0,0,0,0,0,0,0,0,0,0,0,0,0,0,0,0,0,0,0,0,0,0,0,0,0,0,0,0,0,0,0,0,0,0,0,0,0,0,0,0,0,0,0,0,0,0,0,0,0,0,0,0,0,0,0,0,0,0,0,0,0,0,0,0,0,0,0,0,0,0,0,0,0,0,0,0,0,0,0,0,0,0,0,0,0,0,0,0,0,0,0,0,0,0,0,0,0,0,0,0,0,0,0,0,0,0,0,0,0,0,0,0,0,0,0,0,0,0,0,0,0,0,0,0,0,0,0,0,0,0,0,0,0,0,0,0,0,0,0,0,0,0,0,0,0,0,0,0,0,0,0,0,0,0,0,0,0,0,0,0,0,0,0,0,0,0,0,0,0,0,0,0,0,0,0,0,0,0,0,0,0,0,0,0,0,0,0,0,0,0,0,0,0,0,0,0,0,0,0,0,0,0,0,0,0,0,0,0,0,0,0,0,0,0,0,0,0,0,0,0,0,0,0,0,0,0,0,0,0,0,0,0,0,0,0,0,0,0,0,0,0,0,0,0,0,0,0,0,0,0,0,0,0,0,0,0,0,0,0,0,0,0,0,0,0,0,0,0,0,0,0,0,0,0,0,0,0,0,0,0,0,0,0,0,0,0,0,0,0,0,0,0,0,0,0,0,0,0,0,0,0,0,0,0,0,0,0,0,0,0,0,0,0,0,0,0,0,0,0,0,0,0,0,0,0,0,0,0,0,0,0,0,0,0,0,0,0,0,0,0,0,0,0,0,0,0,0,0,0,0,0,0,0,0,0,0,0,0,0,0,0,0,0
"36",130.333875,130.535725,130.590825,130.628625,130.94995,130.98675,131.001775,131.494975,132.03565,132.153825,132.378725,133.485325,133.8184,135.023675,135.458775,135.5646,135.637325,135.6939,136.807275,136.87675,136.9576,137.0508,137.1844,137.56325,138.31615,138.444075,138.485975,138.538725,138.634225,138.694925,139.994775,140.072825,140.16265,140.183575,140.2916,140.33595,142.272825,142.366625,142.469875,142.504025,142.563475,142.66035,142.70835,142.7896,142.840625,142.884675,142.9352,143.0431,143.0991,0,0,0,0,0,0,0,0,0,0,0,0,0,0,0,0,0,0,0,0,0,0,0,0,0,0,0,0,0,0,0,0,0,0,0,0,0,0,0,0,0,0,0,0,0,0,0,0,0,0,0,0,0,0,0,0,0,0,0,0,0,0,0,0,0,0,0,0,0,0,0,0,0,0,0,0,0,0,0,0,0,0,0,0,0,0,0,0,0,0,0,0,0,0,0,0,0,0,0,0,0,0,0,0,0,0,0,0,0,0,0,0,0,0,0,0,0,0,0,0,0,0,0,0,0,0,0,0,0,0,0,0,0,0,0,0,0,0,0,0,0,0,0,0,0,0,0,0,0,0,0,0,0,0,0,0,0,0,0,0,0,0,0,0,0,0,0,0,0,0,0,0,0,0,0,0,0,0,0,0,0,0,0,0,0,0,0,0,0,0,0,0,0,0,0,0,0,0,0,0,0,0,0,0,0,0,0,0,0,0,0,0,0,0,0,0,0,0,0,0,0,0,0,0,0,0,0,0,0,0,0,0,0,0,0,0,0,0,0,0,0,0,0,0,0,0,0,0,0,0,0,0,0,0,0,0,0,0,0,0,0,0,0,0,0,0,0,0,0,0,0,0,0,0,0,0,0,0,0,0,0,0,0,0,0,0,0,0,0,0,0,0,0,0,0,0,0,0,0,0,0,0,0,0,0,0,0,0,0,0,0,0,0,0,0,0,0,0,0,0,0,0,0,0,0,0,0,0,0,0,0,0,0,0,0,0,0,0,0,0,0,0,0,0,0,0,0,0,0,0,0,0,0,0,0,0,0,0,0,0,0,0,0,0,0,0,0,0,0,0,0,0,0,0,0,0,0,0,0,0,0,0,0,0,0,0,0,0,0,0,0,0,0,0,0,0,0,0,0,0,0,0,0,0,0,0,0,0,0,0,0,0,0,0,0,0,0,0,0,0,0,0,0,0,0,0,0,0
"37",130.20295,130.61355,130.66025,131.30335,131.575225,131.817475,131.86145,131.99175,132.655175,132.753375,133.0699,133.249375,133.277,134.732425,134.77385,135.08565,135.408975,135.436775,135.61625,135.716325,137.121225,137.20835,0,0,0,0,0,0,0,0,0,0,0,0,0,0,0,0,0,0,0,0,0,0,0,0,0,0,0,0,0,0,0,0,0,0,0,0,0,0,0,0,0,0,0,0,0,0,0,0,0,0,0,0,0,0,0,0,0,0,0,0,0,0,0,0,0,0,0,0,0,0,0,0,0,0,0,0,0,0,0,0,0,0,0,0,0,0,0,0,0,0,0,0,0,0,0,0,0,0,0,0,0,0,0,0,0,0,0,0,0,0,0,0,0,0,0,0,0,0,0,0,0,0,0,0,0,0,0,0,0,0,0,0,0,0,0,0,0,0,0,0,0,0,0,0,0,0,0,0,0,0,0,0,0,0,0,0,0,0,0,0,0,0,0,0,0,0,0,0,0,0,0,0,0,0,0,0,0,0,0,0,0,0,0,0,0,0,0,0,0,0,0,0,0,0,0,0,0,0,0,0,0,0,0,0,0,0,0,0,0,0,0,0,0,0,0,0,0,0,0,0,0,0,0,0,0,0,0,0,0,0,0,0,0,0,0,0,0,0,0,0,0,0,0,0,0,0,0,0,0,0,0,0,0,0,0,0,0,0,0,0,0,0,0,0,0,0,0,0,0,0,0,0,0,0,0,0,0,0,0,0,0,0,0,0,0,0,0,0,0,0,0,0,0,0,0,0,0,0,0,0,0,0,0,0,0,0,0,0,0,0,0,0,0,0,0,0,0,0,0,0,0,0,0,0,0,0,0,0,0,0,0,0,0,0,0,0,0,0,0,0,0,0,0,0,0,0,0,0,0,0,0,0,0,0,0,0,0,0,0,0,0,0,0,0,0,0,0,0,0,0,0,0,0,0,0,0,0,0,0,0,0,0,0,0,0,0,0,0,0,0,0,0,0,0,0,0,0,0,0,0,0,0,0,0,0,0,0,0,0,0,0,0,0,0,0,0,0,0,0,0,0,0,0,0,0,0,0,0,0,0,0,0,0,0,0,0,0,0,0,0,0,0,0,0,0,0,0,0,0,0,0,0,0,0,0
"38",130.090375,130.65475,130.773325,130.984575,131.027925,131.140225,131.2824,131.356675,131.58445,131.741775,132.18265,132.37055,132.386225,132.43755,132.681225,132.692425,132.76765,132.875675,132.9214,133.040575,133.384325,133.533525,133.573225,133.623275,133.64045,133.801075,134.03045,134.337075,134.358925,134.39635,134.628925,134.652525,134.663575,135.950875,135.9976,136.319275,137.183175,137.658675,137.76135,137.830925,137.8446,137.946925,137.97455,138.010125,138.05985,139.28895,139.5239,0,0,0,0,0,0,0,0,0,0,0,0,0,0,0,0,0,0,0,0,0,0,0,0,0,0,0,0,0,0,0,0,0,0,0,0,0,0,0,0,0,0,0,0,0,0,0,0,0,0,0,0,0,0,0,0,0,0,0,0,0,0,0,0,0,0,0,0,0,0,0,0,0,0,0,0,0,0,0,0,0,0,0,0,0,0,0,0,0,0,0,0,0,0,0,0,0,0,0,0,0,0,0,0,0,0,0,0,0,0,0,0,0,0,0,0,0,0,0,0,0,0,0,0,0,0,0,0,0,0,0,0,0,0,0,0,0,0,0,0,0,0,0,0,0,0,0,0,0,0,0,0,0,0,0,0,0,0,0,0,0,0,0,0,0,0,0,0,0,0,0,0,0,0,0,0,0,0,0,0,0,0,0,0,0,0,0,0,0,0,0,0,0,0,0,0,0,0,0,0,0,0,0,0,0,0,0,0,0,0,0,0,0,0,0,0,0,0,0,0,0,0,0,0,0,0,0,0,0,0,0,0,0,0,0,0,0,0,0,0,0,0,0,0,0,0,0,0,0,0,0,0,0,0,0,0,0,0,0,0,0,0,0,0,0,0,0,0,0,0,0,0,0,0,0,0,0,0,0,0,0,0,0,0,0,0,0,0,0,0,0,0,0,0,0,0,0,0,0,0,0,0,0,0,0,0,0,0,0,0,0,0,0,0,0,0,0,0,0,0,0,0,0,0,0,0,0,0,0,0,0,0,0,0,0,0,0,0,0,0,0,0,0,0,0,0,0,0,0,0,0,0,0,0,0,0,0,0,0,0,0,0,0,0,0,0,0,0,0,0,0,0,0,0,0,0,0,0,0,0,0,0,0,0,0,0,0,0,0,0,0,0,0,0,0,0,0,0,0,0,0,0,0,0,0,0,0,0,0,0,0,0,0,0,0,0,0,0,0,0,0,0,0,0,0,0,0,0,0,0
"39",130.2799,130.38235,130.46375,130.52435,130.768375,130.8797,130.9102,131.6141,131.669125,131.913025,131.955625,132.589025,133.21385,133.332675,133.4024,133.918075,134.595825,134.6408,134.824025,134.9308,134.96135,135.2177,135.2586,135.55395,137.274825,138.63755,138.69885,138.735125,138.796475,138.893475,0,0,0,0,0,0,0,0,0,0,0,0,0,0,0,0,0,0,0,0,0,0,0,0,0,0,0,0,0,0,0,0,0,0,0,0,0,0,0,0,0,0,0,0,0,0,0,0,0,0,0,0,0,0,0,0,0,0,0,0,0,0,0,0,0,0,0,0,0,0,0,0,0,0,0,0,0,0,0,0,0,0,0,0,0,0,0,0,0,0,0,0,0,0,0,0,0,0,0,0,0,0,0,0,0,0,0,0,0,0,0,0,0,0,0,0,0,0,0,0,0,0,0,0,0,0,0,0,0,0,0,0,0,0,0,0,0,0,0,0,0,0,0,0,0,0,0,0,0,0,0,0,0,0,0,0,0,0,0,0,0,0,0,0,0,0,0,0,0,0,0,0,0,0,0,0,0,0,0,0,0,0,0,0,0,0,0,0,0,0,0,0,0,0,0,0,0,0,0,0,0,0,0,0,0,0,0,0,0,0,0,0,0,0,0,0,0,0,0,0,0,0,0,0,0,0,0,0,0,0,0,0,0,0,0,0,0,0,0,0,0,0,0,0,0,0,0,0,0,0,0,0,0,0,0,0,0,0,0,0,0,0,0,0,0,0,0,0,0,0,0,0,0,0,0,0,0,0,0,0,0,0,0,0,0,0,0,0,0,0,0,0,0,0,0,0,0,0,0,0,0,0,0,0,0,0,0,0,0,0,0,0,0,0,0,0,0,0,0,0,0,0,0,0,0,0,0,0,0,0,0,0,0,0,0,0,0,0,0,0,0,0,0,0,0,0,0,0,0,0,0,0,0,0,0,0,0,0,0,0,0,0,0,0,0,0,0,0,0,0,0,0,0,0,0,0,0,0,0,0,0,0,0,0,0,0,0,0,0,0,0,0,0,0,0,0,0,0,0,0,0,0,0,0,0,0,0,0,0,0,0,0,0,0,0,0,0,0,0,0,0,0,0,0,0,0,0,0,0,0,0,0,0,0,0,0,0,0,0,0,0,0,0,0,0,0,0
"40",129.706025,129.9394,129.990375,130.201825,130.337,130.35995,130.486175,130.54895,130.55195,130.58505,130.866425,130.9048,131.399225,131.5987,131.7806,131.79475,131.82985,131.8535,131.96365,131.987475,132.05325,132.2184,132.47165,132.896725,132.955925,133.225325,133.24525,133.349575,134.502425,135.006025,135.075175,135.119375,135.164425,135.28455,135.312125,135.407225,135.45245,135.596975,135.6524,135.7887,136.287425,136.301975,136.344575,136.35165,136.4044,136.45205,136.500375,136.5795,136.61645,136.650225,136.68945,136.71455,136.745425,136.7474,136.8402,136.890325,136.899275,137.065075,137.08035,137.100575,137.123,137.15855,137.19685,137.226025,137.236475,137.245175,137.327575,137.334325,137.393,137.44945,138.0686,138.116125,138.17525,138.487875,138.492375,138.58245,138.64165,138.66275,138.701625,138.855225,140.02265,140.08655,140.118425,140.1754,140.190875,140.233575,140.2858,140.309275,140.34375,140.361025,140.39325,140.43725,140.476075,140.509875,140.616475,140.6702,142.607025,142.67815,142.745725,142.78265,142.8304,142.86415,142.945775,143.019825,143.07145,143.1035,143.248375,143.342375,144.809875,144.911925,145.020725,0,0,0,0,0,0,0,0,0,0,0,0,0,0,0,0,0,0,0,0,0,0,0,0,0,0,0,0,0,0,0,0,0,0,0,0,0,0,0,0,0,0,0,0,0,0,0,0,0,0,0,0,0,0,0,0,0,0,0,0,0,0,0,0,0,0,0,0,0,0,0,0,0,0,0,0,0,0,0,0,0,0,0,0,0,0,0,0,0,0,0,0,0,0,0,0,0,0,0,0,0,0,0,0,0,0,0,0,0,0,0,0,0,0,0,0,0,0,0,0,0,0,0,0,0,0,0,0,0,0,0,0,0,0,0,0,0,0,0,0,0,0,0,0,0,0,0,0,0,0,0,0,0,0,0,0,0,0,0,0,0,0,0,0,0,0,0,0,0,0,0,0,0,0,0,0,0,0,0,0,0,0,0,0,0,0,0,0,0,0,0,0,0,0,0,0,0,0,0,0,0,0,0,0,0,0,0,0,0,0,0,0,0,0,0,0,0,0,0,0,0,0,0,0,0,0,0,0,0,0,0,0,0,0,0,0,0,0,0,0,0,0,0,0,0,0,0,0,0,0,0,0,0,0,0,0,0,0,0,0,0,0,0,0,0,0,0,0,0,0,0,0,0,0,0,0,0,0,0,0,0,0,0,0,0,0,0,0,0,0,0,0,0,0,0,0,0,0,0,0,0,0,0,0,0,0,0,0,0,0,0,0,0,0,0,0,0,0,0,0,0,0,0,0,0,0,0,0,0,0,0,0,0,0,0,0,0,0,0,0,0,0,0,0,0,0,0,0,0,0,0,0,0,0,0,0,0,0,0,0,0,0,0,0,0,0
"41",130.489025,130.682825,130.771175,130.815225,130.95505,131.010775,131.045975,131.046775,131.068925,131.082825,131.09935,131.1561,131.17455,131.1964,131.246225,131.327225,131.402125,131.4281,131.49115,131.58985,131.7162,131.763325,131.809875,131.960975,132.018225,132.3636,132.410075,132.447075,132.4905,132.53365,132.55045,132.6005,132.646075,132.756775,132.794175,132.829025,132.958325,133.391,133.563675,133.67535,133.771625,133.821725,134.01375,134.1016,134.25595,134.297625,134.35095,134.39525,134.453,134.56845,134.830725,135.03055,135.748975,135.9671,136.15435,136.2418,136.2981,136.337775,136.4086,136.434425,136.709125,136.78185,136.8432,136.930975,137.143,137.227625,137.3552,137.719325,137.944775,138.108025,138.2099,138.235325,138.273075,138.33375,138.38295,138.655425,138.762175,138.901775,138.948025,139.13075,139.49845,139.701025,139.8312,140.102075,140.1305,140.167975,140.20615,140.297875,140.45285,140.477325,140.53695,140.642,141.64225,141.91735,142.0057,142.085125,143.053225,0,0,0,0,0,0,0,0,0,0,0,0,0,0,0,0,0,0,0,0,0,0,0,0,0,0,0,0,0,0,0,0,0,0,0,0,0,0,0,0,0,0,0,0,0,0,0,0,0,0,0,0,0,0,0,0,0,0,0,0,0,0,0,0,0,0,0,0,0,0,0,0,0,0,0,0,0,0,0,0,0,0,0,0,0,0,0,0,0,0,0,0,0,0,0,0,0,0,0,0,0,0,0,0,0,0,0,0,0,0,0,0,0,0,0,0,0,0,0,0,0,0,0,0,0,0,0,0,0,0,0,0,0,0,0,0,0,0,0,0,0,0,0,0,0,0,0,0,0,0,0,0,0,0,0,0,0,0,0,0,0,0,0,0,0,0,0,0,0,0,0,0,0,0,0,0,0,0,0,0,0,0,0,0,0,0,0,0,0,0,0,0,0,0,0,0,0,0,0,0,0,0,0,0,0,0,0,0,0,0,0,0,0,0,0,0,0,0,0,0,0,0,0,0,0,0,0,0,0,0,0,0,0,0,0,0,0,0,0,0,0,0,0,0,0,0,0,0,0,0,0,0,0,0,0,0,0,0,0,0,0,0,0,0,0,0,0,0,0,0,0,0,0,0,0,0,0,0,0,0,0,0,0,0,0,0,0,0,0,0,0,0,0,0,0,0,0,0,0,0,0,0,0,0,0,0,0,0,0,0,0,0,0,0,0,0,0,0,0,0,0,0,0,0,0,0,0,0,0,0,0,0,0,0,0,0,0,0,0,0,0,0,0,0,0,0,0,0,0,0,0,0,0,0,0,0,0,0,0,0,0,0,0,0,0,0,0,0,0,0,0,0,0,0,0,0,0,0,0,0
"42",137.0534,0,0,0,0,0,0,0,0,0,0,0,0,0,0,0,0,0,0,0,0,0,0,0,0,0,0,0,0,0,0,0,0,0,0,0,0,0,0,0,0,0,0,0,0,0,0,0,0,0,0,0,0,0,0,0,0,0,0,0,0,0,0,0,0,0,0,0,0,0,0,0,0,0,0,0,0,0,0,0,0,0,0,0,0,0,0,0,0,0,0,0,0,0,0,0,0,0,0,0,0,0,0,0,0,0,0,0,0,0,0,0,0,0,0,0,0,0,0,0,0,0,0,0,0,0,0,0,0,0,0,0,0,0,0,0,0,0,0,0,0,0,0,0,0,0,0,0,0,0,0,0,0,0,0,0,0,0,0,0,0,0,0,0,0,0,0,0,0,0,0,0,0,0,0,0,0,0,0,0,0,0,0,0,0,0,0,0,0,0,0,0,0,0,0,0,0,0,0,0,0,0,0,0,0,0,0,0,0,0,0,0,0,0,0,0,0,0,0,0,0,0,0,0,0,0,0,0,0,0,0,0,0,0,0,0,0,0,0,0,0,0,0,0,0,0,0,0,0,0,0,0,0,0,0,0,0,0,0,0,0,0,0,0,0,0,0,0,0,0,0,0,0,0,0,0,0,0,0,0,0,0,0,0,0,0,0,0,0,0,0,0,0,0,0,0,0,0,0,0,0,0,0,0,0,0,0,0,0,0,0,0,0,0,0,0,0,0,0,0,0,0,0,0,0,0,0,0,0,0,0,0,0,0,0,0,0,0,0,0,0,0,0,0,0,0,0,0,0,0,0,0,0,0,0,0,0,0,0,0,0,0,0,0,0,0,0,0,0,0,0,0,0,0,0,0,0,0,0,0,0,0,0,0,0,0,0,0,0,0,0,0,0,0,0,0,0,0,0,0,0,0,0,0,0,0,0,0,0,0,0,0,0,0,0,0,0,0,0,0,0,0,0,0,0,0,0,0,0,0,0,0,0,0,0,0,0,0,0,0,0,0,0,0,0,0,0,0,0,0,0,0,0,0,0,0,0,0,0,0,0,0,0,0,0,0,0,0,0,0,0,0,0,0,0,0,0
"43",131.313975,131.5147,131.749175,132.6862,133.05605,134.642725,134.99445,135.2308,0,0,0,0,0,0,0,0,0,0,0,0,0,0,0,0,0,0,0,0,0,0,0,0,0,0,0,0,0,0,0,0,0,0,0,0,0,0,0,0,0,0,0,0,0,0,0,0,0,0,0,0,0,0,0,0,0,0,0,0,0,0,0,0,0,0,0,0,0,0,0,0,0,0,0,0,0,0,0,0,0,0,0,0,0,0,0,0,0,0,0,0,0,0,0,0,0,0,0,0,0,0,0,0,0,0,0,0,0,0,0,0,0,0,0,0,0,0,0,0,0,0,0,0,0,0,0,0,0,0,0,0,0,0,0,0,0,0,0,0,0,0,0,0,0,0,0,0,0,0,0,0,0,0,0,0,0,0,0,0,0,0,0,0,0,0,0,0,0,0,0,0,0,0,0,0,0,0,0,0,0,0,0,0,0,0,0,0,0,0,0,0,0,0,0,0,0,0,0,0,0,0,0,0,0,0,0,0,0,0,0,0,0,0,0,0,0,0,0,0,0,0,0,0,0,0,0,0,0,0,0,0,0,0,0,0,0,0,0,0,0,0,0,0,0,0,0,0,0,0,0,0,0,0,0,0,0,0,0,0,0,0,0,0,0,0,0,0,0,0,0,0,0,0,0,0,0,0,0,0,0,0,0,0,0,0,0,0,0,0,0,0,0,0,0,0,0,0,0,0,0,0,0,0,0,0,0,0,0,0,0,0,0,0,0,0,0,0,0,0,0,0,0,0,0,0,0,0,0,0,0,0,0,0,0,0,0,0,0,0,0,0,0,0,0,0,0,0,0,0,0,0,0,0,0,0,0,0,0,0,0,0,0,0,0,0,0,0,0,0,0,0,0,0,0,0,0,0,0,0,0,0,0,0,0,0,0,0,0,0,0,0,0,0,0,0,0,0,0,0,0,0,0,0,0,0,0,0,0,0,0,0,0,0,0,0,0,0,0,0,0,0,0,0,0,0,0,0,0,0,0,0,0,0,0,0,0,0,0,0,0,0,0,0,0,0,0,0,0,0,0,0,0,0,0,0,0,0,0,0,0,0,0,0,0,0,0,0,0
"44",132.558725,0,0,0,0,0,0,0,0,0,0,0,0,0,0,0,0,0,0,0,0,0,0,0,0,0,0,0,0,0,0,0,0,0,0,0,0,0,0,0,0,0,0,0,0,0,0,0,0,0,0,0,0,0,0,0,0,0,0,0,0,0,0,0,0,0,0,0,0,0,0,0,0,0,0,0,0,0,0,0,0,0,0,0,0,0,0,0,0,0,0,0,0,0,0,0,0,0,0,0,0,0,0,0,0,0,0,0,0,0,0,0,0,0,0,0,0,0,0,0,0,0,0,0,0,0,0,0,0,0,0,0,0,0,0,0,0,0,0,0,0,0,0,0,0,0,0,0,0,0,0,0,0,0,0,0,0,0,0,0,0,0,0,0,0,0,0,0,0,0,0,0,0,0,0,0,0,0,0,0,0,0,0,0,0,0,0,0,0,0,0,0,0,0,0,0,0,0,0,0,0,0,0,0,0,0,0,0,0,0,0,0,0,0,0,0,0,0,0,0,0,0,0,0,0,0,0,0,0,0,0,0,0,0,0,0,0,0,0,0,0,0,0,0,0,0,0,0,0,0,0,0,0,0,0,0,0,0,0,0,0,0,0,0,0,0,0,0,0,0,0,0,0,0,0,0,0,0,0,0,0,0,0,0,0,0,0,0,0,0,0,0,0,0,0,0,0,0,0,0,0,0,0,0,0,0,0,0,0,0,0,0,0,0,0,0,0,0,0,0,0,0,0,0,0,0,0,0,0,0,0,0,0,0,0,0,0,0,0,0,0,0,0,0,0,0,0,0,0,0,0,0,0,0,0,0,0,0,0,0,0,0,0,0,0,0,0,0,0,0,0,0,0,0,0,0,0,0,0,0,0,0,0,0,0,0,0,0,0,0,0,0,0,0,0,0,0,0,0,0,0,0,0,0,0,0,0,0,0,0,0,0,0,0,0,0,0,0,0,0,0,0,0,0,0,0,0,0,0,0,0,0,0,0,0,0,0,0,0,0,0,0,0,0,0,0,0,0,0,0,0,0,0,0,0,0,0,0,0,0,0,0,0,0,0,0,0,0,0,0,0,0,0,0,0,0,0
"45",130.100725,130.21845,130.29505,130.45715,130.589325,130.62685,130.7763,131.555875,131.61185,131.823875,131.8671,131.912575,131.936725,133.232225,133.422975,134.5929,134.633525,134.666475,134.77215,134.835725,134.880475,135.0875,135.12795,135.277975,135.374875,135.41855,135.5533,135.714325,135.82815,136.181125,136.67275,136.981275,137.076,137.1306,137.1621,137.223975,137.278275,138.511125,138.558275,138.5921,138.621575,138.661,138.69305,138.73655,138.786625,138.81395,138.867625,138.90325,140.36955,140.48885,140.636625,141.43685,143.0693,143.344625,0,0,0,0,0,0,0,0,0,0,0,0,0,0,0,0,0,0,0,0,0,0,0,0,0,0,0,0,0,0,0,0,0,0,0,0,0,0,0,0,0,0,0,0,0,0,0,0,0,0,0,0,0,0,0,0,0,0,0,0,0,0,0,0,0,0,0,0,0,0,0,0,0,0,0,0,0,0,0,0,0,0,0,0,0,0,0,0,0,0,0,0,0,0,0,0,0,0,0,0,0,0,0,0,0,0,0,0,0,0,0,0,0,0,0,0,0,0,0,0,0,0,0,0,0,0,0,0,0,0,0,0,0,0,0,0,0,0,0,0,0,0,0,0,0,0,0,0,0,0,0,0,0,0,0,0,0,0,0,0,0,0,0,0,0,0,0,0,0,0,0,0,0,0,0,0,0,0,0,0,0,0,0,0,0,0,0,0,0,0,0,0,0,0,0,0,0,0,0,0,0,0,0,0,0,0,0,0,0,0,0,0,0,0,0,0,0,0,0,0,0,0,0,0,0,0,0,0,0,0,0,0,0,0,0,0,0,0,0,0,0,0,0,0,0,0,0,0,0,0,0,0,0,0,0,0,0,0,0,0,0,0,0,0,0,0,0,0,0,0,0,0,0,0,0,0,0,0,0,0,0,0,0,0,0,0,0,0,0,0,0,0,0,0,0,0,0,0,0,0,0,0,0,0,0,0,0,0,0,0,0,0,0,0,0,0,0,0,0,0,0,0,0,0,0,0,0,0,0,0,0,0,0,0,0,0,0,0,0,0,0,0,0,0,0,0,0,0,0,0,0,0,0,0,0,0,0,0,0,0,0,0,0,0,0,0,0,0,0,0,0,0,0,0,0,0,0,0,0,0,0,0,0,0,0,0,0,0,0,0,0,0,0,0,0,0,0,0,0,0,0,0,0,0,0,0,0,0,0,0,0,0,0,0,0,0,0,0,0,0,0,0,0
"46",130.0576,130.53825,131.345875,131.3709,131.401225,131.466825,131.62865,131.71875,131.77505,132.3435,132.46085,132.523975,132.5789,132.607025,132.638075,132.675725,132.707925,132.8012,132.833325,132.85445,132.915675,132.9493,133.0458,133.105625,133.113825,133.210225,133.512575,133.6484,133.774825,133.834825,133.91465,133.95385,134.008825,134.777,134.86675,134.8968,134.98415,135.070925,136.205775,136.243175,136.2743,136.3048,136.346625,136.3741,136.393125,136.4113,136.437875,136.47255,136.49385,136.519725,136.5474,136.581125,136.64,136.67995,136.73545,136.788275,136.833525,136.874925,136.912125,136.976275,137.0408,137.074075,137.19845,137.54785,137.67975,137.81985,138.018675,138.054825,138.095375,138.1188,138.14695,138.181575,138.213125,138.2567,138.3006,138.33325,138.368675,138.40475,138.453725,138.503825,138.55535,139.38,139.524825,139.648775,139.704125,139.8084,139.888625,139.92805,139.983,140.054475,140.1341,141.814475,142.045075,142.14095,142.240875,142.323825,142.441075,142.685725,144.6288,0,0,0,0,0,0,0,0,0,0,0,0,0,0,0,0,0,0,0,0,0,0,0,0,0,0,0,0,0,0,0,0,0,0,0,0,0,0,0,0,0,0,0,0,0,0,0,0,0,0,0,0,0,0,0,0,0,0,0,0,0,0,0,0,0,0,0,0,0,0,0,0,0,0,0,0,0,0,0,0,0,0,0,0,0,0,0,0,0,0,0,0,0,0,0,0,0,0,0,0,0,0,0,0,0,0,0,0,0,0,0,0,0,0,0,0,0,0,0,0,0,0,0,0,0,0,0,0,0,0,0,0,0,0,0,0,0,0,0,0,0,0,0,0,0,0,0,0,0,0,0,0,0,0,0,0,0,0,0,0,0,0,0,0,0,0,0,0,0,0,0,0,0,0,0,0,0,0,0,0,0,0,0,0,0,0,0,0,0,0,0,0,0,0,0,0,0,0,0,0,0,0,0,0,0,0,0,0,0,0,0,0,0,0,0,0,0,0,0,0,0,0,0,0,0,0,0,0,0,0,0,0,0,0,0,0,0,0,0,0,0,0,0,0,0,0,0,0,0,0,0,0,0,0,0,0,0,0,0,0,0,0,0,0,0,0,0,0,0,0,0,0,0,0,0,0,0,0,0,0,0,0,0,0,0,0,0,0,0,0,0,0,0,0,0,0,0,0,0,0,0,0,0,0,0,0,0,0,0,0,0,0,0,0,0,0,0,0,0,0,0,0,0,0,0,0,0,0,0,0,0,0,0,0,0,0,0,0,0,0,0,0,0,0,0,0,0,0,0,0,0,0,0,0,0,0,0,0,0,0,0,0,0,0,0,0,0,0,0,0,0,0,0,0,0,0,0,0
"47",129.58975,129.6204,129.774125,129.93595,130.02165,130.05205,130.0882,130.10525,130.143,130.167575,130.541425,130.601425,130.6775,130.7267,130.907375,130.958025,131.017225,131.038025,131.101825,131.14115,131.153925,131.183575,131.1956,131.239725,131.26865,131.287475,131.32375,131.3746,131.414825,131.464525,131.486125,131.5245,131.62725,132.19225,132.22785,132.279175,132.30455,132.321875,132.375125,132.417525,132.487075,132.51075,132.542525,132.59285,132.614975,132.660075,132.678075,132.7587,132.8239,132.8683,132.976375,133.1117,133.5361,133.6966,133.793825,133.834,133.901825,134.03555,134.302075,134.360225,134.705925,134.793375,134.808975,134.8937,134.948375,134.979575,135.035175,135.076475,135.205425,135.5609,135.728,135.799975,135.914275,135.9949,136.2021,137.603825,137.66455,137.7058,137.7582,137.7905,137.863975,137.96515,138.04745,139.27075,139.36195,141.30245,141.413625,141.494,141.542475,141.617075,141.703575,141.75925,141.87265,141.96535,142.066225,144.1461,144.258425,144.417425,145.010925,0,0,0,0,0,0,0,0,0,0,0,0,0,0,0,0,0,0,0,0,0,0,0,0,0,0,0,0,0,0,0,0,0,0,0,0,0,0,0,0,0,0,0,0,0,0,0,0,0,0,0,0,0,0,0,0,0,0,0,0,0,0,0,0,0,0,0,0,0,0,0,0,0,0,0,0,0,0,0,0,0,0,0,0,0,0,0,0,0,0,0,0,0,0,0,0,0,0,0,0,0,0,0,0,0,0,0,0,0,0,0,0,0,0,0,0,0,0,0,0,0,0,0,0,0,0,0,0,0,0,0,0,0,0,0,0,0,0,0,0,0,0,0,0,0,0,0,0,0,0,0,0,0,0,0,0,0,0,0,0,0,0,0,0,0,0,0,0,0,0,0,0,0,0,0,0,0,0,0,0,0,0,0,0,0,0,0,0,0,0,0,0,0,0,0,0,0,0,0,0,0,0,0,0,0,0,0,0,0,0,0,0,0,0,0,0,0,0,0,0,0,0,0,0,0,0,0,0,0,0,0,0,0,0,0,0,0,0,0,0,0,0,0,0,0,0,0,0,0,0,0,0,0,0,0,0,0,0,0,0,0,0,0,0,0,0,0,0,0,0,0,0,0,0,0,0,0,0,0,0,0,0,0,0,0,0,0,0,0,0,0,0,0,0,0,0,0,0,0,0,0,0,0,0,0,0,0,0,0,0,0,0,0,0,0,0,0,0,0,0,0,0,0,0,0,0,0,0,0,0,0,0,0,0,0,0,0,0,0,0,0,0,0,0,0,0,0,0,0,0,0,0,0,0,0,0,0,0,0,0,0,0,0,0,0,0,0,0,0,0,0,0,0,0,0,0,0,0
"48",129.5631,129.60655,129.699325,129.7098,129.7533,129.790175,129.803225,129.873875,129.929925,129.95975,129.996225,130.029025,130.071725,130.1101,130.23015,130.276825,130.308825,130.323025,130.362875,130.450225,130.52275,130.553725,130.618475,130.82175,130.8501,130.8717,130.943575,131.185825,131.581975,131.732775,131.8079,131.83235,131.8827,131.90655,131.965325,132.022225,132.07745,132.5995,133.195125,133.37085,134.632525,135.221275,135.334225,135.7855,135.825725,135.8809,135.935575,136.039175,136.10285,136.728125,136.87095,136.927,137.09195,137.1497,137.19075,137.2416,137.2666,137.309225,137.357575,137.4183,137.49605,138.4792,138.5211,138.594025,138.608675,138.63655,138.659125,138.679275,138.70025,138.721475,138.741375,138.778875,138.822375,138.883475,138.90465,138.9362,138.968575,140.031525,140.105425,140.269275,140.310625,140.340475,140.376075,140.42865,140.498725,140.57725,140.60985,140.6668,140.703925,140.770425,142.727375,142.91195,142.99275,143.04075,143.07265,143.1315,143.180275,143.2651,143.322725,143.402025,143.4931,145.407775,145.6271,0,0,0,0,0,0,0,0,0,0,0,0,0,0,0,0,0,0,0,0,0,0,0,0,0,0,0,0,0,0,0,0,0,0,0,0,0,0,0,0,0,0,0,0,0,0,0,0,0,0,0,0,0,0,0,0,0,0,0,0,0,0,0,0,0,0,0,0,0,0,0,0,0,0,0,0,0,0,0,0,0,0,0,0,0,0,0,0,0,0,0,0,0,0,0,0,0,0,0,0,0,0,0,0,0,0,0,0,0,0,0,0,0,0,0,0,0,0,0,0,0,0,0,0,0,0,0,0,0,0,0,0,0,0,0,0,0,0,0,0,0,0,0,0,0,0,0,0,0,0,0,0,0,0,0,0,0,0,0,0,0,0,0,0,0,0,0,0,0,0,0,0,0,0,0,0,0,0,0,0,0,0,0,0,0,0,0,0,0,0,0,0,0,0,0,0,0,0,0,0,0,0,0,0,0,0,0,0,0,0,0,0,0,0,0,0,0,0,0,0,0,0,0,0,0,0,0,0,0,0,0,0,0,0,0,0,0,0,0,0,0,0,0,0,0,0,0,0,0,0,0,0,0,0,0,0,0,0,0,0,0,0,0,0,0,0,0,0,0,0,0,0,0,0,0,0,0,0,0,0,0,0,0,0,0,0,0,0,0,0,0,0,0,0,0,0,0,0,0,0,0,0,0,0,0,0,0,0,0,0,0,0,0,0,0,0,0,0,0,0,0,0,0,0,0,0,0,0,0,0,0,0,0,0,0,0,0,0,0,0,0,0,0,0,0,0,0,0,0,0,0,0,0,0,0,0,0,0,0,0,0,0,0,0,0,0,0,0,0,0,0,0,0,0
"49",130.02645,130.06045,130.152875,130.31545,130.43095,130.49395,130.568775,130.603425,130.633325,130.705625,130.7208,130.74535,130.856525,131.070375,131.093125,131.110675,131.181675,131.237775,131.294425,131.30715,131.3793,131.3871,131.4204,131.45845,131.477325,131.516,131.541175,131.570875,131.603325,131.6422,131.674,131.835075,131.997225,132.056975,132.083,132.123475,132.13965,132.1655,132.19675,132.248375,132.276175,132.295725,132.32375,132.33815,132.3613,132.4058,132.4142,132.42585,132.481675,132.511925,132.543675,132.564775,132.587675,132.59755,132.6191,132.62705,132.664475,132.6876,132.697725,132.716425,132.7345,132.7466,132.815325,132.83685,132.902475,132.965525,133.159,133.4213,133.5048,133.518775,133.550925,133.5825,133.5969,133.61335,133.65405,133.6713,133.69085,133.7091,133.723525,133.739125,133.7602,133.773225,133.790375,133.823325,133.85385,133.872675,134.0687,134.109625,134.27435,134.44475,134.46065,134.4813,134.49505,134.52525,134.53945,134.550025,134.572375,134.585825,134.601825,134.62045,134.669575,134.69695,134.708275,134.72635,134.766025,134.77835,134.79105,134.812225,134.829175,134.847075,134.872325,134.900575,135.498875,135.52335,135.555575,135.583525,135.594275,135.625425,135.635,135.64595,135.66065,135.6925,135.70985,135.732825,135.746775,135.772525,135.8142,135.8445,135.856325,135.88665,135.911725,135.984075,136.025,136.0455,136.06635,136.083975,136.114375,136.135425,136.162575,136.189,136.227075,136.51335,137.57035,137.614,137.631525,137.690975,137.702575,137.714725,137.732,137.744075,137.77885,137.78765,137.805925,137.86075,137.881575,137.893025,137.903825,137.9221,137.936475,137.9586,137.983475,138.00175,138.02145,138.039025,138.081925,138.1109,138.13085,138.16685,138.322425,138.386575,139.320225,139.34985,139.387925,139.41825,139.4368,139.4591,139.4773,139.50485,139.548825,139.5819,139.616675,139.68995,141.38595,141.4768,141.572025,141.62085,141.6826,141.711275,141.747525,141.807475,141.842625,141.876675,141.9315,141.957425,141.9972,142.100625,0,0,0,0,0,0,0,0,0,0,0,0,0,0,0,0,0,0,0,0,0,0,0,0,0,0,0,0,0,0,0,0,0,0,0,0,0,0,0,0,0,0,0,0,0,0,0,0,0,0,0,0,0,0,0,0,0,0,0,0,0,0,0,0,0,0,0,0,0,0,0,0,0,0,0,0,0,0,0,0,0,0,0,0,0,0,0,0,0,0,0,0,0,0,0,0,0,0,0,0,0,0,0,0,0,0,0,0,0,0,0,0,0,0,0,0,0,0,0,0,0,0,0,0,0,0,0,0,0,0,0,0,0,0,0,0,0,0,0,0,0,0,0,0,0,0,0,0,0,0,0,0,0,0,0,0,0,0,0,0,0,0,0,0,0,0,0,0,0,0,0,0,0,0,0,0,0,0,0,0,0,0,0,0,0,0,0,0,0,0,0,0,0,0,0,0,0,0,0,0,0,0,0,0,0,0,0,0,0,0,0,0,0,0,0,0,0,0,0,0,0,0,0,0,0,0,0,0,0,0,0,0,0,0,0,0,0,0,0,0,0,0,0,0,0,0,0,0,0,0,0,0,0,0,0,0,0,0,0,0,0,0,0,0,0,0,0,0,0,0,0,0,0,0,0,0,0,0,0,0,0
"50",129.6401,129.706725,129.77725,129.8329,129.835325,129.910675,130.03345,130.067925,130.07925,130.0911,130.138125,130.191775,130.252425,130.279975,130.31455,130.35815,130.403375,130.45085,130.501575,130.56205,130.584975,130.599,130.617025,130.625325,130.63685,130.655825,130.664125,130.69905,130.7341,130.7573,130.7733,130.787775,130.816425,130.8488,130.881325,130.9119,130.977575,131.096725,131.13455,131.147025,131.202325,131.2066,131.213425,131.2422,131.25805,131.291675,131.310725,131.329025,131.34325,131.40205,131.417675,131.435675,131.449975,131.462675,131.482275,131.511025,131.5272,131.588225,131.6123,131.61395,131.6278,131.651225,131.65775,131.679275,131.682125,131.702275,131.707125,131.72395,131.735375,131.777025,131.809,131.8208,131.858,131.894375,131.906425,131.915675,131.9267,131.945025,131.981175,132.07335,132.097,132.110825,132.19025,132.19205,132.253325,132.25685,132.267625,132.33835,132.3706,132.38605,132.415025,132.451175,132.475175,132.49455,132.505925,132.52005,132.5431,132.555925,132.55875,132.572,132.579825,132.6011,132.614275,132.630775,132.6607,132.664475,132.678725,132.6822,132.687625,132.6997,132.70545,132.72155,132.73605,132.763425,132.770575,132.790375,132.7995,132.81485,132.836,132.8528,132.869625,132.8937,132.92385,132.94645,132.95505,133.004575,133.01485,133.01775,133.027675,133.0533,133.089325,133.105325,133.1449,133.175775,133.194,133.2257,133.22745,133.24345,133.267375,133.325675,133.353825,133.3801,133.3873,133.421875,133.4393,133.461925,133.510875,133.512575,133.5307,133.556975,133.58685,133.6299,133.6448,133.677625,133.721575,133.7261,133.766275,133.79015,133.85255,133.8631,133.922325,133.93295,133.956925,133.97905,133.98125,133.995575,134.000725,134.011575,134.023625,134.044225,134.0617,134.076725,134.096775,134.10555,134.121575,134.1438,134.16385,134.176775,134.2038,134.213825,134.219925,134.251325,134.25495,134.271325,134.280275,134.3193,134.328625,134.3548,134.358775,134.398425,134.434675,134.43905,134.45315,134.461975,134.47815,134.481725,134.49635,134.511525,134.534475,134.539575,134.55385,134.5607,134.574675,134.583325,134.586575,134.6017,134.6166,134.63985,134.694225,134.696625,134.715325,134.7439,134.7494,134.76325,134.771425,134.777675,134.7953,134.8109,134.815825,134.8334,134.8538,134.885325,134.89965,134.92375,134.928075,134.943225,134.95665,134.9597,134.996925,135.0037,135.011125,135.046675,135.058625,135.074975,135.09095,135.119425,135.126775,135.143325,135.15235,135.183975,135.20535,135.236575,135.3891,135.419175,135.480375,135.512525,135.53025,135.56485,135.600975,135.61925,135.639025,135.6948,135.77635,135.8141,135.840725,135.86805,135.889375,135.957675,136.0049,136.052425,136.071525,136.08775,136.12555,136.161575,136.225875,136.23245,136.2567,136.281825,136.30245,136.334,136.34885,136.3568,136.3812,136.39095,136.4106,136.433625,136.445475,136.455225,136.47805,136.503675,136.5449,136.559775,136.60165,136.6352,136.657775,136.6918,136.708375,136.747275,136.7934,136.88915,136.9699,136.98995,137.17105,137.404475,137.63025,137.70555,137.718825,137.757825,137.7807,137.789375,137.804625,137.83,137.8536,137.87385,137.880825,137.91285,137.92405,137.938625,137.96175,138.001725,138.0073,138.0337,138.05275,138.078425,138.083575,138.101325,138.1162,138.14495,138.151375,138.167625,138.181,138.268975,138.3096,138.4583,138.894975,139.064625,139.214125,139.293525,139.30965,139.32085,139.370675,139.39705,139.440575,139.44975,139.523875,139.556575,139.571575,139.58475,139.629325,139.634025,139.66815,139.71085,139.82885,140.97335,141.0979,141.319325,141.4431,141.6114,141.678725,141.764,141.7774,142.15825,144.35645,0,0,0,0,0,0,0,0,0,0,0,0,0,0,0,0,0,0,0,0,0,0,0,0,0,0,0,0,0,0,0,0,0,0,0,0,0,0,0,0,0,0,0,0,0,0,0,0,0,0,0,0,0,0,0,0,0,0,0,0,0,0,0,0,0,0,0,0,0,0,0,0,0,0,0,0,0,0,0,0,0,0,0,0,0,0,0,0,0,0,0,0,0,0,0,0,0,0,0,0,0,0,0,0,0,0,0,0,0,0,0,0,0,0,0,0,0,0,0,0,0,0,0,0
"51",130.57775,130.60505,130.6636,130.7331,130.7522,130.776825,130.8026,130.831,130.85115,130.870675,130.92105,130.93475,130.947825,130.96635,130.978925,130.991275,131.007675,131.055275,131.0712,131.0802,131.088825,131.16795,131.191575,131.221175,131.24905,131.26285,131.28595,131.32125,131.361125,131.379,131.400775,132.03685,132.06265,132.1054,132.134925,132.1486,132.1767,132.212525,132.224425,132.28205,132.312275,132.364975,132.381075,132.41185,132.4356,132.452425,132.486525,132.498625,132.5297,132.550125,132.572775,132.58595,132.607025,132.640675,132.655725,132.668925,132.73445,133.31705,133.51725,133.5489,133.6289,133.651225,133.67395,133.713025,133.77215,133.80485,133.82445,133.833475,133.854975,133.8979,133.91165,133.923925,133.948775,133.961225,133.977375,133.998675,134.01835,134.051225,134.064375,134.079925,134.127925,134.1385,134.1534,134.16755,134.18545,134.203,134.228775,134.24865,134.279275,134.302825,134.323725,134.343225,134.356725,134.3824,134.440375,134.487475,134.502925,134.55135,134.64175,135.650225,135.693525,135.723925,135.77045,135.788075,135.835275,135.85405,135.883825,135.903825,135.92255,135.9529,135.97205,135.98285,136.0053,136.0272,136.042925,136.06275,136.135575,136.174525,136.186,136.212725,136.227925,136.241575,136.25995,136.2731,136.2927,136.3294,136.346575,136.374125,136.3937,136.4058,136.42855,136.444425,136.46045,136.484125,136.53185,136.56805,136.636225,136.6632,136.698025,137.52505,137.56245,137.598675,137.626075,137.667,137.688525,137.720625,137.743425,137.804175,137.832175,137.84545,137.8751,137.89545,137.911925,137.9292,137.9569,137.9728,137.98855,138.007025,138.03575,138.0592,138.08735,138.1095,138.15075,138.188325,138.233275,139.1125,139.15225,139.169475,139.213175,139.24305,139.2666,139.328275,139.356575,139.389075,139.427,139.442675,139.475775,139.50575,139.52535,139.54655,139.58665,139.618975,139.6345,139.665825,139.6822,139.7345,139.795075,139.8877,140.94115,141.021225,141.054875,141.123675,141.1749,141.206475,141.243675,141.280475,141.30495,141.34025,141.37355,141.41075,141.4351,141.47235,141.518025,141.549675,141.579575,141.6118,141.6543,141.68055,141.721325,141.75805,141.797825,141.82885,141.854075,141.881425,141.912975,142.0026,142.0431,143.746375,143.875725,143.97965,144.098325,144.214125,0,0,0,0,0,0,0,0,0,0,0,0,0,0,0,0,0,0,0,0,0,0,0,0,0,0,0,0,0,0,0,0,0,0,0,0,0,0,0,0,0,0,0,0,0,0,0,0,0,0,0,0,0,0,0,0,0,0,0,0,0,0,0,0,0,0,0,0,0,0,0,0,0,0,0,0,0,0,0,0,0,0,0,0,0,0,0,0,0,0,0,0,0,0,0,0,0,0,0,0,0,0,0,0,0,0,0,0,0,0,0,0,0,0,0,0,0,0,0,0,0,0,0,0,0,0,0,0,0,0,0,0,0,0,0,0,0,0,0,0,0,0,0,0,0,0,0,0,0,0,0,0,0,0,0,0,0,0,0,0,0,0,0,0,0,0,0,0,0,0,0,0,0,0,0,0,0,0,0,0,0,0,0,0,0,0,0,0,0,0,0,0,0,0,0,0,0,0,0,0,0,0,0,0,0,0,0,0,0,0,0,0,0,0,0,0,0,0,0,0,0,0,0,0,0,0,0,0,0,0,0,0,0,0,0,0,0,0,0,0,0,0,0,0,0,0,0,0,0,0,0,0,0,0,0
"52",129.965725,130.93955,131.5335,131.804675,132.524125,132.655025,133.4243,133.604125,133.822875,136.0564,136.14115,136.21035,136.3607,136.479425,136.687625,136.819775,136.8877,137.037825,137.6575,138.075225,138.165775,138.291125,138.403525,138.4864,138.526275,138.57705,138.6308,138.70665,138.804,139.543575,139.5979,139.675725,139.72735,139.777525,139.8147,139.895025,139.916775,139.94805,139.968125,139.99845,140.045075,140.070475,140.08715,140.1154,140.172475,140.2039,140.250175,140.332475,140.372675,140.471,140.5699,142.1138,142.1906,142.302625,142.340775,142.40335,142.547,142.62775,142.6958,142.75725,143.059975,143.2962,144.66735,144.742425,144.8608,144.993475,145.072425,145.15185,145.230375,145.386025,145.5766,145.8689,146.16715,0,0,0,0,0,0,0,0,0,0,0,0,0,0,0,0,0,0,0,0,0,0,0,0,0,0,0,0,0,0,0,0,0,0,0,0,0,0,0,0,0,0,0,0,0,0,0,0,0,0,0,0,0,0,0,0,0,0,0,0,0,0,0,0,0,0,0,0,0,0,0,0,0,0,0,0,0,0,0,0,0,0,0,0,0,0,0,0,0,0,0,0,0,0,0,0,0,0,0,0,0,0,0,0,0,0,0,0,0,0,0,0,0,0,0,0,0,0,0,0,0,0,0,0,0,0,0,0,0,0,0,0,0,0,0,0,0,0,0,0,0,0,0,0,0,0,0,0,0,0,0,0,0,0,0,0,0,0,0,0,0,0,0,0,0,0,0,0,0,0,0,0,0,0,0,0,0,0,0,0,0,0,0,0,0,0,0,0,0,0,0,0,0,0,0,0,0,0,0,0,0,0,0,0,0,0,0,0,0,0,0,0,0,0,0,0,0,0,0,0,0,0,0,0,0,0,0,0,0,0,0,0,0,0,0,0,0,0,0,0,0,0,0,0,0,0,0,0,0,0,0,0,0,0,0,0,0,0,0,0,0,0,0,0,0,0,0,0,0,0,0,0,0,0,0,0,0,0,0,0,0,0,0,0,0,0,0,0,0,0,0,0,0,0,0,0,0,0,0,0,0,0,0,0,0,0,0,0,0,0,0,0,0,0,0,0,0,0,0,0,0,0,0,0,0,0,0,0,0,0,0,0,0,0,0,0,0,0,0,0,0,0,0,0,0,0,0,0,0,0,0,0,0,0,0,0,0,0,0,0,0,0,0,0,0,0,0,0,0,0,0,0,0,0,0,0,0,0,0,0,0,0,0,0,0,0,0,0,0,0,0,0,0,0,0,0,0,0,0,0,0,0,0,0
"53",130.8925,130.956775,130.983475,131.057975,131.105975,131.138375,131.1878,131.253625,131.30885,132.1689,132.21375,132.2628,132.315075,132.35245,132.43435,132.453425,132.4898,132.61645,133.752125,133.803675,133.900925,133.94185,133.97535,134.01575,134.043,134.067825,134.101775,134.17275,134.206775,134.236525,134.335675,135.961,136.019075,136.08515,136.1439,136.194775,136.2487,136.31605,136.49135,137.860175,137.90205,137.999325,0,0,0,0,0,0,0,0,0,0,0,0,0,0,0,0,0,0,0,0,0,0,0,0,0,0,0,0,0,0,0,0,0,0,0,0,0,0,0,0,0,0,0,0,0,0,0,0,0,0,0,0,0,0,0,0,0,0,0,0,0,0,0,0,0,0,0,0,0,0,0,0,0,0,0,0,0,0,0,0,0,0,0,0,0,0,0,0,0,0,0,0,0,0,0,0,0,0,0,0,0,0,0,0,0,0,0,0,0,0,0,0,0,0,0,0,0,0,0,0,0,0,0,0,0,0,0,0,0,0,0,0,0,0,0,0,0,0,0,0,0,0,0,0,0,0,0,0,0,0,0,0,0,0,0,0,0,0,0,0,0,0,0,0,0,0,0,0,0,0,0,0,0,0,0,0,0,0,0,0,0,0,0,0,0,0,0,0,0,0,0,0,0,0,0,0,0,0,0,0,0,0,0,0,0,0,0,0,0,0,0,0,0,0,0,0,0,0,0,0,0,0,0,0,0,0,0,0,0,0,0,0,0,0,0,0,0,0,0,0,0,0,0,0,0,0,0,0,0,0,0,0,0,0,0,0,0,0,0,0,0,0,0,0,0,0,0,0,0,0,0,0,0,0,0,0,0,0,0,0,0,0,0,0,0,0,0,0,0,0,0,0,0,0,0,0,0,0,0,0,0,0,0,0,0,0,0,0,0,0,0,0,0,0,0,0,0,0,0,0,0,0,0,0,0,0,0,0,0,0,0,0,0,0,0,0,0,0,0,0,0,0,0,0,0,0,0,0,0,0,0,0,0,0,0,0,0,0,0,0,0,0,0,0,0,0,0,0,0,0,0,0,0,0,0,0,0,0,0,0,0,0,0,0,0,0,0,0,0,0,0,0,0,0,0,0,0,0,0,0,0,0,0,0,0,0,0,0,0,0,0,0,0,0,0,0,0,0,0,0,0,0,0,0,0,0,0,0,0,0,0,0,0,0,0
"54",130.826025,130.87965,131.01605,131.162775,132.3929,134.2872,136.053425,137.8232,137.909875,0,0,0,0,0,0,0,0,0,0,0,0,0,0,0,0,0,0,0,0,0,0,0,0,0,0,0,0,0,0,0,0,0,0,0,0,0,0,0,0,0,0,0,0,0,0,0,0,0,0,0,0,0,0,0,0,0,0,0,0,0,0,0,0,0,0,0,0,0,0,0,0,0,0,0,0,0,0,0,0,0,0,0,0,0,0,0,0,0,0,0,0,0,0,0,0,0,0,0,0,0,0,0,0,0,0,0,0,0,0,0,0,0,0,0,0,0,0,0,0,0,0,0,0,0,0,0,0,0,0,0,0,0,0,0,0,0,0,0,0,0,0,0,0,0,0,0,0,0,0,0,0,0,0,0,0,0,0,0,0,0,0,0,0,0,0,0,0,0,0,0,0,0,0,0,0,0,0,0,0,0,0,0,0,0,0,0,0,0,0,0,0,0,0,0,0,0,0,0,0,0,0,0,0,0,0,0,0,0,0,0,0,0,0,0,0,0,0,0,0,0,0,0,0,0,0,0,0,0,0,0,0,0,0,0,0,0,0,0,0,0,0,0,0,0,0,0,0,0,0,0,0,0,0,0,0,0,0,0,0,0,0,0,0,0,0,0,0,0,0,0,0,0,0,0,0,0,0,0,0,0,0,0,0,0,0,0,0,0,0,0,0,0,0,0,0,0,0,0,0,0,0,0,0,0,0,0,0,0,0,0,0,0,0,0,0,0,0,0,0,0,0,0,0,0,0,0,0,0,0,0,0,0,0,0,0,0,0,0,0,0,0,0,0,0,0,0,0,0,0,0,0,0,0,0,0,0,0,0,0,0,0,0,0,0,0,0,0,0,0,0,0,0,0,0,0,0,0,0,0,0,0,0,0,0,0,0,0,0,0,0,0,0,0,0,0,0,0,0,0,0,0,0,0,0,0,0,0,0,0,0,0,0,0,0,0,0,0,0,0,0,0,0,0,0,0,0,0,0,0,0,0,0,0,0,0,0,0,0,0,0,0,0,0,0,0,0,0,0,0,0,0,0,0,0,0,0,0,0,0,0,0,0,0,0,0,0,0
"55",129.9915,130.04195,130.116625,130.14775,130.182425,130.218875,130.2401,130.289725,130.352875,130.39185,130.45625,130.5154,130.54535,130.5876,130.6097,130.6607,130.76755,131.58775,131.7921,131.83145,131.866325,131.88785,131.9121,131.936,131.936775,131.959125,131.991075,132.294575,133.21225,133.289,133.406375,135.228625,135.28225,135.32115,135.43075,135.502825,135.563525,135.621675,136.841075,137.08445,137.127375,137.195075,137.241275,137.299325,137.34545,138.5698,138.660675,138.697,138.78545,138.884375,138.93405,0,0,0,0,0,0,0,0,0,0,0,0,0,0,0,0,0,0,0,0,0,0,0,0,0,0,0,0,0,0,0,0,0,0,0,0,0,0,0,0,0,0,0,0,0,0,0,0,0,0,0,0,0,0,0,0,0,0,0,0,0,0,0,0,0,0,0,0,0,0,0,0,0,0,0,0,0,0,0,0,0,0,0,0,0,0,0,0,0,0,0,0,0,0,0,0,0,0,0,0,0,0,0,0,0,0,0,0,0,0,0,0,0,0,0,0,0,0,0,0,0,0,0,0,0,0,0,0,0,0,0,0,0,0,0,0,0,0,0,0,0,0,0,0,0,0,0,0,0,0,0,0,0,0,0,0,0,0,0,0,0,0,0,0,0,0,0,0,0,0,0,0,0,0,0,0,0,0,0,0,0,0,0,0,0,0,0,0,0,0,0,0,0,0,0,0,0,0,0,0,0,0,0,0,0,0,0,0,0,0,0,0,0,0,0,0,0,0,0,0,0,0,0,0,0,0,0,0,0,0,0,0,0,0,0,0,0,0,0,0,0,0,0,0,0,0,0,0,0,0,0,0,0,0,0,0,0,0,0,0,0,0,0,0,0,0,0,0,0,0,0,0,0,0,0,0,0,0,0,0,0,0,0,0,0,0,0,0,0,0,0,0,0,0,0,0,0,0,0,0,0,0,0,0,0,0,0,0,0,0,0,0,0,0,0,0,0,0,0,0,0,0,0,0,0,0,0,0,0,0,0,0,0,0,0,0,0,0,0,0,0,0,0,0,0,0,0,0,0,0,0,0,0,0,0,0,0,0,0,0,0,0,0,0,0,0,0,0,0,0,0,0,0,0,0,0,0,0,0,0,0,0,0,0,0,0,0,0,0,0,0,0,0,0,0,0,0,0,0,0,0,0,0,0,0,0,0,0,0,0,0,0,0,0,0,0,0,0,0,0,0,0,0,0,0,0
"56",130.164575,131.00485,131.2357,132.80605,134.03115,0,0,0,0,0,0,0,0,0,0,0,0,0,0,0,0,0,0,0,0,0,0,0,0,0,0,0,0,0,0,0,0,0,0,0,0,0,0,0,0,0,0,0,0,0,0,0,0,0,0,0,0,0,0,0,0,0,0,0,0,0,0,0,0,0,0,0,0,0,0,0,0,0,0,0,0,0,0,0,0,0,0,0,0,0,0,0,0,0,0,0,0,0,0,0,0,0,0,0,0,0,0,0,0,0,0,0,0,0,0,0,0,0,0,0,0,0,0,0,0,0,0,0,0,0,0,0,0,0,0,0,0,0,0,0,0,0,0,0,0,0,0,0,0,0,0,0,0,0,0,0,0,0,0,0,0,0,0,0,0,0,0,0,0,0,0,0,0,0,0,0,0,0,0,0,0,0,0,0,0,0,0,0,0,0,0,0,0,0,0,0,0,0,0,0,0,0,0,0,0,0,0,0,0,0,0,0,0,0,0,0,0,0,0,0,0,0,0,0,0,0,0,0,0,0,0,0,0,0,0,0,0,0,0,0,0,0,0,0,0,0,0,0,0,0,0,0,0,0,0,0,0,0,0,0,0,0,0,0,0,0,0,0,0,0,0,0,0,0,0,0,0,0,0,0,0,0,0,0,0,0,0,0,0,0,0,0,0,0,0,0,0,0,0,0,0,0,0,0,0,0,0,0,0,0,0,0,0,0,0,0,0,0,0,0,0,0,0,0,0,0,0,0,0,0,0,0,0,0,0,0,0,0,0,0,0,0,0,0,0,0,0,0,0,0,0,0,0,0,0,0,0,0,0,0,0,0,0,0,0,0,0,0,0,0,0,0,0,0,0,0,0,0,0,0,0,0,0,0,0,0,0,0,0,0,0,0,0,0,0,0,0,0,0,0,0,0,0,0,0,0,0,0,0,0,0,0,0,0,0,0,0,0,0,0,0,0,0,0,0,0,0,0,0,0,0,0,0,0,0,0,0,0,0,0,0,0,0,0,0,0,0,0,0,0,0,0,0,0,0,0,0,0,0,0,0,0,0,0,0,0,0,0,0,0,0,0,0,0,0,0,0
"57",129.891,131.1644,133.857625,135.7532,135.887375,135.93985,135.96565,136.039075,136.1595,136.879175,136.972325,137.820675,137.87935,138.184075,138.336775,138.411175,138.513525,138.56045,139.380125,139.80075,139.89745,139.958925,140.021025,140.16865,140.22335,142.1506,142.2235,142.3189,142.3724,142.426025,142.46805,142.5706,142.642625,142.784425,142.82795,142.878725,143.043475,143.2164,0,0,0,0,0,0,0,0,0,0,0,0,0,0,0,0,0,0,0,0,0,0,0,0,0,0,0,0,0,0,0,0,0,0,0,0,0,0,0,0,0,0,0,0,0,0,0,0,0,0,0,0,0,0,0,0,0,0,0,0,0,0,0,0,0,0,0,0,0,0,0,0,0,0,0,0,0,0,0,0,0,0,0,0,0,0,0,0,0,0,0,0,0,0,0,0,0,0,0,0,0,0,0,0,0,0,0,0,0,0,0,0,0,0,0,0,0,0,0,0,0,0,0,0,0,0,0,0,0,0,0,0,0,0,0,0,0,0,0,0,0,0,0,0,0,0,0,0,0,0,0,0,0,0,0,0,0,0,0,0,0,0,0,0,0,0,0,0,0,0,0,0,0,0,0,0,0,0,0,0,0,0,0,0,0,0,0,0,0,0,0,0,0,0,0,0,0,0,0,0,0,0,0,0,0,0,0,0,0,0,0,0,0,0,0,0,0,0,0,0,0,0,0,0,0,0,0,0,0,0,0,0,0,0,0,0,0,0,0,0,0,0,0,0,0,0,0,0,0,0,0,0,0,0,0,0,0,0,0,0,0,0,0,0,0,0,0,0,0,0,0,0,0,0,0,0,0,0,0,0,0,0,0,0,0,0,0,0,0,0,0,0,0,0,0,0,0,0,0,0,0,0,0,0,0,0,0,0,0,0,0,0,0,0,0,0,0,0,0,0,0,0,0,0,0,0,0,0,0,0,0,0,0,0,0,0,0,0,0,0,0,0,0,0,0,0,0,0,0,0,0,0,0,0,0,0,0,0,0,0,0,0,0,0,0,0,0,0,0,0,0,0,0,0,0,0,0,0,0,0,0,0,0,0,0,0,0,0,0,0,0,0,0,0,0,0,0,0,0,0,0,0,0,0,0,0,0,0,0,0,0,0,0,0,0,0,0,0,0,0,0,0,0,0,0,0,0,0,0,0,0,0,0,0,0,0,0,0,0
"58",131.122625,131.237475,132.525475,134.719775,0,0,0,0,0,0,0,0,0,0,0,0,0,0,0,0,0,0,0,0,0,0,0,0,0,0,0,0,0,0,0,0,0,0,0,0,0,0,0,0,0,0,0,0,0,0,0,0,0,0,0,0,0,0,0,0,0,0,0,0,0,0,0,0,0,0,0,0,0,0,0,0,0,0,0,0,0,0,0,0,0,0,0,0,0,0,0,0,0,0,0,0,0,0,0,0,0,0,0,0,0,0,0,0,0,0,0,0,0,0,0,0,0,0,0,0,0,0,0,0,0,0,0,0,0,0,0,0,0,0,0,0,0,0,0,0,0,0,0,0,0,0,0,0,0,0,0,0,0,0,0,0,0,0,0,0,0,0,0,0,0,0,0,0,0,0,0,0,0,0,0,0,0,0,0,0,0,0,0,0,0,0,0,0,0,0,0,0,0,0,0,0,0,0,0,0,0,0,0,0,0,0,0,0,0,0,0,0,0,0,0,0,0,0,0,0,0,0,0,0,0,0,0,0,0,0,0,0,0,0,0,0,0,0,0,0,0,0,0,0,0,0,0,0,0,0,0,0,0,0,0,0,0,0,0,0,0,0,0,0,0,0,0,0,0,0,0,0,0,0,0,0,0,0,0,0,0,0,0,0,0,0,0,0,0,0,0,0,0,0,0,0,0,0,0,0,0,0,0,0,0,0,0,0,0,0,0,0,0,0,0,0,0,0,0,0,0,0,0,0,0,0,0,0,0,0,0,0,0,0,0,0,0,0,0,0,0,0,0,0,0,0,0,0,0,0,0,0,0,0,0,0,0,0,0,0,0,0,0,0,0,0,0,0,0,0,0,0,0,0,0,0,0,0,0,0,0,0,0,0,0,0,0,0,0,0,0,0,0,0,0,0,0,0,0,0,0,0,0,0,0,0,0,0,0,0,0,0,0,0,0,0,0,0,0,0,0,0,0,0,0,0,0,0,0,0,0,0,0,0,0,0,0,0,0,0,0,0,0,0,0,0,0,0,0,0,0,0,0,0,0,0,0,0,0,0,0,0,0,0,0,0,0,0,0,0,0,0,0,0,0,0,0
"59",133.262525,133.323225,133.435925,0,0,0,0,0,0,0,0,0,0,0,0,0,0,0,0,0,0,0,0,0,0,0,0,0,0,0,0,0,0,0,0,0,0,0,0,0,0,0,0,0,0,0,0,0,0,0,0,0,0,0,0,0,0,0,0,0,0,0,0,0,0,0,0,0,0,0,0,0,0,0,0,0,0,0,0,0,0,0,0,0,0,0,0,0,0,0,0,0,0,0,0,0,0,0,0,0,0,0,0,0,0,0,0,0,0,0,0,0,0,0,0,0,0,0,0,0,0,0,0,0,0,0,0,0,0,0,0,0,0,0,0,0,0,0,0,0,0,0,0,0,0,0,0,0,0,0,0,0,0,0,0,0,0,0,0,0,0,0,0,0,0,0,0,0,0,0,0,0,0,0,0,0,0,0,0,0,0,0,0,0,0,0,0,0,0,0,0,0,0,0,0,0,0,0,0,0,0,0,0,0,0,0,0,0,0,0,0,0,0,0,0,0,0,0,0,0,0,0,0,0,0,0,0,0,0,0,0,0,0,0,0,0,0,0,0,0,0,0,0,0,0,0,0,0,0,0,0,0,0,0,0,0,0,0,0,0,0,0,0,0,0,0,0,0,0,0,0,0,0,0,0,0,0,0,0,0,0,0,0,0,0,0,0,0,0,0,0,0,0,0,0,0,0,0,0,0,0,0,0,0,0,0,0,0,0,0,0,0,0,0,0,0,0,0,0,0,0,0,0,0,0,0,0,0,0,0,0,0,0,0,0,0,0,0,0,0,0,0,0,0,0,0,0,0,0,0,0,0,0,0,0,0,0,0,0,0,0,0,0,0,0,0,0,0,0,0,0,0,0,0,0,0,0,0,0,0,0,0,0,0,0,0,0,0,0,0,0,0,0,0,0,0,0,0,0,0,0,0,0,0,0,0,0,0,0,0,0,0,0,0,0,0,0,0,0,0,0,0,0,0,0,0,0,0,0,0,0,0,0,0,0,0,0,0,0,0,0,0,0,0,0,0,0,0,0,0,0,0,0,0,0,0,0,0,0,0,0,0,0,0,0,0,0,0,0,0,0,0,0,0,0,0,0
"60",123.967225,129.6331,129.7639,129.83845,129.9463,129.978975,130.04115,130.2518,130.52905,130.77375,130.803275,130.8048,130.81535,130.822475,130.856375,130.866525,130.88185,130.89595,130.9058,130.92715,130.93405,130.9457,130.955825,130.962675,130.964125,130.973425,130.98955,130.997575,131.00865,131.0147,131.0201,131.0371,131.0437,131.047625,131.057475,131.0997,131.111125,131.11205,131.123625,131.152025,131.16635,131.1768,131.183925,131.1956,131.209,131.223175,131.22505,131.23685,131.243875,131.25285,131.262275,131.31545,131.326125,131.334425,131.3671,131.3999,131.4382,132.10665,132.14145,132.1626,132.16965,132.19295,132.2278,132.237,132.24615,132.27615,132.31825,132.3347,132.361625,132.401375,132.423975,132.434975,132.446,132.457625,132.469,132.4739,132.5282,132.55255,132.576225,132.581475,132.58945,132.6106,132.6215,132.669375,133.480425,133.587725,133.60485,133.624575,133.63835,133.653075,133.664025,133.67815,133.67945,133.693425,133.7043,133.7139,133.739275,133.792175,133.8012,133.81025,133.820225,133.8419,133.848275,133.86105,133.869875,133.88245,133.885525,133.909375,133.919375,133.93195,133.937075,133.966325,133.97295,133.98235,133.990725,134.005,134.006925,134.0274,134.0417,134.05745,134.08805,134.127525,134.137175,134.146775,134.165875,134.170675,134.192275,134.20775,134.21595,134.2235,134.2776,134.304725,134.3271,134.337225,134.34535,134.347275,134.366875,134.377325,134.412625,134.424525,134.451375,134.487925,134.513925,134.608175,135.716975,135.722075,135.748875,135.778375,135.830475,135.86475,135.87745,135.893725,135.9117,135.93385,135.951575,135.9691,135.986025,135.993375,136.009,136.034,136.036375,136.0449,136.076675,136.092325,136.100775,136.173875,136.196225,136.251525,136.34055,136.353725,136.3707,136.382475,136.394275,136.403125,136.43225,136.440575,136.473125,136.507725,136.5353,136.56335,136.5733,136.589025,136.66655,136.7232,137.00385,137.050525,137.158525,137.56585,137.690925,137.7087,137.750075,137.780175,137.833475,137.862425,137.9037,137.96015,137.97,137.996325,138.0183,138.045875,138.05495,138.09185,138.1111,138.132275,138.150275,138.166375,138.229,138.4725,138.80095,139.164025,139.254875,139.277925,139.31415,139.436275,139.481175,139.5157,139.557325,139.580125,139.653775,139.7068,139.739325,140.042175,140.12525,140.2473,140.346075,141.065625,141.259425,141.2795,141.298025,141.318775,141.345225,141.37645,141.42455,141.466775,141.47925,141.5731,141.585875,141.66055,141.742725,141.79415,141.82405,141.8475,141.8607,141.890875,142.984475,143.671075,143.798,144.095525,0,0,0,0,0,0,0,0,0,0,0,0,0,0,0,0,0,0,0,0,0,0,0,0,0,0,0,0,0,0,0,0,0,0,0,0,0,0,0,0,0,0,0,0,0,0,0,0,0,0,0,0,0,0,0,0,0,0,0,0,0,0,0,0,0,0,0,0,0,0,0,0,0,0,0,0,0,0,0,0,0,0,0,0,0,0,0,0,0,0,0,0,0,0,0,0,0,0,0,0,0,0,0,0,0,0,0,0,0,0,0,0,0,0,0,0,0,0,0,0,0,0,0,0,0,0,0,0,0,0,0,0,0,0,0,0,0,0,0,0,0,0,0,0,0,0,0,0,0,0,0,0,0,0,0,0,0,0,0,0,0,0,0,0,0,0,0,0,0,0,0,0,0,0,0,0,0,0,0,0,0,0,0,0,0,0,0,0,0,0,0,0,0,0,0,0,0,0,0,0,0,0,0,0,0,0,0,0,0,0,0,0,0,0,0,0,0,0,0,0,0,0,0,0,0,0,0,0,0
"61",130.90925,131.15015,132.081475,132.194725,132.25875,132.3096,133.785475,134.03465,135.8725,136.112125,136.133225,136.14605,136.148925,136.261175,137.642075,139.701375,143.964025,0,0,0,0,0,0,0,0,0,0,0,0,0,0,0,0,0,0,0,0,0,0,0,0,0,0,0,0,0,0,0,0,0,0,0,0,0,0,0,0,0,0,0,0,0,0,0,0,0,0,0,0,0,0,0,0,0,0,0,0,0,0,0,0,0,0,0,0,0,0,0,0,0,0,0,0,0,0,0,0,0,0,0,0,0,0,0,0,0,0,0,0,0,0,0,0,0,0,0,0,0,0,0,0,0,0,0,0,0,0,0,0,0,0,0,0,0,0,0,0,0,0,0,0,0,0,0,0,0,0,0,0,0,0,0,0,0,0,0,0,0,0,0,0,0,0,0,0,0,0,0,0,0,0,0,0,0,0,0,0,0,0,0,0,0,0,0,0,0,0,0,0,0,0,0,0,0,0,0,0,0,0,0,0,0,0,0,0,0,0,0,0,0,0,0,0,0,0,0,0,0,0,0,0,0,0,0,0,0,0,0,0,0,0,0,0,0,0,0,0,0,0,0,0,0,0,0,0,0,0,0,0,0,0,0,0,0,0,0,0,0,0,0,0,0,0,0,0,0,0,0,0,0,0,0,0,0,0,0,0,0,0,0,0,0,0,0,0,0,0,0,0,0,0,0,0,0,0,0,0,0,0,0,0,0,0,0,0,0,0,0,0,0,0,0,0,0,0,0,0,0,0,0,0,0,0,0,0,0,0,0,0,0,0,0,0,0,0,0,0,0,0,0,0,0,0,0,0,0,0,0,0,0,0,0,0,0,0,0,0,0,0,0,0,0,0,0,0,0,0,0,0,0,0,0,0,0,0,0,0,0,0,0,0,0,0,0,0,0,0,0,0,0,0,0,0,0,0,0,0,0,0,0,0,0,0,0,0,0,0,0,0,0,0,0,0,0,0,0,0,0,0,0,0,0,0,0,0,0,0,0,0,0,0,0,0,0,0,0,0,0,0,0,0,0,0,0,0,0,0,0,0,0,0,0,0,0,0,0,0,0,0,0,0,0,0,0,0,0,0,0,0,0,0,0,0,0,0,0,0
"62",135.906825,135.9235,138.5464,0,0,0,0,0,0,0,0,0,0,0,0,0,0,0,0,0,0,0,0,0,0,0,0,0,0,0,0,0,0,0,0,0,0,0,0,0,0,0,0,0,0,0,0,0,0,0,0,0,0,0,0,0,0,0,0,0,0,0,0,0,0,0,0,0,0,0,0,0,0,0,0,0,0,0,0,0,0,0,0,0,0,0,0,0,0,0,0,0,0,0,0,0,0,0,0,0,0,0,0,0,0,0,0,0,0,0,0,0,0,0,0,0,0,0,0,0,0,0,0,0,0,0,0,0,0,0,0,0,0,0,0,0,0,0,0,0,0,0,0,0,0,0,0,0,0,0,0,0,0,0,0,0,0,0,0,0,0,0,0,0,0,0,0,0,0,0,0,0,0,0,0,0,0,0,0,0,0,0,0,0,0,0,0,0,0,0,0,0,0,0,0,0,0,0,0,0,0,0,0,0,0,0,0,0,0,0,0,0,0,0,0,0,0,0,0,0,0,0,0,0,0,0,0,0,0,0,0,0,0,0,0,0,0,0,0,0,0,0,0,0,0,0,0,0,0,0,0,0,0,0,0,0,0,0,0,0,0,0,0,0,0,0,0,0,0,0,0,0,0,0,0,0,0,0,0,0,0,0,0,0,0,0,0,0,0,0,0,0,0,0,0,0,0,0,0,0,0,0,0,0,0,0,0,0,0,0,0,0,0,0,0,0,0,0,0,0,0,0,0,0,0,0,0,0,0,0,0,0,0,0,0,0,0,0,0,0,0,0,0,0,0,0,0,0,0,0,0,0,0,0,0,0,0,0,0,0,0,0,0,0,0,0,0,0,0,0,0,0,0,0,0,0,0,0,0,0,0,0,0,0,0,0,0,0,0,0,0,0,0,0,0,0,0,0,0,0,0,0,0,0,0,0,0,0,0,0,0,0,0,0,0,0,0,0,0,0,0,0,0,0,0,0,0,0,0,0,0,0,0,0,0,0,0,0,0,0,0,0,0,0,0,0,0,0,0,0,0,0,0,0,0,0,0,0,0,0,0,0,0,0,0,0,0,0,0,0,0,0,0,0,0,0,0
"63",120.073075,120.430875,120.59135,120.777525,120.989675,121.123225,121.413475,121.57015,121.75015,121.8947,122.104475,122.306325,122.5682,122.856775,123.160925,123.294,123.4656,123.74815,124.068375,124.183475,124.414175,124.8951,125.31705,125.470475,125.623775,125.790375,126.0209,126.27285,126.44345,126.63005,126.87305,127.03595,127.420575,127.643225,127.859725,128.02405,128.65095,128.80755,129.17335,129.3768,129.492025,129.537325,130.4721,131.045225,131.060325,131.095,131.745675,131.9466,132.2973,132.534325,133.600775,133.94705,134.0558,134.260525,136.006775,136.093525,136.931775,137.246625,137.7874,137.9919,139.32495,139.433525,140.54215,141.1278,141.2132,141.366525,141.452375,141.498825,141.523975,141.5605,141.664725,141.708475,141.7622,141.80495,141.8662,141.943475,144.074075,144.19295,149.11945,149.551,149.834325,150.01945,150.2362,150.463025,0,0,0,0,0,0,0,0,0,0,0,0,0,0,0,0,0,0,0,0,0,0,0,0,0,0,0,0,0,0,0,0,0,0,0,0,0,0,0,0,0,0,0,0,0,0,0,0,0,0,0,0,0,0,0,0,0,0,0,0,0,0,0,0,0,0,0,0,0,0,0,0,0,0,0,0,0,0,0,0,0,0,0,0,0,0,0,0,0,0,0,0,0,0,0,0,0,0,0,0,0,0,0,0,0,0,0,0,0,0,0,0,0,0,0,0,0,0,0,0,0,0,0,0,0,0,0,0,0,0,0,0,0,0,0,0,0,0,0,0,0,0,0,0,0,0,0,0,0,0,0,0,0,0,0,0,0,0,0,0,0,0,0,0,0,0,0,0,0,0,0,0,0,0,0,0,0,0,0,0,0,0,0,0,0,0,0,0,0,0,0,0,0,0,0,0,0,0,0,0,0,0,0,0,0,0,0,0,0,0,0,0,0,0,0,0,0,0,0,0,0,0,0,0,0,0,0,0,0,0,0,0,0,0,0,0,0,0,0,0,0,0,0,0,0,0,0,0,0,0,0,0,0,0,0,0,0,0,0,0,0,0,0,0,0,0,0,0,0,0,0,0,0,0,0,0,0,0,0,0,0,0,0,0,0,0,0,0,0,0,0,0,0,0,0,0,0,0,0,0,0,0,0,0,0,0,0,0,0,0,0,0,0,0,0,0,0,0,0,0,0,0,0,0,0,0,0,0,0,0,0,0,0,0,0,0,0,0,0,0,0,0,0,0,0,0,0,0,0,0,0,0,0,0,0,0,0,0,0,0,0,0,0,0,0,0,0,0,0,0,0,0,0,0,0,0,0,0,0,0,0,0,0,0,0,0,0,0,0,0,0,0,0
"64",122.28265,129.55565,129.593125,129.616625,129.671225,129.752175,129.84325,129.862875,129.93985,129.97525,130.0285,130.048,130.07595,130.088525,130.11575,130.232725,130.263,130.3222,130.353575,130.3734,130.391425,130.413325,130.43105,130.47555,130.49645,130.511025,130.52745,130.536125,130.543725,130.5667,130.595475,130.641775,130.66835,130.6777,130.69225,130.707525,130.709475,130.715425,130.748775,130.77515,130.791425,130.7984,130.807075,130.821,130.839525,130.861675,130.883975,130.89055,130.898975,130.92205,130.931025,130.95795,130.978425,130.985025,130.9955,131.09135,131.09275,131.1155,131.16065,131.168525,131.1898,131.1993,131.22695,131.238375,131.261225,131.28335,131.307175,131.31975,131.52545,131.5613,131.58725,131.63215,131.6564,131.69515,131.7322,131.75725,131.790325,131.8195,131.848275,131.9336,131.96595,132.035625,132.0481,132.085825,132.1034,132.122325,132.14725,132.16495,132.187375,132.19835,132.222325,132.24875,132.275625,132.318675,132.37405,132.387475,132.43155,132.449475,132.4826,132.503675,132.518125,132.570875,132.575175,132.6564,133.019175,133.23875,133.330125,133.363275,133.3999,133.432275,133.4582,133.5192,133.548475,133.57835,133.650625,133.6815,133.7456,133.770075,133.856175,133.968625,134.060225,134.15875,134.217875,134.241375,134.288375,134.364575,134.43835,134.51345,134.570375,134.6236,134.7232,134.767325,134.897725,134.989675,135.043975,135.08505,135.1829,135.262025,135.2933,135.385525,135.40965,135.44595,135.4669,135.498775,135.54145,135.569,135.593575,135.614,135.66225,135.702575,135.72665,135.7448,135.7709,135.792375,135.8154,135.836775,135.902325,135.925175,135.944075,135.9799,136.025,136.155875,136.276825,136.28755,136.429775,137.0154,137.4332,137.601475,137.64965,137.7016,137.808525,138.47615,138.6732,138.8752,139.2404,140.64205,140.809525,140.873625,140.95745,141.08385,141.1393,141.311925,141.40075,141.447,141.52775,141.561425,141.608625,141.69635,141.7509,141.8862,142.667625,142.724925,142.8677,142.90225,142.975,143.0458,143.281,143.437875,143.531,143.662125,143.720475,143.80025,143.883725,143.949975,144.04055,144.105325,144.21015,144.326675,144.435125,144.583225,144.7629,145.037575,145.378375,146.3597,146.62965,0,0,0,0,0,0,0,0,0,0,0,0,0,0,0,0,0,0,0,0,0,0,0,0,0,0,0,0,0,0,0,0,0,0,0,0,0,0,0,0,0,0,0,0,0,0,0,0,0,0,0,0,0,0,0,0,0,0,0,0,0,0,0,0,0,0,0,0,0,0,0,0,0,0,0,0,0,0,0,0,0,0,0,0,0,0,0,0,0,0,0,0,0,0,0,0,0,0,0,0,0,0,0,0,0,0,0,0,0,0,0,0,0,0,0,0,0,0,0,0,0,0,0,0,0,0,0,0,0,0,0,0,0,0,0,0,0,0,0,0,0,0,0,0,0,0,0,0,0,0,0,0,0,0,0,0,0,0,0,0,0,0,0,0,0,0,0,0,0,0,0,0,0,0,0,0,0,0,0,0,0,0,0,0,0,0,0,0,0,0,0,0,0,0,0,0,0,0,0,0,0,0,0,0,0,0,0,0,0,0,0,0,0,0,0,0,0,0,0,0,0,0,0,0,0,0,0,0,0,0,0,0,0,0,0,0,0,0,0,0,0,0,0,0,0,0,0,0,0,0,0,0,0,0,0,0,0,0,0,0,0,0
"65",130.0846,130.4111,130.440125,130.446125,130.47515,130.503625,130.55785,130.580875,130.581875,130.6121,130.622875,130.63325,130.657025,130.67185,130.701525,130.736675,130.74775,130.765525,130.8213,130.869,130.874775,131.00405,131.0875,131.210775,131.571875,131.6228,131.795575,131.864275,131.894725,131.9285,131.9492,131.9963,131.999375,132.0165,132.0423,132.06675,132.086525,132.101425,132.102425,132.129025,132.14325,132.184225,132.202,132.24175,132.332725,132.3417,132.3581,132.40485,132.4201,132.423425,132.428975,132.4644,132.46575,132.48345,132.517675,132.54475,132.563275,132.58545,132.62215,132.666025,132.6735,132.70615,132.728475,132.7737,132.7847,132.856875,132.876725,132.8994,132.935525,132.9359,132.962525,133.000225,133.034625,133.0412,133.09065,133.1339,133.139975,133.197225,133.26125,133.313025,133.33895,133.3783,133.46085,133.526825,133.5886,133.66855,133.724325,133.813675,133.81845,133.83415,133.84525,133.8636,133.894525,133.934675,134.066125,134.08985,134.11435,134.152875,134.1983,134.20255,134.218825,134.268525,134.28555,134.31095,134.36925,134.3974,134.41435,134.420675,134.466325,134.523975,134.567,134.643475,134.706,134.758225,134.8427,134.88465,134.97155,135.0118,135.059475,135.09155,135.125625,135.178525,135.22935,135.2663,135.36825,135.54655,135.66355,135.77755,135.8074,135.8979,136.0622,136.2833,136.3217,136.38985,136.52415,136.532875,136.5549,136.580175,136.660325,136.6797,136.700625,136.71945,136.774275,136.810125,136.829575,136.846425,136.867075,136.896175,136.923475,136.952425,136.961625,136.9813,137.0099,137.045425,137.097025,137.128925,137.212675,137.259675,137.2967,137.342625,137.365725,137.423175,137.515975,137.557,137.576575,137.59375,137.64775,137.6823,137.742225,137.8359,138.06035,138.073525,138.135725,138.222625,138.305325,138.36415,138.433175,138.478375,138.692925,139.2691,140.12075,141.26725,142.483125,142.537,142.80665,143.2261,0,0,0,0,0,0,0,0,0,0,0,0,0,0,0,0,0,0,0,0,0,0,0,0,0,0,0,0,0,0,0,0,0,0,0,0,0,0,0,0,0,0,0,0,0,0,0,0,0,0,0,0,0,0,0,0,0,0,0,0,0,0,0,0,0,0,0,0,0,0,0,0,0,0,0,0,0,0,0,0,0,0,0,0,0,0,0,0,0,0,0,0,0,0,0,0,0,0,0,0,0,0,0,0,0,0,0,0,0,0,0,0,0,0,0,0,0,0,0,0,0,0,0,0,0,0,0,0,0,0,0,0,0,0,0,0,0,0,0,0,0,0,0,0,0,0,0,0,0,0,0,0,0,0,0,0,0,0,0,0,0,0,0,0,0,0,0,0,0,0,0,0,0,0,0,0,0,0,0,0,0,0,0,0,0,0,0,0,0,0,0,0,0,0,0,0,0,0,0,0,0,0,0,0,0,0,0,0,0,0,0,0,0,0,0,0,0,0,0,0,0,0,0,0,0,0,0,0,0,0,0,0,0,0,0,0,0,0,0,0,0,0,0,0,0,0,0,0,0,0,0,0,0,0,0,0,0,0,0,0,0,0,0,0,0,0,0,0,0,0,0,0,0,0,0,0,0,0,0,0,0,0,0,0,0,0,0,0,0,0,0
"66",0,0,0,0,0,0,0,0,0,0,0,0,0,0,0,0,0,0,0,0,0,0,0,0,0,0,0,0,0,0,0,0,0,0,0,0,0,0,0,0,0,0,0,0,0,0,0,0,0,0,0,0,0,0,0,0,0,0,0,0,0,0,0,0,0,0,0,0,0,0,0,0,0,0,0,0,0,0,0,0,0,0,0,0,0,0,0,0,0,0,0,0,0,0,0,0,0,0,0,0,0,0,0,0,0,0,0,0,0,0,0,0,0,0,0,0,0,0,0,0,0,0,0,0,0,0,0,0,0,0,0,0,0,0,0,0,0,0,0,0,0,0,0,0,0,0,0,0,0,0,0,0,0,0,0,0,0,0,0,0,0,0,0,0,0,0,0,0,0,0,0,0,0,0,0,0,0,0,0,0,0,0,0,0,0,0,0,0,0,0,0,0,0,0,0,0,0,0,0,0,0,0,0,0,0,0,0,0,0,0,0,0,0,0,0,0,0,0,0,0,0,0,0,0,0,0,0,0,0,0,0,0,0,0,0,0,0,0,0,0,0,0,0,0,0,0,0,0,0,0,0,0,0,0,0,0,0,0,0,0,0,0,0,0,0,0,0,0,0,0,0,0,0,0,0,0,0,0,0,0,0,0,0,0,0,0,0,0,0,0,0,0,0,0,0,0,0,0,0,0,0,0,0,0,0,0,0,0,0,0,0,0,0,0,0,0,0,0,0,0,0,0,0,0,0,0,0,0,0,0,0,0,0,0,0,0,0,0,0,0,0,0,0,0,0,0,0,0,0,0,0,0,0,0,0,0,0,0,0,0,0,0,0,0,0,0,0,0,0,0,0,0,0,0,0,0,0,0,0,0,0,0,0,0,0,0,0,0,0,0,0,0,0,0,0,0,0,0,0,0,0,0,0,0,0,0,0,0,0,0,0,0,0,0,0,0,0,0,0,0,0,0,0,0,0,0,0,0,0,0,0,0,0,0,0,0,0,0,0,0,0,0,0,0,0,0,0,0,0,0,0,0,0,0,0,0,0,0,0,0,0,0,0,0,0,0,0,0,0,0,0,0,0,0,0,0,0
"67",131.418375,131.640925,131.714725,132.590775,132.779925,132.818975,132.877925,132.983775,134.459825,134.5309,134.61115,134.646525,134.7378,134.896825,135.0428,135.071275,135.5746,136.7261,137.899475,138.211275,138.25795,138.29195,138.37635,138.479425,139.9043,139.943825,141.602975,141.9727,142.062775,142.210325,142.293875,142.55285,144.20505,144.294775,144.3916,144.45035,144.575775,0,0,0,0,0,0,0,0,0,0,0,0,0,0,0,0,0,0,0,0,0,0,0,0,0,0,0,0,0,0,0,0,0,0,0,0,0,0,0,0,0,0,0,0,0,0,0,0,0,0,0,0,0,0,0,0,0,0,0,0,0,0,0,0,0,0,0,0,0,0,0,0,0,0,0,0,0,0,0,0,0,0,0,0,0,0,0,0,0,0,0,0,0,0,0,0,0,0,0,0,0,0,0,0,0,0,0,0,0,0,0,0,0,0,0,0,0,0,0,0,0,0,0,0,0,0,0,0,0,0,0,0,0,0,0,0,0,0,0,0,0,0,0,0,0,0,0,0,0,0,0,0,0,0,0,0,0,0,0,0,0,0,0,0,0,0,0,0,0,0,0,0,0,0,0,0,0,0,0,0,0,0,0,0,0,0,0,0,0,0,0,0,0,0,0,0,0,0,0,0,0,0,0,0,0,0,0,0,0,0,0,0,0,0,0,0,0,0,0,0,0,0,0,0,0,0,0,0,0,0,0,0,0,0,0,0,0,0,0,0,0,0,0,0,0,0,0,0,0,0,0,0,0,0,0,0,0,0,0,0,0,0,0,0,0,0,0,0,0,0,0,0,0,0,0,0,0,0,0,0,0,0,0,0,0,0,0,0,0,0,0,0,0,0,0,0,0,0,0,0,0,0,0,0,0,0,0,0,0,0,0,0,0,0,0,0,0,0,0,0,0,0,0,0,0,0,0,0,0,0,0,0,0,0,0,0,0,0,0,0,0,0,0,0,0,0,0,0,0,0,0,0,0,0,0,0,0,0,0,0,0,0,0,0,0,0,0,0,0,0,0,0,0,0,0,0,0,0,0,0,0,0,0,0,0,0,0,0,0,0,0,0,0,0,0,0,0,0,0,0,0,0,0,0,0,0,0,0,0,0,0,0,0,0,0,0,0,0,0,0,0,0,0,0,0,0,0,0,0,0,0,0,0,0,0,0,0,0,0,0
"68",129.718825,129.788575,129.865175,129.925775,130.0776,130.101125,130.1591,130.2266,130.352525,130.479025,130.52955,130.579775,130.655,130.69585,130.7996,130.905475,130.925075,131.026475,131.0364,131.05855,131.07785,131.10025,131.139575,131.15255,131.190725,131.200825,131.37225,131.57795,131.767475,131.908825,132.0029,132.1563,132.289625,132.34525,132.39675,132.5391,132.9292,133.2575,133.58135,133.661875,133.70595,133.784175,133.811425,133.8515,133.9879,134.194975,134.24285,134.837025,135.1465,135.397875,135.461325,135.5759,135.6354,135.69125,135.729975,135.781675,135.846225,135.876425,135.91375,135.9279,135.964275,135.98745,136.0227,136.03335,136.089025,136.11505,136.717225,136.772975,136.8737,136.94715,136.99735,137.031825,137.063775,137.0999,137.137375,137.20075,137.22965,137.300775,137.41085,137.603525,137.6277,137.6633,137.6964,137.742875,137.777875,137.82795,137.8638,137.923125,137.974775,138.0048,138.27585,138.3203,138.368625,138.45055,138.487275,138.557225,138.604675,138.6571,138.7133,138.748325,138.84035,138.89955,138.9816,139.2724,139.3815,139.4533,139.5084,139.5678,139.73,139.8321,139.89065,139.94015,139.995275,140.034825,140.085675,140.1391,140.171275,140.207,140.2438,140.281725,140.324325,140.351,140.417275,140.466825,140.51,140.56215,140.629925,140.73935,141.1635,141.2484,141.35825,141.45765,141.558375,141.7158,141.7859,141.848675,141.9297,141.98455,142.0361,142.08515,142.1134,142.1599,142.198625,142.254825,142.30485,142.360275,142.39165,142.42375,142.474075,142.528025,142.573475,142.600075,142.6489,142.683375,142.7208,142.764075,142.817775,142.86605,142.901075,142.93035,142.995125,143.036675,143.069475,143.117175,143.176675,143.239175,143.354275,143.543175,143.700925,143.912725,144.03,144.1421,144.23185,144.30715,144.443375,144.51325,144.5656,144.6578,144.7565,144.97115,145.084825,145.206525,145.32165,145.4556,145.582075,145.94565,146.020575,146.380825,0,0,0,0,0,0,0,0,0,0,0,0,0,0,0,0,0,0,0,0,0,0,0,0,0,0,0,0,0,0,0,0,0,0,0,0,0,0,0,0,0,0,0,0,0,0,0,0,0,0,0,0,0,0,0,0,0,0,0,0,0,0,0,0,0,0,0,0,0,0,0,0,0,0,0,0,0,0,0,0,0,0,0,0,0,0,0,0,0,0,0,0,0,0,0,0,0,0,0,0,0,0,0,0,0,0,0,0,0,0,0,0,0,0,0,0,0,0,0,0,0,0,0,0,0,0,0,0,0,0,0,0,0,0,0,0,0,0,0,0,0,0,0,0,0,0,0,0,0,0,0,0,0,0,0,0,0,0,0,0,0,0,0,0,0,0,0,0,0,0,0,0,0,0,0,0,0,0,0,0,0,0,0,0,0,0,0,0,0,0,0,0,0,0,0,0,0,0,0,0,0,0,0,0,0,0,0,0,0,0,0,0,0,0,0,0,0,0,0,0,0,0,0,0,0,0,0,0,0,0,0,0,0,0,0,0,0,0,0,0,0,0,0,0,0,0,0,0,0,0,0,0,0,0,0,0,0,0,0,0,0,0,0,0,0,0,0,0,0,0,0,0,0,0,0,0,0,0,0,0,0,0,0,0,0,0,0,0,0
"69",129.537325,129.698675,129.73315,129.852425,130.1197,130.16785,130.4771,130.651625,130.993925,131.033425,131.225475,131.265175,131.313175,131.402125,131.506825,131.5429,131.600625,131.646675,131.713525,131.727,131.75015,131.812975,131.846875,131.8921,131.9467,131.996625,132.076325,132.24175,132.251925,132.329575,132.3726,132.547175,132.72445,132.7859,132.8484,132.96845,133.042125,133.10095,133.120425,133.177325,133.290375,133.309675,133.350625,133.4006,133.5855,133.627575,133.6758,133.713925,133.760075,133.78055,133.8384,133.855525,133.871125,133.897525,133.929125,133.9307,133.95535,134.01995,134.091475,134.165825,134.294525,134.47325,134.51085,134.639525,134.962275,135.1235,135.14615,135.188975,135.22755,135.27875,135.355775,135.450175,135.47705,135.4815,135.534575,135.63805,135.695675,135.71705,135.936425,135.96975,135.9765,136.137575,136.190725,136.2162,136.309825,136.37755,136.41245,136.430375,136.457875,136.502025,136.591875,136.6806,136.8696,136.931925,136.988225,137.031025,137.1353,137.193275,137.238675,137.246675,137.323975,137.416625,137.473475,137.509175,137.545125,137.6314,137.6828,137.832975,138.003175,138.0254,138.055775,138.14665,138.168525,138.279325,138.338275,138.4228,138.4469,138.4926,138.88215,138.915925,138.969425,139.10935,139.2832,139.47395,139.5497,139.63105,139.644775,139.684325,139.8284,140.007825,140.1138,140.2189,140.2945,140.349125,140.771525,141.215575,141.59265,141.761075,142.10205,142.18455,142.3462,142.514675,142.8201,143.0983,143.557875,144.086525,144.452375,144.612275,144.82985,145.017875,145.168875,145.579875,145.9717,147.460525,148.7471,0,0,0,0,0,0,0,0,0,0,0,0,0,0,0,0,0,0,0,0,0,0,0,0,0,0,0,0,0,0,0,0,0,0,0,0,0,0,0,0,0,0,0,0,0,0,0,0,0,0,0,0,0,0,0,0,0,0,0,0,0,0,0,0,0,0,0,0,0,0,0,0,0,0,0,0,0,0,0,0,0,0,0,0,0,0,0,0,0,0,0,0,0,0,0,0,0,0,0,0,0,0,0,0,0,0,0,0,0,0,0,0,0,0,0,0,0,0,0,0,0,0,0,0,0,0,0,0,0,0,0,0,0,0,0,0,0,0,0,0,0,0,0,0,0,0,0,0,0,0,0,0,0,0,0,0,0,0,0,0,0,0,0,0,0,0,0,0,0,0,0,0,0,0,0,0,0,0,0,0,0,0,0,0,0,0,0,0,0,0,0,0,0,0,0,0,0,0,0,0,0,0,0,0,0,0,0,0,0,0,0,0,0,0,0,0,0,0,0,0,0,0,0,0,0,0,0,0,0,0,0,0,0,0,0,0,0,0,0,0,0,0,0,0,0,0,0,0,0,0,0,0,0,0,0,0,0,0,0,0,0,0,0,0,0,0,0,0,0,0,0,0,0,0,0,0,0,0,0,0,0,0,0,0,0,0,0,0,0,0,0,0,0,0,0,0,0,0,0,0,0,0,0,0,0,0,0,0,0,0,0,0,0,0,0,0,0,0,0,0,0,0
"70",130.20795,131.848525,131.899525,131.97585,132.0293,133.2732,133.307975,133.37015,135.0586,135.207925,135.2746,135.3355,135.4171,135.483875,137.20655,137.35335,138.74165,138.80655,138.8721,138.91795,138.983925,140.4429,140.5299,140.59575,140.696675,142.97735,143.15745,143.366025,145.62935,146.070475,147.544675,0,0,0,0,0,0,0,0,0,0,0,0,0,0,0,0,0,0,0,0,0,0,0,0,0,0,0,0,0,0,0,0,0,0,0,0,0,0,0,0,0,0,0,0,0,0,0,0,0,0,0,0,0,0,0,0,0,0,0,0,0,0,0,0,0,0,0,0,0,0,0,0,0,0,0,0,0,0,0,0,0,0,0,0,0,0,0,0,0,0,0,0,0,0,0,0,0,0,0,0,0,0,0,0,0,0,0,0,0,0,0,0,0,0,0,0,0,0,0,0,0,0,0,0,0,0,0,0,0,0,0,0,0,0,0,0,0,0,0,0,0,0,0,0,0,0,0,0,0,0,0,0,0,0,0,0,0,0,0,0,0,0,0,0,0,0,0,0,0,0,0,0,0,0,0,0,0,0,0,0,0,0,0,0,0,0,0,0,0,0,0,0,0,0,0,0,0,0,0,0,0,0,0,0,0,0,0,0,0,0,0,0,0,0,0,0,0,0,0,0,0,0,0,0,0,0,0,0,0,0,0,0,0,0,0,0,0,0,0,0,0,0,0,0,0,0,0,0,0,0,0,0,0,0,0,0,0,0,0,0,0,0,0,0,0,0,0,0,0,0,0,0,0,0,0,0,0,0,0,0,0,0,0,0,0,0,0,0,0,0,0,0,0,0,0,0,0,0,0,0,0,0,0,0,0,0,0,0,0,0,0,0,0,0,0,0,0,0,0,0,0,0,0,0,0,0,0,0,0,0,0,0,0,0,0,0,0,0,0,0,0,0,0,0,0,0,0,0,0,0,0,0,0,0,0,0,0,0,0,0,0,0,0,0,0,0,0,0,0,0,0,0,0,0,0,0,0,0,0,0,0,0,0,0,0,0,0,0,0,0,0,0,0,0,0,0,0,0,0,0,0,0,0,0,0,0,0,0,0,0,0,0,0,0,0,0,0,0,0,0,0,0,0,0,0,0,0,0,0,0,0,0,0,0,0,0,0,0,0,0,0,0,0,0,0,0
"71",130.946125,136.43895,136.51995,137.09725,137.151125,137.302125,138.386575,138.541375,138.592625,138.649825,138.6949,138.73185,138.808225,140.14255,140.2367,140.2765,142.68775,142.813625,142.927725,143.053425,0,0,0,0,0,0,0,0,0,0,0,0,0,0,0,0,0,0,0,0,0,0,0,0,0,0,0,0,0,0,0,0,0,0,0,0,0,0,0,0,0,0,0,0,0,0,0,0,0,0,0,0,0,0,0,0,0,0,0,0,0,0,0,0,0,0,0,0,0,0,0,0,0,0,0,0,0,0,0,0,0,0,0,0,0,0,0,0,0,0,0,0,0,0,0,0,0,0,0,0,0,0,0,0,0,0,0,0,0,0,0,0,0,0,0,0,0,0,0,0,0,0,0,0,0,0,0,0,0,0,0,0,0,0,0,0,0,0,0,0,0,0,0,0,0,0,0,0,0,0,0,0,0,0,0,0,0,0,0,0,0,0,0,0,0,0,0,0,0,0,0,0,0,0,0,0,0,0,0,0,0,0,0,0,0,0,0,0,0,0,0,0,0,0,0,0,0,0,0,0,0,0,0,0,0,0,0,0,0,0,0,0,0,0,0,0,0,0,0,0,0,0,0,0,0,0,0,0,0,0,0,0,0,0,0,0,0,0,0,0,0,0,0,0,0,0,0,0,0,0,0,0,0,0,0,0,0,0,0,0,0,0,0,0,0,0,0,0,0,0,0,0,0,0,0,0,0,0,0,0,0,0,0,0,0,0,0,0,0,0,0,0,0,0,0,0,0,0,0,0,0,0,0,0,0,0,0,0,0,0,0,0,0,0,0,0,0,0,0,0,0,0,0,0,0,0,0,0,0,0,0,0,0,0,0,0,0,0,0,0,0,0,0,0,0,0,0,0,0,0,0,0,0,0,0,0,0,0,0,0,0,0,0,0,0,0,0,0,0,0,0,0,0,0,0,0,0,0,0,0,0,0,0,0,0,0,0,0,0,0,0,0,0,0,0,0,0,0,0,0,0,0,0,0,0,0,0,0,0,0,0,0,0,0,0,0,0,0,0,0,0,0,0,0,0,0,0,0,0,0,0,0,0,0,0,0,0,0,0,0,0,0,0,0,0,0,0,0,0,0,0,0,0,0,0,0,0
"72",129.6456,129.6694,129.69215,129.736175,129.771175,129.788725,129.82755,137.8927,0,0,0,0,0,0,0,0,0,0,0,0,0,0,0,0,0,0,0,0,0,0,0,0,0,0,0,0,0,0,0,0,0,0,0,0,0,0,0,0,0,0,0,0,0,0,0,0,0,0,0,0,0,0,0,0,0,0,0,0,0,0,0,0,0,0,0,0,0,0,0,0,0,0,0,0,0,0,0,0,0,0,0,0,0,0,0,0,0,0,0,0,0,0,0,0,0,0,0,0,0,0,0,0,0,0,0,0,0,0,0,0,0,0,0,0,0,0,0,0,0,0,0,0,0,0,0,0,0,0,0,0,0,0,0,0,0,0,0,0,0,0,0,0,0,0,0,0,0,0,0,0,0,0,0,0,0,0,0,0,0,0,0,0,0,0,0,0,0,0,0,0,0,0,0,0,0,0,0,0,0,0,0,0,0,0,0,0,0,0,0,0,0,0,0,0,0,0,0,0,0,0,0,0,0,0,0,0,0,0,0,0,0,0,0,0,0,0,0,0,0,0,0,0,0,0,0,0,0,0,0,0,0,0,0,0,0,0,0,0,0,0,0,0,0,0,0,0,0,0,0,0,0,0,0,0,0,0,0,0,0,0,0,0,0,0,0,0,0,0,0,0,0,0,0,0,0,0,0,0,0,0,0,0,0,0,0,0,0,0,0,0,0,0,0,0,0,0,0,0,0,0,0,0,0,0,0,0,0,0,0,0,0,0,0,0,0,0,0,0,0,0,0,0,0,0,0,0,0,0,0,0,0,0,0,0,0,0,0,0,0,0,0,0,0,0,0,0,0,0,0,0,0,0,0,0,0,0,0,0,0,0,0,0,0,0,0,0,0,0,0,0,0,0,0,0,0,0,0,0,0,0,0,0,0,0,0,0,0,0,0,0,0,0,0,0,0,0,0,0,0,0,0,0,0,0,0,0,0,0,0,0,0,0,0,0,0,0,0,0,0,0,0,0,0,0,0,0,0,0,0,0,0,0,0,0,0,0,0,0,0,0,0,0,0,0,0,0,0,0,0,0,0,0,0,0,0,0,0,0,0,0,0,0,0,0,0,0,0
"73",0,0,0,0,0,0,0,0,0,0,0,0,0,0,0,0,0,0,0,0,0,0,0,0,0,0,0,0,0,0,0,0,0,0,0,0,0,0,0,0,0,0,0,0,0,0,0,0,0,0,0,0,0,0,0,0,0,0,0,0,0,0,0,0,0,0,0,0,0,0,0,0,0,0,0,0,0,0,0,0,0,0,0,0,0,0,0,0,0,0,0,0,0,0,0,0,0,0,0,0,0,0,0,0,0,0,0,0,0,0,0,0,0,0,0,0,0,0,0,0,0,0,0,0,0,0,0,0,0,0,0,0,0,0,0,0,0,0,0,0,0,0,0,0,0,0,0,0,0,0,0,0,0,0,0,0,0,0,0,0,0,0,0,0,0,0,0,0,0,0,0,0,0,0,0,0,0,0,0,0,0,0,0,0,0,0,0,0,0,0,0,0,0,0,0,0,0,0,0,0,0,0,0,0,0,0,0,0,0,0,0,0,0,0,0,0,0,0,0,0,0,0,0,0,0,0,0,0,0,0,0,0,0,0,0,0,0,0,0,0,0,0,0,0,0,0,0,0,0,0,0,0,0,0,0,0,0,0,0,0,0,0,0,0,0,0,0,0,0,0,0,0,0,0,0,0,0,0,0,0,0,0,0,0,0,0,0,0,0,0,0,0,0,0,0,0,0,0,0,0,0,0,0,0,0,0,0,0,0,0,0,0,0,0,0,0,0,0,0,0,0,0,0,0,0,0,0,0,0,0,0,0,0,0,0,0,0,0,0,0,0,0,0,0,0,0,0,0,0,0,0,0,0,0,0,0,0,0,0,0,0,0,0,0,0,0,0,0,0,0,0,0,0,0,0,0,0,0,0,0,0,0,0,0,0,0,0,0,0,0,0,0,0,0,0,0,0,0,0,0,0,0,0,0,0,0,0,0,0,0,0,0,0,0,0,0,0,0,0,0,0,0,0,0,0,0,0,0,0,0,0,0,0,0,0,0,0,0,0,0,0,0,0,0,0,0,0,0,0,0,0,0,0,0,0,0,0,0,0,0,0,0,0,0,0,0,0,0,0,0,0,0,0,0,0,0,0
"74",130.492775,130.547675,130.591,131.1217,132.34575,132.396775,133.796225,133.976975,134.29905,135.874475,135.931325,136.0028,136.06685,141.24015,141.371975,141.4849,141.546675,141.69005,141.858775,0,0,0,0,0,0,0,0,0,0,0,0,0,0,0,0,0,0,0,0,0,0,0,0,0,0,0,0,0,0,0,0,0,0,0,0,0,0,0,0,0,0,0,0,0,0,0,0,0,0,0,0,0,0,0,0,0,0,0,0,0,0,0,0,0,0,0,0,0,0,0,0,0,0,0,0,0,0,0,0,0,0,0,0,0,0,0,0,0,0,0,0,0,0,0,0,0,0,0,0,0,0,0,0,0,0,0,0,0,0,0,0,0,0,0,0,0,0,0,0,0,0,0,0,0,0,0,0,0,0,0,0,0,0,0,0,0,0,0,0,0,0,0,0,0,0,0,0,0,0,0,0,0,0,0,0,0,0,0,0,0,0,0,0,0,0,0,0,0,0,0,0,0,0,0,0,0,0,0,0,0,0,0,0,0,0,0,0,0,0,0,0,0,0,0,0,0,0,0,0,0,0,0,0,0,0,0,0,0,0,0,0,0,0,0,0,0,0,0,0,0,0,0,0,0,0,0,0,0,0,0,0,0,0,0,0,0,0,0,0,0,0,0,0,0,0,0,0,0,0,0,0,0,0,0,0,0,0,0,0,0,0,0,0,0,0,0,0,0,0,0,0,0,0,0,0,0,0,0,0,0,0,0,0,0,0,0,0,0,0,0,0,0,0,0,0,0,0,0,0,0,0,0,0,0,0,0,0,0,0,0,0,0,0,0,0,0,0,0,0,0,0,0,0,0,0,0,0,0,0,0,0,0,0,0,0,0,0,0,0,0,0,0,0,0,0,0,0,0,0,0,0,0,0,0,0,0,0,0,0,0,0,0,0,0,0,0,0,0,0,0,0,0,0,0,0,0,0,0,0,0,0,0,0,0,0,0,0,0,0,0,0,0,0,0,0,0,0,0,0,0,0,0,0,0,0,0,0,0,0,0,0,0,0,0,0,0,0,0,0,0,0,0,0,0,0,0,0,0,0,0,0,0,0,0,0,0,0,0,0,0,0,0,0,0,0,0,0,0,0,0,0,0,0,0,0,0,0
"75",122.942275,129.160025,129.72995,129.890825,129.9419,130.064125,130.3182,130.347975,130.4464,130.5018,130.512975,130.578575,130.71145,130.7514,130.7612,130.773425,130.805625,130.8613,130.883575,130.95805,130.97495,130.996275,131.041625,131.07725,131.122125,131.20225,131.239275,131.270875,131.33325,131.366025,131.419825,131.4427,131.452925,131.47585,131.484175,131.52665,131.5458,131.5494,131.567225,131.615475,131.67205,131.704475,131.728125,131.7462,131.772825,131.8032,131.823675,131.830825,131.839875,131.85425,131.8636,131.8762,131.8908,131.913075,131.932625,131.952225,131.99565,132.046075,132.131575,132.14275,132.199225,132.2431,132.262925,132.27515,132.2886,132.3048,132.32835,132.350525,132.391325,132.40455,132.498675,132.526075,132.528475,132.556425,132.592525,132.600325,132.6112,132.615975,132.6264,132.681175,132.68255,132.70215,132.705575,132.7309,132.73555,132.74635,132.7609,132.768925,132.7711,132.782375,132.79905,132.81215,132.81505,132.854425,132.8731,132.896475,132.912975,132.9343,132.957975,132.970575,133.02125,133.0451,133.06635,133.08095,133.109975,133.13185,133.1512,133.158875,133.1829,133.207425,133.22975,133.23735,133.2979,133.3183,133.330025,133.35875,133.37485,133.40715,133.411475,133.431875,133.4912,133.501925,133.54245,133.602575,133.6092,133.766,133.8598,133.901675,133.925525,133.961775,133.965825,134.041725,134.04575,134.0795,134.091575,134.12565,134.190975,134.20385,134.256025,134.27495,134.35005,134.427625,134.475275,134.51925,134.530425,134.5366,134.617775,134.6627,134.6831,134.703225,134.806825,134.84875,134.8714,134.9141,134.963425,134.969425,134.98385,135.009375,135.02995,135.059975,135.0948,135.112925,135.1274,135.148475,135.165825,135.177725,135.19055,135.19285,135.2228,135.2695,135.29075,135.294475,135.3323,135.345675,135.38755,135.43485,135.564325,135.6748,135.72515,135.8207,135.950975,136.01705,136.018675,136.0331,136.083625,136.133875,136.147925,136.174875,136.2938,136.314175,136.319,136.3234,136.371325,136.3763,136.398575,136.431825,136.43515,136.4581,136.478025,136.48285,136.4872,136.518125,136.522875,136.547375,136.558475,136.575875,136.5873,136.6057,136.63335,136.64625,136.6825,136.714425,136.726825,136.7595,136.78425,136.8033,136.844125,136.858675,136.91565,136.94465,136.9761,137.004525,137.03865,137.0454,137.048125,137.083775,137.085925,137.106325,137.127725,137.1481,137.15775,137.176875,137.200775,137.22225,137.2678,137.2951,137.334,137.363975,137.391025,137.4436,137.58025,137.6734,137.70455,137.90065,137.984225,137.997825,138.02765,138.070575,138.126,138.1696,138.2609,138.3723,138.430375,138.471025,138.5015,138.51385,138.531575,138.541525,138.56695,138.57485,138.604175,138.61475,138.64825,138.69585,138.70415,138.713975,138.73145,138.79015,138.812525,138.8274,138.837575,138.84345,138.863825,138.879875,138.903875,138.90625,138.919375,138.938625,138.95785,139.000725,139.039025,139.159675,139.287825,139.308325,139.41475,139.433575,139.63555,139.689875,139.7472,139.8583,139.96895,140.02745,140.1065,140.224325,140.2731,140.288625,140.33985,140.342925,140.384025,140.3914,140.40925,140.438275,140.461775,140.4886,140.503975,140.5539,140.609075,140.6234,140.662625,140.6635,140.71175,140.8294,140.87305,141.164375,141.23275,141.314625,141.438,141.525375,141.571825,141.761725,141.812475,142.468875,142.764225,142.90895,143.00725,143.0394,143.057225,143.16815,143.239425,143.29675,143.38395,143.3914,144.226725,0,0,0,0,0,0,0,0,0,0,0,0,0,0,0,0,0,0,0,0,0,0,0,0,0,0,0,0,0,0,0,0,0,0,0,0,0,0,0,0,0,0,0,0,0,0,0,0,0,0,0,0,0,0,0,0,0,0,0,0,0,0,0,0,0,0,0,0,0,0,0,0,0,0,0,0,0,0,0,0,0,0,0,0,0,0,0,0,0,0,0,0,0,0,0,0,0,0,0,0,0,0,0,0,0,0,0,0,0,0,0,0,0,0,0,0,0,0,0,0,0,0,0,0,0,0,0,0,0,0,0,0,0,0,0,0,0,0,0,0,0,0,0,0
"76",120.147475,120.290275,120.50635,120.791475,121.199125,121.569875,121.973625,122.154925,122.802675,123.013975,123.5908,124.7559,128.5636,129.62385,129.629375,129.646175,129.672425,129.703475,129.72305,129.740375,129.757525,129.800225,129.801375,129.812725,129.85485,129.87385,129.90125,129.917975,129.986325,130.011125,130.0185,130.08145,130.083475,130.13285,130.175875,130.18645,130.240275,130.256975,130.278925,130.312175,130.3688,130.446875,130.6049,130.694975,130.7664,130.85725,130.9003,131.071125,131.10465,131.237275,131.238875,131.2497,131.282225,131.641975,131.8487,131.9485,131.97365,132.018325,132.043875,132.14325,132.367325,132.4228,132.4381,132.48155,132.590375,132.77065,132.877725,132.88095,133.002275,133.031375,133.254825,133.299725,133.3014,133.3429,133.373825,133.514675,133.623975,133.86375,133.87265,133.894375,134.23805,134.305875,134.37335,134.379825,134.446125,134.458775,134.4709,134.548,134.58675,134.69285,134.708975,134.87895,134.91375,134.9549,135.100825,135.2876,135.54915,136.053125,137.318475,137.41055,138.0248,138.5198,139.7316,140.258775,140.442075,140.7018,140.803475,141.02325,141.4564,141.948775,143.19505,157.8906,0,0,0,0,0,0,0,0,0,0,0,0,0,0,0,0,0,0,0,0,0,0,0,0,0,0,0,0,0,0,0,0,0,0,0,0,0,0,0,0,0,0,0,0,0,0,0,0,0,0,0,0,0,0,0,0,0,0,0,0,0,0,0,0,0,0,0,0,0,0,0,0,0,0,0,0,0,0,0,0,0,0,0,0,0,0,0,0,0,0,0,0,0,0,0,0,0,0,0,0,0,0,0,0,0,0,0,0,0,0,0,0,0,0,0,0,0,0,0,0,0,0,0,0,0,0,0,0,0,0,0,0,0,0,0,0,0,0,0,0,0,0,0,0,0,0,0,0,0,0,0,0,0,0,0,0,0,0,0,0,0,0,0,0,0,0,0,0,0,0,0,0,0,0,0,0,0,0,0,0,0,0,0,0,0,0,0,0,0,0,0,0,0,0,0,0,0,0,0,0,0,0,0,0,0,0,0,0,0,0,0,0,0,0,0,0,0,0,0,0,0,0,0,0,0,0,0,0,0,0,0,0,0,0,0,0,0,0,0,0,0,0,0,0,0,0,0,0,0,0,0,0,0,0,0,0,0,0,0,0,0,0,0,0,0,0,0,0,0,0,0,0,0,0,0,0,0,0,0,0,0,0,0,0,0,0,0,0,0,0,0,0,0,0,0,0,0,0,0,0,0,0,0,0,0,0,0,0,0,0,0,0,0,0,0,0,0,0,0,0,0,0,0,0,0,0,0,0,0,0,0,0,0,0,0,0,0,0,0,0,0,0,0,0,0,0,0,0,0,0,0,0,0,0,0,0,0,0,0,0,0,0,0,0,0
"77",130.261625,130.29235,130.58325,130.585975,130.716675,130.936925,130.946275,130.948025,130.972325,131.417575,131.5161,131.557325,131.570625,131.642975,131.841575,131.855075,131.859975,131.887375,131.955175,132.0116,132.155475,132.273775,132.326625,132.4396,132.5754,132.597975,132.758525,132.785925,133.1947,134.2014,134.25555,134.351225,134.385725,134.427275,134.4885,134.5768,134.588825,134.59065,134.607275,134.644775,134.7434,134.8344,134.977875,135.550475,135.781075,136.0737,136.373925,137.00285,137.970775,138.6448,138.840575,139.0106,141.0791,141.269225,142.536525,0,0,0,0,0,0,0,0,0,0,0,0,0,0,0,0,0,0,0,0,0,0,0,0,0,0,0,0,0,0,0,0,0,0,0,0,0,0,0,0,0,0,0,0,0,0,0,0,0,0,0,0,0,0,0,0,0,0,0,0,0,0,0,0,0,0,0,0,0,0,0,0,0,0,0,0,0,0,0,0,0,0,0,0,0,0,0,0,0,0,0,0,0,0,0,0,0,0,0,0,0,0,0,0,0,0,0,0,0,0,0,0,0,0,0,0,0,0,0,0,0,0,0,0,0,0,0,0,0,0,0,0,0,0,0,0,0,0,0,0,0,0,0,0,0,0,0,0,0,0,0,0,0,0,0,0,0,0,0,0,0,0,0,0,0,0,0,0,0,0,0,0,0,0,0,0,0,0,0,0,0,0,0,0,0,0,0,0,0,0,0,0,0,0,0,0,0,0,0,0,0,0,0,0,0,0,0,0,0,0,0,0,0,0,0,0,0,0,0,0,0,0,0,0,0,0,0,0,0,0,0,0,0,0,0,0,0,0,0,0,0,0,0,0,0,0,0,0,0,0,0,0,0,0,0,0,0,0,0,0,0,0,0,0,0,0,0,0,0,0,0,0,0,0,0,0,0,0,0,0,0,0,0,0,0,0,0,0,0,0,0,0,0,0,0,0,0,0,0,0,0,0,0,0,0,0,0,0,0,0,0,0,0,0,0,0,0,0,0,0,0,0,0,0,0,0,0,0,0,0,0,0,0,0,0,0,0,0,0,0,0,0,0,0,0,0,0,0,0,0,0,0,0,0,0,0,0,0,0,0,0,0,0,0,0,0,0,0,0,0,0,0,0,0,0,0,0,0,0,0,0,0,0,0,0,0,0,0,0,0,0,0,0,0,0,0,0,0,0,0,0,0,0,0,0,0,0,0,0,0,0,0,0,0,0,0,0,0,0,0,0,0
"78",129.560675,129.589575,129.60325,129.80245,129.937225,130.003825,130.023825,130.0415,130.0771,130.085575,130.096175,130.1202,130.1225,130.155225,130.209625,130.22035,130.30065,130.306925,130.35695,130.364825,130.374925,130.401,130.4254,130.452275,130.4561,130.4927,130.5041,130.512,130.56725,130.57575,130.5819,130.6582,130.66005,130.661775,130.696725,130.755575,130.779775,130.78185,130.89905,130.912125,130.944325,130.956525,131.001525,131.01045,131.03215,131.09005,131.1852,131.197175,131.21955,131.26255,131.518775,131.5338,131.55585,131.596925,131.675525,131.77725,131.815475,131.872875,131.93955,131.9699,131.99315,132.016225,132.2392,132.4037,132.4337,132.460725,132.506,132.591425,132.6643,132.6843,132.7293,132.764725,132.8039,132.88345,133.00705,133.0433,133.1871,133.23935,133.2457,133.277775,133.28605,133.339175,133.350825,133.368575,133.44275,133.487725,133.50855,133.521,133.522575,133.54445,133.5832,133.589825,133.643075,133.716875,133.735975,133.788075,133.844975,133.90125,133.934675,133.98,134.020025,134.03505,134.069875,134.0886,134.1183,134.148025,134.231025,134.27655,134.28205,134.344275,134.397025,134.42325,134.583525,134.600475,134.6243,134.639775,134.729825,134.847075,135.050875,135.068825,135.076,135.141075,135.22725,135.26565,135.30545,135.327775,135.407675,135.431675,135.591125,135.636225,135.643175,135.691275,135.7136,135.8341,135.86575,135.877825,135.933125,135.9876,136.0251,136.04045,136.0693,136.179925,136.57815,136.696075,136.80005,136.85985,136.864125,137.030825,137.06985,137.255575,137.294075,137.335275,137.367025,137.394975,137.4672,137.49,137.6048,137.640775,137.83435,137.8451,137.8883,137.903825,138.052825,138.078225,138.086175,138.2626,138.313225,138.40605,138.411875,138.480525,138.49945,138.546675,138.561575,138.567725,138.6033,138.6574,138.70345,138.765075,138.91095,138.9915,139.008975,139.0821,139.272225,139.383825,139.43,139.49205,139.57905,140.272025,140.451125,140.580925,140.67915,141.404575,141.560575,141.73795,141.936925,142.01175,142.334625,142.384625,142.4844,142.750075,142.85995,142.87275,142.938425,143.20095,143.4911,143.8585,0,0,0,0,0,0,0,0,0,0,0,0,0,0,0,0,0,0,0,0,0,0,0,0,0,0,0,0,0,0,0,0,0,0,0,0,0,0,0,0,0,0,0,0,0,0,0,0,0,0,0,0,0,0,0,0,0,0,0,0,0,0,0,0,0,0,0,0,0,0,0,0,0,0,0,0,0,0,0,0,0,0,0,0,0,0,0,0,0,0,0,0,0,0,0,0,0,0,0,0,0,0,0,0,0,0,0,0,0,0,0,0,0,0,0,0,0,0,0,0,0,0,0,0,0,0,0,0,0,0,0,0,0,0,0,0,0,0,0,0,0,0,0,0,0,0,0,0,0,0,0,0,0,0,0,0,0,0,0,0,0,0,0,0,0,0,0,0,0,0,0,0,0,0,0,0,0,0,0,0,0,0,0,0,0,0,0,0,0,0,0,0,0,0,0,0,0,0,0,0,0,0,0,0,0,0,0,0,0,0,0,0,0,0,0,0,0,0,0,0,0,0,0,0,0,0,0,0,0,0,0,0,0,0,0,0,0,0,0,0,0,0,0,0,0,0,0,0,0,0,0,0,0,0,0,0,0,0,0,0,0,0,0,0,0,0,0,0,0,0,0
"79",130.17455,130.47145,130.608775,130.772675,131.060625,131.153475,131.210575,131.9117,131.937725,131.93855,132.3825,132.5543,132.56785,134.1352,134.366125,136.687525,136.86875,137.027325,137.278875,138.518125,138.7432,138.797675,0,0,0,0,0,0,0,0,0,0,0,0,0,0,0,0,0,0,0,0,0,0,0,0,0,0,0,0,0,0,0,0,0,0,0,0,0,0,0,0,0,0,0,0,0,0,0,0,0,0,0,0,0,0,0,0,0,0,0,0,0,0,0,0,0,0,0,0,0,0,0,0,0,0,0,0,0,0,0,0,0,0,0,0,0,0,0,0,0,0,0,0,0,0,0,0,0,0,0,0,0,0,0,0,0,0,0,0,0,0,0,0,0,0,0,0,0,0,0,0,0,0,0,0,0,0,0,0,0,0,0,0,0,0,0,0,0,0,0,0,0,0,0,0,0,0,0,0,0,0,0,0,0,0,0,0,0,0,0,0,0,0,0,0,0,0,0,0,0,0,0,0,0,0,0,0,0,0,0,0,0,0,0,0,0,0,0,0,0,0,0,0,0,0,0,0,0,0,0,0,0,0,0,0,0,0,0,0,0,0,0,0,0,0,0,0,0,0,0,0,0,0,0,0,0,0,0,0,0,0,0,0,0,0,0,0,0,0,0,0,0,0,0,0,0,0,0,0,0,0,0,0,0,0,0,0,0,0,0,0,0,0,0,0,0,0,0,0,0,0,0,0,0,0,0,0,0,0,0,0,0,0,0,0,0,0,0,0,0,0,0,0,0,0,0,0,0,0,0,0,0,0,0,0,0,0,0,0,0,0,0,0,0,0,0,0,0,0,0,0,0,0,0,0,0,0,0,0,0,0,0,0,0,0,0,0,0,0,0,0,0,0,0,0,0,0,0,0,0,0,0,0,0,0,0,0,0,0,0,0,0,0,0,0,0,0,0,0,0,0,0,0,0,0,0,0,0,0,0,0,0,0,0,0,0,0,0,0,0,0,0,0,0,0,0,0,0,0,0,0,0,0,0,0,0,0,0,0,0,0,0,0,0,0,0,0,0,0,0,0,0,0,0,0,0,0,0,0,0,0,0,0,0,0,0,0,0,0,0,0,0,0,0,0,0,0,0,0,0,0,0,0,0,0,0
"80",130.528025,130.669875,130.68035,130.77855,130.844275,130.862775,130.865475,130.904025,130.92355,130.98675,130.9994,131.016,131.01965,131.02535,131.05845,131.152575,131.37155,131.6224,131.73965,131.93415,132.08465,132.08795,132.0897,132.12655,132.188375,132.244725,132.29345,132.3662,132.3834,132.413975,132.50295,132.55575,132.564825,132.97965,132.9881,133.140225,133.31595,133.382025,133.49685,133.577425,133.612925,133.693675,133.727575,133.759975,133.771075,133.87065,133.9737,134.0772,134.097575,134.168325,134.545675,134.672425,134.96595,135.19145,135.289675,135.2985,135.48,135.5115,135.7617,135.768575,135.92185,136.157325,136.19575,136.297875,136.370475,136.4221,136.4958,136.5542,136.590025,136.610975,136.785875,137.029075,137.212325,137.234,137.541375,138.1993,138.20995,139.38575,139.86205,140.076625,141.225625,144.025475,0,0,0,0,0,0,0,0,0,0,0,0,0,0,0,0,0,0,0,0,0,0,0,0,0,0,0,0,0,0,0,0,0,0,0,0,0,0,0,0,0,0,0,0,0,0,0,0,0,0,0,0,0,0,0,0,0,0,0,0,0,0,0,0,0,0,0,0,0,0,0,0,0,0,0,0,0,0,0,0,0,0,0,0,0,0,0,0,0,0,0,0,0,0,0,0,0,0,0,0,0,0,0,0,0,0,0,0,0,0,0,0,0,0,0,0,0,0,0,0,0,0,0,0,0,0,0,0,0,0,0,0,0,0,0,0,0,0,0,0,0,0,0,0,0,0,0,0,0,0,0,0,0,0,0,0,0,0,0,0,0,0,0,0,0,0,0,0,0,0,0,0,0,0,0,0,0,0,0,0,0,0,0,0,0,0,0,0,0,0,0,0,0,0,0,0,0,0,0,0,0,0,0,0,0,0,0,0,0,0,0,0,0,0,0,0,0,0,0,0,0,0,0,0,0,0,0,0,0,0,0,0,0,0,0,0,0,0,0,0,0,0,0,0,0,0,0,0,0,0,0,0,0,0,0,0,0,0,0,0,0,0,0,0,0,0,0,0,0,0,0,0,0,0,0,0,0,0,0,0,0,0,0,0,0,0,0,0,0,0,0,0,0,0,0,0,0,0,0,0,0,0,0,0,0,0,0,0,0,0,0,0,0,0,0,0,0,0,0,0,0,0,0,0,0,0,0,0,0,0,0,0,0,0,0,0,0,0,0,0,0,0,0,0,0,0,0,0,0,0,0,0,0,0,0,0,0,0,0,0,0,0,0,0,0,0,0,0,0,0,0,0,0,0,0,0,0,0,0,0,0,0,0,0,0,0,0,0,0,0,0,0,0,0,0
"81",129.5888,129.66485,129.868625,129.9306,129.942775,129.944775,130.055325,130.101375,130.108025,130.230475,130.2846,130.29185,130.468375,130.51015,130.53385,130.72245,130.922675,131.03645,131.046075,131.2516,131.3379,131.3629,131.389075,131.390575,131.459575,131.48755,131.4962,131.508925,131.53715,131.54435,131.60185,131.684775,131.697075,131.726725,131.74825,131.7574,131.80215,131.84755,131.864625,131.870275,131.914925,132.019525,132.185425,132.228625,132.3442,132.455625,132.533275,132.542975,132.623175,132.7045,132.72705,132.798525,132.8552,132.865725,132.9122,132.944675,132.967075,132.981675,133.00595,133.044575,133.0823,133.122875,133.1442,133.1479,133.19645,133.2432,133.263075,133.399025,133.405575,133.430925,133.5417,133.660325,133.71535,133.80525,133.878025,133.912075,133.949125,133.9716,134.0668,134.086825,134.10705,134.153975,134.262925,134.2898,134.31685,134.337525,134.454225,134.49125,134.515825,134.53365,134.567,134.67375,134.79955,134.81975,134.849675,134.8667,134.8992,134.960775,134.974125,134.994875,135.0249,135.0365,135.052875,135.1172,135.14615,135.159475,135.17475,135.186725,135.2011,135.2372,135.259075,135.342925,135.3662,135.46485,135.729,135.785375,136.009575,136.077975,136.092725,136.125825,137.051725,137.24945,137.334225,137.4996,137.557525,138.1329,138.314975,138.542125,138.8394,138.969375,141.47585,0,0,0,0,0,0,0,0,0,0,0,0,0,0,0,0,0,0,0,0,0,0,0,0,0,0,0,0,0,0,0,0,0,0,0,0,0,0,0,0,0,0,0,0,0,0,0,0,0,0,0,0,0,0,0,0,0,0,0,0,0,0,0,0,0,0,0,0,0,0,0,0,0,0,0,0,0,0,0,0,0,0,0,0,0,0,0,0,0,0,0,0,0,0,0,0,0,0,0,0,0,0,0,0,0,0,0,0,0,0,0,0,0,0,0,0,0,0,0,0,0,0,0,0,0,0,0,0,0,0,0,0,0,0,0,0,0,0,0,0,0,0,0,0,0,0,0,0,0,0,0,0,0,0,0,0,0,0,0,0,0,0,0,0,0,0,0,0,0,0,0,0,0,0,0,0,0,0,0,0,0,0,0,0,0,0,0,0,0,0,0,0,0,0,0,0,0,0,0,0,0,0,0,0,0,0,0,0,0,0,0,0,0,0,0,0,0,0,0,0,0,0,0,0,0,0,0,0,0,0,0,0,0,0,0,0,0,0,0,0,0,0,0,0,0,0,0,0,0,0,0,0,0,0,0,0,0,0,0,0,0,0,0,0,0,0,0,0,0,0,0,0,0,0,0,0,0,0,0,0,0,0,0,0,0,0,0,0,0,0,0,0,0,0,0,0,0,0,0,0,0,0,0,0,0,0,0,0,0,0,0,0,0,0,0,0,0,0,0,0,0,0,0,0,0,0,0,0,0,0,0,0,0,0,0,0,0,0,0,0,0,0,0,0,0,0
"82",130.930975,131.030325,131.87805,132.2571,132.508575,132.60945,132.85895,132.993425,133.8184,133.853,134.2357,136.26185,136.400075,136.529875,136.64415,136.684575,136.828125,136.8652,137.0658,137.18155,137.21485,137.24195,137.304075,137.3574,138.207625,138.421025,138.6126,138.658,138.7534,138.778475,140.082,0,0,0,0,0,0,0,0,0,0,0,0,0,0,0,0,0,0,0,0,0,0,0,0,0,0,0,0,0,0,0,0,0,0,0,0,0,0,0,0,0,0,0,0,0,0,0,0,0,0,0,0,0,0,0,0,0,0,0,0,0,0,0,0,0,0,0,0,0,0,0,0,0,0,0,0,0,0,0,0,0,0,0,0,0,0,0,0,0,0,0,0,0,0,0,0,0,0,0,0,0,0,0,0,0,0,0,0,0,0,0,0,0,0,0,0,0,0,0,0,0,0,0,0,0,0,0,0,0,0,0,0,0,0,0,0,0,0,0,0,0,0,0,0,0,0,0,0,0,0,0,0,0,0,0,0,0,0,0,0,0,0,0,0,0,0,0,0,0,0,0,0,0,0,0,0,0,0,0,0,0,0,0,0,0,0,0,0,0,0,0,0,0,0,0,0,0,0,0,0,0,0,0,0,0,0,0,0,0,0,0,0,0,0,0,0,0,0,0,0,0,0,0,0,0,0,0,0,0,0,0,0,0,0,0,0,0,0,0,0,0,0,0,0,0,0,0,0,0,0,0,0,0,0,0,0,0,0,0,0,0,0,0,0,0,0,0,0,0,0,0,0,0,0,0,0,0,0,0,0,0,0,0,0,0,0,0,0,0,0,0,0,0,0,0,0,0,0,0,0,0,0,0,0,0,0,0,0,0,0,0,0,0,0,0,0,0,0,0,0,0,0,0,0,0,0,0,0,0,0,0,0,0,0,0,0,0,0,0,0,0,0,0,0,0,0,0,0,0,0,0,0,0,0,0,0,0,0,0,0,0,0,0,0,0,0,0,0,0,0,0,0,0,0,0,0,0,0,0,0,0,0,0,0,0,0,0,0,0,0,0,0,0,0,0,0,0,0,0,0,0,0,0,0,0,0,0,0,0,0,0,0,0,0,0,0,0,0,0,0,0,0,0,0,0,0,0,0,0,0,0,0,0,0,0,0,0,0,0,0,0,0,0,0,0,0
"83",130.22395,131.38695,131.507125,131.635,131.72505,131.75485,131.834875,132.77825,133.1354,134.915225,135.04525,137.08695,143.024975,0,0,0,0,0,0,0,0,0,0,0,0,0,0,0,0,0,0,0,0,0,0,0,0,0,0,0,0,0,0,0,0,0,0,0,0,0,0,0,0,0,0,0,0,0,0,0,0,0,0,0,0,0,0,0,0,0,0,0,0,0,0,0,0,0,0,0,0,0,0,0,0,0,0,0,0,0,0,0,0,0,0,0,0,0,0,0,0,0,0,0,0,0,0,0,0,0,0,0,0,0,0,0,0,0,0,0,0,0,0,0,0,0,0,0,0,0,0,0,0,0,0,0,0,0,0,0,0,0,0,0,0,0,0,0,0,0,0,0,0,0,0,0,0,0,0,0,0,0,0,0,0,0,0,0,0,0,0,0,0,0,0,0,0,0,0,0,0,0,0,0,0,0,0,0,0,0,0,0,0,0,0,0,0,0,0,0,0,0,0,0,0,0,0,0,0,0,0,0,0,0,0,0,0,0,0,0,0,0,0,0,0,0,0,0,0,0,0,0,0,0,0,0,0,0,0,0,0,0,0,0,0,0,0,0,0,0,0,0,0,0,0,0,0,0,0,0,0,0,0,0,0,0,0,0,0,0,0,0,0,0,0,0,0,0,0,0,0,0,0,0,0,0,0,0,0,0,0,0,0,0,0,0,0,0,0,0,0,0,0,0,0,0,0,0,0,0,0,0,0,0,0,0,0,0,0,0,0,0,0,0,0,0,0,0,0,0,0,0,0,0,0,0,0,0,0,0,0,0,0,0,0,0,0,0,0,0,0,0,0,0,0,0,0,0,0,0,0,0,0,0,0,0,0,0,0,0,0,0,0,0,0,0,0,0,0,0,0,0,0,0,0,0,0,0,0,0,0,0,0,0,0,0,0,0,0,0,0,0,0,0,0,0,0,0,0,0,0,0,0,0,0,0,0,0,0,0,0,0,0,0,0,0,0,0,0,0,0,0,0,0,0,0,0,0,0,0,0,0,0,0,0,0,0,0,0,0,0,0,0,0,0,0,0,0,0,0,0,0,0,0,0,0,0,0,0,0,0,0,0,0,0,0,0
"84",129.7224,129.79245,130.105025,130.1164,130.54505,130.854375,131.132975,131.179,131.255,131.328525,131.80885,133.01765,133.144675,133.257625,133.29935,134.1043,135.329125,135.47355,136.066925,136.61295,136.720525,136.787775,136.81605,136.833725,136.85245,136.90725,136.943175,136.9867,137.057075,137.089175,137.11575,137.141225,137.172025,137.195325,137.239925,137.9199,137.97795,138.2615,138.3434,138.402725,138.438475,138.590825,138.622375,138.718325,138.8299,138.91325,138.9652,139.83285,139.8992,139.965575,139.99355,140.025575,140.066525,140.098425,140.121275,140.160875,140.178625,140.2088,140.2364,140.2545,140.303875,140.32945,140.39575,140.444225,140.509025,140.533675,140.58745,140.63965,140.69115,142.1336,142.20245,142.248925,142.289275,142.32785,142.375825,142.42005,142.45555,142.477275,142.50675,142.57985,142.599775,142.642975,142.672875,142.691175,142.71185,142.731,142.7707,142.78995,142.805475,142.820075,142.857775,142.893225,142.91915,142.9822,143.02845,143.03975,143.083125,143.108025,143.1456,143.17255,143.233325,143.262025,143.2901,143.324625,143.367775,143.45945,144.733,144.97045,145.111875,145.175225,145.247525,145.518225,145.608225,145.748325,0,0,0,0,0,0,0,0,0,0,0,0,0,0,0,0,0,0,0,0,0,0,0,0,0,0,0,0,0,0,0,0,0,0,0,0,0,0,0,0,0,0,0,0,0,0,0,0,0,0,0,0,0,0,0,0,0,0,0,0,0,0,0,0,0,0,0,0,0,0,0,0,0,0,0,0,0,0,0,0,0,0,0,0,0,0,0,0,0,0,0,0,0,0,0,0,0,0,0,0,0,0,0,0,0,0,0,0,0,0,0,0,0,0,0,0,0,0,0,0,0,0,0,0,0,0,0,0,0,0,0,0,0,0,0,0,0,0,0,0,0,0,0,0,0,0,0,0,0,0,0,0,0,0,0,0,0,0,0,0,0,0,0,0,0,0,0,0,0,0,0,0,0,0,0,0,0,0,0,0,0,0,0,0,0,0,0,0,0,0,0,0,0,0,0,0,0,0,0,0,0,0,0,0,0,0,0,0,0,0,0,0,0,0,0,0,0,0,0,0,0,0,0,0,0,0,0,0,0,0,0,0,0,0,0,0,0,0,0,0,0,0,0,0,0,0,0,0,0,0,0,0,0,0,0,0,0,0,0,0,0,0,0,0,0,0,0,0,0,0,0,0,0,0,0,0,0,0,0,0,0,0,0,0,0,0,0,0,0,0,0,0,0,0,0,0,0,0,0,0,0,0,0,0,0,0,0,0,0,0,0,0,0,0,0,0,0,0,0,0,0,0,0,0,0,0,0,0,0,0,0,0,0,0,0,0,0,0,0,0,0,0,0,0,0,0,0,0,0,0,0,0,0,0,0,0,0,0,0,0,0,0,0
"85",130.5254,130.53575,130.589375,130.616675,130.6242,130.71495,130.908625,130.9272,130.99225,131.043,132.07735,132.116075,132.1485,132.283475,132.3242,132.396725,132.43155,133.511625,133.75645,135.50525,135.51785,135.5964,135.610275,135.719875,135.87555,137.5069,137.52795,137.55195,137.805,137.850125,0,0,0,0,0,0,0,0,0,0,0,0,0,0,0,0,0,0,0,0,0,0,0,0,0,0,0,0,0,0,0,0,0,0,0,0,0,0,0,0,0,0,0,0,0,0,0,0,0,0,0,0,0,0,0,0,0,0,0,0,0,0,0,0,0,0,0,0,0,0,0,0,0,0,0,0,0,0,0,0,0,0,0,0,0,0,0,0,0,0,0,0,0,0,0,0,0,0,0,0,0,0,0,0,0,0,0,0,0,0,0,0,0,0,0,0,0,0,0,0,0,0,0,0,0,0,0,0,0,0,0,0,0,0,0,0,0,0,0,0,0,0,0,0,0,0,0,0,0,0,0,0,0,0,0,0,0,0,0,0,0,0,0,0,0,0,0,0,0,0,0,0,0,0,0,0,0,0,0,0,0,0,0,0,0,0,0,0,0,0,0,0,0,0,0,0,0,0,0,0,0,0,0,0,0,0,0,0,0,0,0,0,0,0,0,0,0,0,0,0,0,0,0,0,0,0,0,0,0,0,0,0,0,0,0,0,0,0,0,0,0,0,0,0,0,0,0,0,0,0,0,0,0,0,0,0,0,0,0,0,0,0,0,0,0,0,0,0,0,0,0,0,0,0,0,0,0,0,0,0,0,0,0,0,0,0,0,0,0,0,0,0,0,0,0,0,0,0,0,0,0,0,0,0,0,0,0,0,0,0,0,0,0,0,0,0,0,0,0,0,0,0,0,0,0,0,0,0,0,0,0,0,0,0,0,0,0,0,0,0,0,0,0,0,0,0,0,0,0,0,0,0,0,0,0,0,0,0,0,0,0,0,0,0,0,0,0,0,0,0,0,0,0,0,0,0,0,0,0,0,0,0,0,0,0,0,0,0,0,0,0,0,0,0,0,0,0,0,0,0,0,0,0,0,0,0,0,0,0,0,0,0,0,0,0,0,0,0,0,0,0,0,0,0,0,0,0,0,0,0,0,0,0,0,0,0,0,0,0,0,0,0,0,0,0,0,0
"86",131.1452,131.271975,132.290525,132.462325,132.977175,134.8588,136.151275,137.130025,137.248775,137.979275,138.35365,138.38875,138.49855,138.5583,138.765775,140.15815,140.225425,142.4782,142.605675,142.634775,142.7305,142.813475,142.851475,143.9227,0,0,0,0,0,0,0,0,0,0,0,0,0,0,0,0,0,0,0,0,0,0,0,0,0,0,0,0,0,0,0,0,0,0,0,0,0,0,0,0,0,0,0,0,0,0,0,0,0,0,0,0,0,0,0,0,0,0,0,0,0,0,0,0,0,0,0,0,0,0,0,0,0,0,0,0,0,0,0,0,0,0,0,0,0,0,0,0,0,0,0,0,0,0,0,0,0,0,0,0,0,0,0,0,0,0,0,0,0,0,0,0,0,0,0,0,0,0,0,0,0,0,0,0,0,0,0,0,0,0,0,0,0,0,0,0,0,0,0,0,0,0,0,0,0,0,0,0,0,0,0,0,0,0,0,0,0,0,0,0,0,0,0,0,0,0,0,0,0,0,0,0,0,0,0,0,0,0,0,0,0,0,0,0,0,0,0,0,0,0,0,0,0,0,0,0,0,0,0,0,0,0,0,0,0,0,0,0,0,0,0,0,0,0,0,0,0,0,0,0,0,0,0,0,0,0,0,0,0,0,0,0,0,0,0,0,0,0,0,0,0,0,0,0,0,0,0,0,0,0,0,0,0,0,0,0,0,0,0,0,0,0,0,0,0,0,0,0,0,0,0,0,0,0,0,0,0,0,0,0,0,0,0,0,0,0,0,0,0,0,0,0,0,0,0,0,0,0,0,0,0,0,0,0,0,0,0,0,0,0,0,0,0,0,0,0,0,0,0,0,0,0,0,0,0,0,0,0,0,0,0,0,0,0,0,0,0,0,0,0,0,0,0,0,0,0,0,0,0,0,0,0,0,0,0,0,0,0,0,0,0,0,0,0,0,0,0,0,0,0,0,0,0,0,0,0,0,0,0,0,0,0,0,0,0,0,0,0,0,0,0,0,0,0,0,0,0,0,0,0,0,0,0,0,0,0,0,0,0,0,0,0,0,0,0,0,0,0,0,0,0,0,0,0,0,0,0,0,0,0,0,0,0,0,0,0,0,0,0,0,0,0,0,0,0,0,0,0,0,0,0,0,0
"87",130.23505,131.837175,133.3045,135.13855,135.536625,136.793475,137.1088,137.14725,137.2886,138.51125,138.6405,138.728875,138.8218,138.891675,140.412625,0,0,0,0,0,0,0,0,0,0,0,0,0,0,0,0,0,0,0,0,0,0,0,0,0,0,0,0,0,0,0,0,0,0,0,0,0,0,0,0,0,0,0,0,0,0,0,0,0,0,0,0,0,0,0,0,0,0,0,0,0,0,0,0,0,0,0,0,0,0,0,0,0,0,0,0,0,0,0,0,0,0,0,0,0,0,0,0,0,0,0,0,0,0,0,0,0,0,0,0,0,0,0,0,0,0,0,0,0,0,0,0,0,0,0,0,0,0,0,0,0,0,0,0,0,0,0,0,0,0,0,0,0,0,0,0,0,0,0,0,0,0,0,0,0,0,0,0,0,0,0,0,0,0,0,0,0,0,0,0,0,0,0,0,0,0,0,0,0,0,0,0,0,0,0,0,0,0,0,0,0,0,0,0,0,0,0,0,0,0,0,0,0,0,0,0,0,0,0,0,0,0,0,0,0,0,0,0,0,0,0,0,0,0,0,0,0,0,0,0,0,0,0,0,0,0,0,0,0,0,0,0,0,0,0,0,0,0,0,0,0,0,0,0,0,0,0,0,0,0,0,0,0,0,0,0,0,0,0,0,0,0,0,0,0,0,0,0,0,0,0,0,0,0,0,0,0,0,0,0,0,0,0,0,0,0,0,0,0,0,0,0,0,0,0,0,0,0,0,0,0,0,0,0,0,0,0,0,0,0,0,0,0,0,0,0,0,0,0,0,0,0,0,0,0,0,0,0,0,0,0,0,0,0,0,0,0,0,0,0,0,0,0,0,0,0,0,0,0,0,0,0,0,0,0,0,0,0,0,0,0,0,0,0,0,0,0,0,0,0,0,0,0,0,0,0,0,0,0,0,0,0,0,0,0,0,0,0,0,0,0,0,0,0,0,0,0,0,0,0,0,0,0,0,0,0,0,0,0,0,0,0,0,0,0,0,0,0,0,0,0,0,0,0,0,0,0,0,0,0,0,0,0,0,0,0,0,0,0,0,0,0,0,0,0,0,0,0,0,0,0,0,0,0,0,0,0,0,0,0,0,0
"88",130.163575,130.16525,130.5412,130.7458,130.7478,131.079525,131.463,132.42195,132.523275,132.73185,133.198025,133.40105,133.4282,133.816825,134.0378,134.394875,135.2419,135.3047,135.48135,135.678125,135.7557,135.8602,135.996375,136.53685,136.76425,137.1175,137.25055,137.8204,137.9871,138.59825,138.6683,138.748375,140.346325,140.535475,141.818625,142.47575,142.529725,142.568025,142.644925,142.681075,142.91215,142.92805,143.04095,144.580775,145.9494,146.36425,0,0,0,0,0,0,0,0,0,0,0,0,0,0,0,0,0,0,0,0,0,0,0,0,0,0,0,0,0,0,0,0,0,0,0,0,0,0,0,0,0,0,0,0,0,0,0,0,0,0,0,0,0,0,0,0,0,0,0,0,0,0,0,0,0,0,0,0,0,0,0,0,0,0,0,0,0,0,0,0,0,0,0,0,0,0,0,0,0,0,0,0,0,0,0,0,0,0,0,0,0,0,0,0,0,0,0,0,0,0,0,0,0,0,0,0,0,0,0,0,0,0,0,0,0,0,0,0,0,0,0,0,0,0,0,0,0,0,0,0,0,0,0,0,0,0,0,0,0,0,0,0,0,0,0,0,0,0,0,0,0,0,0,0,0,0,0,0,0,0,0,0,0,0,0,0,0,0,0,0,0,0,0,0,0,0,0,0,0,0,0,0,0,0,0,0,0,0,0,0,0,0,0,0,0,0,0,0,0,0,0,0,0,0,0,0,0,0,0,0,0,0,0,0,0,0,0,0,0,0,0,0,0,0,0,0,0,0,0,0,0,0,0,0,0,0,0,0,0,0,0,0,0,0,0,0,0,0,0,0,0,0,0,0,0,0,0,0,0,0,0,0,0,0,0,0,0,0,0,0,0,0,0,0,0,0,0,0,0,0,0,0,0,0,0,0,0,0,0,0,0,0,0,0,0,0,0,0,0,0,0,0,0,0,0,0,0,0,0,0,0,0,0,0,0,0,0,0,0,0,0,0,0,0,0,0,0,0,0,0,0,0,0,0,0,0,0,0,0,0,0,0,0,0,0,0,0,0,0,0,0,0,0,0,0,0,0,0,0,0,0,0,0,0,0,0,0,0,0,0,0,0,0,0,0,0,0,0,0,0,0,0,0,0,0,0,0,0,0,0,0,0,0,0,0,0,0,0,0,0,0,0,0,0,0,0,0,0,0,0,0,0,0,0,0,0,0,0,0,0,0
"89",130.726725,133.20415,135.180475,136.10125,136.861475,137.017725,137.0359,137.121525,137.19795,138.483275,138.571275,138.607875,138.636475,138.654275,138.853175,139.9839,140.046075,140.102225,140.1664,140.2394,140.294525,140.3642,142.33275,142.397675,142.493825,142.573325,142.61055,142.8125,143.37025,143.55755,143.818475,144.018725,144.176525,144.287525,144.828525,145.3459,145.475225,145.5203,145.697,145.946325,146.5199,148.777675,149.665525,150.601425,153.39995,155.5086,157.5134,0,0,0,0,0,0,0,0,0,0,0,0,0,0,0,0,0,0,0,0,0,0,0,0,0,0,0,0,0,0,0,0,0,0,0,0,0,0,0,0,0,0,0,0,0,0,0,0,0,0,0,0,0,0,0,0,0,0,0,0,0,0,0,0,0,0,0,0,0,0,0,0,0,0,0,0,0,0,0,0,0,0,0,0,0,0,0,0,0,0,0,0,0,0,0,0,0,0,0,0,0,0,0,0,0,0,0,0,0,0,0,0,0,0,0,0,0,0,0,0,0,0,0,0,0,0,0,0,0,0,0,0,0,0,0,0,0,0,0,0,0,0,0,0,0,0,0,0,0,0,0,0,0,0,0,0,0,0,0,0,0,0,0,0,0,0,0,0,0,0,0,0,0,0,0,0,0,0,0,0,0,0,0,0,0,0,0,0,0,0,0,0,0,0,0,0,0,0,0,0,0,0,0,0,0,0,0,0,0,0,0,0,0,0,0,0,0,0,0,0,0,0,0,0,0,0,0,0,0,0,0,0,0,0,0,0,0,0,0,0,0,0,0,0,0,0,0,0,0,0,0,0,0,0,0,0,0,0,0,0,0,0,0,0,0,0,0,0,0,0,0,0,0,0,0,0,0,0,0,0,0,0,0,0,0,0,0,0,0,0,0,0,0,0,0,0,0,0,0,0,0,0,0,0,0,0,0,0,0,0,0,0,0,0,0,0,0,0,0,0,0,0,0,0,0,0,0,0,0,0,0,0,0,0,0,0,0,0,0,0,0,0,0,0,0,0,0,0,0,0,0,0,0,0,0,0,0,0,0,0,0,0,0,0,0,0,0,0,0,0,0,0,0,0,0,0,0,0,0,0,0,0,0,0,0,0,0,0,0,0,0,0,0,0,0,0,0,0,0,0,0,0,0,0,0,0,0,0,0,0,0,0,0,0,0,0,0,0,0,0,0,0,0,0,0,0,0,0,0,0
"90",130.23725,130.419175,130.846925,130.991225,131.0613,131.40475,131.573925,131.79385,131.881225,132.086175,132.13545,132.453025,132.5243,132.586,133.121925,133.3361,133.4632,133.89565,134.377475,135.34,135.90295,135.94115,138.05095,138.7711,138.82085,138.894175,138.9721,139.03195,140.40995,140.476175,140.530925,140.56895,140.616175,140.66085,140.69655,140.740625,140.76435,140.834275,140.86315,140.89965,140.9361,140.98215,141.008075,141.132625,141.195675,141.2371,141.3151,141.3573,141.555625,143.67965,143.7864,143.9292,0,0,0,0,0,0,0,0,0,0,0,0,0,0,0,0,0,0,0,0,0,0,0,0,0,0,0,0,0,0,0,0,0,0,0,0,0,0,0,0,0,0,0,0,0,0,0,0,0,0,0,0,0,0,0,0,0,0,0,0,0,0,0,0,0,0,0,0,0,0,0,0,0,0,0,0,0,0,0,0,0,0,0,0,0,0,0,0,0,0,0,0,0,0,0,0,0,0,0,0,0,0,0,0,0,0,0,0,0,0,0,0,0,0,0,0,0,0,0,0,0,0,0,0,0,0,0,0,0,0,0,0,0,0,0,0,0,0,0,0,0,0,0,0,0,0,0,0,0,0,0,0,0,0,0,0,0,0,0,0,0,0,0,0,0,0,0,0,0,0,0,0,0,0,0,0,0,0,0,0,0,0,0,0,0,0,0,0,0,0,0,0,0,0,0,0,0,0,0,0,0,0,0,0,0,0,0,0,0,0,0,0,0,0,0,0,0,0,0,0,0,0,0,0,0,0,0,0,0,0,0,0,0,0,0,0,0,0,0,0,0,0,0,0,0,0,0,0,0,0,0,0,0,0,0,0,0,0,0,0,0,0,0,0,0,0,0,0,0,0,0,0,0,0,0,0,0,0,0,0,0,0,0,0,0,0,0,0,0,0,0,0,0,0,0,0,0,0,0,0,0,0,0,0,0,0,0,0,0,0,0,0,0,0,0,0,0,0,0,0,0,0,0,0,0,0,0,0,0,0,0,0,0,0,0,0,0,0,0,0,0,0,0,0,0,0,0,0,0,0,0,0,0,0,0,0,0,0,0,0,0,0,0,0,0,0,0,0,0,0,0,0,0,0,0,0,0,0,0,0,0,0,0,0,0,0,0,0,0,0,0,0,0,0,0,0,0,0,0,0,0,0,0,0,0,0,0,0,0,0,0,0,0,0,0,0,0,0,0,0,0,0,0,0,0
"91",131.564425,132.87905,133.08705,133.315475,133.3952,133.795475,134.95445,135.883,136.29545,136.475775,136.68855,136.76265,136.851425,137.10555,137.47625,137.65905,137.79185,137.8586,137.9369,138.00705,138.0671,138.150075,138.220225,138.3057,138.3512,138.575725,138.72575,139.1636,139.346925,139.487925,139.59565,139.6776,139.789825,139.859625,140.012025,140.329,140.4664,140.791425,141.0715,141.19445,141.3264,141.4522,141.7748,142.016425,142.33655,142.48625,142.69265,142.846475,143.06965,143.278025,143.411575,143.5604,143.691975,143.837075,143.99915,144.1073,144.4085,144.56595,144.7093,144.963375,145.742975,0,0,0,0,0,0,0,0,0,0,0,0,0,0,0,0,0,0,0,0,0,0,0,0,0,0,0,0,0,0,0,0,0,0,0,0,0,0,0,0,0,0,0,0,0,0,0,0,0,0,0,0,0,0,0,0,0,0,0,0,0,0,0,0,0,0,0,0,0,0,0,0,0,0,0,0,0,0,0,0,0,0,0,0,0,0,0,0,0,0,0,0,0,0,0,0,0,0,0,0,0,0,0,0,0,0,0,0,0,0,0,0,0,0,0,0,0,0,0,0,0,0,0,0,0,0,0,0,0,0,0,0,0,0,0,0,0,0,0,0,0,0,0,0,0,0,0,0,0,0,0,0,0,0,0,0,0,0,0,0,0,0,0,0,0,0,0,0,0,0,0,0,0,0,0,0,0,0,0,0,0,0,0,0,0,0,0,0,0,0,0,0,0,0,0,0,0,0,0,0,0,0,0,0,0,0,0,0,0,0,0,0,0,0,0,0,0,0,0,0,0,0,0,0,0,0,0,0,0,0,0,0,0,0,0,0,0,0,0,0,0,0,0,0,0,0,0,0,0,0,0,0,0,0,0,0,0,0,0,0,0,0,0,0,0,0,0,0,0,0,0,0,0,0,0,0,0,0,0,0,0,0,0,0,0,0,0,0,0,0,0,0,0,0,0,0,0,0,0,0,0,0,0,0,0,0,0,0,0,0,0,0,0,0,0,0,0,0,0,0,0,0,0,0,0,0,0,0,0,0,0,0,0,0,0,0,0,0,0,0,0,0,0,0,0,0,0,0,0,0,0,0,0,0,0,0,0,0,0,0,0,0,0,0,0,0,0,0,0,0,0,0,0,0,0,0,0,0,0,0,0,0,0,0,0,0,0,0,0,0,0,0,0,0,0,0,0,0,0,0,0,0,0,0,0,0,0,0,0,0,0,0,0,0,0,0
"92",130.572575,130.75645,131.9163,132.095275,132.49435,133.53065,133.898525,135.388025,135.653825,135.6622,135.919725,0,0,0,0,0,0,0,0,0,0,0,0,0,0,0,0,0,0,0,0,0,0,0,0,0,0,0,0,0,0,0,0,0,0,0,0,0,0,0,0,0,0,0,0,0,0,0,0,0,0,0,0,0,0,0,0,0,0,0,0,0,0,0,0,0,0,0,0,0,0,0,0,0,0,0,0,0,0,0,0,0,0,0,0,0,0,0,0,0,0,0,0,0,0,0,0,0,0,0,0,0,0,0,0,0,0,0,0,0,0,0,0,0,0,0,0,0,0,0,0,0,0,0,0,0,0,0,0,0,0,0,0,0,0,0,0,0,0,0,0,0,0,0,0,0,0,0,0,0,0,0,0,0,0,0,0,0,0,0,0,0,0,0,0,0,0,0,0,0,0,0,0,0,0,0,0,0,0,0,0,0,0,0,0,0,0,0,0,0,0,0,0,0,0,0,0,0,0,0,0,0,0,0,0,0,0,0,0,0,0,0,0,0,0,0,0,0,0,0,0,0,0,0,0,0,0,0,0,0,0,0,0,0,0,0,0,0,0,0,0,0,0,0,0,0,0,0,0,0,0,0,0,0,0,0,0,0,0,0,0,0,0,0,0,0,0,0,0,0,0,0,0,0,0,0,0,0,0,0,0,0,0,0,0,0,0,0,0,0,0,0,0,0,0,0,0,0,0,0,0,0,0,0,0,0,0,0,0,0,0,0,0,0,0,0,0,0,0,0,0,0,0,0,0,0,0,0,0,0,0,0,0,0,0,0,0,0,0,0,0,0,0,0,0,0,0,0,0,0,0,0,0,0,0,0,0,0,0,0,0,0,0,0,0,0,0,0,0,0,0,0,0,0,0,0,0,0,0,0,0,0,0,0,0,0,0,0,0,0,0,0,0,0,0,0,0,0,0,0,0,0,0,0,0,0,0,0,0,0,0,0,0,0,0,0,0,0,0,0,0,0,0,0,0,0,0,0,0,0,0,0,0,0,0,0,0,0,0,0,0,0,0,0,0,0,0,0,0,0,0,0,0,0,0,0,0,0,0,0,0,0,0,0,0,0,0
"93",129.7161,129.787225,129.8005,129.886325,130.011675,130.02705,130.03265,130.055875,130.069925,130.077075,130.08715,130.094275,130.13015,130.141275,130.1711,130.2106,130.23655,130.251325,130.266625,130.30215,130.32355,130.337175,130.354925,130.3856,130.4248,130.448725,130.49865,130.51145,130.537375,130.562175,130.574525,130.586525,130.618825,130.63615,130.66525,130.679625,130.697725,130.703425,130.7396,130.746875,130.7981,130.8257,130.8604,130.868625,130.8851,130.944375,130.968425,130.977025,130.990625,131.021525,131.025475,131.13395,131.142625,131.1467,131.19285,131.371625,131.540675,131.5938,131.83245,131.8578,131.883925,131.902375,131.91765,131.93745,131.9527,131.95625,131.984225,131.99315,132.0152,132.02265,132.0294,132.049875,132.07155,132.083625,132.1057,132.111425,132.12345,132.1518,132.1582,132.175775,132.18315,132.192425,132.20525,132.216575,132.2284,132.254525,132.273575,132.300575,132.30705,132.3268,132.35155,132.363575,132.393225,132.3988,132.411375,132.4648,132.490375,132.507875,132.5734,132.59735,132.666175,133.0105,133.156025,133.175525,133.21205,133.30075,133.31225,133.322125,133.334525,133.369075,133.3893,133.41935,133.430375,133.440025,133.464675,133.481775,133.51175,133.533625,133.565475,133.5847,133.591125,133.61055,133.6253,133.644425,133.659075,133.671275,133.68045,133.7016,133.724425,133.730025,133.742225,133.782925,133.808475,133.85135,133.872975,133.93855,133.962525,133.978025,133.9799,133.99925,134.018675,134.0269,134.042575,134.054775,134.0628,134.0728,134.13795,134.153175,134.18905,134.2249,134.24435,134.257775,134.29185,134.301025,134.310825,134.320425,134.39855,134.4096,134.4195,134.431925,134.4383,134.465,134.4906,134.5155,134.5192,134.54965,134.584475,134.5945,134.613325,134.714325,134.72355,134.73175,134.811,135.00725,135.156025,135.165125,135.198225,135.22195,135.240775,135.2506,135.262225,135.2955,135.3471,135.35975,135.3698,135.388975,135.427475,135.442875,135.4825,135.5058,135.5235,135.529875,135.5395,135.553875,135.565175,135.60375,135.6282,135.71335,135.73,135.7676,136.435175,136.7602,136.9636,137.03795,137.464125,137.47465,137.486425,137.494975,137.50195,137.52595,137.542925,137.5505,137.57295,137.625125,137.636475,137.65535,137.681725,137.713875,137.730975,137.775575,137.792275,137.83985,137.87235,137.894,137.94805,137.963025,138.1735,138.3783,138.64515,139.246925,139.2609,139.28445,139.30505,139.327275,139.337175,139.404875,139.527775,139.9668,140.036975,140.0539,140.9475,140.99105,141.001225,141.01045,141.0598,141.07025,141.0923,141.10235,141.1312,141.141375,141.150725,141.162225,141.17775,141.185525,141.193,141.201075,141.20775,141.21655,141.2352,141.267875,141.277075,141.302425,141.3215,141.3324,141.350325,141.36465,141.3967,141.408225,141.449075,141.45635,141.46665,141.52045,141.5344,141.559125,141.57695,141.5945,141.6048,141.66265,141.682525,141.690625,141.727025,141.741375,141.75135,141.826125,141.8616,141.9032,142.6277,143.7913,143.815675,143.857,143.864825,143.875975,143.9051,143.925675,143.94135,143.9523,143.973975,143.9823,143.994275,144.016375,144.039875,144.05495,144.08935,144.09945,144.123975,144.131175,144.141875,144.168075,144.18395,144.195875,144.205,144.2328,144.24475,144.26145,144.282475,144.291175,144.34195,144.38125,144.3899,144.420025,144.505575,149.15175,149.163925,149.17825,149.233975,149.283275,149.2942,149.3072,149.327325,149.338975,149.349275,149.36135,149.38315,149.41335,149.428425,149.4377,149.44685,149.466275,149.489525,149.518375,149.578025,149.593375,149.632275,149.644925,149.66105,149.699425,149.72995,149.74375,149.7732,149.79275,149.81125,149.8237,149.85995,149.87195,149.896375,149.916575,149.966425,149.998725,150.0199,0,0,0,0,0,0,0,0,0,0,0,0,0,0,0,0,0,0,0,0,0,0,0,0,0,0,0,0,0,0,0,0,0,0,0,0,0,0,0,0,0,0,0,0,0,0,0,0,0,0,0,0,0,0,0,0,0,0,0,0,0,0,0,0,0,0,0,0,0,0,0,0,0,0,0,0,0,0,0,0,0,0,0,0,0,0,0,0,0,0,0,0,0,0,0,0,0,0,0,0,0,0,0,0,0,0,0,0,0,0,0,0,0,0,0,0,0,0
"94",129.54005,129.574025,129.59165,129.63585,129.716525,129.77205,129.8114,129.85455,129.920875,129.96195,130.012625,130.117125,130.14285,130.186825,130.359225,130.422975,130.538875,130.5718,130.64575,130.708425,130.732225,130.757275,130.864925,130.879225,130.96715,131.048775,131.087675,131.121575,131.192025,131.205675,131.24055,131.279375,131.324325,131.344925,131.368675,131.395275,131.4064,131.42405,131.46845,131.488425,131.4992,131.519125,131.544375,131.57995,131.60235,131.622475,131.636625,131.658375,131.700075,131.70825,131.73765,131.760525,131.784275,131.80185,131.819725,131.96415,132.050375,132.144125,132.189025,132.239075,132.3355,132.347775,132.403825,132.4269,132.558525,132.581825,132.621175,132.65125,132.674175,132.685325,132.7026,132.72015,132.748675,132.772475,132.80715,132.829225,132.854075,132.869925,132.89365,132.905225,132.92665,132.947525,132.971825,133.02435,133.04565,133.0735,133.1077,133.1632,133.192875,133.255875,133.32375,133.3861,133.452025,133.496975,133.5359,133.56855,133.59905,133.620375,133.649,133.695425,133.721325,133.7517,133.7783,133.805875,133.834725,133.865025,133.885825,133.904,133.915975,133.97,134.025775,134.056225,134.0713,134.087,134.121975,134.15855,134.2349,134.26505,134.33305,134.531475,134.61885,134.75845,134.813325,134.850275,134.8872,134.909,134.926075,134.963975,135.010225,135.0315,135.0793,135.1251,135.191425,135.347625,135.553175,135.6103,135.6741,135.7848,135.8606,136.00575,136.144225,136.17305,136.211025,136.237375,136.261875,136.280875,136.2978,136.305325,136.3224,136.3464,136.367025,136.376,136.391375,136.3992,136.41535,136.43755,136.451575,136.46725,136.48885,136.4975,136.515425,136.5272,136.545375,136.5662,136.582725,136.594,136.6109,136.631425,136.649475,136.679975,136.700025,136.72355,136.737525,136.764425,136.8188,136.843675,136.87305,136.895975,136.91755,136.954075,136.9772,136.991225,137.0158,137.033075,137.05695,137.091725,137.183225,137.231,137.271825,137.384225,137.537325,137.597675,137.658725,137.7616,137.79285,137.830575,137.8541,137.879425,137.955975,137.9995,138.017575,138.055025,138.085625,138.125275,138.1467,138.163475,138.1824,138.2131,138.241375,138.263225,138.289425,138.317275,138.3348,138.36535,138.385025,138.421475,138.4793,138.520875,138.542225,138.594025,138.6409,138.8769,138.9496,139.067425,139.140875,139.238525,139.377225,139.4356,139.471225,139.554825,139.581,139.658675,139.687475,139.71735,139.74175,139.783275,139.84175,139.886875,139.928675,139.984025,140.02585,140.067225,140.133525,140.181825,140.21495,140.26065,140.374125,140.53785,140.5914,141.345275,141.5828,141.62965,141.765975,141.8551,141.935225,141.990575,142.06565,142.129625,142.175525,142.222025,142.2495,142.323775,142.37585,142.430025,142.4729,142.51795,142.566675,142.639025,142.700725,142.852675,142.90435,142.981525,143.087225,143.2752,144.160325,144.393425,144.580675,144.9176,0,0,0,0,0,0,0,0,0,0,0,0,0,0,0,0,0,0,0,0,0,0,0,0,0,0,0,0,0,0,0,0,0,0,0,0,0,0,0,0,0,0,0,0,0,0,0,0,0,0,0,0,0,0,0,0,0,0,0,0,0,0,0,0,0,0,0,0,0,0,0,0,0,0,0,0,0,0,0,0,0,0,0,0,0,0,0,0,0,0,0,0,0,0,0,0,0,0,0,0,0,0,0,0,0,0,0,0,0,0,0,0,0,0,0,0,0,0,0,0,0,0,0,0,0,0,0,0,0,0,0,0,0,0,0,0,0,0,0,0,0,0,0,0,0,0,0,0,0,0,0,0,0,0,0,0,0,0,0,0,0,0,0,0,0,0,0,0,0,0,0,0,0,0,0,0,0,0,0,0,0,0,0,0,0,0,0,0,0,0,0,0,0,0,0,0,0,0,0
"95",0,0,0,0,0,0,0,0,0,0,0,0,0,0,0,0,0,0,0,0,0,0,0,0,0,0,0,0,0,0,0,0,0,0,0,0,0,0,0,0,0,0,0,0,0,0,0,0,0,0,0,0,0,0,0,0,0,0,0,0,0,0,0,0,0,0,0,0,0,0,0,0,0,0,0,0,0,0,0,0,0,0,0,0,0,0,0,0,0,0,0,0,0,0,0,0,0,0,0,0,0,0,0,0,0,0,0,0,0,0,0,0,0,0,0,0,0,0,0,0,0,0,0,0,0,0,0,0,0,0,0,0,0,0,0,0,0,0,0,0,0,0,0,0,0,0,0,0,0,0,0,0,0,0,0,0,0,0,0,0,0,0,0,0,0,0,0,0,0,0,0,0,0,0,0,0,0,0,0,0,0,0,0,0,0,0,0,0,0,0,0,0,0,0,0,0,0,0,0,0,0,0,0,0,0,0,0,0,0,0,0,0,0,0,0,0,0,0,0,0,0,0,0,0,0,0,0,0,0,0,0,0,0,0,0,0,0,0,0,0,0,0,0,0,0,0,0,0,0,0,0,0,0,0,0,0,0,0,0,0,0,0,0,0,0,0,0,0,0,0,0,0,0,0,0,0,0,0,0,0,0,0,0,0,0,0,0,0,0,0,0,0,0,0,0,0,0,0,0,0,0,0,0,0,0,0,0,0,0,0,0,0,0,0,0,0,0,0,0,0,0,0,0,0,0,0,0,0,0,0,0,0,0,0,0,0,0,0,0,0,0,0,0,0,0,0,0,0,0,0,0,0,0,0,0,0,0,0,0,0,0,0,0,0,0,0,0,0,0,0,0,0,0,0,0,0,0,0,0,0,0,0,0,0,0,0,0,0,0,0,0,0,0,0,0,0,0,0,0,0,0,0,0,0,0,0,0,0,0,0,0,0,0,0,0,0,0,0,0,0,0,0,0,0,0,0,0,0,0,0,0,0,0,0,0,0,0,0,0,0,0,0,0,0,0,0,0,0,0,0,0,0,0,0,0,0,0,0,0,0,0,0,0,0,0,0,0,0,0,0,0,0,0,0,0,0,0
"96",120.6878,120.953725,121.710975,122.151725,122.7818,123.404475,123.586,123.901525,124.014925,124.1555,124.339675,124.756275,124.900875,125.151775,125.43095,126.761025,127.1863,127.5605,127.81905,127.99305,128.52805,128.7674,128.992975,129.5596,144.73415,0,0,0,0,0,0,0,0,0,0,0,0,0,0,0,0,0,0,0,0,0,0,0,0,0,0,0,0,0,0,0,0,0,0,0,0,0,0,0,0,0,0,0,0,0,0,0,0,0,0,0,0,0,0,0,0,0,0,0,0,0,0,0,0,0,0,0,0,0,0,0,0,0,0,0,0,0,0,0,0,0,0,0,0,0,0,0,0,0,0,0,0,0,0,0,0,0,0,0,0,0,0,0,0,0,0,0,0,0,0,0,0,0,0,0,0,0,0,0,0,0,0,0,0,0,0,0,0,0,0,0,0,0,0,0,0,0,0,0,0,0,0,0,0,0,0,0,0,0,0,0,0,0,0,0,0,0,0,0,0,0,0,0,0,0,0,0,0,0,0,0,0,0,0,0,0,0,0,0,0,0,0,0,0,0,0,0,0,0,0,0,0,0,0,0,0,0,0,0,0,0,0,0,0,0,0,0,0,0,0,0,0,0,0,0,0,0,0,0,0,0,0,0,0,0,0,0,0,0,0,0,0,0,0,0,0,0,0,0,0,0,0,0,0,0,0,0,0,0,0,0,0,0,0,0,0,0,0,0,0,0,0,0,0,0,0,0,0,0,0,0,0,0,0,0,0,0,0,0,0,0,0,0,0,0,0,0,0,0,0,0,0,0,0,0,0,0,0,0,0,0,0,0,0,0,0,0,0,0,0,0,0,0,0,0,0,0,0,0,0,0,0,0,0,0,0,0,0,0,0,0,0,0,0,0,0,0,0,0,0,0,0,0,0,0,0,0,0,0,0,0,0,0,0,0,0,0,0,0,0,0,0,0,0,0,0,0,0,0,0,0,0,0,0,0,0,0,0,0,0,0,0,0,0,0,0,0,0,0,0,0,0,0,0,0,0,0,0,0,0,0,0,0,0,0,0,0,0,0,0,0,0,0,0,0,0,0,0,0,0,0,0,0,0,0,0,0,0,0,0,0,0,0,0,0,0,0,0,0,0,0,0,0,0,0,0,0,0,0,0,0,0
"97",131.712125,131.86095,132.480225,132.97715,133.140025,133.271175,134.38625,135.067175,135.20235,135.3777,135.53785,136.078925,141.259725,141.46265,141.546425,141.621925,141.7499,141.8469,142.0317,0,0,0,0,0,0,0,0,0,0,0,0,0,0,0,0,0,0,0,0,0,0,0,0,0,0,0,0,0,0,0,0,0,0,0,0,0,0,0,0,0,0,0,0,0,0,0,0,0,0,0,0,0,0,0,0,0,0,0,0,0,0,0,0,0,0,0,0,0,0,0,0,0,0,0,0,0,0,0,0,0,0,0,0,0,0,0,0,0,0,0,0,0,0,0,0,0,0,0,0,0,0,0,0,0,0,0,0,0,0,0,0,0,0,0,0,0,0,0,0,0,0,0,0,0,0,0,0,0,0,0,0,0,0,0,0,0,0,0,0,0,0,0,0,0,0,0,0,0,0,0,0,0,0,0,0,0,0,0,0,0,0,0,0,0,0,0,0,0,0,0,0,0,0,0,0,0,0,0,0,0,0,0,0,0,0,0,0,0,0,0,0,0,0,0,0,0,0,0,0,0,0,0,0,0,0,0,0,0,0,0,0,0,0,0,0,0,0,0,0,0,0,0,0,0,0,0,0,0,0,0,0,0,0,0,0,0,0,0,0,0,0,0,0,0,0,0,0,0,0,0,0,0,0,0,0,0,0,0,0,0,0,0,0,0,0,0,0,0,0,0,0,0,0,0,0,0,0,0,0,0,0,0,0,0,0,0,0,0,0,0,0,0,0,0,0,0,0,0,0,0,0,0,0,0,0,0,0,0,0,0,0,0,0,0,0,0,0,0,0,0,0,0,0,0,0,0,0,0,0,0,0,0,0,0,0,0,0,0,0,0,0,0,0,0,0,0,0,0,0,0,0,0,0,0,0,0,0,0,0,0,0,0,0,0,0,0,0,0,0,0,0,0,0,0,0,0,0,0,0,0,0,0,0,0,0,0,0,0,0,0,0,0,0,0,0,0,0,0,0,0,0,0,0,0,0,0,0,0,0,0,0,0,0,0,0,0,0,0,0,0,0,0,0,0,0,0,0,0,0,0,0,0,0,0,0,0,0,0,0,0,0,0,0,0,0,0,0,0,0,0,0,0,0,0,0,0,0
"98",130.658575,130.991775,132.208975,132.8747,133.612925,134.000525,135.7637,135.8382,137.069725,138.387575,140.146025,140.235475,142.137375,142.25775,142.43565,142.54395,142.622,142.797825,142.8671,142.95665,143.1647,144.80315,0,0,0,0,0,0,0,0,0,0,0,0,0,0,0,0,0,0,0,0,0,0,0,0,0,0,0,0,0,0,0,0,0,0,0,0,0,0,0,0,0,0,0,0,0,0,0,0,0,0,0,0,0,0,0,0,0,0,0,0,0,0,0,0,0,0,0,0,0,0,0,0,0,0,0,0,0,0,0,0,0,0,0,0,0,0,0,0,0,0,0,0,0,0,0,0,0,0,0,0,0,0,0,0,0,0,0,0,0,0,0,0,0,0,0,0,0,0,0,0,0,0,0,0,0,0,0,0,0,0,0,0,0,0,0,0,0,0,0,0,0,0,0,0,0,0,0,0,0,0,0,0,0,0,0,0,0,0,0,0,0,0,0,0,0,0,0,0,0,0,0,0,0,0,0,0,0,0,0,0,0,0,0,0,0,0,0,0,0,0,0,0,0,0,0,0,0,0,0,0,0,0,0,0,0,0,0,0,0,0,0,0,0,0,0,0,0,0,0,0,0,0,0,0,0,0,0,0,0,0,0,0,0,0,0,0,0,0,0,0,0,0,0,0,0,0,0,0,0,0,0,0,0,0,0,0,0,0,0,0,0,0,0,0,0,0,0,0,0,0,0,0,0,0,0,0,0,0,0,0,0,0,0,0,0,0,0,0,0,0,0,0,0,0,0,0,0,0,0,0,0,0,0,0,0,0,0,0,0,0,0,0,0,0,0,0,0,0,0,0,0,0,0,0,0,0,0,0,0,0,0,0,0,0,0,0,0,0,0,0,0,0,0,0,0,0,0,0,0,0,0,0,0,0,0,0,0,0,0,0,0,0,0,0,0,0,0,0,0,0,0,0,0,0,0,0,0,0,0,0,0,0,0,0,0,0,0,0,0,0,0,0,0,0,0,0,0,0,0,0,0,0,0,0,0,0,0,0,0,0,0,0,0,0,0,0,0,0,0,0,0,0,0,0,0,0,0,0,0,0,0,0,0,0,0,0,0,0,0,0,0,0,0,0,0,0,0,0,0,0,0,0,0,0,0
"99",130.958225,130.993,130.994325,131.0646,131.19715,132.443575,0,0,0,0,0,0,0,0,0,0,0,0,0,0,0,0,0,0,0,0,0,0,0,0,0,0,0,0,0,0,0,0,0,0,0,0,0,0,0,0,0,0,0,0,0,0,0,0,0,0,0,0,0,0,0,0,0,0,0,0,0,0,0,0,0,0,0,0,0,0,0,0,0,0,0,0,0,0,0,0,0,0,0,0,0,0,0,0,0,0,0,0,0,0,0,0,0,0,0,0,0,0,0,0,0,0,0,0,0,0,0,0,0,0,0,0,0,0,0,0,0,0,0,0,0,0,0,0,0,0,0,0,0,0,0,0,0,0,0,0,0,0,0,0,0,0,0,0,0,0,0,0,0,0,0,0,0,0,0,0,0,0,0,0,0,0,0,0,0,0,0,0,0,0,0,0,0,0,0,0,0,0,0,0,0,0,0,0,0,0,0,0,0,0,0,0,0,0,0,0,0,0,0,0,0,0,0,0,0,0,0,0,0,0,0,0,0,0,0,0,0,0,0,0,0,0,0,0,0,0,0,0,0,0,0,0,0,0,0,0,0,0,0,0,0,0,0,0,0,0,0,0,0,0,0,0,0,0,0,0,0,0,0,0,0,0,0,0,0,0,0,0,0,0,0,0,0,0,0,0,0,0,0,0,0,0,0,0,0,0,0,0,0,0,0,0,0,0,0,0,0,0,0,0,0,0,0,0,0,0,0,0,0,0,0,0,0,0,0,0,0,0,0,0,0,0,0,0,0,0,0,0,0,0,0,0,0,0,0,0,0,0,0,0,0,0,0,0,0,0,0,0,0,0,0,0,0,0,0,0,0,0,0,0,0,0,0,0,0,0,0,0,0,0,0,0,0,0,0,0,0,0,0,0,0,0,0,0,0,0,0,0,0,0,0,0,0,0,0,0,0,0,0,0,0,0,0,0,0,0,0,0,0,0,0,0,0,0,0,0,0,0,0,0,0,0,0,0,0,0,0,0,0,0,0,0,0,0,0,0,0,0,0,0,0,0,0,0,0,0,0,0,0,0,0,0,0,0,0,0,0,0,0,0,0,0,0,0,0,0,0
"100",129.6929,129.74995,129.801,130.1088,130.534225,131.17515,131.646575,131.969475,132.302,133.84155,135.383425,135.435625,135.92965,135.9718,136.025275,136.1095,136.283775,136.7079,136.801975,136.867575,136.940125,137.023125,137.074,137.2133,137.25715,137.30235,137.7387,137.837025,138.104325,138.1527,138.26515,138.290575,138.342175,138.418975,138.49225,138.544675,138.5871,138.6628,138.751925,139.44135,139.83535,139.88115,139.9616,139.9968,140.03315,140.05635,140.1136,140.158,140.1906,140.220375,140.24175,140.283075,140.301875,140.340825,140.382675,140.434775,140.520525,140.6138,141.4873,141.678225,141.812625,141.922375,141.997125,142.07,142.117475,142.1657,142.2109,142.26315,142.35265,142.40155,142.451,142.482925,142.5314,142.560625,142.604125,142.65345,142.69675,142.7383,142.828925,142.85935,142.926825,143.029075,143.08325,143.171275,143.19995,143.314,143.544825,144.391525,144.538275,144.64175,144.81535,145.031825,145.133675,0,0,0,0,0,0,0,0,0,0,0,0,0,0,0,0,0,0,0,0,0,0,0,0,0,0,0,0,0,0,0,0,0,0,0,0,0,0,0,0,0,0,0,0,0,0,0,0,0,0,0,0,0,0,0,0,0,0,0,0,0,0,0,0,0,0,0,0,0,0,0,0,0,0,0,0,0,0,0,0,0,0,0,0,0,0,0,0,0,0,0,0,0,0,0,0,0,0,0,0,0,0,0,0,0,0,0,0,0,0,0,0,0,0,0,0,0,0,0,0,0,0,0,0,0,0,0,0,0,0,0,0,0,0,0,0,0,0,0,0,0,0,0,0,0,0,0,0,0,0,0,0,0,0,0,0,0,0,0,0,0,0,0,0,0,0,0,0,0,0,0,0,0,0,0,0,0,0,0,0,0,0,0,0,0,0,0,0,0,0,0,0,0,0,0,0,0,0,0,0,0,0,0,0,0,0,0,0,0,0,0,0,0,0,0,0,0,0,0,0,0,0,0,0,0,0,0,0,0,0,0,0,0,0,0,0,0,0,0,0,0,0,0,0,0,0,0,0,0,0,0,0,0,0,0,0,0,0,0,0,0,0,0,0,0,0,0,0,0,0,0,0,0,0,0,0,0,0,0,0,0,0,0,0,0,0,0,0,0,0,0,0,0,0,0,0,0,0,0,0,0,0,0,0,0,0,0,0,0,0,0,0,0,0,0,0,0,0,0,0,0,0,0,0,0,0,0,0,0,0,0,0,0,0,0,0,0,0,0,0,0,0,0,0,0,0,0,0,0,0,0,0,0,0,0,0,0,0,0,0,0,0,0,0,0,0,0,0,0,0,0,0,0,0,0,0,0,0,0,0,0,0,0,0
"101",128.317875,129.629525,129.733125,129.8405,129.91885,129.966825,130.048875,130.115825,130.13435,130.267675,130.294925,130.3901,130.5209,130.55475,131.67235,131.96545,133.19905,137.01975,137.04385,137.076975,137.133825,138.599825,138.65805,138.770125,140.4494,0,0,0,0,0,0,0,0,0,0,0,0,0,0,0,0,0,0,0,0,0,0,0,0,0,0,0,0,0,0,0,0,0,0,0,0,0,0,0,0,0,0,0,0,0,0,0,0,0,0,0,0,0,0,0,0,0,0,0,0,0,0,0,0,0,0,0,0,0,0,0,0,0,0,0,0,0,0,0,0,0,0,0,0,0,0,0,0,0,0,0,0,0,0,0,0,0,0,0,0,0,0,0,0,0,0,0,0,0,0,0,0,0,0,0,0,0,0,0,0,0,0,0,0,0,0,0,0,0,0,0,0,0,0,0,0,0,0,0,0,0,0,0,0,0,0,0,0,0,0,0,0,0,0,0,0,0,0,0,0,0,0,0,0,0,0,0,0,0,0,0,0,0,0,0,0,0,0,0,0,0,0,0,0,0,0,0,0,0,0,0,0,0,0,0,0,0,0,0,0,0,0,0,0,0,0,0,0,0,0,0,0,0,0,0,0,0,0,0,0,0,0,0,0,0,0,0,0,0,0,0,0,0,0,0,0,0,0,0,0,0,0,0,0,0,0,0,0,0,0,0,0,0,0,0,0,0,0,0,0,0,0,0,0,0,0,0,0,0,0,0,0,0,0,0,0,0,0,0,0,0,0,0,0,0,0,0,0,0,0,0,0,0,0,0,0,0,0,0,0,0,0,0,0,0,0,0,0,0,0,0,0,0,0,0,0,0,0,0,0,0,0,0,0,0,0,0,0,0,0,0,0,0,0,0,0,0,0,0,0,0,0,0,0,0,0,0,0,0,0,0,0,0,0,0,0,0,0,0,0,0,0,0,0,0,0,0,0,0,0,0,0,0,0,0,0,0,0,0,0,0,0,0,0,0,0,0,0,0,0,0,0,0,0,0,0,0,0,0,0,0,0,0,0,0,0,0,0,0,0,0,0,0,0,0,0,0,0,0,0,0,0,0,0,0,0,0,0,0,0,0,0,0,0,0,0,0,0,0,0,0,0,0,0,0,0,0,0,0,0,0,0
"102",129.923225,137.00955,137.09665,137.332425,138.63105,138.652725,138.865475,0,0,0,0,0,0,0,0,0,0,0,0,0,0,0,0,0,0,0,0,0,0,0,0,0,0,0,0,0,0,0,0,0,0,0,0,0,0,0,0,0,0,0,0,0,0,0,0,0,0,0,0,0,0,0,0,0,0,0,0,0,0,0,0,0,0,0,0,0,0,0,0,0,0,0,0,0,0,0,0,0,0,0,0,0,0,0,0,0,0,0,0,0,0,0,0,0,0,0,0,0,0,0,0,0,0,0,0,0,0,0,0,0,0,0,0,0,0,0,0,0,0,0,0,0,0,0,0,0,0,0,0,0,0,0,0,0,0,0,0,0,0,0,0,0,0,0,0,0,0,0,0,0,0,0,0,0,0,0,0,0,0,0,0,0,0,0,0,0,0,0,0,0,0,0,0,0,0,0,0,0,0,0,0,0,0,0,0,0,0,0,0,0,0,0,0,0,0,0,0,0,0,0,0,0,0,0,0,0,0,0,0,0,0,0,0,0,0,0,0,0,0,0,0,0,0,0,0,0,0,0,0,0,0,0,0,0,0,0,0,0,0,0,0,0,0,0,0,0,0,0,0,0,0,0,0,0,0,0,0,0,0,0,0,0,0,0,0,0,0,0,0,0,0,0,0,0,0,0,0,0,0,0,0,0,0,0,0,0,0,0,0,0,0,0,0,0,0,0,0,0,0,0,0,0,0,0,0,0,0,0,0,0,0,0,0,0,0,0,0,0,0,0,0,0,0,0,0,0,0,0,0,0,0,0,0,0,0,0,0,0,0,0,0,0,0,0,0,0,0,0,0,0,0,0,0,0,0,0,0,0,0,0,0,0,0,0,0,0,0,0,0,0,0,0,0,0,0,0,0,0,0,0,0,0,0,0,0,0,0,0,0,0,0,0,0,0,0,0,0,0,0,0,0,0,0,0,0,0,0,0,0,0,0,0,0,0,0,0,0,0,0,0,0,0,0,0,0,0,0,0,0,0,0,0,0,0,0,0,0,0,0,0,0,0,0,0,0,0,0,0,0,0,0,0,0,0,0,0,0,0,0,0,0,0,0,0,0,0,0
"103",123.45665,129.853225,130.5844,130.714575,131.604375,132.281175,132.3205,132.459875,133.21895,133.503675,133.51755,133.548775,133.57875,133.839525,133.938075,133.960575,134.034925,134.081,134.09775,134.1128,134.157525,134.212425,134.348425,134.53,134.9444,135.33175,135.550625,135.67295,136.06935,136.115975,136.206275,136.308575,137.154175,137.5014,137.58825,137.72905,137.78715,137.8806,139.319075,139.4938,141.4783,141.68535,141.754875,141.8008,142.68675,0,0,0,0,0,0,0,0,0,0,0,0,0,0,0,0,0,0,0,0,0,0,0,0,0,0,0,0,0,0,0,0,0,0,0,0,0,0,0,0,0,0,0,0,0,0,0,0,0,0,0,0,0,0,0,0,0,0,0,0,0,0,0,0,0,0,0,0,0,0,0,0,0,0,0,0,0,0,0,0,0,0,0,0,0,0,0,0,0,0,0,0,0,0,0,0,0,0,0,0,0,0,0,0,0,0,0,0,0,0,0,0,0,0,0,0,0,0,0,0,0,0,0,0,0,0,0,0,0,0,0,0,0,0,0,0,0,0,0,0,0,0,0,0,0,0,0,0,0,0,0,0,0,0,0,0,0,0,0,0,0,0,0,0,0,0,0,0,0,0,0,0,0,0,0,0,0,0,0,0,0,0,0,0,0,0,0,0,0,0,0,0,0,0,0,0,0,0,0,0,0,0,0,0,0,0,0,0,0,0,0,0,0,0,0,0,0,0,0,0,0,0,0,0,0,0,0,0,0,0,0,0,0,0,0,0,0,0,0,0,0,0,0,0,0,0,0,0,0,0,0,0,0,0,0,0,0,0,0,0,0,0,0,0,0,0,0,0,0,0,0,0,0,0,0,0,0,0,0,0,0,0,0,0,0,0,0,0,0,0,0,0,0,0,0,0,0,0,0,0,0,0,0,0,0,0,0,0,0,0,0,0,0,0,0,0,0,0,0,0,0,0,0,0,0,0,0,0,0,0,0,0,0,0,0,0,0,0,0,0,0,0,0,0,0,0,0,0,0,0,0,0,0,0,0,0,0,0,0,0,0,0,0,0,0,0,0,0,0,0,0,0,0,0,0,0,0,0,0,0,0,0,0,0,0,0,0,0,0,0,0,0,0,0,0,0,0,0,0,0,0,0,0,0,0,0,0,0,0,0,0,0,0,0,0,0,0,0,0,0,0,0,0,0,0,0,0,0,0,0,0,0
"104",121.9403,124.5571,126.110325,128.2208,129.6964,129.741225,129.826475,129.9353,129.987375,130.153875,130.52965,130.5381,130.5582,130.600325,130.6151,130.6638,130.682725,130.765225,130.81435,130.84695,131.042725,131.10705,131.12405,131.207125,131.229875,131.256925,131.296925,131.3255,131.36075,131.49595,131.537375,131.6015,131.669925,131.797825,131.8476,131.93575,132.004775,132.0683,132.102125,132.1649,132.19075,132.2402,132.334475,132.3956,132.446475,132.501175,132.5949,132.675825,132.7249,132.7353,133.043275,133.12165,133.183825,133.3102,133.37805,133.49505,133.5977,133.677125,133.7893,133.826575,133.84725,133.957425,134.119975,134.162175,134.231025,134.3382,134.442325,134.545775,134.66515,134.695975,134.807275,134.934825,134.992075,135.05815,135.16815,135.200125,135.229375,135.233825,135.321875,135.454275,135.662075,135.858125,136.0232,136.286275,137.19115,137.40505,137.563175,137.778125,137.9061,137.935075,138.0136,138.406025,138.55905,138.598525,138.718625,138.882375,138.96075,139.05915,139.25025,140.42775,140.6402,141.330525,141.555575,141.8332,141.945,143.51005,144.30655,144.7444,146.2626,147.541875,147.9797,0,0,0,0,0,0,0,0,0,0,0,0,0,0,0,0,0,0,0,0,0,0,0,0,0,0,0,0,0,0,0,0,0,0,0,0,0,0,0,0,0,0,0,0,0,0,0,0,0,0,0,0,0,0,0,0,0,0,0,0,0,0,0,0,0,0,0,0,0,0,0,0,0,0,0,0,0,0,0,0,0,0,0,0,0,0,0,0,0,0,0,0,0,0,0,0,0,0,0,0,0,0,0,0,0,0,0,0,0,0,0,0,0,0,0,0,0,0,0,0,0,0,0,0,0,0,0,0,0,0,0,0,0,0,0,0,0,0,0,0,0,0,0,0,0,0,0,0,0,0,0,0,0,0,0,0,0,0,0,0,0,0,0,0,0,0,0,0,0,0,0,0,0,0,0,0,0,0,0,0,0,0,0,0,0,0,0,0,0,0,0,0,0,0,0,0,0,0,0,0,0,0,0,0,0,0,0,0,0,0,0,0,0,0,0,0,0,0,0,0,0,0,0,0,0,0,0,0,0,0,0,0,0,0,0,0,0,0,0,0,0,0,0,0,0,0,0,0,0,0,0,0,0,0,0,0,0,0,0,0,0,0,0,0,0,0,0,0,0,0,0,0,0,0,0,0,0,0,0,0,0,0,0,0,0,0,0,0,0,0,0,0,0,0,0,0,0,0,0,0,0,0,0,0,0,0,0,0,0,0,0,0,0,0,0,0,0,0,0,0,0,0,0,0,0,0,0,0,0,0,0,0,0,0,0,0,0,0,0,0,0,0,0,0,0,0,0,0,0,0,0,0,0,0,0,0,0,0,0,0,0,0,0,0,0,0
"105",133.91515,134.00355,134.7371,136.922425,0,0,0,0,0,0,0,0,0,0,0,0,0,0,0,0,0,0,0,0,0,0,0,0,0,0,0,0,0,0,0,0,0,0,0,0,0,0,0,0,0,0,0,0,0,0,0,0,0,0,0,0,0,0,0,0,0,0,0,0,0,0,0,0,0,0,0,0,0,0,0,0,0,0,0,0,0,0,0,0,0,0,0,0,0,0,0,0,0,0,0,0,0,0,0,0,0,0,0,0,0,0,0,0,0,0,0,0,0,0,0,0,0,0,0,0,0,0,0,0,0,0,0,0,0,0,0,0,0,0,0,0,0,0,0,0,0,0,0,0,0,0,0,0,0,0,0,0,0,0,0,0,0,0,0,0,0,0,0,0,0,0,0,0,0,0,0,0,0,0,0,0,0,0,0,0,0,0,0,0,0,0,0,0,0,0,0,0,0,0,0,0,0,0,0,0,0,0,0,0,0,0,0,0,0,0,0,0,0,0,0,0,0,0,0,0,0,0,0,0,0,0,0,0,0,0,0,0,0,0,0,0,0,0,0,0,0,0,0,0,0,0,0,0,0,0,0,0,0,0,0,0,0,0,0,0,0,0,0,0,0,0,0,0,0,0,0,0,0,0,0,0,0,0,0,0,0,0,0,0,0,0,0,0,0,0,0,0,0,0,0,0,0,0,0,0,0,0,0,0,0,0,0,0,0,0,0,0,0,0,0,0,0,0,0,0,0,0,0,0,0,0,0,0,0,0,0,0,0,0,0,0,0,0,0,0,0,0,0,0,0,0,0,0,0,0,0,0,0,0,0,0,0,0,0,0,0,0,0,0,0,0,0,0,0,0,0,0,0,0,0,0,0,0,0,0,0,0,0,0,0,0,0,0,0,0,0,0,0,0,0,0,0,0,0,0,0,0,0,0,0,0,0,0,0,0,0,0,0,0,0,0,0,0,0,0,0,0,0,0,0,0,0,0,0,0,0,0,0,0,0,0,0,0,0,0,0,0,0,0,0,0,0,0,0,0,0,0,0,0,0,0,0,0,0,0,0,0,0,0,0,0,0,0,0,0,0,0,0,0,0,0,0
"106",129.670625,129.737,129.81125,129.8567,130.766925,130.892,131.182475,131.41535,131.602525,131.802325,131.859175,131.9485,132.10765,132.15985,132.45455,132.5266,133.675575,133.72125,134.143475,134.99865,135.867575,137.072425,137.7243,137.80945,138.475325,140.2266,140.3021,140.3753,140.50265,140.618975,141.0711,141.4781,142.251375,142.4057,142.507725,142.685575,142.728825,142.96925,0,0,0,0,0,0,0,0,0,0,0,0,0,0,0,0,0,0,0,0,0,0,0,0,0,0,0,0,0,0,0,0,0,0,0,0,0,0,0,0,0,0,0,0,0,0,0,0,0,0,0,0,0,0,0,0,0,0,0,0,0,0,0,0,0,0,0,0,0,0,0,0,0,0,0,0,0,0,0,0,0,0,0,0,0,0,0,0,0,0,0,0,0,0,0,0,0,0,0,0,0,0,0,0,0,0,0,0,0,0,0,0,0,0,0,0,0,0,0,0,0,0,0,0,0,0,0,0,0,0,0,0,0,0,0,0,0,0,0,0,0,0,0,0,0,0,0,0,0,0,0,0,0,0,0,0,0,0,0,0,0,0,0,0,0,0,0,0,0,0,0,0,0,0,0,0,0,0,0,0,0,0,0,0,0,0,0,0,0,0,0,0,0,0,0,0,0,0,0,0,0,0,0,0,0,0,0,0,0,0,0,0,0,0,0,0,0,0,0,0,0,0,0,0,0,0,0,0,0,0,0,0,0,0,0,0,0,0,0,0,0,0,0,0,0,0,0,0,0,0,0,0,0,0,0,0,0,0,0,0,0,0,0,0,0,0,0,0,0,0,0,0,0,0,0,0,0,0,0,0,0,0,0,0,0,0,0,0,0,0,0,0,0,0,0,0,0,0,0,0,0,0,0,0,0,0,0,0,0,0,0,0,0,0,0,0,0,0,0,0,0,0,0,0,0,0,0,0,0,0,0,0,0,0,0,0,0,0,0,0,0,0,0,0,0,0,0,0,0,0,0,0,0,0,0,0,0,0,0,0,0,0,0,0,0,0,0,0,0,0,0,0,0,0,0,0,0,0,0,0,0,0,0,0,0,0,0,0,0,0,0,0,0,0,0,0,0,0,0,0,0,0,0,0,0,0,0,0,0,0,0,0,0,0,0,0,0,0,0,0,0,0,0,0,0,0,0,0,0,0,0,0,0,0,0,0,0,0,0
"107",129.514125,129.71255,129.7161,129.761275,129.806775,129.825425,129.903875,129.95775,129.979075,129.988575,130.025025,130.073675,130.0928,130.113075,130.136175,130.15245,130.21195,130.22955,130.291325,130.312575,130.33375,130.478875,130.5303,130.5582,130.662675,130.964225,131.024175,131.064175,131.0978,131.106025,131.17135,131.2749,131.2858,131.391325,131.4117,131.43065,131.45155,131.500575,131.543375,131.584375,131.586475,131.60105,131.613575,131.634425,131.6646,131.70375,131.717825,131.725725,131.751475,131.823775,131.824875,131.8348,131.8528,131.8852,131.91335,131.959225,132.014925,132.036625,132.11425,132.11715,132.145775,132.2688,132.34625,132.653675,132.743725,132.772875,132.783025,132.827325,132.879225,132.958375,132.97415,132.987825,133.059425,133.0984,133.208525,133.2346,133.26765,133.311775,133.315125,133.498825,133.541825,133.5637,133.6012,133.7065,133.709025,133.742475,133.83465,133.938325,134.034675,134.10845,134.12655,134.253825,134.449075,134.65025,134.6547,134.761825,134.78435,134.8349,134.84625,134.850575,134.915525,134.93305,135.006075,135.0243,135.0371,135.0596,135.090075,135.1004,135.115825,135.12115,135.125375,135.136075,135.1381,135.171925,135.19335,135.35315,135.524575,135.5276,135.5854,135.6009,135.73445,135.77345,135.82025,135.825225,135.83275,135.89555,135.9845,135.9913,136.01155,136.043625,136.086675,136.107325,136.120875,136.281,136.3033,136.484775,136.50345,136.63455,136.69785,136.740025,136.74075,136.79995,136.83815,136.8682,136.903425,136.947075,136.991475,136.997875,137.021625,137.053925,137.057025,137.101625,137.11345,137.143175,137.14475,137.18905,137.266975,137.36945,137.396875,137.520425,137.605975,137.66935,137.785075,137.8861,137.959675,137.991075,138.24785,138.30465,138.33495,138.417325,138.432125,138.507925,138.52315,138.548425,138.57,138.57135,138.62865,138.69375,138.7343,138.753375,138.7772,138.792225,138.83755,138.8905,138.940475,139.025225,139.40625,139.5157,139.699325,139.730925,139.811625,139.882725,139.954675,139.9803,140.054675,140.065675,140.08185,140.10615,140.207175,140.219825,140.25975,140.29925,140.315875,140.337875,140.359425,140.391875,140.4457,140.682775,140.719125,140.79945,140.87175,141.0381,141.3503,141.4999,141.5569,142.0238,142.1721,142.188225,142.2629,142.408025,142.494725,142.680625,142.725375,142.799425,142.834925,142.882375,142.9072,142.91905,142.956875,142.958925,143.12985,143.163225,143.2003,143.201475,143.238525,143.3476,143.436075,143.623675,144.32315,144.4051,144.4959,144.510375,144.5243,144.612475,144.768875,144.85135,144.93835,145.01475,145.223625,145.234125,145.4518,145.60765,145.7641,145.81505,145.8922,146.486175,146.768775,146.91255,147.341275,148.021175,0,0,0,0,0,0,0,0,0,0,0,0,0,0,0,0,0,0,0,0,0,0,0,0,0,0,0,0,0,0,0,0,0,0,0,0,0,0,0,0,0,0,0,0,0,0,0,0,0,0,0,0,0,0,0,0,0,0,0,0,0,0,0,0,0,0,0,0,0,0,0,0,0,0,0,0,0,0,0,0,0,0,0,0,0,0,0,0,0,0,0,0,0,0,0,0,0,0,0,0,0,0,0,0,0,0,0,0,0,0,0,0,0,0,0,0,0,0,0,0,0,0,0,0,0,0,0,0,0,0,0,0,0,0,0,0,0,0,0,0,0,0,0,0,0,0,0,0,0,0,0,0,0,0,0,0,0,0,0,0,0,0,0,0,0,0,0,0,0,0,0,0,0,0,0,0,0,0,0,0,0,0,0,0,0,0,0,0,0,0,0,0,0,0,0,0,0,0,0,0,0,0,0,0,0,0,0,0,0,0,0,0,0,0,0,0,0
"108",130.1119,130.23395,0,0,0,0,0,0,0,0,0,0,0,0,0,0,0,0,0,0,0,0,0,0,0,0,0,0,0,0,0,0,0,0,0,0,0,0,0,0,0,0,0,0,0,0,0,0,0,0,0,0,0,0,0,0,0,0,0,0,0,0,0,0,0,0,0,0,0,0,0,0,0,0,0,0,0,0,0,0,0,0,0,0,0,0,0,0,0,0,0,0,0,0,0,0,0,0,0,0,0,0,0,0,0,0,0,0,0,0,0,0,0,0,0,0,0,0,0,0,0,0,0,0,0,0,0,0,0,0,0,0,0,0,0,0,0,0,0,0,0,0,0,0,0,0,0,0,0,0,0,0,0,0,0,0,0,0,0,0,0,0,0,0,0,0,0,0,0,0,0,0,0,0,0,0,0,0,0,0,0,0,0,0,0,0,0,0,0,0,0,0,0,0,0,0,0,0,0,0,0,0,0,0,0,0,0,0,0,0,0,0,0,0,0,0,0,0,0,0,0,0,0,0,0,0,0,0,0,0,0,0,0,0,0,0,0,0,0,0,0,0,0,0,0,0,0,0,0,0,0,0,0,0,0,0,0,0,0,0,0,0,0,0,0,0,0,0,0,0,0,0,0,0,0,0,0,0,0,0,0,0,0,0,0,0,0,0,0,0,0,0,0,0,0,0,0,0,0,0,0,0,0,0,0,0,0,0,0,0,0,0,0,0,0,0,0,0,0,0,0,0,0,0,0,0,0,0,0,0,0,0,0,0,0,0,0,0,0,0,0,0,0,0,0,0,0,0,0,0,0,0,0,0,0,0,0,0,0,0,0,0,0,0,0,0,0,0,0,0,0,0,0,0,0,0,0,0,0,0,0,0,0,0,0,0,0,0,0,0,0,0,0,0,0,0,0,0,0,0,0,0,0,0,0,0,0,0,0,0,0,0,0,0,0,0,0,0,0,0,0,0,0,0,0,0,0,0,0,0,0,0,0,0,0,0,0,0,0,0,0,0,0,0,0,0,0,0,0,0,0,0,0,0,0,0,0,0,0,0,0,0,0,0,0,0,0,0,0,0,0,0,0,0,0,0,0
"109",130.21605,131.09615,131.331175,131.5421,131.745125,132.225,132.30035,132.399775,132.741175,132.816575,133.158575,134.08335,134.864725,134.957625,135.08515,135.836575,137.88285,139.945575,140.007875,140.11265,140.950825,141.3913,0,0,0,0,0,0,0,0,0,0,0,0,0,0,0,0,0,0,0,0,0,0,0,0,0,0,0,0,0,0,0,0,0,0,0,0,0,0,0,0,0,0,0,0,0,0,0,0,0,0,0,0,0,0,0,0,0,0,0,0,0,0,0,0,0,0,0,0,0,0,0,0,0,0,0,0,0,0,0,0,0,0,0,0,0,0,0,0,0,0,0,0,0,0,0,0,0,0,0,0,0,0,0,0,0,0,0,0,0,0,0,0,0,0,0,0,0,0,0,0,0,0,0,0,0,0,0,0,0,0,0,0,0,0,0,0,0,0,0,0,0,0,0,0,0,0,0,0,0,0,0,0,0,0,0,0,0,0,0,0,0,0,0,0,0,0,0,0,0,0,0,0,0,0,0,0,0,0,0,0,0,0,0,0,0,0,0,0,0,0,0,0,0,0,0,0,0,0,0,0,0,0,0,0,0,0,0,0,0,0,0,0,0,0,0,0,0,0,0,0,0,0,0,0,0,0,0,0,0,0,0,0,0,0,0,0,0,0,0,0,0,0,0,0,0,0,0,0,0,0,0,0,0,0,0,0,0,0,0,0,0,0,0,0,0,0,0,0,0,0,0,0,0,0,0,0,0,0,0,0,0,0,0,0,0,0,0,0,0,0,0,0,0,0,0,0,0,0,0,0,0,0,0,0,0,0,0,0,0,0,0,0,0,0,0,0,0,0,0,0,0,0,0,0,0,0,0,0,0,0,0,0,0,0,0,0,0,0,0,0,0,0,0,0,0,0,0,0,0,0,0,0,0,0,0,0,0,0,0,0,0,0,0,0,0,0,0,0,0,0,0,0,0,0,0,0,0,0,0,0,0,0,0,0,0,0,0,0,0,0,0,0,0,0,0,0,0,0,0,0,0,0,0,0,0,0,0,0,0,0,0,0,0,0,0,0,0,0,0,0,0,0,0,0,0,0,0,0,0,0,0,0,0,0,0,0,0,0,0,0,0,0,0,0,0,0,0,0,0,0,0,0,0,0,0
"110",130.9935,131.71245,132.804375,134.429125,141.330375,141.58295,141.78095,142.709975,144.106375,144.257925,144.4376,0,0,0,0,0,0,0,0,0,0,0,0,0,0,0,0,0,0,0,0,0,0,0,0,0,0,0,0,0,0,0,0,0,0,0,0,0,0,0,0,0,0,0,0,0,0,0,0,0,0,0,0,0,0,0,0,0,0,0,0,0,0,0,0,0,0,0,0,0,0,0,0,0,0,0,0,0,0,0,0,0,0,0,0,0,0,0,0,0,0,0,0,0,0,0,0,0,0,0,0,0,0,0,0,0,0,0,0,0,0,0,0,0,0,0,0,0,0,0,0,0,0,0,0,0,0,0,0,0,0,0,0,0,0,0,0,0,0,0,0,0,0,0,0,0,0,0,0,0,0,0,0,0,0,0,0,0,0,0,0,0,0,0,0,0,0,0,0,0,0,0,0,0,0,0,0,0,0,0,0,0,0,0,0,0,0,0,0,0,0,0,0,0,0,0,0,0,0,0,0,0,0,0,0,0,0,0,0,0,0,0,0,0,0,0,0,0,0,0,0,0,0,0,0,0,0,0,0,0,0,0,0,0,0,0,0,0,0,0,0,0,0,0,0,0,0,0,0,0,0,0,0,0,0,0,0,0,0,0,0,0,0,0,0,0,0,0,0,0,0,0,0,0,0,0,0,0,0,0,0,0,0,0,0,0,0,0,0,0,0,0,0,0,0,0,0,0,0,0,0,0,0,0,0,0,0,0,0,0,0,0,0,0,0,0,0,0,0,0,0,0,0,0,0,0,0,0,0,0,0,0,0,0,0,0,0,0,0,0,0,0,0,0,0,0,0,0,0,0,0,0,0,0,0,0,0,0,0,0,0,0,0,0,0,0,0,0,0,0,0,0,0,0,0,0,0,0,0,0,0,0,0,0,0,0,0,0,0,0,0,0,0,0,0,0,0,0,0,0,0,0,0,0,0,0,0,0,0,0,0,0,0,0,0,0,0,0,0,0,0,0,0,0,0,0,0,0,0,0,0,0,0,0,0,0,0,0,0,0,0,0,0,0,0,0,0,0,0,0,0,0,0,0,0,0,0,0,0,0,0,0,0,0,0,0,0
"111",129.78805,129.85995,129.989875,130.025675,130.057725,130.09585,130.13795,130.17245,130.260575,130.2883,130.3208,130.44855,130.497775,130.5264,130.560225,130.66075,130.73255,130.76025,130.793175,130.814025,130.843425,130.9866,131.07545,131.1037,131.14515,131.1667,131.262225,131.601075,131.6548,131.686725,131.78825,131.929225,132.0158,132.19005,132.321475,132.346875,132.379625,132.493475,132.596925,132.648075,132.76925,132.87665,133.01885,133.12055,133.2553,133.31385,133.8484,133.883175,133.951225,134.02665,134.0568,134.369975,134.443975,134.62525,134.65375,134.888825,134.916075,134.930625,134.953825,135.004325,135.05135,135.25905,135.292975,135.37115,135.42435,135.606475,135.646275,135.683725,135.728375,135.83915,135.969175,136.1191,136.15155,136.269475,136.315175,136.3794,136.523775,136.7399,136.819725,136.86565,137.361975,137.4136,137.617,137.808925,137.93115,138.0814,138.1982,138.3357,138.371725,138.43895,138.533475,139.124775,139.367675,139.43195,139.464325,139.5786,139.754425,140.0396,140.0761,140.35305,140.5456,140.71955,140.8821,140.9554,141.098075,141.14575,141.252975,141.348625,141.382975,141.417225,141.52825,141.585425,141.7333,142.253,142.3021,142.551975,142.617025,142.738275,142.785,142.8415,143.0158,143.215525,143.261525,143.479825,143.553525,143.675625,143.71395,143.77655,143.987325,144.469975,144.6265,144.8618,145.033375,145.286225,145.49835,145.7242,145.8467,146.3149,146.513025,146.6032,146.8692,148.050725,148.39805,148.644375,148.723625,148.830025,149.157175,149.647225,149.763575,150.029575,150.2395,150.59915,0,0,0,0,0,0,0,0,0,0,0,0,0,0,0,0,0,0,0,0,0,0,0,0,0,0,0,0,0,0,0,0,0,0,0,0,0,0,0,0,0,0,0,0,0,0,0,0,0,0,0,0,0,0,0,0,0,0,0,0,0,0,0,0,0,0,0,0,0,0,0,0,0,0,0,0,0,0,0,0,0,0,0,0,0,0,0,0,0,0,0,0,0,0,0,0,0,0,0,0,0,0,0,0,0,0,0,0,0,0,0,0,0,0,0,0,0,0,0,0,0,0,0,0,0,0,0,0,0,0,0,0,0,0,0,0,0,0,0,0,0,0,0,0,0,0,0,0,0,0,0,0,0,0,0,0,0,0,0,0,0,0,0,0,0,0,0,0,0,0,0,0,0,0,0,0,0,0,0,0,0,0,0,0,0,0,0,0,0,0,0,0,0,0,0,0,0,0,0,0,0,0,0,0,0,0,0,0,0,0,0,0,0,0,0,0,0,0,0,0,0,0,0,0,0,0,0,0,0,0,0,0,0,0,0,0,0,0,0,0,0,0,0,0,0,0,0,0,0,0,0,0,0,0,0,0,0,0,0,0,0,0,0,0,0,0,0,0,0,0,0,0,0,0,0,0,0,0,0,0,0,0,0,0,0,0,0,0,0,0,0,0,0,0,0,0,0,0,0,0,0,0,0,0,0,0,0,0,0,0,0,0,0,0,0,0,0,0,0,0,0,0,0,0,0
"112",129.648475,129.8444,130.120525,130.315175,130.8085,131.154125,131.278925,131.3373,131.420075,131.488125,131.51225,131.623525,131.681375,131.740475,131.90205,131.9962,132.435425,132.7134,132.723675,132.758925,132.969725,133.044575,133.14595,133.23815,133.316625,133.393725,134.072625,134.14475,134.213925,134.413825,134.485375,134.52565,134.656625,134.6992,134.710225,134.81035,134.8683,134.941625,134.9563,134.979475,135.037475,135.082375,135.12405,135.3464,135.843875,136.032925,136.282775,136.3249,138.14735,138.421125,0,0,0,0,0,0,0,0,0,0,0,0,0,0,0,0,0,0,0,0,0,0,0,0,0,0,0,0,0,0,0,0,0,0,0,0,0,0,0,0,0,0,0,0,0,0,0,0,0,0,0,0,0,0,0,0,0,0,0,0,0,0,0,0,0,0,0,0,0,0,0,0,0,0,0,0,0,0,0,0,0,0,0,0,0,0,0,0,0,0,0,0,0,0,0,0,0,0,0,0,0,0,0,0,0,0,0,0,0,0,0,0,0,0,0,0,0,0,0,0,0,0,0,0,0,0,0,0,0,0,0,0,0,0,0,0,0,0,0,0,0,0,0,0,0,0,0,0,0,0,0,0,0,0,0,0,0,0,0,0,0,0,0,0,0,0,0,0,0,0,0,0,0,0,0,0,0,0,0,0,0,0,0,0,0,0,0,0,0,0,0,0,0,0,0,0,0,0,0,0,0,0,0,0,0,0,0,0,0,0,0,0,0,0,0,0,0,0,0,0,0,0,0,0,0,0,0,0,0,0,0,0,0,0,0,0,0,0,0,0,0,0,0,0,0,0,0,0,0,0,0,0,0,0,0,0,0,0,0,0,0,0,0,0,0,0,0,0,0,0,0,0,0,0,0,0,0,0,0,0,0,0,0,0,0,0,0,0,0,0,0,0,0,0,0,0,0,0,0,0,0,0,0,0,0,0,0,0,0,0,0,0,0,0,0,0,0,0,0,0,0,0,0,0,0,0,0,0,0,0,0,0,0,0,0,0,0,0,0,0,0,0,0,0,0,0,0,0,0,0,0,0,0,0,0,0,0,0,0,0,0,0,0,0,0,0,0,0,0,0,0,0,0,0,0,0,0,0,0,0,0,0,0,0,0,0,0,0,0,0,0,0,0,0,0,0,0,0,0,0,0,0,0,0,0,0,0,0,0,0,0,0,0,0,0,0,0,0,0,0,0,0,0,0,0,0,0
"113",120.299675,120.425125,120.748525,121.138475,121.5569,121.7565,121.88125,122.0607,122.14,122.290975,122.408825,122.5317,122.6589,122.75205,122.863575,123.081,123.1866,123.283325,123.470875,123.806875,123.9234,124.0879,124.24795,124.293625,124.513825,124.75255,124.92535,125.02595,125.084775,125.278675,125.380475,125.488,125.565425,125.664425,125.726025,125.8527,126.007025,126.125425,126.267875,126.418725,126.49595,126.630875,126.702,126.878475,127.189175,127.39855,127.47795,127.6584,127.77605,127.838425,128.086825,128.23915,128.34245,128.545975,128.73765,128.765575,128.823375,129.184975,129.326775,129.6045,129.62745,129.651025,129.669125,129.714775,129.76305,129.803075,129.828175,129.9116,130.1546,130.803225,130.8291,130.953875,131.093175,131.1723,131.498825,131.5786,131.917475,133.1527,133.496525,133.76675,133.938225,134.02125,134.157525,134.3728,134.892125,135.060625,135.4435,135.6407,135.78315,135.904175,135.9926,136.13575,136.536325,136.596625,136.742675,136.795525,136.89025,136.9258,137.085775,137.172525,137.697025,137.73305,137.832025,138.093725,138.2061,138.3389,138.404075,138.46565,139.089625,139.1094,139.257525,139.2749,139.32435,139.481225,139.651575,139.672775,139.72055,139.78645,139.8615,139.909025,139.920325,139.95115,139.976625,140.050775,140.22125,140.8026,140.822325,140.875575,140.9149,140.93115,140.967325,141.040925,141.13715,141.26565,141.304425,141.52175,141.7759,141.888625,141.980775,142.31745,142.724275,143.1017,143.437725,143.5329,143.6488,143.681075,143.72635,143.74695,143.7837,143.8156,143.85255,143.866675,143.972875,144.02245,144.06975,144.211875,144.240825,144.302825,144.45925,144.4976,144.655225,144.8265,144.85675,144.923725,144.98345,145.394975,145.81575,145.953225,146.721425,147.406775,148.100525,148.635,150.078925,153.71935,155.4388,156.061625,156.51965,156.69,157.77925,0,0,0,0,0,0,0,0,0,0,0,0,0,0,0,0,0,0,0,0,0,0,0,0,0,0,0,0,0,0,0,0,0,0,0,0,0,0,0,0,0,0,0,0,0,0,0,0,0,0,0,0,0,0,0,0,0,0,0,0,0,0,0,0,0,0,0,0,0,0,0,0,0,0,0,0,0,0,0,0,0,0,0,0,0,0,0,0,0,0,0,0,0,0,0,0,0,0,0,0,0,0,0,0,0,0,0,0,0,0,0,0,0,0,0,0,0,0,0,0,0,0,0,0,0,0,0,0,0,0,0,0,0,0,0,0,0,0,0,0,0,0,0,0,0,0,0,0,0,0,0,0,0,0,0,0,0,0,0,0,0,0,0,0,0,0,0,0,0,0,0,0,0,0,0,0,0,0,0,0,0,0,0,0,0,0,0,0,0,0,0,0,0,0,0,0,0,0,0,0,0,0,0,0,0,0,0,0,0,0,0,0,0,0,0,0,0,0,0,0,0,0,0,0,0,0,0,0,0,0,0,0,0,0,0,0,0,0,0,0,0,0,0,0,0,0,0,0,0,0,0,0,0,0,0,0,0,0,0,0,0,0,0,0,0,0,0,0,0,0,0,0,0,0,0,0,0,0,0,0,0,0,0,0,0,0,0,0,0,0,0,0,0,0,0,0,0,0
"114",129.69145,130.7005,130.786125,130.870275,131.179975,132.0928,132.171225,132.718725,132.782275,133.478525,133.509625,133.544025,133.61465,133.643275,133.8805,133.9989,134.139225,134.437575,134.5063,134.78665,134.867,135.6477,135.682425,135.724475,135.7637,135.87645,135.9441,136.00475,136.32025,136.5669,136.697375,136.80415,136.845575,136.919725,137.548975,137.573475,137.61135,137.6684,137.796,137.879075,137.973175,138.040875,138.163575,138.28215,138.3793,139.1376,139.200325,139.224625,139.248875,139.28405,139.313725,139.3507,139.3866,139.4286,139.566125,139.608675,139.6548,139.710725,139.81015,139.8706,139.989425,141.08045,141.234975,141.4028,141.463425,141.572275,141.651525,141.689875,141.779775,141.847175,141.9517,142.056925,0,0,0,0,0,0,0,0,0,0,0,0,0,0,0,0,0,0,0,0,0,0,0,0,0,0,0,0,0,0,0,0,0,0,0,0,0,0,0,0,0,0,0,0,0,0,0,0,0,0,0,0,0,0,0,0,0,0,0,0,0,0,0,0,0,0,0,0,0,0,0,0,0,0,0,0,0,0,0,0,0,0,0,0,0,0,0,0,0,0,0,0,0,0,0,0,0,0,0,0,0,0,0,0,0,0,0,0,0,0,0,0,0,0,0,0,0,0,0,0,0,0,0,0,0,0,0,0,0,0,0,0,0,0,0,0,0,0,0,0,0,0,0,0,0,0,0,0,0,0,0,0,0,0,0,0,0,0,0,0,0,0,0,0,0,0,0,0,0,0,0,0,0,0,0,0,0,0,0,0,0,0,0,0,0,0,0,0,0,0,0,0,0,0,0,0,0,0,0,0,0,0,0,0,0,0,0,0,0,0,0,0,0,0,0,0,0,0,0,0,0,0,0,0,0,0,0,0,0,0,0,0,0,0,0,0,0,0,0,0,0,0,0,0,0,0,0,0,0,0,0,0,0,0,0,0,0,0,0,0,0,0,0,0,0,0,0,0,0,0,0,0,0,0,0,0,0,0,0,0,0,0,0,0,0,0,0,0,0,0,0,0,0,0,0,0,0,0,0,0,0,0,0,0,0,0,0,0,0,0,0,0,0,0,0,0,0,0,0,0,0,0,0,0,0,0,0,0,0,0,0,0,0,0,0,0,0,0,0,0,0,0,0,0,0,0,0,0,0,0,0,0,0,0,0,0,0,0,0,0,0,0,0,0,0,0,0,0,0,0,0,0,0,0,0,0,0,0,0,0,0,0,0,0,0,0,0,0,0,0,0,0,0,0,0,0,0,0,0,0,0,0,0,0,0
"115",129.503275,129.543275,129.587075,129.6502,129.7,129.7511,129.8199,129.984675,130.1771,130.281375,130.38465,130.452475,130.5285,130.554275,130.62185,130.66865,130.688775,130.7281,130.905475,130.976525,131.0424,131.09785,131.554025,131.630925,131.78005,131.8162,131.906575,132.0004,132.163,133.216775,133.364075,133.725725,134.9027,135.033425,135.13355,135.2055,135.2702,135.300775,135.417925,135.509,135.532075,135.60705,137.2846,138.73275,138.7411,138.873775,140.27615,140.466975,140.56145,140.6722,142.24875,142.427675,142.65385,142.886425,142.966575,143.066725,143.108025,143.1777,143.285175,143.3956,143.50035,143.766575,144.1537,144.271575,144.646725,144.768175,146.73105,0,0,0,0,0,0,0,0,0,0,0,0,0,0,0,0,0,0,0,0,0,0,0,0,0,0,0,0,0,0,0,0,0,0,0,0,0,0,0,0,0,0,0,0,0,0,0,0,0,0,0,0,0,0,0,0,0,0,0,0,0,0,0,0,0,0,0,0,0,0,0,0,0,0,0,0,0,0,0,0,0,0,0,0,0,0,0,0,0,0,0,0,0,0,0,0,0,0,0,0,0,0,0,0,0,0,0,0,0,0,0,0,0,0,0,0,0,0,0,0,0,0,0,0,0,0,0,0,0,0,0,0,0,0,0,0,0,0,0,0,0,0,0,0,0,0,0,0,0,0,0,0,0,0,0,0,0,0,0,0,0,0,0,0,0,0,0,0,0,0,0,0,0,0,0,0,0,0,0,0,0,0,0,0,0,0,0,0,0,0,0,0,0,0,0,0,0,0,0,0,0,0,0,0,0,0,0,0,0,0,0,0,0,0,0,0,0,0,0,0,0,0,0,0,0,0,0,0,0,0,0,0,0,0,0,0,0,0,0,0,0,0,0,0,0,0,0,0,0,0,0,0,0,0,0,0,0,0,0,0,0,0,0,0,0,0,0,0,0,0,0,0,0,0,0,0,0,0,0,0,0,0,0,0,0,0,0,0,0,0,0,0,0,0,0,0,0,0,0,0,0,0,0,0,0,0,0,0,0,0,0,0,0,0,0,0,0,0,0,0,0,0,0,0,0,0,0,0,0,0,0,0,0,0,0,0,0,0,0,0,0,0,0,0,0,0,0,0,0,0,0,0,0,0,0,0,0,0,0,0,0,0,0,0,0,0,0,0,0,0,0,0,0,0,0,0,0,0,0,0,0,0,0,0,0,0,0,0,0,0,0,0,0,0,0,0,0,0,0,0,0,0,0,0,0,0,0,0,0,0
"116",120.013075,120.214275,120.4457,120.61565,120.732925,120.9518,121.249175,121.344375,121.561675,121.78355,121.988425,122.158575,122.294575,122.463425,122.607925,122.892975,122.9838,123.279425,123.463425,123.87965,124.114075,124.267275,124.4019,124.511175,124.7271,124.83685,125.049525,125.2054,125.36635,125.521475,125.710075,125.9109,126.0604,126.229425,126.325025,126.57325,126.7231,127.0288,127.3284,127.45475,127.731125,127.891575,128.1633,128.28775,128.39905,128.5151,128.673975,128.8788,129.1004,129.26095,129.418125,131.216875,131.750425,133.293825,155.29965,155.5434,155.984175,156.08235,156.31515,156.707975,156.9326,157.353825,158.027925,158.2416,0,0,0,0,0,0,0,0,0,0,0,0,0,0,0,0,0,0,0,0,0,0,0,0,0,0,0,0,0,0,0,0,0,0,0,0,0,0,0,0,0,0,0,0,0,0,0,0,0,0,0,0,0,0,0,0,0,0,0,0,0,0,0,0,0,0,0,0,0,0,0,0,0,0,0,0,0,0,0,0,0,0,0,0,0,0,0,0,0,0,0,0,0,0,0,0,0,0,0,0,0,0,0,0,0,0,0,0,0,0,0,0,0,0,0,0,0,0,0,0,0,0,0,0,0,0,0,0,0,0,0,0,0,0,0,0,0,0,0,0,0,0,0,0,0,0,0,0,0,0,0,0,0,0,0,0,0,0,0,0,0,0,0,0,0,0,0,0,0,0,0,0,0,0,0,0,0,0,0,0,0,0,0,0,0,0,0,0,0,0,0,0,0,0,0,0,0,0,0,0,0,0,0,0,0,0,0,0,0,0,0,0,0,0,0,0,0,0,0,0,0,0,0,0,0,0,0,0,0,0,0,0,0,0,0,0,0,0,0,0,0,0,0,0,0,0,0,0,0,0,0,0,0,0,0,0,0,0,0,0,0,0,0,0,0,0,0,0,0,0,0,0,0,0,0,0,0,0,0,0,0,0,0,0,0,0,0,0,0,0,0,0,0,0,0,0,0,0,0,0,0,0,0,0,0,0,0,0,0,0,0,0,0,0,0,0,0,0,0,0,0,0,0,0,0,0,0,0,0,0,0,0,0,0,0,0,0,0,0,0,0,0,0,0,0,0,0,0,0,0,0,0,0,0,0,0,0,0,0,0,0,0,0,0,0,0,0,0,0,0,0,0,0,0,0,0,0,0,0,0,0,0,0,0,0,0,0,0,0,0,0,0,0,0,0,0,0,0,0,0,0,0,0,0,0,0,0,0,0,0,0,0,0
"117",129.972475,130.4842,130.977675,130.985,131.69595,134.644625,134.9177,135.603325,136.10725,137.65105,138.2977,141.08835,141.187775,141.2251,141.285925,141.31245,141.67685,142.21,144.17755,144.536925,0,0,0,0,0,0,0,0,0,0,0,0,0,0,0,0,0,0,0,0,0,0,0,0,0,0,0,0,0,0,0,0,0,0,0,0,0,0,0,0,0,0,0,0,0,0,0,0,0,0,0,0,0,0,0,0,0,0,0,0,0,0,0,0,0,0,0,0,0,0,0,0,0,0,0,0,0,0,0,0,0,0,0,0,0,0,0,0,0,0,0,0,0,0,0,0,0,0,0,0,0,0,0,0,0,0,0,0,0,0,0,0,0,0,0,0,0,0,0,0,0,0,0,0,0,0,0,0,0,0,0,0,0,0,0,0,0,0,0,0,0,0,0,0,0,0,0,0,0,0,0,0,0,0,0,0,0,0,0,0,0,0,0,0,0,0,0,0,0,0,0,0,0,0,0,0,0,0,0,0,0,0,0,0,0,0,0,0,0,0,0,0,0,0,0,0,0,0,0,0,0,0,0,0,0,0,0,0,0,0,0,0,0,0,0,0,0,0,0,0,0,0,0,0,0,0,0,0,0,0,0,0,0,0,0,0,0,0,0,0,0,0,0,0,0,0,0,0,0,0,0,0,0,0,0,0,0,0,0,0,0,0,0,0,0,0,0,0,0,0,0,0,0,0,0,0,0,0,0,0,0,0,0,0,0,0,0,0,0,0,0,0,0,0,0,0,0,0,0,0,0,0,0,0,0,0,0,0,0,0,0,0,0,0,0,0,0,0,0,0,0,0,0,0,0,0,0,0,0,0,0,0,0,0,0,0,0,0,0,0,0,0,0,0,0,0,0,0,0,0,0,0,0,0,0,0,0,0,0,0,0,0,0,0,0,0,0,0,0,0,0,0,0,0,0,0,0,0,0,0,0,0,0,0,0,0,0,0,0,0,0,0,0,0,0,0,0,0,0,0,0,0,0,0,0,0,0,0,0,0,0,0,0,0,0,0,0,0,0,0,0,0,0,0,0,0,0,0,0,0,0,0,0,0,0,0,0,0,0,0,0,0,0,0,0,0,0,0,0,0,0,0,0,0,0,0,0
"118",139.154375,139.2267,139.2749,139.370825,141.335725,141.463425,141.571375,141.619025,141.687375,141.77385,141.8488,141.914625,141.95675,142.148525,142.25385,144.057325,144.1915,0,0,0,0,0,0,0,0,0,0,0,0,0,0,0,0,0,0,0,0,0,0,0,0,0,0,0,0,0,0,0,0,0,0,0,0,0,0,0,0,0,0,0,0,0,0,0,0,0,0,0,0,0,0,0,0,0,0,0,0,0,0,0,0,0,0,0,0,0,0,0,0,0,0,0,0,0,0,0,0,0,0,0,0,0,0,0,0,0,0,0,0,0,0,0,0,0,0,0,0,0,0,0,0,0,0,0,0,0,0,0,0,0,0,0,0,0,0,0,0,0,0,0,0,0,0,0,0,0,0,0,0,0,0,0,0,0,0,0,0,0,0,0,0,0,0,0,0,0,0,0,0,0,0,0,0,0,0,0,0,0,0,0,0,0,0,0,0,0,0,0,0,0,0,0,0,0,0,0,0,0,0,0,0,0,0,0,0,0,0,0,0,0,0,0,0,0,0,0,0,0,0,0,0,0,0,0,0,0,0,0,0,0,0,0,0,0,0,0,0,0,0,0,0,0,0,0,0,0,0,0,0,0,0,0,0,0,0,0,0,0,0,0,0,0,0,0,0,0,0,0,0,0,0,0,0,0,0,0,0,0,0,0,0,0,0,0,0,0,0,0,0,0,0,0,0,0,0,0,0,0,0,0,0,0,0,0,0,0,0,0,0,0,0,0,0,0,0,0,0,0,0,0,0,0,0,0,0,0,0,0,0,0,0,0,0,0,0,0,0,0,0,0,0,0,0,0,0,0,0,0,0,0,0,0,0,0,0,0,0,0,0,0,0,0,0,0,0,0,0,0,0,0,0,0,0,0,0,0,0,0,0,0,0,0,0,0,0,0,0,0,0,0,0,0,0,0,0,0,0,0,0,0,0,0,0,0,0,0,0,0,0,0,0,0,0,0,0,0,0,0,0,0,0,0,0,0,0,0,0,0,0,0,0,0,0,0,0,0,0,0,0,0,0,0,0,0,0,0,0,0,0,0,0,0,0,0,0,0,0,0,0,0,0,0,0,0,0,0,0,0,0,0,0,0,0,0,0,0,0
"119",131.231975,131.311625,131.35935,131.379375,131.513575,131.576675,132.492725,132.512425,132.540525,132.575025,132.604975,132.65385,132.701025,132.7339,132.8615,132.950275,134.514825,134.567875,134.59945,134.669825,134.77445,134.908825,0,0,0,0,0,0,0,0,0,0,0,0,0,0,0,0,0,0,0,0,0,0,0,0,0,0,0,0,0,0,0,0,0,0,0,0,0,0,0,0,0,0,0,0,0,0,0,0,0,0,0,0,0,0,0,0,0,0,0,0,0,0,0,0,0,0,0,0,0,0,0,0,0,0,0,0,0,0,0,0,0,0,0,0,0,0,0,0,0,0,0,0,0,0,0,0,0,0,0,0,0,0,0,0,0,0,0,0,0,0,0,0,0,0,0,0,0,0,0,0,0,0,0,0,0,0,0,0,0,0,0,0,0,0,0,0,0,0,0,0,0,0,0,0,0,0,0,0,0,0,0,0,0,0,0,0,0,0,0,0,0,0,0,0,0,0,0,0,0,0,0,0,0,0,0,0,0,0,0,0,0,0,0,0,0,0,0,0,0,0,0,0,0,0,0,0,0,0,0,0,0,0,0,0,0,0,0,0,0,0,0,0,0,0,0,0,0,0,0,0,0,0,0,0,0,0,0,0,0,0,0,0,0,0,0,0,0,0,0,0,0,0,0,0,0,0,0,0,0,0,0,0,0,0,0,0,0,0,0,0,0,0,0,0,0,0,0,0,0,0,0,0,0,0,0,0,0,0,0,0,0,0,0,0,0,0,0,0,0,0,0,0,0,0,0,0,0,0,0,0,0,0,0,0,0,0,0,0,0,0,0,0,0,0,0,0,0,0,0,0,0,0,0,0,0,0,0,0,0,0,0,0,0,0,0,0,0,0,0,0,0,0,0,0,0,0,0,0,0,0,0,0,0,0,0,0,0,0,0,0,0,0,0,0,0,0,0,0,0,0,0,0,0,0,0,0,0,0,0,0,0,0,0,0,0,0,0,0,0,0,0,0,0,0,0,0,0,0,0,0,0,0,0,0,0,0,0,0,0,0,0,0,0,0,0,0,0,0,0,0,0,0,0,0,0,0,0,0,0,0,0,0,0,0,0,0,0,0,0,0,0,0,0,0,0,0,0,0,0,0,0,0,0,0,0
"120",129.62885,131.14085,131.24625,131.3088,131.432775,131.451325,131.5014,131.60625,132.388025,132.486625,132.50945,132.53505,132.6107,132.6292,132.655375,132.681275,132.752075,132.771175,132.8223,132.879625,132.936575,133.08585,133.632725,133.723225,133.8046,133.8668,133.9005,134.00405,134.09065,134.341875,134.3636,134.409725,134.432775,134.477825,134.513575,134.5705,134.5946,134.73915,134.75725,134.801675,134.821075,134.83675,134.88385,134.96005,135.9863,136.039125,136.122825,136.19305,136.290975,136.314425,136.409075,136.446225,136.484125,136.547875,136.63305,136.757625,136.840825,137.63755,137.75035,137.863975,137.9443,137.981775,137.991825,138.04825,138.0715,138.092375,138.14795,138.19345,138.2612,138.371175,139.21095,139.235875,139.26605,139.3167,139.3381,139.41075,139.438025,139.4738,139.5251,139.5593,139.615875,139.6734,139.7079,139.790725,139.897375,141.300575,141.40025,141.5057,141.569425,141.645725,141.697975,141.818975,141.876675,142.051675,142.1212,142.2378,144.1142,144.378925,0,0,0,0,0,0,0,0,0,0,0,0,0,0,0,0,0,0,0,0,0,0,0,0,0,0,0,0,0,0,0,0,0,0,0,0,0,0,0,0,0,0,0,0,0,0,0,0,0,0,0,0,0,0,0,0,0,0,0,0,0,0,0,0,0,0,0,0,0,0,0,0,0,0,0,0,0,0,0,0,0,0,0,0,0,0,0,0,0,0,0,0,0,0,0,0,0,0,0,0,0,0,0,0,0,0,0,0,0,0,0,0,0,0,0,0,0,0,0,0,0,0,0,0,0,0,0,0,0,0,0,0,0,0,0,0,0,0,0,0,0,0,0,0,0,0,0,0,0,0,0,0,0,0,0,0,0,0,0,0,0,0,0,0,0,0,0,0,0,0,0,0,0,0,0,0,0,0,0,0,0,0,0,0,0,0,0,0,0,0,0,0,0,0,0,0,0,0,0,0,0,0,0,0,0,0,0,0,0,0,0,0,0,0,0,0,0,0,0,0,0,0,0,0,0,0,0,0,0,0,0,0,0,0,0,0,0,0,0,0,0,0,0,0,0,0,0,0,0,0,0,0,0,0,0,0,0,0,0,0,0,0,0,0,0,0,0,0,0,0,0,0,0,0,0,0,0,0,0,0,0,0,0,0,0,0,0,0,0,0,0,0,0,0,0,0,0,0,0,0,0,0,0,0,0,0,0,0,0,0,0,0,0,0,0,0,0,0,0,0,0,0,0,0,0,0,0,0,0,0,0,0,0,0,0,0,0,0,0,0,0,0,0,0,0,0,0,0,0,0,0,0,0,0,0,0,0,0,0,0,0,0,0,0,0,0,0,0,0,0,0,0,0,0,0,0,0,0,0
"121",122.216625,123.367925,124.006,124.905725,125.243225,125.569425,125.757975,126.00985,128.643625,129.633075,129.731,129.95115,130.107225,130.1421,130.179475,130.223825,130.251775,130.354275,130.66265,130.776375,130.893425,131.589875,132.7439,132.846725,133.47455,133.625625,133.862175,134.595775,134.683625,134.83815,135.989425,136.3739,136.4122,136.688075,136.8043,136.876125,137.046625,137.137275,137.232875,137.412225,137.711575,138.0569,138.111,138.11615,138.171475,138.5322,138.6053,138.656775,138.72245,138.800475,138.850875,139.394825,139.4782,139.63775,139.718175,140.0523,140.197475,140.2523,140.337075,140.39975,140.46235,140.532725,140.973225,141.277075,141.3213,141.531975,141.77975,141.846375,141.9177,142.039275,142.105725,142.3144,142.346075,142.61775,142.70135,142.76795,142.8449,142.9019,142.948325,143.01675,143.092125,143.1905,143.871425,144.025075,144.17945,144.195575,144.279575,144.3368,144.680875,144.8195,145.131725,145.323125,0,0,0,0,0,0,0,0,0,0,0,0,0,0,0,0,0,0,0,0,0,0,0,0,0,0,0,0,0,0,0,0,0,0,0,0,0,0,0,0,0,0,0,0,0,0,0,0,0,0,0,0,0,0,0,0,0,0,0,0,0,0,0,0,0,0,0,0,0,0,0,0,0,0,0,0,0,0,0,0,0,0,0,0,0,0,0,0,0,0,0,0,0,0,0,0,0,0,0,0,0,0,0,0,0,0,0,0,0,0,0,0,0,0,0,0,0,0,0,0,0,0,0,0,0,0,0,0,0,0,0,0,0,0,0,0,0,0,0,0,0,0,0,0,0,0,0,0,0,0,0,0,0,0,0,0,0,0,0,0,0,0,0,0,0,0,0,0,0,0,0,0,0,0,0,0,0,0,0,0,0,0,0,0,0,0,0,0,0,0,0,0,0,0,0,0,0,0,0,0,0,0,0,0,0,0,0,0,0,0,0,0,0,0,0,0,0,0,0,0,0,0,0,0,0,0,0,0,0,0,0,0,0,0,0,0,0,0,0,0,0,0,0,0,0,0,0,0,0,0,0,0,0,0,0,0,0,0,0,0,0,0,0,0,0,0,0,0,0,0,0,0,0,0,0,0,0,0,0,0,0,0,0,0,0,0,0,0,0,0,0,0,0,0,0,0,0,0,0,0,0,0,0,0,0,0,0,0,0,0,0,0,0,0,0,0,0,0,0,0,0,0,0,0,0,0,0,0,0,0,0,0,0,0,0,0,0,0,0,0,0,0,0,0,0,0,0,0,0,0,0,0,0,0,0,0,0,0,0,0,0,0,0,0,0,0,0,0,0,0,0,0,0,0,0,0,0,0,0,0,0,0,0,0,0
"122",130.90255,131.121175,131.33615,131.369325,131.58005,132.546375,132.865625,133.052525,134.62055,134.64805,134.72835,136.248075,136.376075,138.120825,141.221,141.762725,141.9477,0,0,0,0,0,0,0,0,0,0,0,0,0,0,0,0,0,0,0,0,0,0,0,0,0,0,0,0,0,0,0,0,0,0,0,0,0,0,0,0,0,0,0,0,0,0,0,0,0,0,0,0,0,0,0,0,0,0,0,0,0,0,0,0,0,0,0,0,0,0,0,0,0,0,0,0,0,0,0,0,0,0,0,0,0,0,0,0,0,0,0,0,0,0,0,0,0,0,0,0,0,0,0,0,0,0,0,0,0,0,0,0,0,0,0,0,0,0,0,0,0,0,0,0,0,0,0,0,0,0,0,0,0,0,0,0,0,0,0,0,0,0,0,0,0,0,0,0,0,0,0,0,0,0,0,0,0,0,0,0,0,0,0,0,0,0,0,0,0,0,0,0,0,0,0,0,0,0,0,0,0,0,0,0,0,0,0,0,0,0,0,0,0,0,0,0,0,0,0,0,0,0,0,0,0,0,0,0,0,0,0,0,0,0,0,0,0,0,0,0,0,0,0,0,0,0,0,0,0,0,0,0,0,0,0,0,0,0,0,0,0,0,0,0,0,0,0,0,0,0,0,0,0,0,0,0,0,0,0,0,0,0,0,0,0,0,0,0,0,0,0,0,0,0,0,0,0,0,0,0,0,0,0,0,0,0,0,0,0,0,0,0,0,0,0,0,0,0,0,0,0,0,0,0,0,0,0,0,0,0,0,0,0,0,0,0,0,0,0,0,0,0,0,0,0,0,0,0,0,0,0,0,0,0,0,0,0,0,0,0,0,0,0,0,0,0,0,0,0,0,0,0,0,0,0,0,0,0,0,0,0,0,0,0,0,0,0,0,0,0,0,0,0,0,0,0,0,0,0,0,0,0,0,0,0,0,0,0,0,0,0,0,0,0,0,0,0,0,0,0,0,0,0,0,0,0,0,0,0,0,0,0,0,0,0,0,0,0,0,0,0,0,0,0,0,0,0,0,0,0,0,0,0,0,0,0,0,0,0,0,0,0,0,0,0,0,0,0,0,0,0,0,0,0,0,0,0,0,0,0
"123",131.049075,131.129175,131.155725,131.223875,131.2599,131.306425,131.52055,132.373,132.419275,132.4439,132.482925,132.5023,132.5216,132.556575,132.5871,132.611775,132.666575,132.7098,132.80765,132.88735,134.3899,134.4549,134.485425,134.52035,134.5557,134.603325,134.6323,134.673725,134.840825,137.767025,137.80965,137.84135,137.8791,137.9642,138.04035,0,0,0,0,0,0,0,0,0,0,0,0,0,0,0,0,0,0,0,0,0,0,0,0,0,0,0,0,0,0,0,0,0,0,0,0,0,0,0,0,0,0,0,0,0,0,0,0,0,0,0,0,0,0,0,0,0,0,0,0,0,0,0,0,0,0,0,0,0,0,0,0,0,0,0,0,0,0,0,0,0,0,0,0,0,0,0,0,0,0,0,0,0,0,0,0,0,0,0,0,0,0,0,0,0,0,0,0,0,0,0,0,0,0,0,0,0,0,0,0,0,0,0,0,0,0,0,0,0,0,0,0,0,0,0,0,0,0,0,0,0,0,0,0,0,0,0,0,0,0,0,0,0,0,0,0,0,0,0,0,0,0,0,0,0,0,0,0,0,0,0,0,0,0,0,0,0,0,0,0,0,0,0,0,0,0,0,0,0,0,0,0,0,0,0,0,0,0,0,0,0,0,0,0,0,0,0,0,0,0,0,0,0,0,0,0,0,0,0,0,0,0,0,0,0,0,0,0,0,0,0,0,0,0,0,0,0,0,0,0,0,0,0,0,0,0,0,0,0,0,0,0,0,0,0,0,0,0,0,0,0,0,0,0,0,0,0,0,0,0,0,0,0,0,0,0,0,0,0,0,0,0,0,0,0,0,0,0,0,0,0,0,0,0,0,0,0,0,0,0,0,0,0,0,0,0,0,0,0,0,0,0,0,0,0,0,0,0,0,0,0,0,0,0,0,0,0,0,0,0,0,0,0,0,0,0,0,0,0,0,0,0,0,0,0,0,0,0,0,0,0,0,0,0,0,0,0,0,0,0,0,0,0,0,0,0,0,0,0,0,0,0,0,0,0,0,0,0,0,0,0,0,0,0,0,0,0,0,0,0,0,0,0,0,0,0,0,0,0,0,0,0,0,0,0,0,0,0,0,0,0,0,0,0,0,0,0,0,0,0,0,0,0,0,0,0,0,0,0,0,0,0,0,0,0,0,0,0,0,0,0,0
"124",134.6816,134.868825,139.827025,141.0706,141.21235,141.383575,141.818175,0,0,0,0,0,0,0,0,0,0,0,0,0,0,0,0,0,0,0,0,0,0,0,0,0,0,0,0,0,0,0,0,0,0,0,0,0,0,0,0,0,0,0,0,0,0,0,0,0,0,0,0,0,0,0,0,0,0,0,0,0,0,0,0,0,0,0,0,0,0,0,0,0,0,0,0,0,0,0,0,0,0,0,0,0,0,0,0,0,0,0,0,0,0,0,0,0,0,0,0,0,0,0,0,0,0,0,0,0,0,0,0,0,0,0,0,0,0,0,0,0,0,0,0,0,0,0,0,0,0,0,0,0,0,0,0,0,0,0,0,0,0,0,0,0,0,0,0,0,0,0,0,0,0,0,0,0,0,0,0,0,0,0,0,0,0,0,0,0,0,0,0,0,0,0,0,0,0,0,0,0,0,0,0,0,0,0,0,0,0,0,0,0,0,0,0,0,0,0,0,0,0,0,0,0,0,0,0,0,0,0,0,0,0,0,0,0,0,0,0,0,0,0,0,0,0,0,0,0,0,0,0,0,0,0,0,0,0,0,0,0,0,0,0,0,0,0,0,0,0,0,0,0,0,0,0,0,0,0,0,0,0,0,0,0,0,0,0,0,0,0,0,0,0,0,0,0,0,0,0,0,0,0,0,0,0,0,0,0,0,0,0,0,0,0,0,0,0,0,0,0,0,0,0,0,0,0,0,0,0,0,0,0,0,0,0,0,0,0,0,0,0,0,0,0,0,0,0,0,0,0,0,0,0,0,0,0,0,0,0,0,0,0,0,0,0,0,0,0,0,0,0,0,0,0,0,0,0,0,0,0,0,0,0,0,0,0,0,0,0,0,0,0,0,0,0,0,0,0,0,0,0,0,0,0,0,0,0,0,0,0,0,0,0,0,0,0,0,0,0,0,0,0,0,0,0,0,0,0,0,0,0,0,0,0,0,0,0,0,0,0,0,0,0,0,0,0,0,0,0,0,0,0,0,0,0,0,0,0,0,0,0,0,0,0,0,0,0,0,0,0,0,0,0,0,0,0,0,0,0,0,0,0,0,0,0,0,0,0,0
"125",131.705025,132.7409,132.840475,134.503075,134.600775,134.636025,134.718975,134.823075,136.79105,136.8802,137.828425,139.2054,139.3049,141.190375,141.30375,141.3702,141.422825,141.5424,141.685675,141.7561,141.9653,142.05745,0,0,0,0,0,0,0,0,0,0,0,0,0,0,0,0,0,0,0,0,0,0,0,0,0,0,0,0,0,0,0,0,0,0,0,0,0,0,0,0,0,0,0,0,0,0,0,0,0,0,0,0,0,0,0,0,0,0,0,0,0,0,0,0,0,0,0,0,0,0,0,0,0,0,0,0,0,0,0,0,0,0,0,0,0,0,0,0,0,0,0,0,0,0,0,0,0,0,0,0,0,0,0,0,0,0,0,0,0,0,0,0,0,0,0,0,0,0,0,0,0,0,0,0,0,0,0,0,0,0,0,0,0,0,0,0,0,0,0,0,0,0,0,0,0,0,0,0,0,0,0,0,0,0,0,0,0,0,0,0,0,0,0,0,0,0,0,0,0,0,0,0,0,0,0,0,0,0,0,0,0,0,0,0,0,0,0,0,0,0,0,0,0,0,0,0,0,0,0,0,0,0,0,0,0,0,0,0,0,0,0,0,0,0,0,0,0,0,0,0,0,0,0,0,0,0,0,0,0,0,0,0,0,0,0,0,0,0,0,0,0,0,0,0,0,0,0,0,0,0,0,0,0,0,0,0,0,0,0,0,0,0,0,0,0,0,0,0,0,0,0,0,0,0,0,0,0,0,0,0,0,0,0,0,0,0,0,0,0,0,0,0,0,0,0,0,0,0,0,0,0,0,0,0,0,0,0,0,0,0,0,0,0,0,0,0,0,0,0,0,0,0,0,0,0,0,0,0,0,0,0,0,0,0,0,0,0,0,0,0,0,0,0,0,0,0,0,0,0,0,0,0,0,0,0,0,0,0,0,0,0,0,0,0,0,0,0,0,0,0,0,0,0,0,0,0,0,0,0,0,0,0,0,0,0,0,0,0,0,0,0,0,0,0,0,0,0,0,0,0,0,0,0,0,0,0,0,0,0,0,0,0,0,0,0,0,0,0,0,0,0,0,0,0,0,0,0,0,0,0,0,0,0,0,0,0,0,0,0,0,0,0,0,0,0,0,0,0,0,0,0,0,0,0,0
"126",129.4728,129.642875,129.69185,129.7556,129.820075,129.9618,130.51875,132.8279,136.3292,136.46515,136.5605,136.6164,136.69565,138.125375,138.23255,138.801575,139.0821,139.126325,139.143725,139.17585,139.2023,139.209325,139.347325,139.544675,139.690475,139.7644,139.818975,140.0135,140.853575,140.92105,140.954825,141.01,141.0389,141.121925,141.1725,141.350875,141.42725,141.528525,141.746325,141.803075,141.85515,141.978475,142.01455,142.03065,142.065825,142.233075,142.428725,142.683975,143.66635,143.777375,143.8769,143.9361,143.999775,144.03755,144.13855,144.177625,144.229275,144.318925,144.37235,144.536725,144.60395,144.83,144.905625,145.04725,0,0,0,0,0,0,0,0,0,0,0,0,0,0,0,0,0,0,0,0,0,0,0,0,0,0,0,0,0,0,0,0,0,0,0,0,0,0,0,0,0,0,0,0,0,0,0,0,0,0,0,0,0,0,0,0,0,0,0,0,0,0,0,0,0,0,0,0,0,0,0,0,0,0,0,0,0,0,0,0,0,0,0,0,0,0,0,0,0,0,0,0,0,0,0,0,0,0,0,0,0,0,0,0,0,0,0,0,0,0,0,0,0,0,0,0,0,0,0,0,0,0,0,0,0,0,0,0,0,0,0,0,0,0,0,0,0,0,0,0,0,0,0,0,0,0,0,0,0,0,0,0,0,0,0,0,0,0,0,0,0,0,0,0,0,0,0,0,0,0,0,0,0,0,0,0,0,0,0,0,0,0,0,0,0,0,0,0,0,0,0,0,0,0,0,0,0,0,0,0,0,0,0,0,0,0,0,0,0,0,0,0,0,0,0,0,0,0,0,0,0,0,0,0,0,0,0,0,0,0,0,0,0,0,0,0,0,0,0,0,0,0,0,0,0,0,0,0,0,0,0,0,0,0,0,0,0,0,0,0,0,0,0,0,0,0,0,0,0,0,0,0,0,0,0,0,0,0,0,0,0,0,0,0,0,0,0,0,0,0,0,0,0,0,0,0,0,0,0,0,0,0,0,0,0,0,0,0,0,0,0,0,0,0,0,0,0,0,0,0,0,0,0,0,0,0,0,0,0,0,0,0,0,0,0,0,0,0,0,0,0,0,0,0,0,0,0,0,0,0,0,0,0,0,0,0,0,0,0,0,0,0,0,0,0,0,0,0,0,0,0,0,0,0,0,0,0,0,0,0,0,0,0,0,0,0,0,0,0,0,0,0,0,0,0,0,0,0,0,0,0,0,0,0,0,0,0,0,0,0,0,0,0
"127",120.15745,121.925,122.06325,122.456775,122.86415,123.08245,123.217075,123.4108,123.960675,124.31665,124.425375,124.61235,124.854075,125.116275,125.23645,125.372275,125.504525,125.718225,125.810025,126.1676,126.442125,126.8372,127.048425,127.420775,127.490475,128.018675,128.327375,128.54725,128.72185,128.900375,129.1674,129.423025,129.5304,129.58015,129.61825,129.756925,129.792,129.991175,130.055225,130.091525,130.148025,130.340375,130.40485,130.5443,130.601825,130.6303,130.6855,130.706475,130.731775,130.760675,130.7782,130.8007,130.8327,130.8631,130.91965,130.952875,130.969675,131.001425,131.024875,131.100775,131.14,131.1953,131.31335,131.353075,131.39155,131.49915,132.027475,132.0818,132.10785,132.157225,132.1979,132.279775,132.354125,132.499675,132.564625,132.919875,133.45455,133.485375,133.5438,133.59895,133.628175,133.657925,133.736625,133.778175,133.91355,133.961675,134.1366,134.1631,134.32495,134.468375,134.60835,134.757675,135.0173,135.474225,135.488375,135.503325,135.5536,135.567725,135.5923,135.634575,135.66415,135.70275,135.7179,135.7501,135.764175,135.835025,135.866375,135.88205,135.918325,135.932125,135.969025,136.017325,136.0432,136.057925,136.122975,136.152275,136.68585,136.788175,137.544175,137.621675,137.7285,137.74255,137.788175,137.80695,137.90525,137.961025,138.0071,138.23495,138.31835,139.0562,139.141125,139.24205,139.2896,139.351975,139.41235,139.445325,139.50145,139.523475,139.746175,139.87525,140.976325,141.146175,141.1916,141.2293,141.307375,141.3852,141.47165,141.517975,141.581875,141.726325,141.785725,141.861975,142.0197,142.1806,143.72005,143.819825,143.960025,144.0085,144.0471,144.193,144.231325,144.3216,144.41095,0,0,0,0,0,0,0,0,0,0,0,0,0,0,0,0,0,0,0,0,0,0,0,0,0,0,0,0,0,0,0,0,0,0,0,0,0,0,0,0,0,0,0,0,0,0,0,0,0,0,0,0,0,0,0,0,0,0,0,0,0,0,0,0,0,0,0,0,0,0,0,0,0,0,0,0,0,0,0,0,0,0,0,0,0,0,0,0,0,0,0,0,0,0,0,0,0,0,0,0,0,0,0,0,0,0,0,0,0,0,0,0,0,0,0,0,0,0,0,0,0,0,0,0,0,0,0,0,0,0,0,0,0,0,0,0,0,0,0,0,0,0,0,0,0,0,0,0,0,0,0,0,0,0,0,0,0,0,0,0,0,0,0,0,0,0,0,0,0,0,0,0,0,0,0,0,0,0,0,0,0,0,0,0,0,0,0,0,0,0,0,0,0,0,0,0,0,0,0,0,0,0,0,0,0,0,0,0,0,0,0,0,0,0,0,0,0,0,0,0,0,0,0,0,0,0,0,0,0,0,0,0,0,0,0,0,0,0,0,0,0,0,0,0,0,0,0,0,0,0,0,0,0,0,0,0,0,0,0,0,0,0,0,0,0,0,0,0,0,0,0,0,0,0,0,0,0,0,0,0,0,0,0,0,0,0,0,0,0,0,0,0,0,0,0,0,0,0,0,0,0,0,0,0,0,0,0,0,0,0,0,0,0,0
"128",130.710675,130.828075,131.4003,132.487775,133.6792,134.308475,134.4906,134.786375,135.15275,0,0,0,0,0,0,0,0,0,0,0,0,0,0,0,0,0,0,0,0,0,0,0,0,0,0,0,0,0,0,0,0,0,0,0,0,0,0,0,0,0,0,0,0,0,0,0,0,0,0,0,0,0,0,0,0,0,0,0,0,0,0,0,0,0,0,0,0,0,0,0,0,0,0,0,0,0,0,0,0,0,0,0,0,0,0,0,0,0,0,0,0,0,0,0,0,0,0,0,0,0,0,0,0,0,0,0,0,0,0,0,0,0,0,0,0,0,0,0,0,0,0,0,0,0,0,0,0,0,0,0,0,0,0,0,0,0,0,0,0,0,0,0,0,0,0,0,0,0,0,0,0,0,0,0,0,0,0,0,0,0,0,0,0,0,0,0,0,0,0,0,0,0,0,0,0,0,0,0,0,0,0,0,0,0,0,0,0,0,0,0,0,0,0,0,0,0,0,0,0,0,0,0,0,0,0,0,0,0,0,0,0,0,0,0,0,0,0,0,0,0,0,0,0,0,0,0,0,0,0,0,0,0,0,0,0,0,0,0,0,0,0,0,0,0,0,0,0,0,0,0,0,0,0,0,0,0,0,0,0,0,0,0,0,0,0,0,0,0,0,0,0,0,0,0,0,0,0,0,0,0,0,0,0,0,0,0,0,0,0,0,0,0,0,0,0,0,0,0,0,0,0,0,0,0,0,0,0,0,0,0,0,0,0,0,0,0,0,0,0,0,0,0,0,0,0,0,0,0,0,0,0,0,0,0,0,0,0,0,0,0,0,0,0,0,0,0,0,0,0,0,0,0,0,0,0,0,0,0,0,0,0,0,0,0,0,0,0,0,0,0,0,0,0,0,0,0,0,0,0,0,0,0,0,0,0,0,0,0,0,0,0,0,0,0,0,0,0,0,0,0,0,0,0,0,0,0,0,0,0,0,0,0,0,0,0,0,0,0,0,0,0,0,0,0,0,0,0,0,0,0,0,0,0,0,0,0,0,0,0,0,0,0,0,0,0,0,0,0,0,0,0,0,0,0,0,0,0,0,0,0,0,0,0,0,0,0,0
"129",129.651125,129.9979,130.0003,130.0514,130.3888,130.5186,130.5853,130.62875,130.6731,130.73325,130.773175,131.003375,131.059475,131.192475,131.240675,131.376575,131.42185,131.4949,131.6133,131.690875,131.8,132.083825,132.119325,132.2865,132.5054,132.513925,132.5268,132.642,133.3214,133.3491,133.4445,133.64385,133.9395,133.982675,134.215425,134.2543,134.451775,134.530225,134.658375,134.8436,135.2671,135.29995,135.36385,135.3938,135.513525,135.8175,136.0866,136.10305,136.548125,136.67805,137.0423,137.17635,137.3169,137.37505,137.43685,137.528575,137.63615,137.755325,137.82595,138.8515,138.947225,138.999425,139.2367,141.829725,142.330025,142.4914,142.668425,144.0352,144.153825,149.026625,149.4617,0,0,0,0,0,0,0,0,0,0,0,0,0,0,0,0,0,0,0,0,0,0,0,0,0,0,0,0,0,0,0,0,0,0,0,0,0,0,0,0,0,0,0,0,0,0,0,0,0,0,0,0,0,0,0,0,0,0,0,0,0,0,0,0,0,0,0,0,0,0,0,0,0,0,0,0,0,0,0,0,0,0,0,0,0,0,0,0,0,0,0,0,0,0,0,0,0,0,0,0,0,0,0,0,0,0,0,0,0,0,0,0,0,0,0,0,0,0,0,0,0,0,0,0,0,0,0,0,0,0,0,0,0,0,0,0,0,0,0,0,0,0,0,0,0,0,0,0,0,0,0,0,0,0,0,0,0,0,0,0,0,0,0,0,0,0,0,0,0,0,0,0,0,0,0,0,0,0,0,0,0,0,0,0,0,0,0,0,0,0,0,0,0,0,0,0,0,0,0,0,0,0,0,0,0,0,0,0,0,0,0,0,0,0,0,0,0,0,0,0,0,0,0,0,0,0,0,0,0,0,0,0,0,0,0,0,0,0,0,0,0,0,0,0,0,0,0,0,0,0,0,0,0,0,0,0,0,0,0,0,0,0,0,0,0,0,0,0,0,0,0,0,0,0,0,0,0,0,0,0,0,0,0,0,0,0,0,0,0,0,0,0,0,0,0,0,0,0,0,0,0,0,0,0,0,0,0,0,0,0,0,0,0,0,0,0,0,0,0,0,0,0,0,0,0,0,0,0,0,0,0,0,0,0,0,0,0,0,0,0,0,0,0,0,0,0,0,0,0,0,0,0,0,0,0,0,0,0,0,0,0,0,0,0,0,0,0,0,0,0,0,0,0,0,0,0,0,0,0,0,0,0,0,0,0,0,0,0,0,0,0,0,0,0,0,0,0,0,0,0,0,0,0,0,0,0
"130",121.14175,138.55695,140.13635,140.343575,142.703325,142.9927,143.204275,145.242175,145.943575,153.232075,153.6279,154.247125,155.5231,156.948225,157.406375,158.19035,0,0,0,0,0,0,0,0,0,0,0,0,0,0,0,0,0,0,0,0,0,0,0,0,0,0,0,0,0,0,0,0,0,0,0,0,0,0,0,0,0,0,0,0,0,0,0,0,0,0,0,0,0,0,0,0,0,0,0,0,0,0,0,0,0,0,0,0,0,0,0,0,0,0,0,0,0,0,0,0,0,0,0,0,0,0,0,0,0,0,0,0,0,0,0,0,0,0,0,0,0,0,0,0,0,0,0,0,0,0,0,0,0,0,0,0,0,0,0,0,0,0,0,0,0,0,0,0,0,0,0,0,0,0,0,0,0,0,0,0,0,0,0,0,0,0,0,0,0,0,0,0,0,0,0,0,0,0,0,0,0,0,0,0,0,0,0,0,0,0,0,0,0,0,0,0,0,0,0,0,0,0,0,0,0,0,0,0,0,0,0,0,0,0,0,0,0,0,0,0,0,0,0,0,0,0,0,0,0,0,0,0,0,0,0,0,0,0,0,0,0,0,0,0,0,0,0,0,0,0,0,0,0,0,0,0,0,0,0,0,0,0,0,0,0,0,0,0,0,0,0,0,0,0,0,0,0,0,0,0,0,0,0,0,0,0,0,0,0,0,0,0,0,0,0,0,0,0,0,0,0,0,0,0,0,0,0,0,0,0,0,0,0,0,0,0,0,0,0,0,0,0,0,0,0,0,0,0,0,0,0,0,0,0,0,0,0,0,0,0,0,0,0,0,0,0,0,0,0,0,0,0,0,0,0,0,0,0,0,0,0,0,0,0,0,0,0,0,0,0,0,0,0,0,0,0,0,0,0,0,0,0,0,0,0,0,0,0,0,0,0,0,0,0,0,0,0,0,0,0,0,0,0,0,0,0,0,0,0,0,0,0,0,0,0,0,0,0,0,0,0,0,0,0,0,0,0,0,0,0,0,0,0,0,0,0,0,0,0,0,0,0,0,0,0,0,0,0,0,0,0,0,0,0,0,0,0,0,0,0,0,0,0,0,0,0,0,0,0,0,0,0,0,0,0,0,0,0,0,0,0
"131",121.859275,122.12255,122.57825,122.894775,123.084025,123.43295,123.821225,124.3719,124.538625,125.04335,125.502575,126.065225,126.19905,128.395925,129.3783,130.067775,130.579925,130.826325,131.608475,131.7164,132.194525,132.253025,132.580425,132.814025,133.0619,133.3505,133.693475,133.98505,134.6963,134.718875,134.97125,135.2754,135.36765,135.404625,135.464175,135.674275,135.803375,135.93695,136.5289,136.63665,136.9013,137.48535,137.722475,137.9535,138.217775,139.590775,139.6878,140.05855,140.76755,140.840825,141.387125,141.407225,141.74765,141.8082,141.844275,142.0781,142.304525,142.432875,144.164475,144.324275,144.42485,147.962175,148.52525,150.073175,0,0,0,0,0,0,0,0,0,0,0,0,0,0,0,0,0,0,0,0,0,0,0,0,0,0,0,0,0,0,0,0,0,0,0,0,0,0,0,0,0,0,0,0,0,0,0,0,0,0,0,0,0,0,0,0,0,0,0,0,0,0,0,0,0,0,0,0,0,0,0,0,0,0,0,0,0,0,0,0,0,0,0,0,0,0,0,0,0,0,0,0,0,0,0,0,0,0,0,0,0,0,0,0,0,0,0,0,0,0,0,0,0,0,0,0,0,0,0,0,0,0,0,0,0,0,0,0,0,0,0,0,0,0,0,0,0,0,0,0,0,0,0,0,0,0,0,0,0,0,0,0,0,0,0,0,0,0,0,0,0,0,0,0,0,0,0,0,0,0,0,0,0,0,0,0,0,0,0,0,0,0,0,0,0,0,0,0,0,0,0,0,0,0,0,0,0,0,0,0,0,0,0,0,0,0,0,0,0,0,0,0,0,0,0,0,0,0,0,0,0,0,0,0,0,0,0,0,0,0,0,0,0,0,0,0,0,0,0,0,0,0,0,0,0,0,0,0,0,0,0,0,0,0,0,0,0,0,0,0,0,0,0,0,0,0,0,0,0,0,0,0,0,0,0,0,0,0,0,0,0,0,0,0,0,0,0,0,0,0,0,0,0,0,0,0,0,0,0,0,0,0,0,0,0,0,0,0,0,0,0,0,0,0,0,0,0,0,0,0,0,0,0,0,0,0,0,0,0,0,0,0,0,0,0,0,0,0,0,0,0,0,0,0,0,0,0,0,0,0,0,0,0,0,0,0,0,0,0,0,0,0,0,0,0,0,0,0,0,0,0,0,0,0,0,0,0,0,0,0,0,0,0,0,0,0,0,0,0,0,0,0,0,0,0,0,0,0,0,0,0,0,0,0,0,0,0,0,0,0,0,0,0
"132",130.785825,130.8486,130.92445,131.0073,131.023375,131.069875,131.245175,131.375525,132.148,132.23315,132.359,132.360325,132.490625,132.518025,132.550825,132.610825,132.641225,132.679925,132.72335,132.785775,132.835925,132.86205,133.811775,134.309225,134.4562,134.5377,134.600275,134.6223,134.6874,134.753075,134.8858,135.768075,135.842025,137.64385,137.6747,137.82935,137.949325,137.971425,138.021925,138.07655,138.118925,139.2835,0,0,0,0,0,0,0,0,0,0,0,0,0,0,0,0,0,0,0,0,0,0,0,0,0,0,0,0,0,0,0,0,0,0,0,0,0,0,0,0,0,0,0,0,0,0,0,0,0,0,0,0,0,0,0,0,0,0,0,0,0,0,0,0,0,0,0,0,0,0,0,0,0,0,0,0,0,0,0,0,0,0,0,0,0,0,0,0,0,0,0,0,0,0,0,0,0,0,0,0,0,0,0,0,0,0,0,0,0,0,0,0,0,0,0,0,0,0,0,0,0,0,0,0,0,0,0,0,0,0,0,0,0,0,0,0,0,0,0,0,0,0,0,0,0,0,0,0,0,0,0,0,0,0,0,0,0,0,0,0,0,0,0,0,0,0,0,0,0,0,0,0,0,0,0,0,0,0,0,0,0,0,0,0,0,0,0,0,0,0,0,0,0,0,0,0,0,0,0,0,0,0,0,0,0,0,0,0,0,0,0,0,0,0,0,0,0,0,0,0,0,0,0,0,0,0,0,0,0,0,0,0,0,0,0,0,0,0,0,0,0,0,0,0,0,0,0,0,0,0,0,0,0,0,0,0,0,0,0,0,0,0,0,0,0,0,0,0,0,0,0,0,0,0,0,0,0,0,0,0,0,0,0,0,0,0,0,0,0,0,0,0,0,0,0,0,0,0,0,0,0,0,0,0,0,0,0,0,0,0,0,0,0,0,0,0,0,0,0,0,0,0,0,0,0,0,0,0,0,0,0,0,0,0,0,0,0,0,0,0,0,0,0,0,0,0,0,0,0,0,0,0,0,0,0,0,0,0,0,0,0,0,0,0,0,0,0,0,0,0,0,0,0,0,0,0,0,0,0,0,0,0,0,0,0,0,0,0,0,0,0,0,0,0,0,0,0,0,0,0,0,0,0,0,0,0,0,0,0,0,0,0,0,0,0,0,0,0,0,0,0,0,0,0,0,0,0,0,0,0,0,0,0,0,0
"133",120.386525,120.729725,120.913075,121.04405,121.470775,121.754325,121.825175,122.005275,122.147925,122.185475,122.2732,122.418225,122.45015,122.600025,123.122,123.154925,123.875175,124.277925,124.854675,125.00995,125.52985,125.721725,125.94575,126.293525,126.35045,126.7937,126.829225,126.901325,127.047475,127.12165,127.251725,127.39375,127.89835,128.328625,128.4189,128.589525,128.81715,129.040625,129.11215,129.39375,129.4931,129.724575,130.396675,130.420975,130.640775,130.6787,130.70805,130.71865,130.8139,131.196125,131.2411,131.2607,131.529,131.80475,131.887475,131.953575,132.0155,132.0643,132.103825,132.2057,133.142925,133.28735,133.327425,133.814725,133.988525,134.159525,134.331575,134.47625,134.52505,135.0844,135.284575,135.33485,135.609475,135.790725,135.9922,136.036375,136.132,136.371275,136.457875,136.607725,136.789575,137.414825,137.458575,137.54725,137.6057,137.79485,137.872775,138.19555,138.98505,139.1545,139.5112,140.442775,140.721575,140.739525,140.952975,142.981525,143.21935,143.2957,143.57855,143.75655,143.94665,144.0173,144.189825,145.908925,146.517075,147.5424,147.72385,148.555775,148.676025,148.77235,148.90725,149.407475,149.533425,149.684275,155.5645,156.70525,156.862325,157.5564,0,0,0,0,0,0,0,0,0,0,0,0,0,0,0,0,0,0,0,0,0,0,0,0,0,0,0,0,0,0,0,0,0,0,0,0,0,0,0,0,0,0,0,0,0,0,0,0,0,0,0,0,0,0,0,0,0,0,0,0,0,0,0,0,0,0,0,0,0,0,0,0,0,0,0,0,0,0,0,0,0,0,0,0,0,0,0,0,0,0,0,0,0,0,0,0,0,0,0,0,0,0,0,0,0,0,0,0,0,0,0,0,0,0,0,0,0,0,0,0,0,0,0,0,0,0,0,0,0,0,0,0,0,0,0,0,0,0,0,0,0,0,0,0,0,0,0,0,0,0,0,0,0,0,0,0,0,0,0,0,0,0,0,0,0,0,0,0,0,0,0,0,0,0,0,0,0,0,0,0,0,0,0,0,0,0,0,0,0,0,0,0,0,0,0,0,0,0,0,0,0,0,0,0,0,0,0,0,0,0,0,0,0,0,0,0,0,0,0,0,0,0,0,0,0,0,0,0,0,0,0,0,0,0,0,0,0,0,0,0,0,0,0,0,0,0,0,0,0,0,0,0,0,0,0,0,0,0,0,0,0,0,0,0,0,0,0,0,0,0,0,0,0,0,0,0,0,0,0,0,0,0,0,0,0,0,0,0,0,0,0,0,0,0,0,0,0,0,0,0,0,0,0,0,0,0,0,0,0,0,0,0,0,0,0,0,0,0,0,0,0,0,0,0,0,0,0,0,0,0,0,0,0,0,0,0,0,0,0,0,0,0,0,0,0,0,0,0,0,0,0,0,0,0,0,0,0,0,0
"134",130.841575,131.2222,131.360275,131.5074,132.452325,132.5606,132.655825,132.741675,132.842675,133.028425,133.963975,134.23005,134.340325,134.3739,134.44105,134.57925,134.845225,135.327375,135.447125,136.314275,136.531425,136.69345,139.00395,0,0,0,0,0,0,0,0,0,0,0,0,0,0,0,0,0,0,0,0,0,0,0,0,0,0,0,0,0,0,0,0,0,0,0,0,0,0,0,0,0,0,0,0,0,0,0,0,0,0,0,0,0,0,0,0,0,0,0,0,0,0,0,0,0,0,0,0,0,0,0,0,0,0,0,0,0,0,0,0,0,0,0,0,0,0,0,0,0,0,0,0,0,0,0,0,0,0,0,0,0,0,0,0,0,0,0,0,0,0,0,0,0,0,0,0,0,0,0,0,0,0,0,0,0,0,0,0,0,0,0,0,0,0,0,0,0,0,0,0,0,0,0,0,0,0,0,0,0,0,0,0,0,0,0,0,0,0,0,0,0,0,0,0,0,0,0,0,0,0,0,0,0,0,0,0,0,0,0,0,0,0,0,0,0,0,0,0,0,0,0,0,0,0,0,0,0,0,0,0,0,0,0,0,0,0,0,0,0,0,0,0,0,0,0,0,0,0,0,0,0,0,0,0,0,0,0,0,0,0,0,0,0,0,0,0,0,0,0,0,0,0,0,0,0,0,0,0,0,0,0,0,0,0,0,0,0,0,0,0,0,0,0,0,0,0,0,0,0,0,0,0,0,0,0,0,0,0,0,0,0,0,0,0,0,0,0,0,0,0,0,0,0,0,0,0,0,0,0,0,0,0,0,0,0,0,0,0,0,0,0,0,0,0,0,0,0,0,0,0,0,0,0,0,0,0,0,0,0,0,0,0,0,0,0,0,0,0,0,0,0,0,0,0,0,0,0,0,0,0,0,0,0,0,0,0,0,0,0,0,0,0,0,0,0,0,0,0,0,0,0,0,0,0,0,0,0,0,0,0,0,0,0,0,0,0,0,0,0,0,0,0,0,0,0,0,0,0,0,0,0,0,0,0,0,0,0,0,0,0,0,0,0,0,0,0,0,0,0,0,0,0,0,0,0,0,0,0,0,0,0,0,0,0,0,0,0,0,0,0,0,0,0,0,0,0,0,0,0,0,0,0,0,0
"135",131.045975,131.06745,131.147,131.323175,131.373875,131.486075,131.5871,132.18635,132.251025,132.568525,132.627175,132.67315,132.697475,132.801575,132.949775,133.59555,133.766975,134.141125,134.411725,134.516775,134.545325,134.573125,134.83685,134.901725,136.1692,137.705375,137.7448,137.8557,137.9993,139.3457,139.4533,141.705975,0,0,0,0,0,0,0,0,0,0,0,0,0,0,0,0,0,0,0,0,0,0,0,0,0,0,0,0,0,0,0,0,0,0,0,0,0,0,0,0,0,0,0,0,0,0,0,0,0,0,0,0,0,0,0,0,0,0,0,0,0,0,0,0,0,0,0,0,0,0,0,0,0,0,0,0,0,0,0,0,0,0,0,0,0,0,0,0,0,0,0,0,0,0,0,0,0,0,0,0,0,0,0,0,0,0,0,0,0,0,0,0,0,0,0,0,0,0,0,0,0,0,0,0,0,0,0,0,0,0,0,0,0,0,0,0,0,0,0,0,0,0,0,0,0,0,0,0,0,0,0,0,0,0,0,0,0,0,0,0,0,0,0,0,0,0,0,0,0,0,0,0,0,0,0,0,0,0,0,0,0,0,0,0,0,0,0,0,0,0,0,0,0,0,0,0,0,0,0,0,0,0,0,0,0,0,0,0,0,0,0,0,0,0,0,0,0,0,0,0,0,0,0,0,0,0,0,0,0,0,0,0,0,0,0,0,0,0,0,0,0,0,0,0,0,0,0,0,0,0,0,0,0,0,0,0,0,0,0,0,0,0,0,0,0,0,0,0,0,0,0,0,0,0,0,0,0,0,0,0,0,0,0,0,0,0,0,0,0,0,0,0,0,0,0,0,0,0,0,0,0,0,0,0,0,0,0,0,0,0,0,0,0,0,0,0,0,0,0,0,0,0,0,0,0,0,0,0,0,0,0,0,0,0,0,0,0,0,0,0,0,0,0,0,0,0,0,0,0,0,0,0,0,0,0,0,0,0,0,0,0,0,0,0,0,0,0,0,0,0,0,0,0,0,0,0,0,0,0,0,0,0,0,0,0,0,0,0,0,0,0,0,0,0,0,0,0,0,0,0,0,0,0,0,0,0,0,0,0,0,0,0,0,0,0,0,0,0,0,0,0,0,0,0,0,0,0,0,0,0,0,0,0,0,0,0,0,0,0,0,0,0,0,0,0
"136",132.4988,132.553025,132.611475,132.665225,132.68705,132.712125,132.747875,132.817375,132.8374,132.878275,132.913325,132.974925,134.4915,134.510325,134.589925,134.6149,134.6351,134.648375,134.679475,134.702025,134.7393,134.768175,134.794,134.821,134.960725,137.80875,137.8333,137.919125,137.943875,138.12255,138.139375,138.17455,138.221125,138.279775,138.3111,0,0,0,0,0,0,0,0,0,0,0,0,0,0,0,0,0,0,0,0,0,0,0,0,0,0,0,0,0,0,0,0,0,0,0,0,0,0,0,0,0,0,0,0,0,0,0,0,0,0,0,0,0,0,0,0,0,0,0,0,0,0,0,0,0,0,0,0,0,0,0,0,0,0,0,0,0,0,0,0,0,0,0,0,0,0,0,0,0,0,0,0,0,0,0,0,0,0,0,0,0,0,0,0,0,0,0,0,0,0,0,0,0,0,0,0,0,0,0,0,0,0,0,0,0,0,0,0,0,0,0,0,0,0,0,0,0,0,0,0,0,0,0,0,0,0,0,0,0,0,0,0,0,0,0,0,0,0,0,0,0,0,0,0,0,0,0,0,0,0,0,0,0,0,0,0,0,0,0,0,0,0,0,0,0,0,0,0,0,0,0,0,0,0,0,0,0,0,0,0,0,0,0,0,0,0,0,0,0,0,0,0,0,0,0,0,0,0,0,0,0,0,0,0,0,0,0,0,0,0,0,0,0,0,0,0,0,0,0,0,0,0,0,0,0,0,0,0,0,0,0,0,0,0,0,0,0,0,0,0,0,0,0,0,0,0,0,0,0,0,0,0,0,0,0,0,0,0,0,0,0,0,0,0,0,0,0,0,0,0,0,0,0,0,0,0,0,0,0,0,0,0,0,0,0,0,0,0,0,0,0,0,0,0,0,0,0,0,0,0,0,0,0,0,0,0,0,0,0,0,0,0,0,0,0,0,0,0,0,0,0,0,0,0,0,0,0,0,0,0,0,0,0,0,0,0,0,0,0,0,0,0,0,0,0,0,0,0,0,0,0,0,0,0,0,0,0,0,0,0,0,0,0,0,0,0,0,0,0,0,0,0,0,0,0,0,0,0,0,0,0,0,0,0,0,0,0,0,0,0,0,0,0,0,0,0,0,0,0,0,0,0,0,0,0,0,0,0,0,0,0,0,0,0,0,0,0,0,0,0,0,0
"137",129.687475,130.654775,130.84805,130.9031,131.068125,131.160025,132.0531,132.550175,133.70435,134.01425,134.0735,134.57745,135.612925,135.799325,135.898525,137.644625,137.7966,137.829925,139.32055,139.6663,0,0,0,0,0,0,0,0,0,0,0,0,0,0,0,0,0,0,0,0,0,0,0,0,0,0,0,0,0,0,0,0,0,0,0,0,0,0,0,0,0,0,0,0,0,0,0,0,0,0,0,0,0,0,0,0,0,0,0,0,0,0,0,0,0,0,0,0,0,0,0,0,0,0,0,0,0,0,0,0,0,0,0,0,0,0,0,0,0,0,0,0,0,0,0,0,0,0,0,0,0,0,0,0,0,0,0,0,0,0,0,0,0,0,0,0,0,0,0,0,0,0,0,0,0,0,0,0,0,0,0,0,0,0,0,0,0,0,0,0,0,0,0,0,0,0,0,0,0,0,0,0,0,0,0,0,0,0,0,0,0,0,0,0,0,0,0,0,0,0,0,0,0,0,0,0,0,0,0,0,0,0,0,0,0,0,0,0,0,0,0,0,0,0,0,0,0,0,0,0,0,0,0,0,0,0,0,0,0,0,0,0,0,0,0,0,0,0,0,0,0,0,0,0,0,0,0,0,0,0,0,0,0,0,0,0,0,0,0,0,0,0,0,0,0,0,0,0,0,0,0,0,0,0,0,0,0,0,0,0,0,0,0,0,0,0,0,0,0,0,0,0,0,0,0,0,0,0,0,0,0,0,0,0,0,0,0,0,0,0,0,0,0,0,0,0,0,0,0,0,0,0,0,0,0,0,0,0,0,0,0,0,0,0,0,0,0,0,0,0,0,0,0,0,0,0,0,0,0,0,0,0,0,0,0,0,0,0,0,0,0,0,0,0,0,0,0,0,0,0,0,0,0,0,0,0,0,0,0,0,0,0,0,0,0,0,0,0,0,0,0,0,0,0,0,0,0,0,0,0,0,0,0,0,0,0,0,0,0,0,0,0,0,0,0,0,0,0,0,0,0,0,0,0,0,0,0,0,0,0,0,0,0,0,0,0,0,0,0,0,0,0,0,0,0,0,0,0,0,0,0,0,0,0,0,0,0,0,0,0,0,0,0,0,0,0,0,0,0,0,0,0,0,0,0,0,0
"138",134.532325,143.05735,143.481825,146.04375,146.59005,147.947425,148.196625,151.65575,151.935,152.250575,152.5435,156.8454,158.003675,0,0,0,0,0,0,0,0,0,0,0,0,0,0,0,0,0,0,0,0,0,0,0,0,0,0,0,0,0,0,0,0,0,0,0,0,0,0,0,0,0,0,0,0,0,0,0,0,0,0,0,0,0,0,0,0,0,0,0,0,0,0,0,0,0,0,0,0,0,0,0,0,0,0,0,0,0,0,0,0,0,0,0,0,0,0,0,0,0,0,0,0,0,0,0,0,0,0,0,0,0,0,0,0,0,0,0,0,0,0,0,0,0,0,0,0,0,0,0,0,0,0,0,0,0,0,0,0,0,0,0,0,0,0,0,0,0,0,0,0,0,0,0,0,0,0,0,0,0,0,0,0,0,0,0,0,0,0,0,0,0,0,0,0,0,0,0,0,0,0,0,0,0,0,0,0,0,0,0,0,0,0,0,0,0,0,0,0,0,0,0,0,0,0,0,0,0,0,0,0,0,0,0,0,0,0,0,0,0,0,0,0,0,0,0,0,0,0,0,0,0,0,0,0,0,0,0,0,0,0,0,0,0,0,0,0,0,0,0,0,0,0,0,0,0,0,0,0,0,0,0,0,0,0,0,0,0,0,0,0,0,0,0,0,0,0,0,0,0,0,0,0,0,0,0,0,0,0,0,0,0,0,0,0,0,0,0,0,0,0,0,0,0,0,0,0,0,0,0,0,0,0,0,0,0,0,0,0,0,0,0,0,0,0,0,0,0,0,0,0,0,0,0,0,0,0,0,0,0,0,0,0,0,0,0,0,0,0,0,0,0,0,0,0,0,0,0,0,0,0,0,0,0,0,0,0,0,0,0,0,0,0,0,0,0,0,0,0,0,0,0,0,0,0,0,0,0,0,0,0,0,0,0,0,0,0,0,0,0,0,0,0,0,0,0,0,0,0,0,0,0,0,0,0,0,0,0,0,0,0,0,0,0,0,0,0,0,0,0,0,0,0,0,0,0,0,0,0,0,0,0,0,0,0,0,0,0,0,0,0,0,0,0,0,0,0,0,0,0,0,0,0,0,0,0,0,0,0,0,0,0,0,0,0
"139",129.820075,132.681675,133.536325,134.057425,134.588225,136.3208,141.033275,0,0,0,0,0,0,0,0,0,0,0,0,0,0,0,0,0,0,0,0,0,0,0,0,0,0,0,0,0,0,0,0,0,0,0,0,0,0,0,0,0,0,0,0,0,0,0,0,0,0,0,0,0,0,0,0,0,0,0,0,0,0,0,0,0,0,0,0,0,0,0,0,0,0,0,0,0,0,0,0,0,0,0,0,0,0,0,0,0,0,0,0,0,0,0,0,0,0,0,0,0,0,0,0,0,0,0,0,0,0,0,0,0,0,0,0,0,0,0,0,0,0,0,0,0,0,0,0,0,0,0,0,0,0,0,0,0,0,0,0,0,0,0,0,0,0,0,0,0,0,0,0,0,0,0,0,0,0,0,0,0,0,0,0,0,0,0,0,0,0,0,0,0,0,0,0,0,0,0,0,0,0,0,0,0,0,0,0,0,0,0,0,0,0,0,0,0,0,0,0,0,0,0,0,0,0,0,0,0,0,0,0,0,0,0,0,0,0,0,0,0,0,0,0,0,0,0,0,0,0,0,0,0,0,0,0,0,0,0,0,0,0,0,0,0,0,0,0,0,0,0,0,0,0,0,0,0,0,0,0,0,0,0,0,0,0,0,0,0,0,0,0,0,0,0,0,0,0,0,0,0,0,0,0,0,0,0,0,0,0,0,0,0,0,0,0,0,0,0,0,0,0,0,0,0,0,0,0,0,0,0,0,0,0,0,0,0,0,0,0,0,0,0,0,0,0,0,0,0,0,0,0,0,0,0,0,0,0,0,0,0,0,0,0,0,0,0,0,0,0,0,0,0,0,0,0,0,0,0,0,0,0,0,0,0,0,0,0,0,0,0,0,0,0,0,0,0,0,0,0,0,0,0,0,0,0,0,0,0,0,0,0,0,0,0,0,0,0,0,0,0,0,0,0,0,0,0,0,0,0,0,0,0,0,0,0,0,0,0,0,0,0,0,0,0,0,0,0,0,0,0,0,0,0,0,0,0,0,0,0,0,0,0,0,0,0,0,0,0,0,0,0,0,0,0,0,0,0,0,0,0,0,0,0,0,0,0,0,0,0
"140",130.87325,130.9827,131.105925,131.1629,131.211125,131.2127,131.305575,131.337225,131.534,131.585425,132.3881,132.42615,132.4498,132.583,132.708475,132.73275,134.10275,134.42345,134.511725,134.560675,135.86115,137.68745,137.79735,137.847175,137.87925,137.91295,138.0446,0,0,0,0,0,0,0,0,0,0,0,0,0,0,0,0,0,0,0,0,0,0,0,0,0,0,0,0,0,0,0,0,0,0,0,0,0,0,0,0,0,0,0,0,0,0,0,0,0,0,0,0,0,0,0,0,0,0,0,0,0,0,0,0,0,0,0,0,0,0,0,0,0,0,0,0,0,0,0,0,0,0,0,0,0,0,0,0,0,0,0,0,0,0,0,0,0,0,0,0,0,0,0,0,0,0,0,0,0,0,0,0,0,0,0,0,0,0,0,0,0,0,0,0,0,0,0,0,0,0,0,0,0,0,0,0,0,0,0,0,0,0,0,0,0,0,0,0,0,0,0,0,0,0,0,0,0,0,0,0,0,0,0,0,0,0,0,0,0,0,0,0,0,0,0,0,0,0,0,0,0,0,0,0,0,0,0,0,0,0,0,0,0,0,0,0,0,0,0,0,0,0,0,0,0,0,0,0,0,0,0,0,0,0,0,0,0,0,0,0,0,0,0,0,0,0,0,0,0,0,0,0,0,0,0,0,0,0,0,0,0,0,0,0,0,0,0,0,0,0,0,0,0,0,0,0,0,0,0,0,0,0,0,0,0,0,0,0,0,0,0,0,0,0,0,0,0,0,0,0,0,0,0,0,0,0,0,0,0,0,0,0,0,0,0,0,0,0,0,0,0,0,0,0,0,0,0,0,0,0,0,0,0,0,0,0,0,0,0,0,0,0,0,0,0,0,0,0,0,0,0,0,0,0,0,0,0,0,0,0,0,0,0,0,0,0,0,0,0,0,0,0,0,0,0,0,0,0,0,0,0,0,0,0,0,0,0,0,0,0,0,0,0,0,0,0,0,0,0,0,0,0,0,0,0,0,0,0,0,0,0,0,0,0,0,0,0,0,0,0,0,0,0,0,0,0,0,0,0,0,0,0,0,0,0,0,0,0,0,0,0,0,0,0,0,0,0,0,0,0,0,0,0,0,0,0,0,0,0,0,0,0,0,0,0,0,0,0,0,0
"141",129.60845,130.24565,131.016025,131.234875,131.345175,131.366975,131.41745,131.445125,131.461725,131.603475,131.68465,132.2439,132.545125,132.5698,132.62535,132.644225,132.662675,132.6785,132.68955,132.6983,132.721075,132.78625,132.824875,132.847775,132.866025,132.898675,133.0168,133.04825,133.06675,133.092475,133.130425,133.804,134.275375,134.3395,134.387925,134.423,134.537875,134.589375,134.624275,134.6746,134.7049,134.73765,134.793125,134.8048,134.8394,134.8576,134.884225,134.894725,134.94125,134.979325,134.98945,135.00555,135.0357,135.051575,135.09185,135.124525,139.406275,0,0,0,0,0,0,0,0,0,0,0,0,0,0,0,0,0,0,0,0,0,0,0,0,0,0,0,0,0,0,0,0,0,0,0,0,0,0,0,0,0,0,0,0,0,0,0,0,0,0,0,0,0,0,0,0,0,0,0,0,0,0,0,0,0,0,0,0,0,0,0,0,0,0,0,0,0,0,0,0,0,0,0,0,0,0,0,0,0,0,0,0,0,0,0,0,0,0,0,0,0,0,0,0,0,0,0,0,0,0,0,0,0,0,0,0,0,0,0,0,0,0,0,0,0,0,0,0,0,0,0,0,0,0,0,0,0,0,0,0,0,0,0,0,0,0,0,0,0,0,0,0,0,0,0,0,0,0,0,0,0,0,0,0,0,0,0,0,0,0,0,0,0,0,0,0,0,0,0,0,0,0,0,0,0,0,0,0,0,0,0,0,0,0,0,0,0,0,0,0,0,0,0,0,0,0,0,0,0,0,0,0,0,0,0,0,0,0,0,0,0,0,0,0,0,0,0,0,0,0,0,0,0,0,0,0,0,0,0,0,0,0,0,0,0,0,0,0,0,0,0,0,0,0,0,0,0,0,0,0,0,0,0,0,0,0,0,0,0,0,0,0,0,0,0,0,0,0,0,0,0,0,0,0,0,0,0,0,0,0,0,0,0,0,0,0,0,0,0,0,0,0,0,0,0,0,0,0,0,0,0,0,0,0,0,0,0,0,0,0,0,0,0,0,0,0,0,0,0,0,0,0,0,0,0,0,0,0,0,0,0,0,0,0,0,0,0,0,0,0,0,0,0,0,0,0,0,0,0,0,0,0,0,0,0,0,0,0,0,0,0,0,0,0,0,0,0,0,0,0,0,0,0,0,0,0,0,0,0,0,0,0,0,0,0,0,0,0,0,0,0,0,0,0,0,0,0,0,0,0,0,0,0,0,0,0,0,0,0,0
"142",130.6677,130.77575,130.8211,130.867725,130.8945,130.9213,130.9572,130.975125,131.04,131.080075,131.096975,131.1266,131.1571,131.21385,131.27285,132.027275,132.0608,132.08905,132.135625,132.154025,132.16745,132.322525,132.335325,132.368475,132.376825,132.39145,132.53745,132.559025,132.5989,132.684625,133.116325,133.4526,133.49805,133.57135,133.60265,133.623925,133.63805,133.665125,133.688725,133.77995,133.848925,133.8669,133.8793,133.902125,133.9435,133.974275,133.983125,134.016375,134.09855,134.1129,134.1597,134.204475,134.2217,134.256025,134.270775,134.326625,134.3385,134.37695,134.41115,134.430975,134.456775,134.767975,135.484025,135.600475,135.655525,135.758375,135.80045,135.82095,135.8744,135.919825,135.956325,136.0085,136.023625,136.20095,136.2308,136.330425,136.467025,136.516325,136.594875,137.524575,137.568275,137.611975,137.6468,137.6841,137.737075,137.75915,137.8023,137.81495,137.846225,137.873575,137.91885,137.976625,138.011575,138.08125,138.1345,138.206925,139.324625,139.41355,139.4777,139.543575,141.150075,141.53175,0,0,0,0,0,0,0,0,0,0,0,0,0,0,0,0,0,0,0,0,0,0,0,0,0,0,0,0,0,0,0,0,0,0,0,0,0,0,0,0,0,0,0,0,0,0,0,0,0,0,0,0,0,0,0,0,0,0,0,0,0,0,0,0,0,0,0,0,0,0,0,0,0,0,0,0,0,0,0,0,0,0,0,0,0,0,0,0,0,0,0,0,0,0,0,0,0,0,0,0,0,0,0,0,0,0,0,0,0,0,0,0,0,0,0,0,0,0,0,0,0,0,0,0,0,0,0,0,0,0,0,0,0,0,0,0,0,0,0,0,0,0,0,0,0,0,0,0,0,0,0,0,0,0,0,0,0,0,0,0,0,0,0,0,0,0,0,0,0,0,0,0,0,0,0,0,0,0,0,0,0,0,0,0,0,0,0,0,0,0,0,0,0,0,0,0,0,0,0,0,0,0,0,0,0,0,0,0,0,0,0,0,0,0,0,0,0,0,0,0,0,0,0,0,0,0,0,0,0,0,0,0,0,0,0,0,0,0,0,0,0,0,0,0,0,0,0,0,0,0,0,0,0,0,0,0,0,0,0,0,0,0,0,0,0,0,0,0,0,0,0,0,0,0,0,0,0,0,0,0,0,0,0,0,0,0,0,0,0,0,0,0,0,0,0,0,0,0,0,0,0,0,0,0,0,0,0,0,0,0,0,0,0,0,0,0,0,0,0,0,0,0,0,0,0,0,0,0,0,0,0,0,0,0,0,0,0,0,0,0,0,0,0,0,0,0,0,0,0,0,0,0,0,0,0,0,0,0,0,0,0,0,0,0,0,0,0,0,0,0,0,0,0,0,0
"143",122.696675,123.410525,126.281075,127.368,127.9614,128.171525,128.3092,129.263,129.7042,129.755975,129.79585,129.842775,130.1026,130.1515,130.19395,130.25555,130.54565,130.571675,130.677575,130.71035,130.751825,130.8309,130.846875,130.867075,130.901575,130.925775,130.937775,130.952625,130.978775,130.98785,131.0328,131.0563,131.076575,131.110825,131.134575,131.160075,131.175125,131.2254,131.236775,131.3375,131.3767,131.43205,131.455275,131.4841,131.518925,131.53525,131.600775,131.610875,131.6142,131.641125,131.68,132.00685,132.06265,132.095575,132.174925,132.3036,132.3795,132.413825,132.52245,132.6235,132.659525,132.725325,132.774875,132.848725,132.90325,132.974375,132.994575,133.174675,133.31135,133.31365,133.35695,133.4339,133.454625,133.4898,133.539375,133.6021,133.626875,133.704875,133.747975,133.849575,133.8982,133.9752,134.078725,134.102025,134.1232,134.15705,134.18885,134.22005,134.234525,134.25285,134.2842,134.31105,134.354125,134.427525,134.442675,134.459475,134.4888,134.528525,134.539525,134.56925,134.579875,134.60815,134.65465,134.672925,134.7072,134.720825,134.73215,134.781075,134.835275,134.847825,134.866725,134.8998,134.959525,135.039875,135.34535,135.451025,135.473625,135.484875,135.51815,135.53225,135.54935,135.566775,135.609525,135.65345,135.66805,135.680675,135.709575,135.751325,135.762125,135.806,135.836825,135.8598,135.8722,135.895025,135.91385,135.92645,135.974225,136.02045,136.051825,136.12395,136.21145,136.686525,136.8143,136.997925,137.579975,137.612925,137.629575,137.650625,137.725425,137.73585,137.77915,137.80575,137.808,137.84545,137.88805,137.981575,138.003575,138.037675,138.089975,138.1265,138.217675,138.281125,138.30625,138.7057,139.215,139.2597,139.335625,139.41495,139.445975,139.525075,139.64265,139.6797,139.732475,139.804075,139.82965,139.8873,140.62975,140.673625,140.793825,140.83675,140.894525,141.024725,141.11255,141.31585,141.357825,141.463175,141.474975,141.51555,141.5984,141.69075,141.730675,141.758925,141.84285,141.87595,141.9185,141.965175,142.039275,142.184825,143.173625,143.317625,143.5067,143.6361,143.73135,143.802975,143.844175,143.981575,144.0239,144.10675,144.2765,144.375575,148.735525,149.271375,0,0,0,0,0,0,0,0,0,0,0,0,0,0,0,0,0,0,0,0,0,0,0,0,0,0,0,0,0,0,0,0,0,0,0,0,0,0,0,0,0,0,0,0,0,0,0,0,0,0,0,0,0,0,0,0,0,0,0,0,0,0,0,0,0,0,0,0,0,0,0,0,0,0,0,0,0,0,0,0,0,0,0,0,0,0,0,0,0,0,0,0,0,0,0,0,0,0,0,0,0,0,0,0,0,0,0,0,0,0,0,0,0,0,0,0,0,0,0,0,0,0,0,0,0,0,0,0,0,0,0,0,0,0,0,0,0,0,0,0,0,0,0,0,0,0,0,0,0,0,0,0,0,0,0,0,0,0,0,0,0,0,0,0,0,0,0,0,0,0,0,0,0,0,0,0,0,0,0,0,0,0,0,0,0,0,0,0,0,0,0,0,0,0,0,0,0,0,0,0,0,0,0,0,0,0,0,0,0,0,0,0,0,0,0,0,0,0,0,0,0,0,0,0,0,0,0,0,0,0,0,0,0,0,0,0,0,0,0,0,0,0,0,0,0,0,0,0,0,0,0,0,0,0,0,0,0,0,0,0,0,0,0,0,0
"144",120.0901,120.929625,121.18865,121.48545,121.715675,122.28355,122.797775,123.468575,124.366725,124.9534,125.7504,125.95625,126.1734,127.91645,128.566175,128.8108,129.427075,133.2464,137.9461,142.824425,143.60845,145.035475,145.12075,145.89595,146.039225,146.478825,146.65505,147.0755,147.391,147.6041,147.8094,148.000775,148.1383,148.350875,148.5648,149.70475,150.0065,150.565325,150.914175,151.129125,151.635925,151.94885,152.30605,152.58515,152.725125,153.236275,153.563975,153.825375,154.03115,154.462225,154.7105,155.052675,155.146175,155.349225,155.47945,156.052175,156.314225,156.942275,157.09845,157.525775,157.8879,0,0,0,0,0,0,0,0,0,0,0,0,0,0,0,0,0,0,0,0,0,0,0,0,0,0,0,0,0,0,0,0,0,0,0,0,0,0,0,0,0,0,0,0,0,0,0,0,0,0,0,0,0,0,0,0,0,0,0,0,0,0,0,0,0,0,0,0,0,0,0,0,0,0,0,0,0,0,0,0,0,0,0,0,0,0,0,0,0,0,0,0,0,0,0,0,0,0,0,0,0,0,0,0,0,0,0,0,0,0,0,0,0,0,0,0,0,0,0,0,0,0,0,0,0,0,0,0,0,0,0,0,0,0,0,0,0,0,0,0,0,0,0,0,0,0,0,0,0,0,0,0,0,0,0,0,0,0,0,0,0,0,0,0,0,0,0,0,0,0,0,0,0,0,0,0,0,0,0,0,0,0,0,0,0,0,0,0,0,0,0,0,0,0,0,0,0,0,0,0,0,0,0,0,0,0,0,0,0,0,0,0,0,0,0,0,0,0,0,0,0,0,0,0,0,0,0,0,0,0,0,0,0,0,0,0,0,0,0,0,0,0,0,0,0,0,0,0,0,0,0,0,0,0,0,0,0,0,0,0,0,0,0,0,0,0,0,0,0,0,0,0,0,0,0,0,0,0,0,0,0,0,0,0,0,0,0,0,0,0,0,0,0,0,0,0,0,0,0,0,0,0,0,0,0,0,0,0,0,0,0,0,0,0,0,0,0,0,0,0,0,0,0,0,0,0,0,0,0,0,0,0,0,0,0,0,0,0,0,0,0,0,0,0,0,0,0,0,0,0,0,0,0,0,0,0,0,0,0,0,0,0,0,0,0,0,0,0,0,0,0,0,0,0,0,0,0,0,0,0,0,0,0,0,0,0,0,0,0,0,0,0,0,0,0,0,0,0,0,0,0,0,0,0,0,0,0,0,0,0,0,0,0,0,0,0
"145",129.45215,129.46115,129.4693,129.49675,129.500525,129.5195,129.5378,129.9886,130.0027,130.1014,130.311025,130.341875,130.568275,130.670425,131.0047,131.06045,131.069175,132.057125,133.328175,133.3596,133.3711,133.554775,133.67525,133.838825,135.41325,135.4337,135.483425,135.538075,135.6082,136.642275,137.41495,137.434225,139.0534,139.0898,141.5146,0,0,0,0,0,0,0,0,0,0,0,0,0,0,0,0,0,0,0,0,0,0,0,0,0,0,0,0,0,0,0,0,0,0,0,0,0,0,0,0,0,0,0,0,0,0,0,0,0,0,0,0,0,0,0,0,0,0,0,0,0,0,0,0,0,0,0,0,0,0,0,0,0,0,0,0,0,0,0,0,0,0,0,0,0,0,0,0,0,0,0,0,0,0,0,0,0,0,0,0,0,0,0,0,0,0,0,0,0,0,0,0,0,0,0,0,0,0,0,0,0,0,0,0,0,0,0,0,0,0,0,0,0,0,0,0,0,0,0,0,0,0,0,0,0,0,0,0,0,0,0,0,0,0,0,0,0,0,0,0,0,0,0,0,0,0,0,0,0,0,0,0,0,0,0,0,0,0,0,0,0,0,0,0,0,0,0,0,0,0,0,0,0,0,0,0,0,0,0,0,0,0,0,0,0,0,0,0,0,0,0,0,0,0,0,0,0,0,0,0,0,0,0,0,0,0,0,0,0,0,0,0,0,0,0,0,0,0,0,0,0,0,0,0,0,0,0,0,0,0,0,0,0,0,0,0,0,0,0,0,0,0,0,0,0,0,0,0,0,0,0,0,0,0,0,0,0,0,0,0,0,0,0,0,0,0,0,0,0,0,0,0,0,0,0,0,0,0,0,0,0,0,0,0,0,0,0,0,0,0,0,0,0,0,0,0,0,0,0,0,0,0,0,0,0,0,0,0,0,0,0,0,0,0,0,0,0,0,0,0,0,0,0,0,0,0,0,0,0,0,0,0,0,0,0,0,0,0,0,0,0,0,0,0,0,0,0,0,0,0,0,0,0,0,0,0,0,0,0,0,0,0,0,0,0,0,0,0,0,0,0,0,0,0,0,0,0,0,0,0,0,0,0,0,0,0,0,0,0,0,0,0,0,0,0,0,0,0,0,0,0,0,0,0,0,0,0,0,0,0,0,0,0,0,0,0,0,0,0,0,0,0
"146",122.099875,123.1722,124.4563,125.464925,125.79665,127.535125,128.827425,129.65685,130.6124,130.640875,130.8542,131.011875,131.09665,132.547725,133.0286,134.043575,134.397125,134.479725,134.587375,134.69475,134.978,135.061575,135.121075,135.432,135.825625,135.966225,136.006675,136.078325,136.1558,136.75155,137.55945,137.7935,139.046675,139.124775,140.94765,141.1866,141.74775,144.18155,0,0,0,0,0,0,0,0,0,0,0,0,0,0,0,0,0,0,0,0,0,0,0,0,0,0,0,0,0,0,0,0,0,0,0,0,0,0,0,0,0,0,0,0,0,0,0,0,0,0,0,0,0,0,0,0,0,0,0,0,0,0,0,0,0,0,0,0,0,0,0,0,0,0,0,0,0,0,0,0,0,0,0,0,0,0,0,0,0,0,0,0,0,0,0,0,0,0,0,0,0,0,0,0,0,0,0,0,0,0,0,0,0,0,0,0,0,0,0,0,0,0,0,0,0,0,0,0,0,0,0,0,0,0,0,0,0,0,0,0,0,0,0,0,0,0,0,0,0,0,0,0,0,0,0,0,0,0,0,0,0,0,0,0,0,0,0,0,0,0,0,0,0,0,0,0,0,0,0,0,0,0,0,0,0,0,0,0,0,0,0,0,0,0,0,0,0,0,0,0,0,0,0,0,0,0,0,0,0,0,0,0,0,0,0,0,0,0,0,0,0,0,0,0,0,0,0,0,0,0,0,0,0,0,0,0,0,0,0,0,0,0,0,0,0,0,0,0,0,0,0,0,0,0,0,0,0,0,0,0,0,0,0,0,0,0,0,0,0,0,0,0,0,0,0,0,0,0,0,0,0,0,0,0,0,0,0,0,0,0,0,0,0,0,0,0,0,0,0,0,0,0,0,0,0,0,0,0,0,0,0,0,0,0,0,0,0,0,0,0,0,0,0,0,0,0,0,0,0,0,0,0,0,0,0,0,0,0,0,0,0,0,0,0,0,0,0,0,0,0,0,0,0,0,0,0,0,0,0,0,0,0,0,0,0,0,0,0,0,0,0,0,0,0,0,0,0,0,0,0,0,0,0,0,0,0,0,0,0,0,0,0,0,0,0,0,0,0,0,0,0,0,0,0,0,0,0,0,0,0,0,0,0,0,0,0,0,0,0,0,0,0,0,0,0,0,0,0,0,0,0,0,0,0,0,0,0,0,0
"147",131.15135,131.27095,132.441675,0,0,0,0,0,0,0,0,0,0,0,0,0,0,0,0,0,0,0,0,0,0,0,0,0,0,0,0,0,0,0,0,0,0,0,0,0,0,0,0,0,0,0,0,0,0,0,0,0,0,0,0,0,0,0,0,0,0,0,0,0,0,0,0,0,0,0,0,0,0,0,0,0,0,0,0,0,0,0,0,0,0,0,0,0,0,0,0,0,0,0,0,0,0,0,0,0,0,0,0,0,0,0,0,0,0,0,0,0,0,0,0,0,0,0,0,0,0,0,0,0,0,0,0,0,0,0,0,0,0,0,0,0,0,0,0,0,0,0,0,0,0,0,0,0,0,0,0,0,0,0,0,0,0,0,0,0,0,0,0,0,0,0,0,0,0,0,0,0,0,0,0,0,0,0,0,0,0,0,0,0,0,0,0,0,0,0,0,0,0,0,0,0,0,0,0,0,0,0,0,0,0,0,0,0,0,0,0,0,0,0,0,0,0,0,0,0,0,0,0,0,0,0,0,0,0,0,0,0,0,0,0,0,0,0,0,0,0,0,0,0,0,0,0,0,0,0,0,0,0,0,0,0,0,0,0,0,0,0,0,0,0,0,0,0,0,0,0,0,0,0,0,0,0,0,0,0,0,0,0,0,0,0,0,0,0,0,0,0,0,0,0,0,0,0,0,0,0,0,0,0,0,0,0,0,0,0,0,0,0,0,0,0,0,0,0,0,0,0,0,0,0,0,0,0,0,0,0,0,0,0,0,0,0,0,0,0,0,0,0,0,0,0,0,0,0,0,0,0,0,0,0,0,0,0,0,0,0,0,0,0,0,0,0,0,0,0,0,0,0,0,0,0,0,0,0,0,0,0,0,0,0,0,0,0,0,0,0,0,0,0,0,0,0,0,0,0,0,0,0,0,0,0,0,0,0,0,0,0,0,0,0,0,0,0,0,0,0,0,0,0,0,0,0,0,0,0,0,0,0,0,0,0,0,0,0,0,0,0,0,0,0,0,0,0,0,0,0,0,0,0,0,0,0,0,0,0,0,0,0,0,0,0,0,0,0,0,0,0,0,0,0,0,0
"148",129.709875,129.76095,129.83395,129.9828,130.0315,130.049625,130.089475,130.10825,130.1251,130.27105,130.304675,130.363,130.3977,130.47815,130.501125,130.8319,131.869975,131.9004,132.120425,132.166425,132.217175,132.49505,132.5581,132.74695,132.80115,133.11815,133.164475,133.2389,133.28975,133.35585,133.429675,133.4814,133.5704,133.610825,133.6507,133.818425,133.988325,134.057475,134.100575,134.179625,134.41755,134.4871,134.7524,135.011875,135.140075,135.18905,135.205475,135.25935,135.38315,135.42615,135.51115,135.627775,135.766975,136.038575,136.08945,136.250575,136.7959,137.2232,137.3817,137.5839,137.645175,137.8684,138.164675,138.4297,138.692925,138.933175,139.163075,139.485725,139.567025,139.84845,139.95465,140.8742,141.001525,141.20045,141.264425,141.35465,141.491925,141.5399,144.219125,0,0,0,0,0,0,0,0,0,0,0,0,0,0,0,0,0,0,0,0,0,0,0,0,0,0,0,0,0,0,0,0,0,0,0,0,0,0,0,0,0,0,0,0,0,0,0,0,0,0,0,0,0,0,0,0,0,0,0,0,0,0,0,0,0,0,0,0,0,0,0,0,0,0,0,0,0,0,0,0,0,0,0,0,0,0,0,0,0,0,0,0,0,0,0,0,0,0,0,0,0,0,0,0,0,0,0,0,0,0,0,0,0,0,0,0,0,0,0,0,0,0,0,0,0,0,0,0,0,0,0,0,0,0,0,0,0,0,0,0,0,0,0,0,0,0,0,0,0,0,0,0,0,0,0,0,0,0,0,0,0,0,0,0,0,0,0,0,0,0,0,0,0,0,0,0,0,0,0,0,0,0,0,0,0,0,0,0,0,0,0,0,0,0,0,0,0,0,0,0,0,0,0,0,0,0,0,0,0,0,0,0,0,0,0,0,0,0,0,0,0,0,0,0,0,0,0,0,0,0,0,0,0,0,0,0,0,0,0,0,0,0,0,0,0,0,0,0,0,0,0,0,0,0,0,0,0,0,0,0,0,0,0,0,0,0,0,0,0,0,0,0,0,0,0,0,0,0,0,0,0,0,0,0,0,0,0,0,0,0,0,0,0,0,0,0,0,0,0,0,0,0,0,0,0,0,0,0,0,0,0,0,0,0,0,0,0,0,0,0,0,0,0,0,0,0,0,0,0,0,0,0,0,0,0,0,0,0,0,0,0,0,0,0,0,0,0,0,0,0,0,0,0,0,0,0,0,0,0,0,0,0,0,0,0,0,0,0,0,0,0,0,0,0,0,0,0,0,0,0,0,0,0,0,0,0,0,0,0,0,0,0,0,0,0,0,0,0
"149",130.3059,130.70245,130.956325,130.97395,131.00285,131.035525,131.08455,131.1011,131.186625,131.253275,131.3537,131.433575,131.458925,131.4958,131.528475,131.605525,132.3259,132.35545,132.448525,132.489175,132.50915,132.5785,132.6012,132.621375,132.651225,132.6704,132.6931,132.8256,132.861125,132.91705,132.977175,133.02545,133.508925,133.708525,133.844675,133.87395,133.9066,133.954075,134.070225,134.093175,134.1768,134.21455,134.235475,134.26295,134.322325,134.355125,134.4414,134.506325,134.5294,134.551425,134.555025,134.636275,134.665025,134.70845,134.799475,134.8435,134.95375,134.9965,135.8089,135.838075,135.97075,135.97825,136.052675,136.151625,136.1692,136.21045,136.259625,136.32425,136.406825,136.468575,136.711,137.7275,137.7878,137.818725,137.848225,137.87705,138.014875,138.03925,138.051575,138.09415,138.139625,138.2008,138.258925,138.3077,138.360925,139.14415,139.3292,139.358875,139.427825,139.458025,139.4962,139.534275,139.58395,139.63455,139.685675,139.7585,139.83835,139.9037,141.684225,141.805,141.841125,141.91175,141.97475,142.038775,142.172625,0,0,0,0,0,0,0,0,0,0,0,0,0,0,0,0,0,0,0,0,0,0,0,0,0,0,0,0,0,0,0,0,0,0,0,0,0,0,0,0,0,0,0,0,0,0,0,0,0,0,0,0,0,0,0,0,0,0,0,0,0,0,0,0,0,0,0,0,0,0,0,0,0,0,0,0,0,0,0,0,0,0,0,0,0,0,0,0,0,0,0,0,0,0,0,0,0,0,0,0,0,0,0,0,0,0,0,0,0,0,0,0,0,0,0,0,0,0,0,0,0,0,0,0,0,0,0,0,0,0,0,0,0,0,0,0,0,0,0,0,0,0,0,0,0,0,0,0,0,0,0,0,0,0,0,0,0,0,0,0,0,0,0,0,0,0,0,0,0,0,0,0,0,0,0,0,0,0,0,0,0,0,0,0,0,0,0,0,0,0,0,0,0,0,0,0,0,0,0,0,0,0,0,0,0,0,0,0,0,0,0,0,0,0,0,0,0,0,0,0,0,0,0,0,0,0,0,0,0,0,0,0,0,0,0,0,0,0,0,0,0,0,0,0,0,0,0,0,0,0,0,0,0,0,0,0,0,0,0,0,0,0,0,0,0,0,0,0,0,0,0,0,0,0,0,0,0,0,0,0,0,0,0,0,0,0,0,0,0,0,0,0,0,0,0,0,0,0,0,0,0,0,0,0,0,0,0,0,0,0,0,0,0,0,0,0,0,0,0,0,0,0,0,0,0,0,0,0,0,0,0,0,0,0,0,0,0,0,0,0,0,0,0,0,0,0,0,0,0,0,0,0,0,0,0,0,0,0,0,0,0,0,0,0,0,0,0,0,0,0,0,0
"150",130.700925,130.724325,130.777225,131.078275,131.28515,132.08315,132.1023,132.12675,132.36475,132.4282,133.663175,133.72645,134.128575,134.60545,135.631225,135.7692,135.828625,135.902425,136.003025,136.704475,136.771475,136.8676,137.549075,137.60055,137.912925,139.120275,141.045825,141.180875,141.27805,141.396525,141.502975,141.574625,141.817075,149.064025,0,0,0,0,0,0,0,0,0,0,0,0,0,0,0,0,0,0,0,0,0,0,0,0,0,0,0,0,0,0,0,0,0,0,0,0,0,0,0,0,0,0,0,0,0,0,0,0,0,0,0,0,0,0,0,0,0,0,0,0,0,0,0,0,0,0,0,0,0,0,0,0,0,0,0,0,0,0,0,0,0,0,0,0,0,0,0,0,0,0,0,0,0,0,0,0,0,0,0,0,0,0,0,0,0,0,0,0,0,0,0,0,0,0,0,0,0,0,0,0,0,0,0,0,0,0,0,0,0,0,0,0,0,0,0,0,0,0,0,0,0,0,0,0,0,0,0,0,0,0,0,0,0,0,0,0,0,0,0,0,0,0,0,0,0,0,0,0,0,0,0,0,0,0,0,0,0,0,0,0,0,0,0,0,0,0,0,0,0,0,0,0,0,0,0,0,0,0,0,0,0,0,0,0,0,0,0,0,0,0,0,0,0,0,0,0,0,0,0,0,0,0,0,0,0,0,0,0,0,0,0,0,0,0,0,0,0,0,0,0,0,0,0,0,0,0,0,0,0,0,0,0,0,0,0,0,0,0,0,0,0,0,0,0,0,0,0,0,0,0,0,0,0,0,0,0,0,0,0,0,0,0,0,0,0,0,0,0,0,0,0,0,0,0,0,0,0,0,0,0,0,0,0,0,0,0,0,0,0,0,0,0,0,0,0,0,0,0,0,0,0,0,0,0,0,0,0,0,0,0,0,0,0,0,0,0,0,0,0,0,0,0,0,0,0,0,0,0,0,0,0,0,0,0,0,0,0,0,0,0,0,0,0,0,0,0,0,0,0,0,0,0,0,0,0,0,0,0,0,0,0,0,0,0,0,0,0,0,0,0,0,0,0,0,0,0,0,0,0,0,0,0,0,0,0,0,0,0,0,0,0,0,0,0,0,0,0,0,0,0,0,0,0,0,0,0,0,0,0,0,0,0,0,0,0,0,0,0,0,0,0,0,0
"151",122.1782,129.43705,129.446975,129.45735,129.474275,129.851575,129.8814,129.997425,130.01025,130.061525,130.13835,130.26415,130.4137,130.42245,130.484625,130.5366,130.655475,130.69435,130.793825,130.812,130.834175,131.00615,131.96955,132.000925,132.019175,132.193875,132.22535,133.596175,133.627275,133.7875,134.14605,135.354725,135.498425,135.513275,135.722075,136.01075,136.046425,137.392975,137.450375,137.45955,137.6554,137.685875,139.029525,139.045375,139.07525,139.231375,139.2803,140.815025,140.8611,140.87255,140.92665,141.142125,141.71245,143.575375,143.593675,143.7498,143.80575,144.028425,149.14515,149.3272,149.916375,0,0,0,0,0,0,0,0,0,0,0,0,0,0,0,0,0,0,0,0,0,0,0,0,0,0,0,0,0,0,0,0,0,0,0,0,0,0,0,0,0,0,0,0,0,0,0,0,0,0,0,0,0,0,0,0,0,0,0,0,0,0,0,0,0,0,0,0,0,0,0,0,0,0,0,0,0,0,0,0,0,0,0,0,0,0,0,0,0,0,0,0,0,0,0,0,0,0,0,0,0,0,0,0,0,0,0,0,0,0,0,0,0,0,0,0,0,0,0,0,0,0,0,0,0,0,0,0,0,0,0,0,0,0,0,0,0,0,0,0,0,0,0,0,0,0,0,0,0,0,0,0,0,0,0,0,0,0,0,0,0,0,0,0,0,0,0,0,0,0,0,0,0,0,0,0,0,0,0,0,0,0,0,0,0,0,0,0,0,0,0,0,0,0,0,0,0,0,0,0,0,0,0,0,0,0,0,0,0,0,0,0,0,0,0,0,0,0,0,0,0,0,0,0,0,0,0,0,0,0,0,0,0,0,0,0,0,0,0,0,0,0,0,0,0,0,0,0,0,0,0,0,0,0,0,0,0,0,0,0,0,0,0,0,0,0,0,0,0,0,0,0,0,0,0,0,0,0,0,0,0,0,0,0,0,0,0,0,0,0,0,0,0,0,0,0,0,0,0,0,0,0,0,0,0,0,0,0,0,0,0,0,0,0,0,0,0,0,0,0,0,0,0,0,0,0,0,0,0,0,0,0,0,0,0,0,0,0,0,0,0,0,0,0,0,0,0,0,0,0,0,0,0,0,0,0,0,0,0,0,0,0,0,0,0,0,0,0,0,0,0,0,0,0,0,0,0,0,0,0,0,0,0,0,0,0,0,0,0,0,0,0,0,0,0,0,0,0,0,0,0,0,0,0,0,0,0,0,0,0,0,0,0,0,0,0
"152",129.924,130.45595,130.849775,131.139325,131.802625,131.9713,132.4091,133.58445,134.84255,134.9489,135.326175,135.3718,135.593225,137.93215,139.2105,141.1783,141.955975,143.624475,143.968975,146.76665,148.6698,0,0,0,0,0,0,0,0,0,0,0,0,0,0,0,0,0,0,0,0,0,0,0,0,0,0,0,0,0,0,0,0,0,0,0,0,0,0,0,0,0,0,0,0,0,0,0,0,0,0,0,0,0,0,0,0,0,0,0,0,0,0,0,0,0,0,0,0,0,0,0,0,0,0,0,0,0,0,0,0,0,0,0,0,0,0,0,0,0,0,0,0,0,0,0,0,0,0,0,0,0,0,0,0,0,0,0,0,0,0,0,0,0,0,0,0,0,0,0,0,0,0,0,0,0,0,0,0,0,0,0,0,0,0,0,0,0,0,0,0,0,0,0,0,0,0,0,0,0,0,0,0,0,0,0,0,0,0,0,0,0,0,0,0,0,0,0,0,0,0,0,0,0,0,0,0,0,0,0,0,0,0,0,0,0,0,0,0,0,0,0,0,0,0,0,0,0,0,0,0,0,0,0,0,0,0,0,0,0,0,0,0,0,0,0,0,0,0,0,0,0,0,0,0,0,0,0,0,0,0,0,0,0,0,0,0,0,0,0,0,0,0,0,0,0,0,0,0,0,0,0,0,0,0,0,0,0,0,0,0,0,0,0,0,0,0,0,0,0,0,0,0,0,0,0,0,0,0,0,0,0,0,0,0,0,0,0,0,0,0,0,0,0,0,0,0,0,0,0,0,0,0,0,0,0,0,0,0,0,0,0,0,0,0,0,0,0,0,0,0,0,0,0,0,0,0,0,0,0,0,0,0,0,0,0,0,0,0,0,0,0,0,0,0,0,0,0,0,0,0,0,0,0,0,0,0,0,0,0,0,0,0,0,0,0,0,0,0,0,0,0,0,0,0,0,0,0,0,0,0,0,0,0,0,0,0,0,0,0,0,0,0,0,0,0,0,0,0,0,0,0,0,0,0,0,0,0,0,0,0,0,0,0,0,0,0,0,0,0,0,0,0,0,0,0,0,0,0,0,0,0,0,0,0,0,0,0,0,0,0,0,0,0,0,0,0,0,0,0,0,0,0,0,0,0,0
"153",134.783875,136.7166,138.404025,139.62985,139.834525,141.323175,141.892325,141.95275,142.171325,143.86665,144.122425,144.369475,0,0,0,0,0,0,0,0,0,0,0,0,0,0,0,0,0,0,0,0,0,0,0,0,0,0,0,0,0,0,0,0,0,0,0,0,0,0,0,0,0,0,0,0,0,0,0,0,0,0,0,0,0,0,0,0,0,0,0,0,0,0,0,0,0,0,0,0,0,0,0,0,0,0,0,0,0,0,0,0,0,0,0,0,0,0,0,0,0,0,0,0,0,0,0,0,0,0,0,0,0,0,0,0,0,0,0,0,0,0,0,0,0,0,0,0,0,0,0,0,0,0,0,0,0,0,0,0,0,0,0,0,0,0,0,0,0,0,0,0,0,0,0,0,0,0,0,0,0,0,0,0,0,0,0,0,0,0,0,0,0,0,0,0,0,0,0,0,0,0,0,0,0,0,0,0,0,0,0,0,0,0,0,0,0,0,0,0,0,0,0,0,0,0,0,0,0,0,0,0,0,0,0,0,0,0,0,0,0,0,0,0,0,0,0,0,0,0,0,0,0,0,0,0,0,0,0,0,0,0,0,0,0,0,0,0,0,0,0,0,0,0,0,0,0,0,0,0,0,0,0,0,0,0,0,0,0,0,0,0,0,0,0,0,0,0,0,0,0,0,0,0,0,0,0,0,0,0,0,0,0,0,0,0,0,0,0,0,0,0,0,0,0,0,0,0,0,0,0,0,0,0,0,0,0,0,0,0,0,0,0,0,0,0,0,0,0,0,0,0,0,0,0,0,0,0,0,0,0,0,0,0,0,0,0,0,0,0,0,0,0,0,0,0,0,0,0,0,0,0,0,0,0,0,0,0,0,0,0,0,0,0,0,0,0,0,0,0,0,0,0,0,0,0,0,0,0,0,0,0,0,0,0,0,0,0,0,0,0,0,0,0,0,0,0,0,0,0,0,0,0,0,0,0,0,0,0,0,0,0,0,0,0,0,0,0,0,0,0,0,0,0,0,0,0,0,0,0,0,0,0,0,0,0,0,0,0,0,0,0,0,0,0,0,0,0,0,0,0,0,0,0,0,0,0,0,0,0,0,0,0,0,0,0,0
"154",130.92275,131.018725,131.058925,131.1179,131.377925,131.397425,132.372,132.79305,133.561375,133.62955,133.67125,133.796525,133.98605,134.5024,134.750025,135.736025,135.7558,135.9214,136.800625,137.6025,137.642025,137.694975,139.18655,139.222125,139.275275,139.396675,140.045375,141.285225,141.41985,141.48785,141.561675,141.630025,142.0976,142.27415,0,0,0,0,0,0,0,0,0,0,0,0,0,0,0,0,0,0,0,0,0,0,0,0,0,0,0,0,0,0,0,0,0,0,0,0,0,0,0,0,0,0,0,0,0,0,0,0,0,0,0,0,0,0,0,0,0,0,0,0,0,0,0,0,0,0,0,0,0,0,0,0,0,0,0,0,0,0,0,0,0,0,0,0,0,0,0,0,0,0,0,0,0,0,0,0,0,0,0,0,0,0,0,0,0,0,0,0,0,0,0,0,0,0,0,0,0,0,0,0,0,0,0,0,0,0,0,0,0,0,0,0,0,0,0,0,0,0,0,0,0,0,0,0,0,0,0,0,0,0,0,0,0,0,0,0,0,0,0,0,0,0,0,0,0,0,0,0,0,0,0,0,0,0,0,0,0,0,0,0,0,0,0,0,0,0,0,0,0,0,0,0,0,0,0,0,0,0,0,0,0,0,0,0,0,0,0,0,0,0,0,0,0,0,0,0,0,0,0,0,0,0,0,0,0,0,0,0,0,0,0,0,0,0,0,0,0,0,0,0,0,0,0,0,0,0,0,0,0,0,0,0,0,0,0,0,0,0,0,0,0,0,0,0,0,0,0,0,0,0,0,0,0,0,0,0,0,0,0,0,0,0,0,0,0,0,0,0,0,0,0,0,0,0,0,0,0,0,0,0,0,0,0,0,0,0,0,0,0,0,0,0,0,0,0,0,0,0,0,0,0,0,0,0,0,0,0,0,0,0,0,0,0,0,0,0,0,0,0,0,0,0,0,0,0,0,0,0,0,0,0,0,0,0,0,0,0,0,0,0,0,0,0,0,0,0,0,0,0,0,0,0,0,0,0,0,0,0,0,0,0,0,0,0,0,0,0,0,0,0,0,0,0,0,0,0,0,0,0,0,0,0,0,0,0,0,0,0,0,0,0,0,0,0,0,0,0,0,0,0,0,0,0,0,0,0,0,0,0,0,0,0,0,0,0,0,0,0,0,0,0,0,0
"155",129.58735,129.803225,129.81075,130.5012,130.5098,130.587425,130.617675,130.68875,130.730625,130.741975,130.76945,130.778275,130.79365,130.80815,130.832725,130.884975,130.900275,130.931775,131.036625,131.18745,131.221025,131.32785,131.3784,131.5965,131.613625,131.680875,132.05805,132.07145,132.1585,132.1723,132.27675,132.31595,132.32825,132.351475,132.43745,132.532525,132.597575,133.021,133.495925,133.5324,133.624975,133.635825,133.653125,133.67585,133.714725,133.740775,133.767725,133.80045,133.809975,133.8362,133.898825,134.017075,134.046675,134.063025,134.158125,134.16975,134.187225,134.199475,134.229275,134.27125,134.2844,134.365825,134.394575,134.398575,134.4401,134.443075,134.465,134.62425,134.671275,134.707725,134.80335,135.639175,135.678525,135.6831,135.728875,135.763925,135.77285,135.807125,135.8822,135.91165,136.046675,136.082575,136.131925,136.1418,136.15175,136.218225,136.287575,136.36245,136.565825,136.57695,136.59205,137.4485,137.5367,137.6146,137.64405,137.79005,137.89125,137.899,137.913075,137.974075,137.9765,138.063625,139.1292,139.155875,139.1751,139.207325,139.2916,139.31115,139.3606,139.438275,139.4629,139.50255,139.511675,140.9364,141.01535,141.058425,141.11265,141.14285,141.185075,141.292475,141.308925,141.4324,141.5069,141.5248,141.528625,141.55155,141.601325,141.620125,141.7061,141.747425,141.77565,141.790675,141.83555,141.94785,143.905825,143.99125,144.080975,0,0,0,0,0,0,0,0,0,0,0,0,0,0,0,0,0,0,0,0,0,0,0,0,0,0,0,0,0,0,0,0,0,0,0,0,0,0,0,0,0,0,0,0,0,0,0,0,0,0,0,0,0,0,0,0,0,0,0,0,0,0,0,0,0,0,0,0,0,0,0,0,0,0,0,0,0,0,0,0,0,0,0,0,0,0,0,0,0,0,0,0,0,0,0,0,0,0,0,0,0,0,0,0,0,0,0,0,0,0,0,0,0,0,0,0,0,0,0,0,0,0,0,0,0,0,0,0,0,0,0,0,0,0,0,0,0,0,0,0,0,0,0,0,0,0,0,0,0,0,0,0,0,0,0,0,0,0,0,0,0,0,0,0,0,0,0,0,0,0,0,0,0,0,0,0,0,0,0,0,0,0,0,0,0,0,0,0,0,0,0,0,0,0,0,0,0,0,0,0,0,0,0,0,0,0,0,0,0,0,0,0,0,0,0,0,0,0,0,0,0,0,0,0,0,0,0,0,0,0,0,0,0,0,0,0,0,0,0,0,0,0,0,0,0,0,0,0,0,0,0,0,0,0,0,0,0,0,0,0,0,0,0,0,0,0,0,0,0,0,0,0,0,0,0,0,0,0,0,0,0,0,0,0,0,0,0,0,0,0,0,0,0,0,0,0,0,0,0,0,0,0,0,0,0,0,0,0,0,0,0,0,0,0,0,0,0,0,0,0,0,0,0,0,0,0,0,0,0,0,0,0,0,0,0,0,0,0,0,0
"156",130.0525,130.091375,130.15335,130.60785,130.679475,130.925675,131.01125,131.048975,131.0913,131.2035,131.23805,131.331575,131.561125,131.65685,131.7149,132.02035,132.03835,132.0474,132.219675,132.356675,132.55815,133.294375,133.355775,133.372975,133.523325,134.042725,134.108825,134.214,134.260075,134.4271,134.64545,134.93225,134.99325,135.15235,135.2693,135.28875,135.32415,135.344925,135.388875,135.491575,135.509775,135.5427,135.581425,135.815375,137.524475,137.569675,141.6929,0,0,0,0,0,0,0,0,0,0,0,0,0,0,0,0,0,0,0,0,0,0,0,0,0,0,0,0,0,0,0,0,0,0,0,0,0,0,0,0,0,0,0,0,0,0,0,0,0,0,0,0,0,0,0,0,0,0,0,0,0,0,0,0,0,0,0,0,0,0,0,0,0,0,0,0,0,0,0,0,0,0,0,0,0,0,0,0,0,0,0,0,0,0,0,0,0,0,0,0,0,0,0,0,0,0,0,0,0,0,0,0,0,0,0,0,0,0,0,0,0,0,0,0,0,0,0,0,0,0,0,0,0,0,0,0,0,0,0,0,0,0,0,0,0,0,0,0,0,0,0,0,0,0,0,0,0,0,0,0,0,0,0,0,0,0,0,0,0,0,0,0,0,0,0,0,0,0,0,0,0,0,0,0,0,0,0,0,0,0,0,0,0,0,0,0,0,0,0,0,0,0,0,0,0,0,0,0,0,0,0,0,0,0,0,0,0,0,0,0,0,0,0,0,0,0,0,0,0,0,0,0,0,0,0,0,0,0,0,0,0,0,0,0,0,0,0,0,0,0,0,0,0,0,0,0,0,0,0,0,0,0,0,0,0,0,0,0,0,0,0,0,0,0,0,0,0,0,0,0,0,0,0,0,0,0,0,0,0,0,0,0,0,0,0,0,0,0,0,0,0,0,0,0,0,0,0,0,0,0,0,0,0,0,0,0,0,0,0,0,0,0,0,0,0,0,0,0,0,0,0,0,0,0,0,0,0,0,0,0,0,0,0,0,0,0,0,0,0,0,0,0,0,0,0,0,0,0,0,0,0,0,0,0,0,0,0,0,0,0,0,0,0,0,0,0,0,0,0,0,0,0,0,0,0,0,0,0,0,0,0,0,0,0,0,0,0,0,0,0,0,0,0,0,0,0,0,0,0,0,0,0,0,0,0,0,0,0,0,0,0,0,0,0,0,0,0,0,0,0
"157",129.536475,129.83655,129.8669,129.91825,129.92675,129.97295,129.985175,129.99765,130.045575,130.1155,130.191175,130.2432,130.262625,130.299875,130.360125,130.393275,130.48535,130.506775,130.544975,130.61465,130.622375,130.667225,130.722975,130.7332,130.79345,130.83645,130.894025,130.9538,130.9648,130.981525,130.996325,131.012275,131.1561,131.171975,131.27265,131.321825,131.32755,131.354325,131.388425,131.4017,131.465625,131.51075,131.538625,131.5954,131.64665,131.6587,131.71035,131.812075,131.87445,131.8873,131.98175,132.010225,132.0385,132.058675,132.08185,132.104725,132.15225,132.16575,132.181475,132.1993,132.20125,132.20735,132.241975,132.2713,132.298025,132.3465,132.401775,132.47795,132.516375,132.72285,132.80225,132.821275,132.8907,132.929325,132.9775,133.02665,133.05115,133.1058,133.124875,133.137525,133.16575,133.1887,133.221425,133.227075,133.285875,133.30075,133.353075,133.37275,133.46975,133.4919,133.52395,133.5417,133.588325,133.71025,133.721625,133.787875,133.9607,133.9807,134.033,134.08975,134.1058,134.126575,134.1776,134.2473,134.380175,134.387175,134.451275,134.472825,134.522425,134.530025,134.645925,134.7554,134.7986,134.85265,134.899775,134.91035,134.9303,134.996975,135.02105,135.0414,135.112475,135.129475,135.15415,135.17115,135.2215,135.28565,135.3632,135.41885,135.444675,135.5031,135.521075,135.559775,135.643525,135.65125,135.6837,135.817275,135.9127,136.7371,136.738975,136.7683,136.8069,136.887325,136.9475,136.965825,137.09505,137.2192,137.28525,137.464625,137.5079,137.5469,137.552975,137.676225,137.70955,137.804,137.8652,137.899575,137.96485,137.997425,138.307125,139.154025,139.227125,139.246525,139.275925,139.296425,139.307525,139.458025,139.5633,139.90995,140.7642,140.9214,140.98115,141.048925,141.136125,141.1462,141.17575,141.189025,141.219875,141.266275,141.300325,141.406175,141.41495,141.4589,141.494025,141.5213,141.543875,141.57415,141.6228,141.64025,141.68,141.79195,141.8094,141.888875,142.06595,143.5696,143.6107,143.707375,143.76045,143.875775,143.9491,144.022625,144.04425,144.069875,144.14905,144.20795,144.280875,144.29795,144.4195,149.321975,149.49215,149.708775,149.88235,0,0,0,0,0,0,0,0,0,0,0,0,0,0,0,0,0,0,0,0,0,0,0,0,0,0,0,0,0,0,0,0,0,0,0,0,0,0,0,0,0,0,0,0,0,0,0,0,0,0,0,0,0,0,0,0,0,0,0,0,0,0,0,0,0,0,0,0,0,0,0,0,0,0,0,0,0,0,0,0,0,0,0,0,0,0,0,0,0,0,0,0,0,0,0,0,0,0,0,0,0,0,0,0,0,0,0,0,0,0,0,0,0,0,0,0,0,0,0,0,0,0,0,0,0,0,0,0,0,0,0,0,0,0,0,0,0,0,0,0,0,0,0,0,0,0,0,0,0,0,0,0,0,0,0,0,0,0,0,0,0,0,0,0,0,0,0,0,0,0,0,0,0,0,0,0,0,0,0,0,0,0,0,0,0,0,0,0,0,0,0,0,0,0,0,0,0,0,0,0,0,0,0,0,0,0,0,0,0,0,0,0,0,0,0,0,0,0,0,0,0,0,0,0,0,0,0,0,0,0,0,0,0,0,0,0,0,0,0,0,0,0,0,0,0,0,0,0,0,0,0,0,0,0,0,0,0,0,0,0,0,0,0,0,0,0
"158",129.707175,129.762925,129.792025,129.80255,129.82515,129.863925,129.8814,129.923275,129.951025,129.96375,130.1191,130.195025,130.223875,130.421025,130.467525,131.48125,131.626025,131.7729,131.82035,131.93085,132.3874,132.546225,132.9651,133.1184,133.28035,134.28425,136.12605,136.349875,136.5558,136.99185,137.04795,137.102775,138.453025,138.50275,138.556525,138.63815,138.822725,140.028425,140.100275,140.13665,140.1747,140.217825,140.2667,140.28935,140.329275,140.448075,140.49705,140.543775,140.6344,142.052125,142.139075,142.173825,142.262575,142.307325,142.356675,142.424275,142.47025,142.50725,142.550875,142.593075,142.6482,142.68485,142.707625,142.749925,142.790325,142.8099,142.837325,142.879075,142.902675,142.9415,142.98805,143.03885,143.090575,143.146425,143.239825,143.3282,144.7891,144.883175,145.071625,145.141725,145.244675,145.3233,145.49495,145.57295,145.79025,145.9942,148.12395,151.863575,152.152225,152.509575,152.9631,153.088525,153.43375,153.737525,154.121225,154.411,154.7785,155.044225,155.59035,156.120725,156.4594,156.72105,157.035025,157.6728,158.110075,0,0,0,0,0,0,0,0,0,0,0,0,0,0,0,0,0,0,0,0,0,0,0,0,0,0,0,0,0,0,0,0,0,0,0,0,0,0,0,0,0,0,0,0,0,0,0,0,0,0,0,0,0,0,0,0,0,0,0,0,0,0,0,0,0,0,0,0,0,0,0,0,0,0,0,0,0,0,0,0,0,0,0,0,0,0,0,0,0,0,0,0,0,0,0,0,0,0,0,0,0,0,0,0,0,0,0,0,0,0,0,0,0,0,0,0,0,0,0,0,0,0,0,0,0,0,0,0,0,0,0,0,0,0,0,0,0,0,0,0,0,0,0,0,0,0,0,0,0,0,0,0,0,0,0,0,0,0,0,0,0,0,0,0,0,0,0,0,0,0,0,0,0,0,0,0,0,0,0,0,0,0,0,0,0,0,0,0,0,0,0,0,0,0,0,0,0,0,0,0,0,0,0,0,0,0,0,0,0,0,0,0,0,0,0,0,0,0,0,0,0,0,0,0,0,0,0,0,0,0,0,0,0,0,0,0,0,0,0,0,0,0,0,0,0,0,0,0,0,0,0,0,0,0,0,0,0,0,0,0,0,0,0,0,0,0,0,0,0,0,0,0,0,0,0,0,0,0,0,0,0,0,0,0,0,0,0,0,0,0,0,0,0,0,0,0,0,0,0,0,0,0,0,0,0,0,0,0,0,0,0,0,0,0,0,0,0,0,0,0,0,0,0,0,0,0,0,0,0,0,0,0,0,0,0,0,0,0,0,0,0,0,0,0,0,0,0,0,0,0,0,0,0,0,0,0,0,0,0,0,0,0,0,0,0,0,0,0,0,0,0,0
"159",130.0974,130.155275,130.817425,130.847025,131.027825,131.0858,131.099925,131.696325,132.30145,132.49965,132.536625,132.573325,132.6567,132.6917,132.71885,132.749525,132.769175,132.7901,132.808875,132.83125,132.903725,132.95905,133.536225,133.5701,133.8479,134.29005,134.518475,134.534675,134.55385,134.584075,134.6213,134.674975,134.71725,134.740825,134.7586,134.824125,134.863425,134.890275,135.818675,135.906325,136.040825,137.669825,137.682075,137.904675,137.96,137.9914,138.0319,138.067825,138.095475,138.107725,138.257225,139.2207,141.213225,141.244125,144.338125,0,0,0,0,0,0,0,0,0,0,0,0,0,0,0,0,0,0,0,0,0,0,0,0,0,0,0,0,0,0,0,0,0,0,0,0,0,0,0,0,0,0,0,0,0,0,0,0,0,0,0,0,0,0,0,0,0,0,0,0,0,0,0,0,0,0,0,0,0,0,0,0,0,0,0,0,0,0,0,0,0,0,0,0,0,0,0,0,0,0,0,0,0,0,0,0,0,0,0,0,0,0,0,0,0,0,0,0,0,0,0,0,0,0,0,0,0,0,0,0,0,0,0,0,0,0,0,0,0,0,0,0,0,0,0,0,0,0,0,0,0,0,0,0,0,0,0,0,0,0,0,0,0,0,0,0,0,0,0,0,0,0,0,0,0,0,0,0,0,0,0,0,0,0,0,0,0,0,0,0,0,0,0,0,0,0,0,0,0,0,0,0,0,0,0,0,0,0,0,0,0,0,0,0,0,0,0,0,0,0,0,0,0,0,0,0,0,0,0,0,0,0,0,0,0,0,0,0,0,0,0,0,0,0,0,0,0,0,0,0,0,0,0,0,0,0,0,0,0,0,0,0,0,0,0,0,0,0,0,0,0,0,0,0,0,0,0,0,0,0,0,0,0,0,0,0,0,0,0,0,0,0,0,0,0,0,0,0,0,0,0,0,0,0,0,0,0,0,0,0,0,0,0,0,0,0,0,0,0,0,0,0,0,0,0,0,0,0,0,0,0,0,0,0,0,0,0,0,0,0,0,0,0,0,0,0,0,0,0,0,0,0,0,0,0,0,0,0,0,0,0,0,0,0,0,0,0,0,0,0,0,0,0,0,0,0,0,0,0,0,0,0,0,0,0,0,0,0,0,0,0,0,0,0,0,0,0,0,0,0,0,0,0,0,0,0,0,0,0,0,0,0,0,0,0,0,0,0,0,0,0,0,0,0,0,0,0,0,0,0,0,0
"160",131.14605,131.22585,131.306875,131.33165,131.357975,131.38585,132.417975,132.46215,132.559575,132.710175,132.7271,132.78665,132.84455,134.433375,134.474475,134.5063,134.555925,134.601725,134.69435,134.75365,134.867875,137.920375,137.976325,0,0,0,0,0,0,0,0,0,0,0,0,0,0,0,0,0,0,0,0,0,0,0,0,0,0,0,0,0,0,0,0,0,0,0,0,0,0,0,0,0,0,0,0,0,0,0,0,0,0,0,0,0,0,0,0,0,0,0,0,0,0,0,0,0,0,0,0,0,0,0,0,0,0,0,0,0,0,0,0,0,0,0,0,0,0,0,0,0,0,0,0,0,0,0,0,0,0,0,0,0,0,0,0,0,0,0,0,0,0,0,0,0,0,0,0,0,0,0,0,0,0,0,0,0,0,0,0,0,0,0,0,0,0,0,0,0,0,0,0,0,0,0,0,0,0,0,0,0,0,0,0,0,0,0,0,0,0,0,0,0,0,0,0,0,0,0,0,0,0,0,0,0,0,0,0,0,0,0,0,0,0,0,0,0,0,0,0,0,0,0,0,0,0,0,0,0,0,0,0,0,0,0,0,0,0,0,0,0,0,0,0,0,0,0,0,0,0,0,0,0,0,0,0,0,0,0,0,0,0,0,0,0,0,0,0,0,0,0,0,0,0,0,0,0,0,0,0,0,0,0,0,0,0,0,0,0,0,0,0,0,0,0,0,0,0,0,0,0,0,0,0,0,0,0,0,0,0,0,0,0,0,0,0,0,0,0,0,0,0,0,0,0,0,0,0,0,0,0,0,0,0,0,0,0,0,0,0,0,0,0,0,0,0,0,0,0,0,0,0,0,0,0,0,0,0,0,0,0,0,0,0,0,0,0,0,0,0,0,0,0,0,0,0,0,0,0,0,0,0,0,0,0,0,0,0,0,0,0,0,0,0,0,0,0,0,0,0,0,0,0,0,0,0,0,0,0,0,0,0,0,0,0,0,0,0,0,0,0,0,0,0,0,0,0,0,0,0,0,0,0,0,0,0,0,0,0,0,0,0,0,0,0,0,0,0,0,0,0,0,0,0,0,0,0,0,0,0,0,0,0,0,0,0,0,0,0,0,0,0,0,0,0,0,0,0,0,0,0,0,0,0,0,0
"161",130.923775,130.95365,131.0425,131.149625,131.167775,131.217825,131.2644,131.36745,131.50275,131.521125,132.25685,132.295875,132.376525,132.4621,132.620225,134.0389,134.082975,134.169225,134.3924,134.43335,134.5852,134.72635,135.9497,137.6241,137.6664,137.705975,137.782425,137.86215,138.018825,138.069825,139.4909,0,0,0,0,0,0,0,0,0,0,0,0,0,0,0,0,0,0,0,0,0,0,0,0,0,0,0,0,0,0,0,0,0,0,0,0,0,0,0,0,0,0,0,0,0,0,0,0,0,0,0,0,0,0,0,0,0,0,0,0,0,0,0,0,0,0,0,0,0,0,0,0,0,0,0,0,0,0,0,0,0,0,0,0,0,0,0,0,0,0,0,0,0,0,0,0,0,0,0,0,0,0,0,0,0,0,0,0,0,0,0,0,0,0,0,0,0,0,0,0,0,0,0,0,0,0,0,0,0,0,0,0,0,0,0,0,0,0,0,0,0,0,0,0,0,0,0,0,0,0,0,0,0,0,0,0,0,0,0,0,0,0,0,0,0,0,0,0,0,0,0,0,0,0,0,0,0,0,0,0,0,0,0,0,0,0,0,0,0,0,0,0,0,0,0,0,0,0,0,0,0,0,0,0,0,0,0,0,0,0,0,0,0,0,0,0,0,0,0,0,0,0,0,0,0,0,0,0,0,0,0,0,0,0,0,0,0,0,0,0,0,0,0,0,0,0,0,0,0,0,0,0,0,0,0,0,0,0,0,0,0,0,0,0,0,0,0,0,0,0,0,0,0,0,0,0,0,0,0,0,0,0,0,0,0,0,0,0,0,0,0,0,0,0,0,0,0,0,0,0,0,0,0,0,0,0,0,0,0,0,0,0,0,0,0,0,0,0,0,0,0,0,0,0,0,0,0,0,0,0,0,0,0,0,0,0,0,0,0,0,0,0,0,0,0,0,0,0,0,0,0,0,0,0,0,0,0,0,0,0,0,0,0,0,0,0,0,0,0,0,0,0,0,0,0,0,0,0,0,0,0,0,0,0,0,0,0,0,0,0,0,0,0,0,0,0,0,0,0,0,0,0,0,0,0,0,0,0,0,0,0,0,0,0,0,0,0,0,0,0,0,0,0,0,0,0,0,0,0,0,0,0,0,0,0,0,0,0,0,0,0,0,0,0,0,0
"162",131.01895,131.2262,131.232125,131.3129,131.376175,131.43355,131.577275,132.385425,132.38745,132.45615,132.465725,132.5027,132.518475,132.524725,132.571425,132.588825,132.642775,132.752825,133.746,134.103775,134.26715,134.326775,134.398675,134.444375,134.480475,134.499625,134.5677,135.828075,135.9513,136.0409,137.6699,137.716325,137.769725,137.8337,137.863625,137.894425,137.927,137.99965,138.0451,138.3144,139.308175,139.359175,139.429625,139.55705,0,0,0,0,0,0,0,0,0,0,0,0,0,0,0,0,0,0,0,0,0,0,0,0,0,0,0,0,0,0,0,0,0,0,0,0,0,0,0,0,0,0,0,0,0,0,0,0,0,0,0,0,0,0,0,0,0,0,0,0,0,0,0,0,0,0,0,0,0,0,0,0,0,0,0,0,0,0,0,0,0,0,0,0,0,0,0,0,0,0,0,0,0,0,0,0,0,0,0,0,0,0,0,0,0,0,0,0,0,0,0,0,0,0,0,0,0,0,0,0,0,0,0,0,0,0,0,0,0,0,0,0,0,0,0,0,0,0,0,0,0,0,0,0,0,0,0,0,0,0,0,0,0,0,0,0,0,0,0,0,0,0,0,0,0,0,0,0,0,0,0,0,0,0,0,0,0,0,0,0,0,0,0,0,0,0,0,0,0,0,0,0,0,0,0,0,0,0,0,0,0,0,0,0,0,0,0,0,0,0,0,0,0,0,0,0,0,0,0,0,0,0,0,0,0,0,0,0,0,0,0,0,0,0,0,0,0,0,0,0,0,0,0,0,0,0,0,0,0,0,0,0,0,0,0,0,0,0,0,0,0,0,0,0,0,0,0,0,0,0,0,0,0,0,0,0,0,0,0,0,0,0,0,0,0,0,0,0,0,0,0,0,0,0,0,0,0,0,0,0,0,0,0,0,0,0,0,0,0,0,0,0,0,0,0,0,0,0,0,0,0,0,0,0,0,0,0,0,0,0,0,0,0,0,0,0,0,0,0,0,0,0,0,0,0,0,0,0,0,0,0,0,0,0,0,0,0,0,0,0,0,0,0,0,0,0,0,0,0,0,0,0,0,0,0,0,0,0,0,0,0,0,0,0,0,0,0,0,0,0,0,0,0,0,0,0,0,0,0,0,0,0,0,0,0,0,0,0,0,0,0,0,0,0,0,0,0,0,0,0,0,0,0,0,0,0,0,0,0,0,0,0,0
"163",130.864,130.9127,130.960525,131.022125,131.05365,131.111375,131.134275,131.291025,131.4233,132.145725,132.464,132.470175,133.699625,133.794975,134.49775,134.526925,135.674575,135.8933,136.101975,137.6353,137.8581,138.14775,139.381475,0,0,0,0,0,0,0,0,0,0,0,0,0,0,0,0,0,0,0,0,0,0,0,0,0,0,0,0,0,0,0,0,0,0,0,0,0,0,0,0,0,0,0,0,0,0,0,0,0,0,0,0,0,0,0,0,0,0,0,0,0,0,0,0,0,0,0,0,0,0,0,0,0,0,0,0,0,0,0,0,0,0,0,0,0,0,0,0,0,0,0,0,0,0,0,0,0,0,0,0,0,0,0,0,0,0,0,0,0,0,0,0,0,0,0,0,0,0,0,0,0,0,0,0,0,0,0,0,0,0,0,0,0,0,0,0,0,0,0,0,0,0,0,0,0,0,0,0,0,0,0,0,0,0,0,0,0,0,0,0,0,0,0,0,0,0,0,0,0,0,0,0,0,0,0,0,0,0,0,0,0,0,0,0,0,0,0,0,0,0,0,0,0,0,0,0,0,0,0,0,0,0,0,0,0,0,0,0,0,0,0,0,0,0,0,0,0,0,0,0,0,0,0,0,0,0,0,0,0,0,0,0,0,0,0,0,0,0,0,0,0,0,0,0,0,0,0,0,0,0,0,0,0,0,0,0,0,0,0,0,0,0,0,0,0,0,0,0,0,0,0,0,0,0,0,0,0,0,0,0,0,0,0,0,0,0,0,0,0,0,0,0,0,0,0,0,0,0,0,0,0,0,0,0,0,0,0,0,0,0,0,0,0,0,0,0,0,0,0,0,0,0,0,0,0,0,0,0,0,0,0,0,0,0,0,0,0,0,0,0,0,0,0,0,0,0,0,0,0,0,0,0,0,0,0,0,0,0,0,0,0,0,0,0,0,0,0,0,0,0,0,0,0,0,0,0,0,0,0,0,0,0,0,0,0,0,0,0,0,0,0,0,0,0,0,0,0,0,0,0,0,0,0,0,0,0,0,0,0,0,0,0,0,0,0,0,0,0,0,0,0,0,0,0,0,0,0,0,0,0,0,0,0,0,0,0,0,0,0,0,0,0,0,0,0,0,0,0,0,0,0,0,0,0
"164",123.738975,129.50365,129.560875,129.58965,129.609125,130.539425,130.875025,131.0418,131.12825,131.179575,131.37725,132.15055,132.173675,132.239125,132.3775,132.421375,132.74285,132.879175,133.301975,133.531425,133.648975,133.920875,133.960475,134.0287,134.105575,134.135925,134.351225,134.4181,134.467975,134.516725,134.564075,134.58655,134.62155,134.709025,134.7746,134.8149,134.83765,136.6224,137.899675,137.989,139.35615,141.9164,0,0,0,0,0,0,0,0,0,0,0,0,0,0,0,0,0,0,0,0,0,0,0,0,0,0,0,0,0,0,0,0,0,0,0,0,0,0,0,0,0,0,0,0,0,0,0,0,0,0,0,0,0,0,0,0,0,0,0,0,0,0,0,0,0,0,0,0,0,0,0,0,0,0,0,0,0,0,0,0,0,0,0,0,0,0,0,0,0,0,0,0,0,0,0,0,0,0,0,0,0,0,0,0,0,0,0,0,0,0,0,0,0,0,0,0,0,0,0,0,0,0,0,0,0,0,0,0,0,0,0,0,0,0,0,0,0,0,0,0,0,0,0,0,0,0,0,0,0,0,0,0,0,0,0,0,0,0,0,0,0,0,0,0,0,0,0,0,0,0,0,0,0,0,0,0,0,0,0,0,0,0,0,0,0,0,0,0,0,0,0,0,0,0,0,0,0,0,0,0,0,0,0,0,0,0,0,0,0,0,0,0,0,0,0,0,0,0,0,0,0,0,0,0,0,0,0,0,0,0,0,0,0,0,0,0,0,0,0,0,0,0,0,0,0,0,0,0,0,0,0,0,0,0,0,0,0,0,0,0,0,0,0,0,0,0,0,0,0,0,0,0,0,0,0,0,0,0,0,0,0,0,0,0,0,0,0,0,0,0,0,0,0,0,0,0,0,0,0,0,0,0,0,0,0,0,0,0,0,0,0,0,0,0,0,0,0,0,0,0,0,0,0,0,0,0,0,0,0,0,0,0,0,0,0,0,0,0,0,0,0,0,0,0,0,0,0,0,0,0,0,0,0,0,0,0,0,0,0,0,0,0,0,0,0,0,0,0,0,0,0,0,0,0,0,0,0,0,0,0,0,0,0,0,0,0,0,0,0,0,0,0,0,0,0,0,0,0,0,0,0,0,0,0,0,0,0,0,0,0,0,0,0,0,0,0,0,0,0,0,0,0,0,0,0,0,0,0,0,0,0,0,0,0,0
"165",120.018025,120.3477,120.851225,121.0101,121.175675,121.370275,121.57895,121.7021,121.84855,121.939075,122.0665,122.166225,122.289475,122.3748,122.474425,122.57975,122.6252,122.715325,122.841825,123.0121,123.160775,123.3273,123.44635,123.459625,123.662125,123.79945,123.93565,124.051175,124.1832,124.363875,124.510075,124.63035,124.703625,124.778325,124.915525,125.0076,125.21405,125.4058,125.5248,125.58475,125.658675,125.7522,125.9761,126.14715,126.2342,126.368975,126.50895,126.65165,126.7653,126.91505,126.997375,127.121,127.26605,127.349375,127.47485,127.577275,127.683575,127.854775,128.0328,128.12795,128.281325,128.324775,128.437125,128.533375,128.679425,128.7565,128.9039,129.0617,129.16605,129.2651,129.38215,129.464975,129.51575,129.542175,129.559525,129.585775,129.617825,129.62985,129.650475,129.70705,129.7235,129.74725,129.7527,129.783425,129.8324,129.84145,129.872775,129.92105,129.94335,129.96885,130.000625,130.004325,130.052725,130.137125,130.154425,130.18685,130.2428,130.24965,130.302,130.314075,130.3352,130.3564,130.396,130.405025,130.418075,130.47205,130.492575,130.4987,130.513225,130.52425,130.54625,130.56445,130.58125,130.615325,130.65935,130.680525,130.699375,130.723925,130.75705,130.7689,130.823275,130.84875,130.87795,130.9108,130.92685,130.9578,130.9775,130.9925,131.016775,131.120175,131.198625,131.4028,131.47905,131.52135,131.535125,131.569125,131.684775,131.7457,131.882825,131.89755,131.924175,131.99255,132.021475,132.04335,132.1032,132.2057,132.2097,132.244125,132.2664,132.380625,132.495175,132.520925,132.738975,132.875475,133.119175,133.240725,133.24275,133.322075,133.34935,133.366725,133.4082,133.4367,133.49105,133.521475,133.576575,133.5784,133.603375,133.61365,134.001275,134.1454,134.276475,134.30105,134.462825,134.53905,134.599725,134.654675,134.739075,134.90975,134.9319,134.94515,134.9477,135.12375,135.194525,135.2852,135.3326,135.346,135.3944,135.4021,135.4434,135.450425,135.50935,135.523375,135.56015,135.578875,135.6108,135.6384,135.673725,135.733675,135.76445,135.782075,135.838925,135.857125,135.8943,135.93705,136.052475,136.128275,136.130275,136.141675,136.661075,136.7659,136.7827,136.79895,136.814025,136.862175,136.8732,136.913575,136.925125,136.965525,136.9836,137.0508,137.124325,137.13615,137.155025,137.168875,137.193425,137.239,137.275725,137.3121,137.37085,137.4112,137.444825,137.4669,137.511975,137.56665,137.584875,137.59835,137.62865,137.657475,137.660775,137.6807,137.729925,137.76425,137.765425,137.802725,137.84215,137.8778,137.95475,138.17405,138.284375,138.3248,138.37735,138.3884,138.452525,138.45345,138.5303,138.584075,138.58485,138.61365,138.6634,138.669375,138.707175,138.739725,138.776275,138.8386,138.923925,138.98655,139.016475,139.05645,139.075825,139.1037,139.130175,139.18665,139.200875,139.30325,139.34115,139.36435,139.40595,139.4372,139.5013,139.632625,139.7084,139.819725,139.838925,139.888475,139.891275,139.952175,139.96935,140.040075,140.07575,140.13825,140.14685,140.176875,140.18485,140.22835,140.23625,140.3916,140.475275,140.483575,140.5205,140.531975,140.6486,140.653425,140.7049,140.733025,140.75845,140.7799,140.83535,140.874725,140.8982,140.938075,140.948125,140.964025,141.02155,141.044925,141.053225,141.061475,141.08905,141.127375,141.1521,141.2154,141.26945,141.2867,141.335625,141.389975,141.395175,141.415575,141.47215,141.555225,141.640075,141.75285,142.118525,142.138325,142.228475,142.23165,142.25855,142.296725,142.364675,142.418375,142.436475,142.4446,142.49235,142.544775,142.607325,142.622775,142.668025,142.687525,142.752425,142.798675,142.800125,142.8679,142.8908,142.957475,143.040875,143.165625,143.44715,143.55485,143.62755,143.665675,143.7235,143.78225,143.825025,143.858025,143.9102,143.95685,143.99555,144.0436,144.119125,144.154825,144.217075,144.289575,144.401125,144.559225,144.8043,144.817725,145.1228,146.29265,146.527975,146.7542,146.9322,148.8838,148.983925,149.335525,149.4441,149.52275,149.71345,149.807475,149.864225,149.943275,150.02855,150.10495,150.18005,150.2434,150.327775,150.421975,150.565725,150.677425,150.7807,150.8489,151.243075,151.476975,151.5449,151.86985,151.98815,152.293525,0,0,0,0,0,0,0,0,0,0,0,0,0,0,0,0,0,0,0,0,0,0,0,0,0,0,0,0,0,0,0,0,0,0,0,0,0,0,0,0,0,0,0,0,0,0,0,0,0,0,0,0,0,0,0,0,0,0,0,0,0,0,0,0,0,0,0,0,0,0,0,0,0
"166",130.90295,130.98755,131.14945,131.24395,131.30495,131.32945,131.348825,131.378225,131.413,131.42865,131.543825,131.6151,131.647875,131.686325,132.219725,132.3156,132.428225,132.4687,132.602925,132.7176,132.76785,132.803725,132.841475,132.924775,133.02775,133.078075,133.194275,133.668375,133.73355,133.904925,134.085675,134.116725,134.1712,134.247775,134.424025,134.72265,134.78015,134.919725,135.19625,136.0888,136.1697,136.263975,136.442725,136.507975,136.54465,136.64115,136.821675,136.9515,136.995375,137.997125,138.137675,138.188075,139.612025,139.6629,0,0,0,0,0,0,0,0,0,0,0,0,0,0,0,0,0,0,0,0,0,0,0,0,0,0,0,0,0,0,0,0,0,0,0,0,0,0,0,0,0,0,0,0,0,0,0,0,0,0,0,0,0,0,0,0,0,0,0,0,0,0,0,0,0,0,0,0,0,0,0,0,0,0,0,0,0,0,0,0,0,0,0,0,0,0,0,0,0,0,0,0,0,0,0,0,0,0,0,0,0,0,0,0,0,0,0,0,0,0,0,0,0,0,0,0,0,0,0,0,0,0,0,0,0,0,0,0,0,0,0,0,0,0,0,0,0,0,0,0,0,0,0,0,0,0,0,0,0,0,0,0,0,0,0,0,0,0,0,0,0,0,0,0,0,0,0,0,0,0,0,0,0,0,0,0,0,0,0,0,0,0,0,0,0,0,0,0,0,0,0,0,0,0,0,0,0,0,0,0,0,0,0,0,0,0,0,0,0,0,0,0,0,0,0,0,0,0,0,0,0,0,0,0,0,0,0,0,0,0,0,0,0,0,0,0,0,0,0,0,0,0,0,0,0,0,0,0,0,0,0,0,0,0,0,0,0,0,0,0,0,0,0,0,0,0,0,0,0,0,0,0,0,0,0,0,0,0,0,0,0,0,0,0,0,0,0,0,0,0,0,0,0,0,0,0,0,0,0,0,0,0,0,0,0,0,0,0,0,0,0,0,0,0,0,0,0,0,0,0,0,0,0,0,0,0,0,0,0,0,0,0,0,0,0,0,0,0,0,0,0,0,0,0,0,0,0,0,0,0,0,0,0,0,0,0,0,0,0,0,0,0,0,0,0,0,0,0,0,0,0,0,0,0,0,0,0,0,0,0,0,0,0,0,0,0,0,0,0,0,0,0,0,0,0,0,0,0,0,0,0,0,0,0,0,0,0,0,0,0,0,0,0,0,0,0,0,0,0,0,0,0,0
"167",130.834025,130.8992,130.99985,131.07075,131.10465,131.13015,131.16955,131.208925,131.3861,131.525475,131.549575,132.165725,132.24895,132.429975,132.51925,132.559675,132.6658,132.81985,133.5957,133.62925,133.656175,133.756075,133.828875,133.891,133.92645,134.08765,134.154125,134.214425,134.2375,134.282625,134.29595,134.3803,134.5354,135.59265,135.69745,135.756575,135.890975,135.955,135.988975,136.11375,136.186325,137.70675,137.724925,137.781775,137.82525,137.969475,138.0373,138.122725,138.2202,139.390375,139.496,139.6284,139.691,141.326175,141.359275,141.4325,141.601475,141.6698,141.703875,141.792325,141.8218,141.968625,0,0,0,0,0,0,0,0,0,0,0,0,0,0,0,0,0,0,0,0,0,0,0,0,0,0,0,0,0,0,0,0,0,0,0,0,0,0,0,0,0,0,0,0,0,0,0,0,0,0,0,0,0,0,0,0,0,0,0,0,0,0,0,0,0,0,0,0,0,0,0,0,0,0,0,0,0,0,0,0,0,0,0,0,0,0,0,0,0,0,0,0,0,0,0,0,0,0,0,0,0,0,0,0,0,0,0,0,0,0,0,0,0,0,0,0,0,0,0,0,0,0,0,0,0,0,0,0,0,0,0,0,0,0,0,0,0,0,0,0,0,0,0,0,0,0,0,0,0,0,0,0,0,0,0,0,0,0,0,0,0,0,0,0,0,0,0,0,0,0,0,0,0,0,0,0,0,0,0,0,0,0,0,0,0,0,0,0,0,0,0,0,0,0,0,0,0,0,0,0,0,0,0,0,0,0,0,0,0,0,0,0,0,0,0,0,0,0,0,0,0,0,0,0,0,0,0,0,0,0,0,0,0,0,0,0,0,0,0,0,0,0,0,0,0,0,0,0,0,0,0,0,0,0,0,0,0,0,0,0,0,0,0,0,0,0,0,0,0,0,0,0,0,0,0,0,0,0,0,0,0,0,0,0,0,0,0,0,0,0,0,0,0,0,0,0,0,0,0,0,0,0,0,0,0,0,0,0,0,0,0,0,0,0,0,0,0,0,0,0,0,0,0,0,0,0,0,0,0,0,0,0,0,0,0,0,0,0,0,0,0,0,0,0,0,0,0,0,0,0,0,0,0,0,0,0,0,0,0,0,0,0,0,0,0,0,0,0,0,0,0,0,0,0,0,0,0,0,0,0,0,0,0,0,0,0,0,0,0,0,0,0,0,0,0,0,0,0,0,0,0,0,0,0,0,0,0,0,0,0,0,0,0,0,0
"168",129.719125,130.491675,130.644675,130.707425,130.7636,130.784825,130.804575,130.829425,130.853075,130.89235,130.901725,130.919375,130.93195,130.96235,130.973975,131.0006,131.012675,131.0301,131.064775,131.077975,131.087575,131.09325,131.10985,131.13405,131.1446,131.1575,131.165025,131.1842,131.18885,131.232025,131.25225,131.2663,131.28945,131.308425,131.352475,131.4249,131.5656,131.621525,131.675525,131.7254,132.038475,132.073875,132.1163,132.175625,132.214875,132.2265,132.25565,132.28035,132.29755,132.339975,132.3673,132.38695,132.403025,132.416025,132.431175,132.438725,132.451875,132.465375,132.472875,132.47655,132.4795,132.489725,132.4983,132.505,132.5228,132.54565,132.558575,132.588325,132.6326,132.734275,132.779875,132.901175,132.948825,133.01655,133.1211,133.3228,133.388925,133.4705,133.53045,133.5621,133.58105,133.604975,133.664375,133.681975,133.707475,133.727425,133.74335,133.7802,133.815875,133.827,133.83695,133.8656,133.874525,133.918325,133.930025,133.94065,133.976375,134.003275,134.020875,134.038175,134.048825,134.069825,134.08905,134.09645,134.1534,134.1653,134.1794,134.19635,134.208675,134.21605,134.2291,134.25115,134.259075,134.269525,134.304125,134.319075,134.34015,134.35345,134.399275,134.4355,134.46945,134.66105,134.807575,135.052525,135.557325,135.629075,135.722225,135.75955,135.782225,135.8264,135.85425,135.8742,135.89515,135.916225,135.932275,135.93735,135.956075,135.9669,135.9829,136.00055,136.0126,136.043175,136.061475,136.07435,136.10745,136.12225,136.132325,136.14795,136.15875,136.17505,136.18465,136.201925,136.222875,136.2414,136.251875,136.260925,136.2747,136.28745,136.297975,136.31975,136.337925,136.349575,136.365575,136.37635,136.3959,136.408825,136.425625,136.455225,136.471725,136.495225,136.51175,136.526325,136.543425,136.57955,136.599375,136.6212,136.637425,137.67285,137.709825,137.744625,137.7626,137.780325,137.80585,137.85995,137.894025,137.9075,137.9246,137.938075,137.947875,137.961,137.9779,137.996175,138.026125,138.03885,138.051675,138.06705,138.07845,138.0911,138.1077,138.12535,138.1728,138.196875,139.276325,139.318825,139.38035,139.40895,139.447275,139.471225,139.487675,139.5069,139.524725,139.5492,139.565575,139.58715,139.614625,139.631975,139.64235,139.66725,139.6903,139.7077,139.76525,139.810075,141.1949,141.26315,141.32345,141.383275,141.40385,141.416525,141.45215,141.488625,141.5142,141.5522,141.57605,141.614075,141.6361,141.6819,141.70995,141.76085,141.81745,141.8546,141.880075,142.00825,144.017325,0,0,0,0,0,0,0,0,0,0,0,0,0,0,0,0,0,0,0,0,0,0,0,0,0,0,0,0,0,0,0,0,0,0,0,0,0,0,0,0,0,0,0,0,0,0,0,0,0,0,0,0,0,0,0,0,0,0,0,0,0,0,0,0,0,0,0,0,0,0,0,0,0,0,0,0,0,0,0,0,0,0,0,0,0,0,0,0,0,0,0,0,0,0,0,0,0,0,0,0,0,0,0,0,0,0,0,0,0,0,0,0,0,0,0,0,0,0,0,0,0,0,0,0,0,0,0,0,0,0,0,0,0,0,0,0,0,0,0,0,0,0,0,0,0,0,0,0,0,0,0,0,0,0,0,0,0,0,0,0,0,0,0,0,0,0,0,0,0,0,0,0,0,0,0,0,0,0,0,0,0,0,0,0,0,0,0,0,0,0,0,0,0,0,0,0,0,0,0,0,0,0,0,0,0,0,0,0,0,0,0,0,0,0,0,0,0,0,0,0,0,0,0,0,0,0,0,0,0,0,0,0,0,0
"169",131.83475,132.93685,133.125575,136.363,136.36785,136.399175,136.436475,136.482575,136.577925,136.627075,136.645125,136.703125,136.907675,137.0363,137.08575,137.11845,137.14795,137.189725,137.2127,137.248825,137.287225,137.333175,137.36855,138.620875,138.667275,138.70905,138.7356,138.766675,138.810925,138.839325,138.864125,138.914425,138.972275,0,0,0,0,0,0,0,0,0,0,0,0,0,0,0,0,0,0,0,0,0,0,0,0,0,0,0,0,0,0,0,0,0,0,0,0,0,0,0,0,0,0,0,0,0,0,0,0,0,0,0,0,0,0,0,0,0,0,0,0,0,0,0,0,0,0,0,0,0,0,0,0,0,0,0,0,0,0,0,0,0,0,0,0,0,0,0,0,0,0,0,0,0,0,0,0,0,0,0,0,0,0,0,0,0,0,0,0,0,0,0,0,0,0,0,0,0,0,0,0,0,0,0,0,0,0,0,0,0,0,0,0,0,0,0,0,0,0,0,0,0,0,0,0,0,0,0,0,0,0,0,0,0,0,0,0,0,0,0,0,0,0,0,0,0,0,0,0,0,0,0,0,0,0,0,0,0,0,0,0,0,0,0,0,0,0,0,0,0,0,0,0,0,0,0,0,0,0,0,0,0,0,0,0,0,0,0,0,0,0,0,0,0,0,0,0,0,0,0,0,0,0,0,0,0,0,0,0,0,0,0,0,0,0,0,0,0,0,0,0,0,0,0,0,0,0,0,0,0,0,0,0,0,0,0,0,0,0,0,0,0,0,0,0,0,0,0,0,0,0,0,0,0,0,0,0,0,0,0,0,0,0,0,0,0,0,0,0,0,0,0,0,0,0,0,0,0,0,0,0,0,0,0,0,0,0,0,0,0,0,0,0,0,0,0,0,0,0,0,0,0,0,0,0,0,0,0,0,0,0,0,0,0,0,0,0,0,0,0,0,0,0,0,0,0,0,0,0,0,0,0,0,0,0,0,0,0,0,0,0,0,0,0,0,0,0,0,0,0,0,0,0,0,0,0,0,0,0,0,0,0,0,0,0,0,0,0,0,0,0,0,0,0,0,0,0,0,0,0,0,0,0,0,0,0,0,0,0,0,0,0,0,0,0,0,0,0,0,0,0,0,0,0,0,0,0,0,0,0,0,0,0,0,0,0,0,0,0,0,0,0,0,0,0
"170",129.6326,129.657475,129.757525,129.834825,130.696575,130.733625,130.76095,130.775725,130.806225,130.82875,130.8963,130.9223,130.95255,130.9839,131.0234,131.14835,131.2411,131.513075,131.58625,132.0936,132.128875,132.202775,132.292075,132.80945,132.9409,133.54205,133.579775,133.619675,133.72445,133.8195,133.849775,133.9029,133.98925,134.029175,134.079725,134.37205,134.634475,134.77785,135.640225,135.714875,135.74295,135.883725,135.95365,136.15035,136.246925,136.381225,136.7158,136.77875,137.56385,137.643075,137.6762,137.705225,137.763475,137.785625,137.884025,137.908,138.1134,138.155075,139.156025,139.2205,139.240775,139.29865,139.32365,139.443575,139.4852,139.5261,139.61645,139.70245,139.780375,139.841275,140.996425,141.124075,141.2076,141.26175,141.295125,141.364075,141.386575,141.42225,141.47315,141.51725,141.7165,141.756625,141.7859,141.8792,142.062425,142.098525,142.206425,142.3433,142.52315,143.925325,144.022175,144.108425,144.240175,144.34015,0,0,0,0,0,0,0,0,0,0,0,0,0,0,0,0,0,0,0,0,0,0,0,0,0,0,0,0,0,0,0,0,0,0,0,0,0,0,0,0,0,0,0,0,0,0,0,0,0,0,0,0,0,0,0,0,0,0,0,0,0,0,0,0,0,0,0,0,0,0,0,0,0,0,0,0,0,0,0,0,0,0,0,0,0,0,0,0,0,0,0,0,0,0,0,0,0,0,0,0,0,0,0,0,0,0,0,0,0,0,0,0,0,0,0,0,0,0,0,0,0,0,0,0,0,0,0,0,0,0,0,0,0,0,0,0,0,0,0,0,0,0,0,0,0,0,0,0,0,0,0,0,0,0,0,0,0,0,0,0,0,0,0,0,0,0,0,0,0,0,0,0,0,0,0,0,0,0,0,0,0,0,0,0,0,0,0,0,0,0,0,0,0,0,0,0,0,0,0,0,0,0,0,0,0,0,0,0,0,0,0,0,0,0,0,0,0,0,0,0,0,0,0,0,0,0,0,0,0,0,0,0,0,0,0,0,0,0,0,0,0,0,0,0,0,0,0,0,0,0,0,0,0,0,0,0,0,0,0,0,0,0,0,0,0,0,0,0,0,0,0,0,0,0,0,0,0,0,0,0,0,0,0,0,0,0,0,0,0,0,0,0,0,0,0,0,0,0,0,0,0,0,0,0,0,0,0,0,0,0,0,0,0,0,0,0,0,0,0,0,0,0,0,0,0,0,0,0,0,0,0,0,0,0,0,0,0,0,0,0,0,0,0,0,0,0,0,0,0,0,0,0,0,0,0,0,0,0,0,0,0,0,0,0,0,0,0,0,0,0,0,0,0,0,0,0,0,0,0,0,0,0,0
"171",130.7842,130.917975,130.97135,131.1328,131.15855,131.2465,132.27415,132.46005,132.5833,133.63485,133.8223,133.871825,134.328975,134.6333,136.08455,137.65885,137.849225,139.229075,139.309075,139.37115,139.630525,141.315025,141.461925,141.5655,141.692175,141.7497,142.069975,0,0,0,0,0,0,0,0,0,0,0,0,0,0,0,0,0,0,0,0,0,0,0,0,0,0,0,0,0,0,0,0,0,0,0,0,0,0,0,0,0,0,0,0,0,0,0,0,0,0,0,0,0,0,0,0,0,0,0,0,0,0,0,0,0,0,0,0,0,0,0,0,0,0,0,0,0,0,0,0,0,0,0,0,0,0,0,0,0,0,0,0,0,0,0,0,0,0,0,0,0,0,0,0,0,0,0,0,0,0,0,0,0,0,0,0,0,0,0,0,0,0,0,0,0,0,0,0,0,0,0,0,0,0,0,0,0,0,0,0,0,0,0,0,0,0,0,0,0,0,0,0,0,0,0,0,0,0,0,0,0,0,0,0,0,0,0,0,0,0,0,0,0,0,0,0,0,0,0,0,0,0,0,0,0,0,0,0,0,0,0,0,0,0,0,0,0,0,0,0,0,0,0,0,0,0,0,0,0,0,0,0,0,0,0,0,0,0,0,0,0,0,0,0,0,0,0,0,0,0,0,0,0,0,0,0,0,0,0,0,0,0,0,0,0,0,0,0,0,0,0,0,0,0,0,0,0,0,0,0,0,0,0,0,0,0,0,0,0,0,0,0,0,0,0,0,0,0,0,0,0,0,0,0,0,0,0,0,0,0,0,0,0,0,0,0,0,0,0,0,0,0,0,0,0,0,0,0,0,0,0,0,0,0,0,0,0,0,0,0,0,0,0,0,0,0,0,0,0,0,0,0,0,0,0,0,0,0,0,0,0,0,0,0,0,0,0,0,0,0,0,0,0,0,0,0,0,0,0,0,0,0,0,0,0,0,0,0,0,0,0,0,0,0,0,0,0,0,0,0,0,0,0,0,0,0,0,0,0,0,0,0,0,0,0,0,0,0,0,0,0,0,0,0,0,0,0,0,0,0,0,0,0,0,0,0,0,0,0,0,0,0,0,0,0,0,0,0,0,0,0,0,0,0,0,0,0,0,0,0,0,0,0,0,0,0,0,0,0,0
"172",136.7174,137.044325,137.082825,137.2537,138.506875,138.5924,138.6749,138.7768,139.988825,140.057575,140.12555,140.188675,140.290375,142.65375,142.697775,142.845625,142.948725,0,0,0,0,0,0,0,0,0,0,0,0,0,0,0,0,0,0,0,0,0,0,0,0,0,0,0,0,0,0,0,0,0,0,0,0,0,0,0,0,0,0,0,0,0,0,0,0,0,0,0,0,0,0,0,0,0,0,0,0,0,0,0,0,0,0,0,0,0,0,0,0,0,0,0,0,0,0,0,0,0,0,0,0,0,0,0,0,0,0,0,0,0,0,0,0,0,0,0,0,0,0,0,0,0,0,0,0,0,0,0,0,0,0,0,0,0,0,0,0,0,0,0,0,0,0,0,0,0,0,0,0,0,0,0,0,0,0,0,0,0,0,0,0,0,0,0,0,0,0,0,0,0,0,0,0,0,0,0,0,0,0,0,0,0,0,0,0,0,0,0,0,0,0,0,0,0,0,0,0,0,0,0,0,0,0,0,0,0,0,0,0,0,0,0,0,0,0,0,0,0,0,0,0,0,0,0,0,0,0,0,0,0,0,0,0,0,0,0,0,0,0,0,0,0,0,0,0,0,0,0,0,0,0,0,0,0,0,0,0,0,0,0,0,0,0,0,0,0,0,0,0,0,0,0,0,0,0,0,0,0,0,0,0,0,0,0,0,0,0,0,0,0,0,0,0,0,0,0,0,0,0,0,0,0,0,0,0,0,0,0,0,0,0,0,0,0,0,0,0,0,0,0,0,0,0,0,0,0,0,0,0,0,0,0,0,0,0,0,0,0,0,0,0,0,0,0,0,0,0,0,0,0,0,0,0,0,0,0,0,0,0,0,0,0,0,0,0,0,0,0,0,0,0,0,0,0,0,0,0,0,0,0,0,0,0,0,0,0,0,0,0,0,0,0,0,0,0,0,0,0,0,0,0,0,0,0,0,0,0,0,0,0,0,0,0,0,0,0,0,0,0,0,0,0,0,0,0,0,0,0,0,0,0,0,0,0,0,0,0,0,0,0,0,0,0,0,0,0,0,0,0,0,0,0,0,0,0,0,0,0,0,0,0,0,0,0,0,0,0,0,0,0,0,0,0,0,0,0,0
"173",130.663275,130.685075,130.718975,130.728275,130.7641,130.786125,130.80935,130.854875,130.934825,130.95945,131.0478,131.237275,131.262275,131.51005,131.5559,131.612825,132.04605,132.0907,132.12315,132.134875,132.1871,132.2247,132.26925,132.290425,132.354,132.389,132.91325,132.973475,133.00895,133.464575,133.503075,133.548,133.570725,133.700075,133.857875,134.034125,134.579,135.6262,135.7371,135.7936,135.8272,135.865025,136.080225,137.538075,137.5612,137.58795,137.608475,137.648825,137.6638,137.7615,137.854475,137.94685,137.987775,138.159225,139.215475,139.225025,139.255725,139.291125,139.3214,139.37265,139.41995,139.45645,141.0191,141.064575,141.13295,141.1766,141.22555,141.25895,141.305075,141.412025,141.475675,141.50795,141.534475,141.576625,141.629025,141.739325,142.055275,0,0,0,0,0,0,0,0,0,0,0,0,0,0,0,0,0,0,0,0,0,0,0,0,0,0,0,0,0,0,0,0,0,0,0,0,0,0,0,0,0,0,0,0,0,0,0,0,0,0,0,0,0,0,0,0,0,0,0,0,0,0,0,0,0,0,0,0,0,0,0,0,0,0,0,0,0,0,0,0,0,0,0,0,0,0,0,0,0,0,0,0,0,0,0,0,0,0,0,0,0,0,0,0,0,0,0,0,0,0,0,0,0,0,0,0,0,0,0,0,0,0,0,0,0,0,0,0,0,0,0,0,0,0,0,0,0,0,0,0,0,0,0,0,0,0,0,0,0,0,0,0,0,0,0,0,0,0,0,0,0,0,0,0,0,0,0,0,0,0,0,0,0,0,0,0,0,0,0,0,0,0,0,0,0,0,0,0,0,0,0,0,0,0,0,0,0,0,0,0,0,0,0,0,0,0,0,0,0,0,0,0,0,0,0,0,0,0,0,0,0,0,0,0,0,0,0,0,0,0,0,0,0,0,0,0,0,0,0,0,0,0,0,0,0,0,0,0,0,0,0,0,0,0,0,0,0,0,0,0,0,0,0,0,0,0,0,0,0,0,0,0,0,0,0,0,0,0,0,0,0,0,0,0,0,0,0,0,0,0,0,0,0,0,0,0,0,0,0,0,0,0,0,0,0,0,0,0,0,0,0,0,0,0,0,0,0,0,0,0,0,0,0,0,0,0,0,0,0,0,0,0,0,0,0,0,0,0,0,0,0,0,0,0,0,0,0,0,0,0,0,0,0,0,0,0,0,0,0,0,0,0,0,0,0,0,0,0,0,0,0,0,0,0,0,0,0,0,0,0,0,0,0,0,0,0,0,0,0,0,0,0,0,0,0,0,0,0,0,0
"174",131.3535,131.427075,131.4985,132.621975,132.7542,132.826575,132.8901,134.78365,136.272175,136.356325,136.5014,136.541325,136.6292,137.070825,138.55435,0,0,0,0,0,0,0,0,0,0,0,0,0,0,0,0,0,0,0,0,0,0,0,0,0,0,0,0,0,0,0,0,0,0,0,0,0,0,0,0,0,0,0,0,0,0,0,0,0,0,0,0,0,0,0,0,0,0,0,0,0,0,0,0,0,0,0,0,0,0,0,0,0,0,0,0,0,0,0,0,0,0,0,0,0,0,0,0,0,0,0,0,0,0,0,0,0,0,0,0,0,0,0,0,0,0,0,0,0,0,0,0,0,0,0,0,0,0,0,0,0,0,0,0,0,0,0,0,0,0,0,0,0,0,0,0,0,0,0,0,0,0,0,0,0,0,0,0,0,0,0,0,0,0,0,0,0,0,0,0,0,0,0,0,0,0,0,0,0,0,0,0,0,0,0,0,0,0,0,0,0,0,0,0,0,0,0,0,0,0,0,0,0,0,0,0,0,0,0,0,0,0,0,0,0,0,0,0,0,0,0,0,0,0,0,0,0,0,0,0,0,0,0,0,0,0,0,0,0,0,0,0,0,0,0,0,0,0,0,0,0,0,0,0,0,0,0,0,0,0,0,0,0,0,0,0,0,0,0,0,0,0,0,0,0,0,0,0,0,0,0,0,0,0,0,0,0,0,0,0,0,0,0,0,0,0,0,0,0,0,0,0,0,0,0,0,0,0,0,0,0,0,0,0,0,0,0,0,0,0,0,0,0,0,0,0,0,0,0,0,0,0,0,0,0,0,0,0,0,0,0,0,0,0,0,0,0,0,0,0,0,0,0,0,0,0,0,0,0,0,0,0,0,0,0,0,0,0,0,0,0,0,0,0,0,0,0,0,0,0,0,0,0,0,0,0,0,0,0,0,0,0,0,0,0,0,0,0,0,0,0,0,0,0,0,0,0,0,0,0,0,0,0,0,0,0,0,0,0,0,0,0,0,0,0,0,0,0,0,0,0,0,0,0,0,0,0,0,0,0,0,0,0,0,0,0,0,0,0,0,0,0,0,0,0,0,0,0,0,0,0,0,0,0,0,0,0,0,0,0,0,0
"175",131.35495,132.55065,136.419725,136.428375,136.440625,136.485075,137.0497,137.140875,137.889875,138.542925,138.602075,138.616825,138.639575,138.6762,140.1079,140.1223,140.21245,140.2327,140.256325,140.311075,140.35005,140.3647,140.44855,140.561925,142.686525,142.7436,142.87,142.9364,143.0853,143.15655,0,0,0,0,0,0,0,0,0,0,0,0,0,0,0,0,0,0,0,0,0,0,0,0,0,0,0,0,0,0,0,0,0,0,0,0,0,0,0,0,0,0,0,0,0,0,0,0,0,0,0,0,0,0,0,0,0,0,0,0,0,0,0,0,0,0,0,0,0,0,0,0,0,0,0,0,0,0,0,0,0,0,0,0,0,0,0,0,0,0,0,0,0,0,0,0,0,0,0,0,0,0,0,0,0,0,0,0,0,0,0,0,0,0,0,0,0,0,0,0,0,0,0,0,0,0,0,0,0,0,0,0,0,0,0,0,0,0,0,0,0,0,0,0,0,0,0,0,0,0,0,0,0,0,0,0,0,0,0,0,0,0,0,0,0,0,0,0,0,0,0,0,0,0,0,0,0,0,0,0,0,0,0,0,0,0,0,0,0,0,0,0,0,0,0,0,0,0,0,0,0,0,0,0,0,0,0,0,0,0,0,0,0,0,0,0,0,0,0,0,0,0,0,0,0,0,0,0,0,0,0,0,0,0,0,0,0,0,0,0,0,0,0,0,0,0,0,0,0,0,0,0,0,0,0,0,0,0,0,0,0,0,0,0,0,0,0,0,0,0,0,0,0,0,0,0,0,0,0,0,0,0,0,0,0,0,0,0,0,0,0,0,0,0,0,0,0,0,0,0,0,0,0,0,0,0,0,0,0,0,0,0,0,0,0,0,0,0,0,0,0,0,0,0,0,0,0,0,0,0,0,0,0,0,0,0,0,0,0,0,0,0,0,0,0,0,0,0,0,0,0,0,0,0,0,0,0,0,0,0,0,0,0,0,0,0,0,0,0,0,0,0,0,0,0,0,0,0,0,0,0,0,0,0,0,0,0,0,0,0,0,0,0,0,0,0,0,0,0,0,0,0,0,0,0,0,0,0,0,0,0,0,0,0,0,0,0,0,0,0,0,0,0,0,0,0,0,0,0,0,0,0,0,0,0,0,0,0,0,0,0,0,0,0,0,0,0
"176",130.861975,131.072175,131.0893,131.2722,132.233925,132.2707,132.318425,133.67155,134.198125,134.2343,134.27305,135.819475,136.0818,136.1191,137.5922,138.074675,138.36185,139.376625,139.567625,139.657325,141.639375,141.931375,0,0,0,0,0,0,0,0,0,0,0,0,0,0,0,0,0,0,0,0,0,0,0,0,0,0,0,0,0,0,0,0,0,0,0,0,0,0,0,0,0,0,0,0,0,0,0,0,0,0,0,0,0,0,0,0,0,0,0,0,0,0,0,0,0,0,0,0,0,0,0,0,0,0,0,0,0,0,0,0,0,0,0,0,0,0,0,0,0,0,0,0,0,0,0,0,0,0,0,0,0,0,0,0,0,0,0,0,0,0,0,0,0,0,0,0,0,0,0,0,0,0,0,0,0,0,0,0,0,0,0,0,0,0,0,0,0,0,0,0,0,0,0,0,0,0,0,0,0,0,0,0,0,0,0,0,0,0,0,0,0,0,0,0,0,0,0,0,0,0,0,0,0,0,0,0,0,0,0,0,0,0,0,0,0,0,0,0,0,0,0,0,0,0,0,0,0,0,0,0,0,0,0,0,0,0,0,0,0,0,0,0,0,0,0,0,0,0,0,0,0,0,0,0,0,0,0,0,0,0,0,0,0,0,0,0,0,0,0,0,0,0,0,0,0,0,0,0,0,0,0,0,0,0,0,0,0,0,0,0,0,0,0,0,0,0,0,0,0,0,0,0,0,0,0,0,0,0,0,0,0,0,0,0,0,0,0,0,0,0,0,0,0,0,0,0,0,0,0,0,0,0,0,0,0,0,0,0,0,0,0,0,0,0,0,0,0,0,0,0,0,0,0,0,0,0,0,0,0,0,0,0,0,0,0,0,0,0,0,0,0,0,0,0,0,0,0,0,0,0,0,0,0,0,0,0,0,0,0,0,0,0,0,0,0,0,0,0,0,0,0,0,0,0,0,0,0,0,0,0,0,0,0,0,0,0,0,0,0,0,0,0,0,0,0,0,0,0,0,0,0,0,0,0,0,0,0,0,0,0,0,0,0,0,0,0,0,0,0,0,0,0,0,0,0,0,0,0,0,0,0,0,0,0,0,0,0,0,0,0,0,0,0,0,0,0,0,0,0,0,0,0,0,0,0
"177",131.2393,131.251725,131.274975,131.29335,131.3246,131.352,131.36475,131.42365,131.431925,131.450775,131.4701,131.587825,131.61095,131.67115,132.3651,132.372875,132.47055,132.595675,132.831175,132.911825,132.942925,133.062175,133.098475,133.674375,133.9091,133.9956,134.078075,134.125825,134.19375,134.2462,134.464775,134.530075,134.787125,134.833225,134.83535,134.9129,134.97335,135.832725,135.95725,136.00465,136.136225,136.1817,136.22595,136.308225,136.504325,137.6882,137.789425,137.886225,137.93035,138.0051,138.0558,138.100475,138.145825,138.25085,138.3399,139.3988,139.46225,139.570225,139.721825,141.798125,141.877675,0,0,0,0,0,0,0,0,0,0,0,0,0,0,0,0,0,0,0,0,0,0,0,0,0,0,0,0,0,0,0,0,0,0,0,0,0,0,0,0,0,0,0,0,0,0,0,0,0,0,0,0,0,0,0,0,0,0,0,0,0,0,0,0,0,0,0,0,0,0,0,0,0,0,0,0,0,0,0,0,0,0,0,0,0,0,0,0,0,0,0,0,0,0,0,0,0,0,0,0,0,0,0,0,0,0,0,0,0,0,0,0,0,0,0,0,0,0,0,0,0,0,0,0,0,0,0,0,0,0,0,0,0,0,0,0,0,0,0,0,0,0,0,0,0,0,0,0,0,0,0,0,0,0,0,0,0,0,0,0,0,0,0,0,0,0,0,0,0,0,0,0,0,0,0,0,0,0,0,0,0,0,0,0,0,0,0,0,0,0,0,0,0,0,0,0,0,0,0,0,0,0,0,0,0,0,0,0,0,0,0,0,0,0,0,0,0,0,0,0,0,0,0,0,0,0,0,0,0,0,0,0,0,0,0,0,0,0,0,0,0,0,0,0,0,0,0,0,0,0,0,0,0,0,0,0,0,0,0,0,0,0,0,0,0,0,0,0,0,0,0,0,0,0,0,0,0,0,0,0,0,0,0,0,0,0,0,0,0,0,0,0,0,0,0,0,0,0,0,0,0,0,0,0,0,0,0,0,0,0,0,0,0,0,0,0,0,0,0,0,0,0,0,0,0,0,0,0,0,0,0,0,0,0,0,0,0,0,0,0,0,0,0,0,0,0,0,0,0,0,0,0,0,0,0,0,0,0,0,0,0,0,0,0,0,0,0,0,0,0,0,0,0,0,0,0,0,0,0,0,0,0,0,0,0,0,0,0,0,0,0,0,0,0,0,0,0,0,0,0,0,0,0,0,0,0,0,0,0,0,0,0,0,0,0,0
"178",131.211475,131.229,131.25555,131.27465,131.28685,131.366175,131.403575,131.4184,131.47715,131.540725,131.575675,131.595675,131.653625,131.66895,132.38395,132.405,132.457,132.516425,132.53625,132.597175,132.608575,132.630125,132.66245,132.718975,132.75245,132.765725,132.77885,132.843275,132.86995,132.914075,132.936325,132.998225,133.0711,133.806775,133.91375,133.97625,134.017625,134.066225,134.08825,134.15225,134.197425,134.2422,134.27525,134.33755,134.356625,134.383775,134.4573,134.478925,134.521775,134.573875,134.58575,134.6727,134.710475,134.773,134.79125,134.810625,134.833825,134.8642,134.885875,134.90795,134.929075,134.960325,135.89145,135.93815,136.0249,136.05,136.08985,136.162175,136.208025,136.321675,136.372125,136.416125,136.463875,136.517125,136.57015,137.65855,137.763475,137.906125,137.9406,137.965425,138.03575,138.063425,138.0886,138.1136,138.13865,138.15695,138.18965,138.213375,138.251,138.28995,138.33115,138.373025,139.3881,139.4176,139.4411,139.492925,139.5551,139.591675,139.6166,139.678225,139.7104,139.809825,141.3056,141.4925,141.5347,141.5729,141.629075,141.670475,141.7201,141.787525,141.8144,141.857325,141.941075,141.965275,142.023025,142.057975,0,0,0,0,0,0,0,0,0,0,0,0,0,0,0,0,0,0,0,0,0,0,0,0,0,0,0,0,0,0,0,0,0,0,0,0,0,0,0,0,0,0,0,0,0,0,0,0,0,0,0,0,0,0,0,0,0,0,0,0,0,0,0,0,0,0,0,0,0,0,0,0,0,0,0,0,0,0,0,0,0,0,0,0,0,0,0,0,0,0,0,0,0,0,0,0,0,0,0,0,0,0,0,0,0,0,0,0,0,0,0,0,0,0,0,0,0,0,0,0,0,0,0,0,0,0,0,0,0,0,0,0,0,0,0,0,0,0,0,0,0,0,0,0,0,0,0,0,0,0,0,0,0,0,0,0,0,0,0,0,0,0,0,0,0,0,0,0,0,0,0,0,0,0,0,0,0,0,0,0,0,0,0,0,0,0,0,0,0,0,0,0,0,0,0,0,0,0,0,0,0,0,0,0,0,0,0,0,0,0,0,0,0,0,0,0,0,0,0,0,0,0,0,0,0,0,0,0,0,0,0,0,0,0,0,0,0,0,0,0,0,0,0,0,0,0,0,0,0,0,0,0,0,0,0,0,0,0,0,0,0,0,0,0,0,0,0,0,0,0,0,0,0,0,0,0,0,0,0,0,0,0,0,0,0,0,0,0,0,0,0,0,0,0,0,0,0,0,0,0,0,0,0,0,0,0,0,0,0,0,0,0,0,0,0,0,0,0,0,0,0,0,0,0,0,0,0,0,0,0,0,0,0,0,0,0,0,0,0,0,0,0,0,0,0,0,0,0,0,0,0,0,0,0,0,0,0,0,0,0,0
"179",130.8225,131.013525,131.05025,131.080925,131.134575,131.33,131.345675,131.3817,131.4981,131.51555,132.279025,132.4848,132.49755,132.567025,132.579675,132.73345,132.793175,133.6583,133.75505,134.409575,134.424,134.440425,134.55595,134.661175,134.698625,134.731375,135.764725,137.987925,139.294975,139.326625,141.376375,0,0,0,0,0,0,0,0,0,0,0,0,0,0,0,0,0,0,0,0,0,0,0,0,0,0,0,0,0,0,0,0,0,0,0,0,0,0,0,0,0,0,0,0,0,0,0,0,0,0,0,0,0,0,0,0,0,0,0,0,0,0,0,0,0,0,0,0,0,0,0,0,0,0,0,0,0,0,0,0,0,0,0,0,0,0,0,0,0,0,0,0,0,0,0,0,0,0,0,0,0,0,0,0,0,0,0,0,0,0,0,0,0,0,0,0,0,0,0,0,0,0,0,0,0,0,0,0,0,0,0,0,0,0,0,0,0,0,0,0,0,0,0,0,0,0,0,0,0,0,0,0,0,0,0,0,0,0,0,0,0,0,0,0,0,0,0,0,0,0,0,0,0,0,0,0,0,0,0,0,0,0,0,0,0,0,0,0,0,0,0,0,0,0,0,0,0,0,0,0,0,0,0,0,0,0,0,0,0,0,0,0,0,0,0,0,0,0,0,0,0,0,0,0,0,0,0,0,0,0,0,0,0,0,0,0,0,0,0,0,0,0,0,0,0,0,0,0,0,0,0,0,0,0,0,0,0,0,0,0,0,0,0,0,0,0,0,0,0,0,0,0,0,0,0,0,0,0,0,0,0,0,0,0,0,0,0,0,0,0,0,0,0,0,0,0,0,0,0,0,0,0,0,0,0,0,0,0,0,0,0,0,0,0,0,0,0,0,0,0,0,0,0,0,0,0,0,0,0,0,0,0,0,0,0,0,0,0,0,0,0,0,0,0,0,0,0,0,0,0,0,0,0,0,0,0,0,0,0,0,0,0,0,0,0,0,0,0,0,0,0,0,0,0,0,0,0,0,0,0,0,0,0,0,0,0,0,0,0,0,0,0,0,0,0,0,0,0,0,0,0,0,0,0,0,0,0,0,0,0,0,0,0,0,0,0,0,0,0,0,0,0,0,0,0,0,0,0,0,0,0,0,0,0,0,0,0,0,0,0,0,0,0,0,0,0
"180",129.8107,133.34435,136.8196,136.852675,137.026575,137.058375,137.1231,137.152075,137.226025,137.303025,138.2357,138.50515,138.654725,138.697625,138.7996,140.187425,140.2073,140.258475,140.3099,140.336475,140.357225,140.398075,140.672125,142.55335,142.619075,142.692675,142.7492,142.85265,142.959875,143.054,143.1204,143.14135,0,0,0,0,0,0,0,0,0,0,0,0,0,0,0,0,0,0,0,0,0,0,0,0,0,0,0,0,0,0,0,0,0,0,0,0,0,0,0,0,0,0,0,0,0,0,0,0,0,0,0,0,0,0,0,0,0,0,0,0,0,0,0,0,0,0,0,0,0,0,0,0,0,0,0,0,0,0,0,0,0,0,0,0,0,0,0,0,0,0,0,0,0,0,0,0,0,0,0,0,0,0,0,0,0,0,0,0,0,0,0,0,0,0,0,0,0,0,0,0,0,0,0,0,0,0,0,0,0,0,0,0,0,0,0,0,0,0,0,0,0,0,0,0,0,0,0,0,0,0,0,0,0,0,0,0,0,0,0,0,0,0,0,0,0,0,0,0,0,0,0,0,0,0,0,0,0,0,0,0,0,0,0,0,0,0,0,0,0,0,0,0,0,0,0,0,0,0,0,0,0,0,0,0,0,0,0,0,0,0,0,0,0,0,0,0,0,0,0,0,0,0,0,0,0,0,0,0,0,0,0,0,0,0,0,0,0,0,0,0,0,0,0,0,0,0,0,0,0,0,0,0,0,0,0,0,0,0,0,0,0,0,0,0,0,0,0,0,0,0,0,0,0,0,0,0,0,0,0,0,0,0,0,0,0,0,0,0,0,0,0,0,0,0,0,0,0,0,0,0,0,0,0,0,0,0,0,0,0,0,0,0,0,0,0,0,0,0,0,0,0,0,0,0,0,0,0,0,0,0,0,0,0,0,0,0,0,0,0,0,0,0,0,0,0,0,0,0,0,0,0,0,0,0,0,0,0,0,0,0,0,0,0,0,0,0,0,0,0,0,0,0,0,0,0,0,0,0,0,0,0,0,0,0,0,0,0,0,0,0,0,0,0,0,0,0,0,0,0,0,0,0,0,0,0,0,0,0,0,0,0,0,0,0,0,0,0,0,0,0,0,0,0,0,0,0,0,0,0,0,0,0,0,0,0,0,0,0,0,0,0,0,0,0,0
"181",130.8526,130.945575,131.104925,131.17145,131.188525,131.2429,131.42935,131.46225,132.1842,132.641125,133.62135,133.856225,133.95285,134.498725,135.821725,136.276975,137.6088,137.7185,137.798525,137.8453,137.870475,139.227925,139.267825,139.347325,139.5262,141.2278,141.44535,141.745975,141.890025,142.147175,0,0,0,0,0,0,0,0,0,0,0,0,0,0,0,0,0,0,0,0,0,0,0,0,0,0,0,0,0,0,0,0,0,0,0,0,0,0,0,0,0,0,0,0,0,0,0,0,0,0,0,0,0,0,0,0,0,0,0,0,0,0,0,0,0,0,0,0,0,0,0,0,0,0,0,0,0,0,0,0,0,0,0,0,0,0,0,0,0,0,0,0,0,0,0,0,0,0,0,0,0,0,0,0,0,0,0,0,0,0,0,0,0,0,0,0,0,0,0,0,0,0,0,0,0,0,0,0,0,0,0,0,0,0,0,0,0,0,0,0,0,0,0,0,0,0,0,0,0,0,0,0,0,0,0,0,0,0,0,0,0,0,0,0,0,0,0,0,0,0,0,0,0,0,0,0,0,0,0,0,0,0,0,0,0,0,0,0,0,0,0,0,0,0,0,0,0,0,0,0,0,0,0,0,0,0,0,0,0,0,0,0,0,0,0,0,0,0,0,0,0,0,0,0,0,0,0,0,0,0,0,0,0,0,0,0,0,0,0,0,0,0,0,0,0,0,0,0,0,0,0,0,0,0,0,0,0,0,0,0,0,0,0,0,0,0,0,0,0,0,0,0,0,0,0,0,0,0,0,0,0,0,0,0,0,0,0,0,0,0,0,0,0,0,0,0,0,0,0,0,0,0,0,0,0,0,0,0,0,0,0,0,0,0,0,0,0,0,0,0,0,0,0,0,0,0,0,0,0,0,0,0,0,0,0,0,0,0,0,0,0,0,0,0,0,0,0,0,0,0,0,0,0,0,0,0,0,0,0,0,0,0,0,0,0,0,0,0,0,0,0,0,0,0,0,0,0,0,0,0,0,0,0,0,0,0,0,0,0,0,0,0,0,0,0,0,0,0,0,0,0,0,0,0,0,0,0,0,0,0,0,0,0,0,0,0,0,0,0,0,0,0,0,0,0,0,0,0,0,0,0,0,0,0,0,0,0,0,0,0,0,0,0,0,0,0,0
"182",129.56465,129.68235,129.80715,129.9814,130.1136,130.719475,130.8775,130.89755,131.107425,131.2373,132.0588,132.09205,132.267725,132.51315,132.863475,133.409125,134.361675,134.722825,135.875925,136.084675,137.727825,139.1302,139.16995,139.2969,139.726025,141.562075,141.664075,143.9215,144.090125,0,0,0,0,0,0,0,0,0,0,0,0,0,0,0,0,0,0,0,0,0,0,0,0,0,0,0,0,0,0,0,0,0,0,0,0,0,0,0,0,0,0,0,0,0,0,0,0,0,0,0,0,0,0,0,0,0,0,0,0,0,0,0,0,0,0,0,0,0,0,0,0,0,0,0,0,0,0,0,0,0,0,0,0,0,0,0,0,0,0,0,0,0,0,0,0,0,0,0,0,0,0,0,0,0,0,0,0,0,0,0,0,0,0,0,0,0,0,0,0,0,0,0,0,0,0,0,0,0,0,0,0,0,0,0,0,0,0,0,0,0,0,0,0,0,0,0,0,0,0,0,0,0,0,0,0,0,0,0,0,0,0,0,0,0,0,0,0,0,0,0,0,0,0,0,0,0,0,0,0,0,0,0,0,0,0,0,0,0,0,0,0,0,0,0,0,0,0,0,0,0,0,0,0,0,0,0,0,0,0,0,0,0,0,0,0,0,0,0,0,0,0,0,0,0,0,0,0,0,0,0,0,0,0,0,0,0,0,0,0,0,0,0,0,0,0,0,0,0,0,0,0,0,0,0,0,0,0,0,0,0,0,0,0,0,0,0,0,0,0,0,0,0,0,0,0,0,0,0,0,0,0,0,0,0,0,0,0,0,0,0,0,0,0,0,0,0,0,0,0,0,0,0,0,0,0,0,0,0,0,0,0,0,0,0,0,0,0,0,0,0,0,0,0,0,0,0,0,0,0,0,0,0,0,0,0,0,0,0,0,0,0,0,0,0,0,0,0,0,0,0,0,0,0,0,0,0,0,0,0,0,0,0,0,0,0,0,0,0,0,0,0,0,0,0,0,0,0,0,0,0,0,0,0,0,0,0,0,0,0,0,0,0,0,0,0,0,0,0,0,0,0,0,0,0,0,0,0,0,0,0,0,0,0,0,0,0,0,0,0,0,0,0,0,0,0,0,0,0,0,0,0,0,0,0,0,0,0,0,0,0,0,0,0,0,0,0,0
"183",130.77675,130.8114,130.9521,130.984525,131.066275,131.153475,131.43715,131.6253,132.1754,132.230125,132.2513,132.28995,132.32425,132.581425,133.56735,133.6533,133.748425,133.9614,134.12865,134.33275,134.612975,134.6822,135.718525,135.76265,135.8242,135.873175,136.071275,137.6414,137.778175,137.90975,138.0517,138.27425,139.37745,139.515,139.5888,139.698425,0,0,0,0,0,0,0,0,0,0,0,0,0,0,0,0,0,0,0,0,0,0,0,0,0,0,0,0,0,0,0,0,0,0,0,0,0,0,0,0,0,0,0,0,0,0,0,0,0,0,0,0,0,0,0,0,0,0,0,0,0,0,0,0,0,0,0,0,0,0,0,0,0,0,0,0,0,0,0,0,0,0,0,0,0,0,0,0,0,0,0,0,0,0,0,0,0,0,0,0,0,0,0,0,0,0,0,0,0,0,0,0,0,0,0,0,0,0,0,0,0,0,0,0,0,0,0,0,0,0,0,0,0,0,0,0,0,0,0,0,0,0,0,0,0,0,0,0,0,0,0,0,0,0,0,0,0,0,0,0,0,0,0,0,0,0,0,0,0,0,0,0,0,0,0,0,0,0,0,0,0,0,0,0,0,0,0,0,0,0,0,0,0,0,0,0,0,0,0,0,0,0,0,0,0,0,0,0,0,0,0,0,0,0,0,0,0,0,0,0,0,0,0,0,0,0,0,0,0,0,0,0,0,0,0,0,0,0,0,0,0,0,0,0,0,0,0,0,0,0,0,0,0,0,0,0,0,0,0,0,0,0,0,0,0,0,0,0,0,0,0,0,0,0,0,0,0,0,0,0,0,0,0,0,0,0,0,0,0,0,0,0,0,0,0,0,0,0,0,0,0,0,0,0,0,0,0,0,0,0,0,0,0,0,0,0,0,0,0,0,0,0,0,0,0,0,0,0,0,0,0,0,0,0,0,0,0,0,0,0,0,0,0,0,0,0,0,0,0,0,0,0,0,0,0,0,0,0,0,0,0,0,0,0,0,0,0,0,0,0,0,0,0,0,0,0,0,0,0,0,0,0,0,0,0,0,0,0,0,0,0,0,0,0,0,0,0,0,0,0,0,0,0,0,0,0,0,0,0,0,0,0,0,0,0,0,0,0,0,0,0,0,0,0,0,0,0,0,0,0,0,0,0,0,0,0,0,0,0,0,0
"184",129.716475,129.8235,129.98895,130.038375,130.499725,130.535275,130.59975,130.69305,130.71035,130.8061,130.835325,130.84515,130.920325,130.999225,131.027925,131.0845,131.096725,131.11335,131.14005,131.174575,131.234125,131.272975,131.325125,131.432675,131.509925,131.532225,131.6035,131.61775,131.6983,131.7685,131.87565,131.94985,132.1056,132.150425,132.1726,132.22885,132.26285,132.27445,132.3051,132.319625,132.336825,132.386225,132.424475,132.448375,132.503825,132.5297,132.5506,132.57305,132.6233,132.69215,132.7587,132.8154,132.85075,132.867375,132.921775,132.960375,133.018425,133.109475,133.140175,133.1654,133.5057,133.5612,133.62635,133.6469,133.68705,133.71985,133.7496,133.773225,133.796775,133.859025,133.87955,133.901475,133.9297,133.943925,133.98725,134.009525,134.035875,134.0953,134.122575,134.141175,134.188225,134.238675,134.3177,134.36975,134.407875,134.59095,134.83505,134.935625,134.974275,135.04605,135.129475,135.1889,135.71675,135.743375,135.770275,135.786625,135.802775,135.827125,135.869475,135.88645,135.89845,135.94655,135.96105,135.974,136.012975,136.036325,136.054675,136.064425,136.09815,136.121825,136.175425,136.898675,136.995075,137.553475,137.601725,137.628225,137.67515,137.694575,137.7041,137.73965,137.780225,137.814875,137.8382,137.850325,137.8898,137.90215,137.9151,137.92945,137.939075,138.00675,138.06605,138.11925,138.476925,139.26175,139.30195,139.366025,139.40065,139.461325,139.49715,139.551275,139.587225,139.68135,141.103675,141.1697,141.2406,141.305025,141.3677,141.396,141.429925,141.44915,141.482075,141.568875,141.59805,141.64185,141.660675,141.708875,141.7254,141.760575,141.8365,141.86345,141.944925,142.008175,142.059025,142.118375,142.1714,142.243125,144.20235,144.260425,144.35885,144.4327,0,0,0,0,0,0,0,0,0,0,0,0,0,0,0,0,0,0,0,0,0,0,0,0,0,0,0,0,0,0,0,0,0,0,0,0,0,0,0,0,0,0,0,0,0,0,0,0,0,0,0,0,0,0,0,0,0,0,0,0,0,0,0,0,0,0,0,0,0,0,0,0,0,0,0,0,0,0,0,0,0,0,0,0,0,0,0,0,0,0,0,0,0,0,0,0,0,0,0,0,0,0,0,0,0,0,0,0,0,0,0,0,0,0,0,0,0,0,0,0,0,0,0,0,0,0,0,0,0,0,0,0,0,0,0,0,0,0,0,0,0,0,0,0,0,0,0,0,0,0,0,0,0,0,0,0,0,0,0,0,0,0,0,0,0,0,0,0,0,0,0,0,0,0,0,0,0,0,0,0,0,0,0,0,0,0,0,0,0,0,0,0,0,0,0,0,0,0,0,0,0,0,0,0,0,0,0,0,0,0,0,0,0,0,0,0,0,0,0,0,0,0,0,0,0,0,0,0,0,0,0,0,0,0,0,0,0,0,0,0,0,0,0,0,0,0,0,0,0,0,0,0,0,0,0,0,0,0,0,0,0,0,0,0,0,0,0,0,0,0,0,0,0,0,0,0,0,0,0,0,0,0,0,0,0,0,0,0,0,0,0,0,0,0,0,0,0,0,0,0,0,0,0,0,0,0,0
"185",131.3057,131.338975,131.37065,131.39085,131.4235,131.450725,131.501975,131.5225,131.553975,131.616725,132.50205,132.54705,132.606925,132.652275,132.721075,132.7495,132.8049,134.428075,134.453775,134.492925,134.51455,134.57675,134.59355,134.6177,134.65655,134.767825,134.802925,137.92115,0,0,0,0,0,0,0,0,0,0,0,0,0,0,0,0,0,0,0,0,0,0,0,0,0,0,0,0,0,0,0,0,0,0,0,0,0,0,0,0,0,0,0,0,0,0,0,0,0,0,0,0,0,0,0,0,0,0,0,0,0,0,0,0,0,0,0,0,0,0,0,0,0,0,0,0,0,0,0,0,0,0,0,0,0,0,0,0,0,0,0,0,0,0,0,0,0,0,0,0,0,0,0,0,0,0,0,0,0,0,0,0,0,0,0,0,0,0,0,0,0,0,0,0,0,0,0,0,0,0,0,0,0,0,0,0,0,0,0,0,0,0,0,0,0,0,0,0,0,0,0,0,0,0,0,0,0,0,0,0,0,0,0,0,0,0,0,0,0,0,0,0,0,0,0,0,0,0,0,0,0,0,0,0,0,0,0,0,0,0,0,0,0,0,0,0,0,0,0,0,0,0,0,0,0,0,0,0,0,0,0,0,0,0,0,0,0,0,0,0,0,0,0,0,0,0,0,0,0,0,0,0,0,0,0,0,0,0,0,0,0,0,0,0,0,0,0,0,0,0,0,0,0,0,0,0,0,0,0,0,0,0,0,0,0,0,0,0,0,0,0,0,0,0,0,0,0,0,0,0,0,0,0,0,0,0,0,0,0,0,0,0,0,0,0,0,0,0,0,0,0,0,0,0,0,0,0,0,0,0,0,0,0,0,0,0,0,0,0,0,0,0,0,0,0,0,0,0,0,0,0,0,0,0,0,0,0,0,0,0,0,0,0,0,0,0,0,0,0,0,0,0,0,0,0,0,0,0,0,0,0,0,0,0,0,0,0,0,0,0,0,0,0,0,0,0,0,0,0,0,0,0,0,0,0,0,0,0,0,0,0,0,0,0,0,0,0,0,0,0,0,0,0,0,0,0,0,0,0,0,0,0,0,0,0,0,0,0,0,0,0,0,0,0,0,0,0,0,0,0,0,0,0,0,0,0,0,0,0,0,0,0,0,0,0,0,0,0,0
"186",131.083675,131.117525,131.196725,131.225975,131.59855,132.449425,132.500875,132.565125,132.8661,134.50515,134.58405,134.7408,0,0,0,0,0,0,0,0,0,0,0,0,0,0,0,0,0,0,0,0,0,0,0,0,0,0,0,0,0,0,0,0,0,0,0,0,0,0,0,0,0,0,0,0,0,0,0,0,0,0,0,0,0,0,0,0,0,0,0,0,0,0,0,0,0,0,0,0,0,0,0,0,0,0,0,0,0,0,0,0,0,0,0,0,0,0,0,0,0,0,0,0,0,0,0,0,0,0,0,0,0,0,0,0,0,0,0,0,0,0,0,0,0,0,0,0,0,0,0,0,0,0,0,0,0,0,0,0,0,0,0,0,0,0,0,0,0,0,0,0,0,0,0,0,0,0,0,0,0,0,0,0,0,0,0,0,0,0,0,0,0,0,0,0,0,0,0,0,0,0,0,0,0,0,0,0,0,0,0,0,0,0,0,0,0,0,0,0,0,0,0,0,0,0,0,0,0,0,0,0,0,0,0,0,0,0,0,0,0,0,0,0,0,0,0,0,0,0,0,0,0,0,0,0,0,0,0,0,0,0,0,0,0,0,0,0,0,0,0,0,0,0,0,0,0,0,0,0,0,0,0,0,0,0,0,0,0,0,0,0,0,0,0,0,0,0,0,0,0,0,0,0,0,0,0,0,0,0,0,0,0,0,0,0,0,0,0,0,0,0,0,0,0,0,0,0,0,0,0,0,0,0,0,0,0,0,0,0,0,0,0,0,0,0,0,0,0,0,0,0,0,0,0,0,0,0,0,0,0,0,0,0,0,0,0,0,0,0,0,0,0,0,0,0,0,0,0,0,0,0,0,0,0,0,0,0,0,0,0,0,0,0,0,0,0,0,0,0,0,0,0,0,0,0,0,0,0,0,0,0,0,0,0,0,0,0,0,0,0,0,0,0,0,0,0,0,0,0,0,0,0,0,0,0,0,0,0,0,0,0,0,0,0,0,0,0,0,0,0,0,0,0,0,0,0,0,0,0,0,0,0,0,0,0,0,0,0,0,0,0,0,0,0,0,0,0,0,0,0,0,0,0,0,0,0,0,0,0,0,0,0,0,0,0,0
"187",130.35425,130.40505,130.4272,130.463075,130.550425,130.571575,130.587575,130.6214,130.65575,130.6613,130.664125,130.6879,130.700675,130.71805,130.75215,130.7569,130.76325,130.7823,130.79585,130.871925,130.8863,130.895675,130.936125,130.9424,130.9445,130.9542,130.959225,130.9719,130.97295,130.98265,130.997125,131.018225,131.037125,131.042775,131.075175,131.078075,131.091975,131.1145,131.12835,131.1505,131.16135,131.167775,131.1837,131.1988,131.2003,131.203475,131.2229,131.247925,131.254625,131.2713,131.280875,131.282425,131.3013,131.3077,131.320225,131.322475,131.335025,131.348,131.35615,131.475525,131.489775,131.496475,131.539325,131.565875,131.6065,131.6611,131.667175,131.92175,131.9981,132.016375,132.026825,132.051975,132.05375,132.064875,132.07255,132.10255,132.1062,132.15675,132.16315,132.1769,132.186275,132.200425,132.225875,132.23945,132.2565,132.28695,132.297875,132.30665,132.318525,132.326725,132.3361,132.341925,132.3633,132.378725,132.38065,132.40275,132.404075,132.43305,132.4709,132.495225,132.5051,132.54885,132.563125,132.602975,132.6136,132.614925,132.63225,132.667225,132.679425,132.7078,132.7289,132.742225,132.7577,132.785475,132.8079,132.8226,132.849725,132.8517,132.910375,132.95255,132.962275,132.964575,132.985525,132.99315,133.019,133.0642,133.0948,133.35905,133.386425,133.389875,133.430925,133.45065,133.481225,133.49765,133.505175,133.522125,133.542325,133.5442,133.590975,133.60165,133.60525,133.617925,133.6254,133.629725,133.64155,133.695875,133.7786,133.784575,133.8056,133.809425,133.819475,133.827375,133.850475,133.899675,133.91865,133.931275,133.9482,133.958,133.997525,134.00665,134.045025,134.08405,134.091375,134.2401,134.253075,134.2647,134.29045,134.298325,134.33925,134.345975,134.359575,134.400075,134.407525,134.459825,134.4664,134.4898,134.5281,134.53975,134.56225,134.58055,134.582575,134.64735,134.662825,134.68715,134.73345,134.738025,134.749,134.7562,134.7637,134.7707,134.781775,134.79525,134.80565,134.859225,134.8768,134.911175,134.95175,135.053,135.3425,135.42895,135.49465,135.505525,135.50775,135.5282,135.545775,135.570725,135.584225,135.59855,135.63085,135.671875,135.680375,135.701525,135.713575,135.73875,135.7445,135.7973,135.81475,135.82,135.89945,135.93095,135.947875,136.00465,136.075,136.0912,136.196025,136.197475,136.28,136.2904,136.302075,136.37945,136.40885,136.425725,136.438825,136.4861,136.5117,136.5212,136.538275,136.58115,136.6528,136.677125,136.729025,136.7444,136.936825,137.094875,137.15035,137.249,137.278725,137.456725,137.482175,137.49265,137.51205,137.528675,137.539975,137.557725,137.560575,137.606275,137.611225,137.627525,137.640375,137.67625,137.6788,137.725475,137.737375,137.756,137.761025,137.785275,137.78945,137.790675,137.8143,137.8418,137.849275,137.857075,137.8981,137.931175,137.93845,137.945525,137.96745,138.005025,138.02885,138.050275,138.11025,138.12455,138.1369,138.143075,138.171775,138.298475,138.304625,138.339775,138.6798,139.166225,139.18665,139.199975,139.218175,139.2316,139.25095,139.274925,139.28265,139.311975,139.3143,139.345275,139.3536,139.375275,139.382525,139.40825,139.4333,139.4849,139.5097,139.529,139.535825,139.5618,139.57875,139.5978,139.628775,139.6441,139.6705,139.706875,139.709125,139.71545,139.8818,139.956775,141.124475,141.208075,141.317375,141.3803,141.387725,141.41985,141.432025,141.4548,141.458125,141.493925,141.533075,141.543025,141.57175,141.592375,141.6436,141.69175,141.711675,141.733575,141.756725,141.764025,141.8056,141.808525,141.8584,141.8606,141.874125,141.87655,141.90885,141.962875,142.026275,142.063,142.06785,142.46195,0,0,0,0,0,0,0,0,0,0,0,0,0,0,0,0,0,0,0,0,0,0,0,0,0,0,0,0,0,0,0,0,0,0,0,0,0,0,0,0,0,0,0,0,0,0,0,0,0,0,0,0,0,0,0,0,0,0,0,0,0,0,0,0,0,0,0,0,0,0,0,0,0,0,0,0,0,0,0,0,0,0,0,0,0,0,0,0,0,0,0,0,0,0,0,0,0,0,0,0,0,0,0,0,0,0,0,0,0,0,0,0,0,0,0,0,0,0,0,0,0,0,0,0,0
"188",129.750975,129.83,129.862925,129.877225,129.958075,129.9824,130.01905,130.04315,130.1155,130.23885,130.277175,130.311825,130.411725,131.402675,131.711,131.800775,131.84555,131.8874,131.9005,131.916825,131.941575,131.9919,132.067,132.923325,133.1967,133.2656,133.332725,134.4549,135.05615,135.086475,135.1071,135.166625,135.189775,135.240225,135.305075,135.351075,135.396825,135.464275,136.117875,136.4275,136.6006,136.643675,136.733625,136.754475,136.799975,136.871125,136.905375,136.949075,136.9687,136.993925,137.071225,137.093875,137.11675,137.149275,137.16865,137.31015,137.344475,137.3736,137.44245,138.262375,138.30765,138.35685,138.38765,138.461075,138.488425,138.51975,138.54075,138.569275,138.726275,138.745875,138.7746,138.82835,138.8555,138.9039,138.923375,139.00315,139.043075,139.86425,139.911725,139.98575,140.0261,140.068875,140.10485,140.14895,140.187475,140.23265,140.260925,140.287725,140.330725,140.37475,140.416925,140.442925,140.488325,140.538825,140.5942,140.66555,140.7102,140.815475,142.0175,142.112025,142.1545,142.2327,142.269775,142.312875,142.35535,142.394525,142.432325,142.453625,142.503425,142.5488,142.591,142.610125,142.649625,142.6785,142.7308,142.786125,142.810575,142.86465,142.90895,142.9432,142.97805,143.00945,143.0548,143.109,143.152675,143.183875,143.293225,143.330225,143.442475,144.3219,144.41895,144.5161,144.63825,144.701725,144.8138,144.897175,145.003975,145.148875,145.275025,145.350925,145.534025,145.767375,0,0,0,0,0,0,0,0,0,0,0,0,0,0,0,0,0,0,0,0,0,0,0,0,0,0,0,0,0,0,0,0,0,0,0,0,0,0,0,0,0,0,0,0,0,0,0,0,0,0,0,0,0,0,0,0,0,0,0,0,0,0,0,0,0,0,0,0,0,0,0,0,0,0,0,0,0,0,0,0,0,0,0,0,0,0,0,0,0,0,0,0,0,0,0,0,0,0,0,0,0,0,0,0,0,0,0,0,0,0,0,0,0,0,0,0,0,0,0,0,0,0,0,0,0,0,0,0,0,0,0,0,0,0,0,0,0,0,0,0,0,0,0,0,0,0,0,0,0,0,0,0,0,0,0,0,0,0,0,0,0,0,0,0,0,0,0,0,0,0,0,0,0,0,0,0,0,0,0,0,0,0,0,0,0,0,0,0,0,0,0,0,0,0,0,0,0,0,0,0,0,0,0,0,0,0,0,0,0,0,0,0,0,0,0,0,0,0,0,0,0,0,0,0,0,0,0,0,0,0,0,0,0,0,0,0,0,0,0,0,0,0,0,0,0,0,0,0,0,0,0,0,0,0,0,0,0,0,0,0,0,0,0,0,0,0,0,0,0,0,0,0,0,0,0,0,0,0,0,0,0,0,0,0,0,0,0,0,0,0,0,0,0,0,0,0,0,0,0,0,0,0,0,0,0,0,0,0,0,0,0,0,0,0,0,0,0,0,0,0,0,0,0,0,0,0,0,0,0,0,0,0,0,0,0
"189",130.790375,130.86675,130.934325,130.95075,130.978075,130.997925,131.0392,131.05945,131.120425,131.18615,131.241475,131.258225,131.3988,131.6254,132.166475,132.200375,132.283925,132.31215,132.332075,132.3789,132.4505,132.5784,132.599475,133.593775,133.77305,134.207,135.7645,135.818725,135.9876,137.660225,137.74505,137.832,137.856925,138.066925,139.3291,139.3806,139.44335,139.54035,139.584725,141.683125,141.8324,0,0,0,0,0,0,0,0,0,0,0,0,0,0,0,0,0,0,0,0,0,0,0,0,0,0,0,0,0,0,0,0,0,0,0,0,0,0,0,0,0,0,0,0,0,0,0,0,0,0,0,0,0,0,0,0,0,0,0,0,0,0,0,0,0,0,0,0,0,0,0,0,0,0,0,0,0,0,0,0,0,0,0,0,0,0,0,0,0,0,0,0,0,0,0,0,0,0,0,0,0,0,0,0,0,0,0,0,0,0,0,0,0,0,0,0,0,0,0,0,0,0,0,0,0,0,0,0,0,0,0,0,0,0,0,0,0,0,0,0,0,0,0,0,0,0,0,0,0,0,0,0,0,0,0,0,0,0,0,0,0,0,0,0,0,0,0,0,0,0,0,0,0,0,0,0,0,0,0,0,0,0,0,0,0,0,0,0,0,0,0,0,0,0,0,0,0,0,0,0,0,0,0,0,0,0,0,0,0,0,0,0,0,0,0,0,0,0,0,0,0,0,0,0,0,0,0,0,0,0,0,0,0,0,0,0,0,0,0,0,0,0,0,0,0,0,0,0,0,0,0,0,0,0,0,0,0,0,0,0,0,0,0,0,0,0,0,0,0,0,0,0,0,0,0,0,0,0,0,0,0,0,0,0,0,0,0,0,0,0,0,0,0,0,0,0,0,0,0,0,0,0,0,0,0,0,0,0,0,0,0,0,0,0,0,0,0,0,0,0,0,0,0,0,0,0,0,0,0,0,0,0,0,0,0,0,0,0,0,0,0,0,0,0,0,0,0,0,0,0,0,0,0,0,0,0,0,0,0,0,0,0,0,0,0,0,0,0,0,0,0,0,0,0,0,0,0,0,0,0,0,0,0,0,0,0,0,0,0,0,0,0,0,0,0,0,0,0,0,0,0,0,0,0,0,0,0,0,0,0,0,0,0,0,0,0,0,0,0,0,0,0,0,0,0,0,0,0,0,0,0,0,0,0,0,0
"190",131.78805,133.014675,133.25875,135.02985,138.666325,140.07215,140.2366,140.3981,142.47535,142.7278,142.9098,142.9416,142.97635,143.288625,0,0,0,0,0,0,0,0,0,0,0,0,0,0,0,0,0,0,0,0,0,0,0,0,0,0,0,0,0,0,0,0,0,0,0,0,0,0,0,0,0,0,0,0,0,0,0,0,0,0,0,0,0,0,0,0,0,0,0,0,0,0,0,0,0,0,0,0,0,0,0,0,0,0,0,0,0,0,0,0,0,0,0,0,0,0,0,0,0,0,0,0,0,0,0,0,0,0,0,0,0,0,0,0,0,0,0,0,0,0,0,0,0,0,0,0,0,0,0,0,0,0,0,0,0,0,0,0,0,0,0,0,0,0,0,0,0,0,0,0,0,0,0,0,0,0,0,0,0,0,0,0,0,0,0,0,0,0,0,0,0,0,0,0,0,0,0,0,0,0,0,0,0,0,0,0,0,0,0,0,0,0,0,0,0,0,0,0,0,0,0,0,0,0,0,0,0,0,0,0,0,0,0,0,0,0,0,0,0,0,0,0,0,0,0,0,0,0,0,0,0,0,0,0,0,0,0,0,0,0,0,0,0,0,0,0,0,0,0,0,0,0,0,0,0,0,0,0,0,0,0,0,0,0,0,0,0,0,0,0,0,0,0,0,0,0,0,0,0,0,0,0,0,0,0,0,0,0,0,0,0,0,0,0,0,0,0,0,0,0,0,0,0,0,0,0,0,0,0,0,0,0,0,0,0,0,0,0,0,0,0,0,0,0,0,0,0,0,0,0,0,0,0,0,0,0,0,0,0,0,0,0,0,0,0,0,0,0,0,0,0,0,0,0,0,0,0,0,0,0,0,0,0,0,0,0,0,0,0,0,0,0,0,0,0,0,0,0,0,0,0,0,0,0,0,0,0,0,0,0,0,0,0,0,0,0,0,0,0,0,0,0,0,0,0,0,0,0,0,0,0,0,0,0,0,0,0,0,0,0,0,0,0,0,0,0,0,0,0,0,0,0,0,0,0,0,0,0,0,0,0,0,0,0,0,0,0,0,0,0,0,0,0,0,0,0,0,0,0,0,0,0,0,0,0,0,0,0,0,0,0,0,0
"191",131.0279,131.40015,131.8397,133.190525,134.934525,135.148275,136.468575,136.596825,136.63485,136.723975,136.828075,136.87755,136.893725,136.96305,137.019025,137.04985,137.068425,137.142625,137.235475,137.26335,137.421275,138.50765,138.527925,138.6011,138.63975,138.657775,138.68635,138.707525,138.724,138.76765,138.780825,138.802275,138.8245,138.897325,139.858775,140.0063,140.11795,140.1505,140.205775,140.2565,140.31135,140.340125,140.359725,140.39495,140.463875,140.50285,140.536575,140.549825,140.597975,140.683325,142.07925,142.19065,142.301375,142.6359,142.743125,142.7899,142.7985,142.851425,142.95445,143.042775,143.0847,0,0,0,0,0,0,0,0,0,0,0,0,0,0,0,0,0,0,0,0,0,0,0,0,0,0,0,0,0,0,0,0,0,0,0,0,0,0,0,0,0,0,0,0,0,0,0,0,0,0,0,0,0,0,0,0,0,0,0,0,0,0,0,0,0,0,0,0,0,0,0,0,0,0,0,0,0,0,0,0,0,0,0,0,0,0,0,0,0,0,0,0,0,0,0,0,0,0,0,0,0,0,0,0,0,0,0,0,0,0,0,0,0,0,0,0,0,0,0,0,0,0,0,0,0,0,0,0,0,0,0,0,0,0,0,0,0,0,0,0,0,0,0,0,0,0,0,0,0,0,0,0,0,0,0,0,0,0,0,0,0,0,0,0,0,0,0,0,0,0,0,0,0,0,0,0,0,0,0,0,0,0,0,0,0,0,0,0,0,0,0,0,0,0,0,0,0,0,0,0,0,0,0,0,0,0,0,0,0,0,0,0,0,0,0,0,0,0,0,0,0,0,0,0,0,0,0,0,0,0,0,0,0,0,0,0,0,0,0,0,0,0,0,0,0,0,0,0,0,0,0,0,0,0,0,0,0,0,0,0,0,0,0,0,0,0,0,0,0,0,0,0,0,0,0,0,0,0,0,0,0,0,0,0,0,0,0,0,0,0,0,0,0,0,0,0,0,0,0,0,0,0,0,0,0,0,0,0,0,0,0,0,0,0,0,0,0,0,0,0,0,0,0,0,0,0,0,0,0,0,0,0,0,0,0,0,0,0,0,0,0,0,0,0,0,0,0,0,0,0,0,0,0,0,0,0,0,0,0,0,0,0,0,0,0,0,0,0,0,0,0,0,0,0,0,0,0,0,0,0,0,0,0,0,0,0,0,0,0,0,0,0,0,0,0,0,0,0,0,0,0,0,0,0,0,0,0,0,0,0,0,0,0,0,0,0
"192",132.307375,133.83125,133.9432,136.083425,136.1801,0,0,0,0,0,0,0,0,0,0,0,0,0,0,0,0,0,0,0,0,0,0,0,0,0,0,0,0,0,0,0,0,0,0,0,0,0,0,0,0,0,0,0,0,0,0,0,0,0,0,0,0,0,0,0,0,0,0,0,0,0,0,0,0,0,0,0,0,0,0,0,0,0,0,0,0,0,0,0,0,0,0,0,0,0,0,0,0,0,0,0,0,0,0,0,0,0,0,0,0,0,0,0,0,0,0,0,0,0,0,0,0,0,0,0,0,0,0,0,0,0,0,0,0,0,0,0,0,0,0,0,0,0,0,0,0,0,0,0,0,0,0,0,0,0,0,0,0,0,0,0,0,0,0,0,0,0,0,0,0,0,0,0,0,0,0,0,0,0,0,0,0,0,0,0,0,0,0,0,0,0,0,0,0,0,0,0,0,0,0,0,0,0,0,0,0,0,0,0,0,0,0,0,0,0,0,0,0,0,0,0,0,0,0,0,0,0,0,0,0,0,0,0,0,0,0,0,0,0,0,0,0,0,0,0,0,0,0,0,0,0,0,0,0,0,0,0,0,0,0,0,0,0,0,0,0,0,0,0,0,0,0,0,0,0,0,0,0,0,0,0,0,0,0,0,0,0,0,0,0,0,0,0,0,0,0,0,0,0,0,0,0,0,0,0,0,0,0,0,0,0,0,0,0,0,0,0,0,0,0,0,0,0,0,0,0,0,0,0,0,0,0,0,0,0,0,0,0,0,0,0,0,0,0,0,0,0,0,0,0,0,0,0,0,0,0,0,0,0,0,0,0,0,0,0,0,0,0,0,0,0,0,0,0,0,0,0,0,0,0,0,0,0,0,0,0,0,0,0,0,0,0,0,0,0,0,0,0,0,0,0,0,0,0,0,0,0,0,0,0,0,0,0,0,0,0,0,0,0,0,0,0,0,0,0,0,0,0,0,0,0,0,0,0,0,0,0,0,0,0,0,0,0,0,0,0,0,0,0,0,0,0,0,0,0,0,0,0,0,0,0,0,0,0,0,0,0,0,0,0,0,0,0,0,0,0,0,0,0,0,0,0
"193",131.843625,136.345225,136.480025,136.517775,136.5477,136.638975,137.053675,137.09885,137.1241,137.1585,137.201675,137.23025,137.248175,137.2735,137.30085,137.33625,138.550975,138.58455,138.61765,138.64955,138.67195,138.716825,138.778075,138.811775,138.843675,138.890775,138.91415,138.958225,140.350625,140.51195,0,0,0,0,0,0,0,0,0,0,0,0,0,0,0,0,0,0,0,0,0,0,0,0,0,0,0,0,0,0,0,0,0,0,0,0,0,0,0,0,0,0,0,0,0,0,0,0,0,0,0,0,0,0,0,0,0,0,0,0,0,0,0,0,0,0,0,0,0,0,0,0,0,0,0,0,0,0,0,0,0,0,0,0,0,0,0,0,0,0,0,0,0,0,0,0,0,0,0,0,0,0,0,0,0,0,0,0,0,0,0,0,0,0,0,0,0,0,0,0,0,0,0,0,0,0,0,0,0,0,0,0,0,0,0,0,0,0,0,0,0,0,0,0,0,0,0,0,0,0,0,0,0,0,0,0,0,0,0,0,0,0,0,0,0,0,0,0,0,0,0,0,0,0,0,0,0,0,0,0,0,0,0,0,0,0,0,0,0,0,0,0,0,0,0,0,0,0,0,0,0,0,0,0,0,0,0,0,0,0,0,0,0,0,0,0,0,0,0,0,0,0,0,0,0,0,0,0,0,0,0,0,0,0,0,0,0,0,0,0,0,0,0,0,0,0,0,0,0,0,0,0,0,0,0,0,0,0,0,0,0,0,0,0,0,0,0,0,0,0,0,0,0,0,0,0,0,0,0,0,0,0,0,0,0,0,0,0,0,0,0,0,0,0,0,0,0,0,0,0,0,0,0,0,0,0,0,0,0,0,0,0,0,0,0,0,0,0,0,0,0,0,0,0,0,0,0,0,0,0,0,0,0,0,0,0,0,0,0,0,0,0,0,0,0,0,0,0,0,0,0,0,0,0,0,0,0,0,0,0,0,0,0,0,0,0,0,0,0,0,0,0,0,0,0,0,0,0,0,0,0,0,0,0,0,0,0,0,0,0,0,0,0,0,0,0,0,0,0,0,0,0,0,0,0,0,0,0,0,0,0,0,0,0,0,0,0,0,0,0,0,0,0,0,0,0,0,0,0,0,0,0,0,0,0,0,0,0,0,0,0,0,0,0,0,0,0
"194",130.5602,130.57565,130.593875,130.643925,130.685425,130.7193,130.749275,133.42315,137.537825,139.169825,139.20205,139.224575,141.03705,141.12825,141.178075,0,0,0,0,0,0,0,0,0,0,0,0,0,0,0,0,0,0,0,0,0,0,0,0,0,0,0,0,0,0,0,0,0,0,0,0,0,0,0,0,0,0,0,0,0,0,0,0,0,0,0,0,0,0,0,0,0,0,0,0,0,0,0,0,0,0,0,0,0,0,0,0,0,0,0,0,0,0,0,0,0,0,0,0,0,0,0,0,0,0,0,0,0,0,0,0,0,0,0,0,0,0,0,0,0,0,0,0,0,0,0,0,0,0,0,0,0,0,0,0,0,0,0,0,0,0,0,0,0,0,0,0,0,0,0,0,0,0,0,0,0,0,0,0,0,0,0,0,0,0,0,0,0,0,0,0,0,0,0,0,0,0,0,0,0,0,0,0,0,0,0,0,0,0,0,0,0,0,0,0,0,0,0,0,0,0,0,0,0,0,0,0,0,0,0,0,0,0,0,0,0,0,0,0,0,0,0,0,0,0,0,0,0,0,0,0,0,0,0,0,0,0,0,0,0,0,0,0,0,0,0,0,0,0,0,0,0,0,0,0,0,0,0,0,0,0,0,0,0,0,0,0,0,0,0,0,0,0,0,0,0,0,0,0,0,0,0,0,0,0,0,0,0,0,0,0,0,0,0,0,0,0,0,0,0,0,0,0,0,0,0,0,0,0,0,0,0,0,0,0,0,0,0,0,0,0,0,0,0,0,0,0,0,0,0,0,0,0,0,0,0,0,0,0,0,0,0,0,0,0,0,0,0,0,0,0,0,0,0,0,0,0,0,0,0,0,0,0,0,0,0,0,0,0,0,0,0,0,0,0,0,0,0,0,0,0,0,0,0,0,0,0,0,0,0,0,0,0,0,0,0,0,0,0,0,0,0,0,0,0,0,0,0,0,0,0,0,0,0,0,0,0,0,0,0,0,0,0,0,0,0,0,0,0,0,0,0,0,0,0,0,0,0,0,0,0,0,0,0,0,0,0,0,0,0,0,0,0,0,0,0,0,0,0,0,0,0,0,0,0,0,0,0,0,0,0,0,0,0,0,0,0
"195",132.5965,132.825275,133.070625,133.291375,135.095875,135.472975,135.976725,136.1651,136.35055,136.467725,136.5722,136.66505,136.73945,136.8123,136.883475,137.00295,137.1012,137.340425,138.1678,138.312875,138.385375,138.552675,138.643325,138.760125,138.8527,138.957225,139.570725,139.811625,140.00585,140.251275,0,0,0,0,0,0,0,0,0,0,0,0,0,0,0,0,0,0,0,0,0,0,0,0,0,0,0,0,0,0,0,0,0,0,0,0,0,0,0,0,0,0,0,0,0,0,0,0,0,0,0,0,0,0,0,0,0,0,0,0,0,0,0,0,0,0,0,0,0,0,0,0,0,0,0,0,0,0,0,0,0,0,0,0,0,0,0,0,0,0,0,0,0,0,0,0,0,0,0,0,0,0,0,0,0,0,0,0,0,0,0,0,0,0,0,0,0,0,0,0,0,0,0,0,0,0,0,0,0,0,0,0,0,0,0,0,0,0,0,0,0,0,0,0,0,0,0,0,0,0,0,0,0,0,0,0,0,0,0,0,0,0,0,0,0,0,0,0,0,0,0,0,0,0,0,0,0,0,0,0,0,0,0,0,0,0,0,0,0,0,0,0,0,0,0,0,0,0,0,0,0,0,0,0,0,0,0,0,0,0,0,0,0,0,0,0,0,0,0,0,0,0,0,0,0,0,0,0,0,0,0,0,0,0,0,0,0,0,0,0,0,0,0,0,0,0,0,0,0,0,0,0,0,0,0,0,0,0,0,0,0,0,0,0,0,0,0,0,0,0,0,0,0,0,0,0,0,0,0,0,0,0,0,0,0,0,0,0,0,0,0,0,0,0,0,0,0,0,0,0,0,0,0,0,0,0,0,0,0,0,0,0,0,0,0,0,0,0,0,0,0,0,0,0,0,0,0,0,0,0,0,0,0,0,0,0,0,0,0,0,0,0,0,0,0,0,0,0,0,0,0,0,0,0,0,0,0,0,0,0,0,0,0,0,0,0,0,0,0,0,0,0,0,0,0,0,0,0,0,0,0,0,0,0,0,0,0,0,0,0,0,0,0,0,0,0,0,0,0,0,0,0,0,0,0,0,0,0,0,0,0,0,0,0,0,0,0,0,0,0,0,0,0,0,0,0,0,0,0,0,0,0,0,0,0,0,0,0,0,0,0,0,0,0,0,0,0
"196",131.342075,131.384275,131.47165,131.54005,132.491925,132.524,132.557725,132.57665,132.592625,132.6111,132.6277,132.646525,132.667825,132.683175,132.709525,132.733825,132.758775,132.784675,132.84625,132.9194,134.43885,134.466825,134.506175,134.536075,134.55985,134.581425,134.600975,134.621975,134.6435,134.66085,134.6992,134.7215,134.7573,134.7815,134.81055,134.834875,134.873125,137.80535,137.8624,137.916225,137.942975,137.986325,138.107175,0,0,0,0,0,0,0,0,0,0,0,0,0,0,0,0,0,0,0,0,0,0,0,0,0,0,0,0,0,0,0,0,0,0,0,0,0,0,0,0,0,0,0,0,0,0,0,0,0,0,0,0,0,0,0,0,0,0,0,0,0,0,0,0,0,0,0,0,0,0,0,0,0,0,0,0,0,0,0,0,0,0,0,0,0,0,0,0,0,0,0,0,0,0,0,0,0,0,0,0,0,0,0,0,0,0,0,0,0,0,0,0,0,0,0,0,0,0,0,0,0,0,0,0,0,0,0,0,0,0,0,0,0,0,0,0,0,0,0,0,0,0,0,0,0,0,0,0,0,0,0,0,0,0,0,0,0,0,0,0,0,0,0,0,0,0,0,0,0,0,0,0,0,0,0,0,0,0,0,0,0,0,0,0,0,0,0,0,0,0,0,0,0,0,0,0,0,0,0,0,0,0,0,0,0,0,0,0,0,0,0,0,0,0,0,0,0,0,0,0,0,0,0,0,0,0,0,0,0,0,0,0,0,0,0,0,0,0,0,0,0,0,0,0,0,0,0,0,0,0,0,0,0,0,0,0,0,0,0,0,0,0,0,0,0,0,0,0,0,0,0,0,0,0,0,0,0,0,0,0,0,0,0,0,0,0,0,0,0,0,0,0,0,0,0,0,0,0,0,0,0,0,0,0,0,0,0,0,0,0,0,0,0,0,0,0,0,0,0,0,0,0,0,0,0,0,0,0,0,0,0,0,0,0,0,0,0,0,0,0,0,0,0,0,0,0,0,0,0,0,0,0,0,0,0,0,0,0,0,0,0,0,0,0,0,0,0,0,0,0,0,0,0,0,0,0,0,0,0,0,0,0,0,0,0,0,0,0,0,0,0,0,0,0,0,0,0,0,0,0,0,0,0,0,0,0,0,0,0,0,0,0,0,0,0,0,0,0,0,0,0,0,0,0,0,0,0,0,0,0,0,0,0,0
"197",130.0027,130.060725,130.14145,130.22745,130.3653,130.5329,130.55645,130.677525,130.986775,131.02445,131.11655,131.1904,131.216475,131.4526,131.675025,131.736325,131.79945,131.87015,131.996575,132.17815,132.291775,132.31445,132.666,133.027125,133.2079,133.3014,133.3446,133.429825,133.84165,133.922275,134.141625,134.2194,134.296925,134.34695,134.6951,134.927775,134.989,135.2219,135.29705,135.331225,135.395175,135.829375,135.891175,135.971,135.996925,136.021525,136.077525,136.253075,136.316575,0,0,0,0,0,0,0,0,0,0,0,0,0,0,0,0,0,0,0,0,0,0,0,0,0,0,0,0,0,0,0,0,0,0,0,0,0,0,0,0,0,0,0,0,0,0,0,0,0,0,0,0,0,0,0,0,0,0,0,0,0,0,0,0,0,0,0,0,0,0,0,0,0,0,0,0,0,0,0,0,0,0,0,0,0,0,0,0,0,0,0,0,0,0,0,0,0,0,0,0,0,0,0,0,0,0,0,0,0,0,0,0,0,0,0,0,0,0,0,0,0,0,0,0,0,0,0,0,0,0,0,0,0,0,0,0,0,0,0,0,0,0,0,0,0,0,0,0,0,0,0,0,0,0,0,0,0,0,0,0,0,0,0,0,0,0,0,0,0,0,0,0,0,0,0,0,0,0,0,0,0,0,0,0,0,0,0,0,0,0,0,0,0,0,0,0,0,0,0,0,0,0,0,0,0,0,0,0,0,0,0,0,0,0,0,0,0,0,0,0,0,0,0,0,0,0,0,0,0,0,0,0,0,0,0,0,0,0,0,0,0,0,0,0,0,0,0,0,0,0,0,0,0,0,0,0,0,0,0,0,0,0,0,0,0,0,0,0,0,0,0,0,0,0,0,0,0,0,0,0,0,0,0,0,0,0,0,0,0,0,0,0,0,0,0,0,0,0,0,0,0,0,0,0,0,0,0,0,0,0,0,0,0,0,0,0,0,0,0,0,0,0,0,0,0,0,0,0,0,0,0,0,0,0,0,0,0,0,0,0,0,0,0,0,0,0,0,0,0,0,0,0,0,0,0,0,0,0,0,0,0,0,0,0,0,0,0,0,0,0,0,0,0,0,0,0,0,0,0,0,0,0,0,0,0,0,0,0,0,0,0,0,0,0,0,0,0,0,0,0,0,0,0,0,0,0,0,0,0,0,0,0,0,0,0,0,0,0,0,0,0,0,0,0,0,0,0,0
"198",130.5169,130.5446,130.555325,130.59195,130.747625,131.000675,131.314425,131.613375,131.642825,132.00735,132.051175,132.074025,132.137425,132.1992,132.32695,132.3706,132.629525,132.717075,133.5346,133.713575,133.74255,133.792175,134.246675,134.516425,134.903975,135.477975,135.640375,136.1472,137.488075,137.52445,137.623925,137.705225,137.928075,138.069475,139.383475,139.4662,139.536675,0,0,0,0,0,0,0,0,0,0,0,0,0,0,0,0,0,0,0,0,0,0,0,0,0,0,0,0,0,0,0,0,0,0,0,0,0,0,0,0,0,0,0,0,0,0,0,0,0,0,0,0,0,0,0,0,0,0,0,0,0,0,0,0,0,0,0,0,0,0,0,0,0,0,0,0,0,0,0,0,0,0,0,0,0,0,0,0,0,0,0,0,0,0,0,0,0,0,0,0,0,0,0,0,0,0,0,0,0,0,0,0,0,0,0,0,0,0,0,0,0,0,0,0,0,0,0,0,0,0,0,0,0,0,0,0,0,0,0,0,0,0,0,0,0,0,0,0,0,0,0,0,0,0,0,0,0,0,0,0,0,0,0,0,0,0,0,0,0,0,0,0,0,0,0,0,0,0,0,0,0,0,0,0,0,0,0,0,0,0,0,0,0,0,0,0,0,0,0,0,0,0,0,0,0,0,0,0,0,0,0,0,0,0,0,0,0,0,0,0,0,0,0,0,0,0,0,0,0,0,0,0,0,0,0,0,0,0,0,0,0,0,0,0,0,0,0,0,0,0,0,0,0,0,0,0,0,0,0,0,0,0,0,0,0,0,0,0,0,0,0,0,0,0,0,0,0,0,0,0,0,0,0,0,0,0,0,0,0,0,0,0,0,0,0,0,0,0,0,0,0,0,0,0,0,0,0,0,0,0,0,0,0,0,0,0,0,0,0,0,0,0,0,0,0,0,0,0,0,0,0,0,0,0,0,0,0,0,0,0,0,0,0,0,0,0,0,0,0,0,0,0,0,0,0,0,0,0,0,0,0,0,0,0,0,0,0,0,0,0,0,0,0,0,0,0,0,0,0,0,0,0,0,0,0,0,0,0,0,0,0,0,0,0,0,0,0,0,0,0,0,0,0,0,0,0,0,0,0,0,0,0,0,0,0,0,0,0,0,0,0,0,0,0,0,0,0,0,0,0,0,0,0,0,0,0,0,0,0,0
"199",129.794725,131.3085,131.739525,131.79275,131.8475,131.922725,131.964825,133.099875,133.2095,133.265025,133.30195,133.870125,135.01725,135.04615,135.12825,135.27785,135.31415,135.37555,135.796025,137.17015,137.267375,138.66085,138.70565,138.7688,139.7724,140.543475,141.510575,142.237775,144.53885,144.548225,0,0,0,0,0,0,0,0,0,0,0,0,0,0,0,0,0,0,0,0,0,0,0,0,0,0,0,0,0,0,0,0,0,0,0,0,0,0,0,0,0,0,0,0,0,0,0,0,0,0,0,0,0,0,0,0,0,0,0,0,0,0,0,0,0,0,0,0,0,0,0,0,0,0,0,0,0,0,0,0,0,0,0,0,0,0,0,0,0,0,0,0,0,0,0,0,0,0,0,0,0,0,0,0,0,0,0,0,0,0,0,0,0,0,0,0,0,0,0,0,0,0,0,0,0,0,0,0,0,0,0,0,0,0,0,0,0,0,0,0,0,0,0,0,0,0,0,0,0,0,0,0,0,0,0,0,0,0,0,0,0,0,0,0,0,0,0,0,0,0,0,0,0,0,0,0,0,0,0,0,0,0,0,0,0,0,0,0,0,0,0,0,0,0,0,0,0,0,0,0,0,0,0,0,0,0,0,0,0,0,0,0,0,0,0,0,0,0,0,0,0,0,0,0,0,0,0,0,0,0,0,0,0,0,0,0,0,0,0,0,0,0,0,0,0,0,0,0,0,0,0,0,0,0,0,0,0,0,0,0,0,0,0,0,0,0,0,0,0,0,0,0,0,0,0,0,0,0,0,0,0,0,0,0,0,0,0,0,0,0,0,0,0,0,0,0,0,0,0,0,0,0,0,0,0,0,0,0,0,0,0,0,0,0,0,0,0,0,0,0,0,0,0,0,0,0,0,0,0,0,0,0,0,0,0,0,0,0,0,0,0,0,0,0,0,0,0,0,0,0,0,0,0,0,0,0,0,0,0,0,0,0,0,0,0,0,0,0,0,0,0,0,0,0,0,0,0,0,0,0,0,0,0,0,0,0,0,0,0,0,0,0,0,0,0,0,0,0,0,0,0,0,0,0,0,0,0,0,0,0,0,0,0,0,0,0,0,0,0,0,0,0,0,0,0,0,0,0,0,0,0,0,0,0,0,0,0,0,0,0,0,0,0,0,0,0,0
"200",129.538825,129.9849,130.170625,130.2299,130.289975,130.377125,130.41435,130.5586,130.653625,130.759525,130.7866,130.834225,130.861,130.8957,130.917875,131.018225,131.107575,131.15285,131.20415,131.272,131.319075,131.35435,131.387175,131.411675,131.48465,131.49285,131.52455,131.53805,131.584525,131.628575,131.6537,131.67475,131.696775,131.724975,131.852575,131.88725,131.958725,132.01355,132.07605,132.096975,132.179325,132.20675,132.23,132.264875,132.315,132.362275,132.364,132.48565,132.510275,132.5436,132.58215,132.63205,132.664225,132.72375,132.728075,132.737525,132.8256,132.8729,132.8979,132.904475,132.918825,132.93725,132.953225,132.960975,132.987825,133.023075,133.074775,133.127125,133.172675,133.24505,133.314275,133.35505,133.390825,133.3999,133.40235,133.47465,133.50225,133.509825,133.5513,133.6054,133.62445,133.6623,133.696925,133.711475,133.80545,133.807025,133.846575,133.967125,133.979775,134.173025,134.1891,134.2756,134.32505,134.404625,134.47085,134.524525,134.534,134.5539,134.5913,134.6148,134.6553,134.663675,134.68485,134.693975,134.71545,134.78505,134.824375,134.88095,134.894225,134.903025,134.918875,134.95355,134.977325,134.998125,135.024025,135.03645,135.039025,135.049075,135.05255,135.079825,135.1075,135.170375,135.20755,135.237475,135.257275,135.2954,135.34025,135.391975,135.429325,135.463925,135.49745,135.52755,135.571975,135.61755,135.68965,135.7436,135.747175,135.803425,135.869,135.90915,135.9681,136.0512,136.1296,136.1998,136.275825,136.4841,136.59985,136.617775,136.648125,136.670525,136.70695,136.7411,136.7471,136.774175,136.82975,136.865225,136.947675,136.98175,136.9938,137.00225,137.016675,137.0867,137.1362,137.28885,137.465225,137.472875,137.61095,137.671875,137.717625,137.801675,137.824375,137.842075,137.925125,138.035275,138.196125,138.276625,138.32635,138.376675,138.541625,138.62115,138.6636,139.06205,139.113725,139.14655,139.185325,139.221275,139.25175,139.3195,139.370375,139.406125,139.446025,139.601575,139.638975,139.6812,139.728425,139.78275,139.817975,139.848775,139.884475,139.918125,139.950875,140.0001,140.0568,140.106625,140.109225,140.3699,140.577525,140.610875,140.776725,140.83455,140.892075,140.954525,140.99395,141.002275,141.046275,141.078775,141.114825,141.152875,141.2094,141.2658,141.3299,141.360175,141.4004,141.4336,141.4723,141.516,141.559325,141.601325,141.625825,141.654475,141.723475,141.77945,141.79955,141.854625,141.89635,141.9309,142.0113,142.075075,142.1101,142.1617,142.1931,142.309025,142.368325,142.569225,143.65655,143.748775,143.828375,143.87675,143.9156,143.988675,144.040125,144.103025,144.215125,144.266875,144.398175,149.695,149.878525,0,0,0,0,0,0,0,0,0,0,0,0,0,0,0,0,0,0,0,0,0,0,0,0,0,0,0,0,0,0,0,0,0,0,0,0,0,0,0,0,0,0,0,0,0,0,0,0,0,0,0,0,0,0,0,0,0,0,0,0,0,0,0,0,0,0,0,0,0,0,0,0,0,0,0,0,0,0,0,0,0,0,0,0,0,0,0,0,0,0,0,0,0,0,0,0,0,0,0,0,0,0,0,0,0,0,0,0,0,0,0,0,0,0,0,0,0,0,0,0,0,0,0,0,0,0,0,0,0,0,0,0,0,0,0,0,0,0,0,0,0,0,0,0,0,0,0,0,0,0,0,0,0,0,0,0,0,0,0,0,0,0,0,0,0,0,0,0,0,0,0,0,0,0,0,0,0,0,0,0,0,0,0,0,0,0,0,0,0,0,0,0,0,0,0,0,0,0,0,0,0,0,0,0,0,0,0,0,0,0,0,0,0,0,0,0,0,0,0,0
"201",131.242875,131.81605,131.827275,133.14785,134.44925,134.50365,134.594075,136.3558,136.424175,136.546575,136.66875,136.97945,137.08605,137.10585,137.12215,137.163925,137.19595,137.216675,137.2914,137.30355,137.340875,138.088725,138.5188,138.556325,138.55735,138.572025,138.621925,138.662675,138.67365,138.8417,138.87195,138.9206,140.218525,140.4473,143.11655,0,0,0,0,0,0,0,0,0,0,0,0,0,0,0,0,0,0,0,0,0,0,0,0,0,0,0,0,0,0,0,0,0,0,0,0,0,0,0,0,0,0,0,0,0,0,0,0,0,0,0,0,0,0,0,0,0,0,0,0,0,0,0,0,0,0,0,0,0,0,0,0,0,0,0,0,0,0,0,0,0,0,0,0,0,0,0,0,0,0,0,0,0,0,0,0,0,0,0,0,0,0,0,0,0,0,0,0,0,0,0,0,0,0,0,0,0,0,0,0,0,0,0,0,0,0,0,0,0,0,0,0,0,0,0,0,0,0,0,0,0,0,0,0,0,0,0,0,0,0,0,0,0,0,0,0,0,0,0,0,0,0,0,0,0,0,0,0,0,0,0,0,0,0,0,0,0,0,0,0,0,0,0,0,0,0,0,0,0,0,0,0,0,0,0,0,0,0,0,0,0,0,0,0,0,0,0,0,0,0,0,0,0,0,0,0,0,0,0,0,0,0,0,0,0,0,0,0,0,0,0,0,0,0,0,0,0,0,0,0,0,0,0,0,0,0,0,0,0,0,0,0,0,0,0,0,0,0,0,0,0,0,0,0,0,0,0,0,0,0,0,0,0,0,0,0,0,0,0,0,0,0,0,0,0,0,0,0,0,0,0,0,0,0,0,0,0,0,0,0,0,0,0,0,0,0,0,0,0,0,0,0,0,0,0,0,0,0,0,0,0,0,0,0,0,0,0,0,0,0,0,0,0,0,0,0,0,0,0,0,0,0,0,0,0,0,0,0,0,0,0,0,0,0,0,0,0,0,0,0,0,0,0,0,0,0,0,0,0,0,0,0,0,0,0,0,0,0,0,0,0,0,0,0,0,0,0,0,0,0,0,0,0,0,0,0,0,0,0,0,0,0,0,0,0,0,0,0,0,0,0,0,0,0,0,0,0,0,0,0,0,0,0,0,0,0,0,0,0,0,0,0,0,0,0,0,0,0,0,0,0,0
"202",130.64825,130.68785,132.7397,133.414925,133.447675,139.18335,141.09285,141.20575,141.240725,141.304775,0,0,0,0,0,0,0,0,0,0,0,0,0,0,0,0,0,0,0,0,0,0,0,0,0,0,0,0,0,0,0,0,0,0,0,0,0,0,0,0,0,0,0,0,0,0,0,0,0,0,0,0,0,0,0,0,0,0,0,0,0,0,0,0,0,0,0,0,0,0,0,0,0,0,0,0,0,0,0,0,0,0,0,0,0,0,0,0,0,0,0,0,0,0,0,0,0,0,0,0,0,0,0,0,0,0,0,0,0,0,0,0,0,0,0,0,0,0,0,0,0,0,0,0,0,0,0,0,0,0,0,0,0,0,0,0,0,0,0,0,0,0,0,0,0,0,0,0,0,0,0,0,0,0,0,0,0,0,0,0,0,0,0,0,0,0,0,0,0,0,0,0,0,0,0,0,0,0,0,0,0,0,0,0,0,0,0,0,0,0,0,0,0,0,0,0,0,0,0,0,0,0,0,0,0,0,0,0,0,0,0,0,0,0,0,0,0,0,0,0,0,0,0,0,0,0,0,0,0,0,0,0,0,0,0,0,0,0,0,0,0,0,0,0,0,0,0,0,0,0,0,0,0,0,0,0,0,0,0,0,0,0,0,0,0,0,0,0,0,0,0,0,0,0,0,0,0,0,0,0,0,0,0,0,0,0,0,0,0,0,0,0,0,0,0,0,0,0,0,0,0,0,0,0,0,0,0,0,0,0,0,0,0,0,0,0,0,0,0,0,0,0,0,0,0,0,0,0,0,0,0,0,0,0,0,0,0,0,0,0,0,0,0,0,0,0,0,0,0,0,0,0,0,0,0,0,0,0,0,0,0,0,0,0,0,0,0,0,0,0,0,0,0,0,0,0,0,0,0,0,0,0,0,0,0,0,0,0,0,0,0,0,0,0,0,0,0,0,0,0,0,0,0,0,0,0,0,0,0,0,0,0,0,0,0,0,0,0,0,0,0,0,0,0,0,0,0,0,0,0,0,0,0,0,0,0,0,0,0,0,0,0,0,0,0,0,0,0,0,0,0,0,0,0,0,0,0,0,0,0,0,0,0,0,0,0,0
"203",131.03695,131.197325,131.366125,131.455875,131.533675,132.1826,132.234675,132.309725,132.40285,132.5873,132.65165,132.77525,133.42885,133.5794,133.7288,133.80765,133.847175,134.090275,134.1242,134.153875,134.398525,134.716025,134.878625,135.5453,135.5572,135.5738,135.7415,137.504925,137.584725,137.599975,137.838175,138.0309,0,0,0,0,0,0,0,0,0,0,0,0,0,0,0,0,0,0,0,0,0,0,0,0,0,0,0,0,0,0,0,0,0,0,0,0,0,0,0,0,0,0,0,0,0,0,0,0,0,0,0,0,0,0,0,0,0,0,0,0,0,0,0,0,0,0,0,0,0,0,0,0,0,0,0,0,0,0,0,0,0,0,0,0,0,0,0,0,0,0,0,0,0,0,0,0,0,0,0,0,0,0,0,0,0,0,0,0,0,0,0,0,0,0,0,0,0,0,0,0,0,0,0,0,0,0,0,0,0,0,0,0,0,0,0,0,0,0,0,0,0,0,0,0,0,0,0,0,0,0,0,0,0,0,0,0,0,0,0,0,0,0,0,0,0,0,0,0,0,0,0,0,0,0,0,0,0,0,0,0,0,0,0,0,0,0,0,0,0,0,0,0,0,0,0,0,0,0,0,0,0,0,0,0,0,0,0,0,0,0,0,0,0,0,0,0,0,0,0,0,0,0,0,0,0,0,0,0,0,0,0,0,0,0,0,0,0,0,0,0,0,0,0,0,0,0,0,0,0,0,0,0,0,0,0,0,0,0,0,0,0,0,0,0,0,0,0,0,0,0,0,0,0,0,0,0,0,0,0,0,0,0,0,0,0,0,0,0,0,0,0,0,0,0,0,0,0,0,0,0,0,0,0,0,0,0,0,0,0,0,0,0,0,0,0,0,0,0,0,0,0,0,0,0,0,0,0,0,0,0,0,0,0,0,0,0,0,0,0,0,0,0,0,0,0,0,0,0,0,0,0,0,0,0,0,0,0,0,0,0,0,0,0,0,0,0,0,0,0,0,0,0,0,0,0,0,0,0,0,0,0,0,0,0,0,0,0,0,0,0,0,0,0,0,0,0,0,0,0,0,0,0,0,0,0,0,0,0,0,0,0,0,0,0,0,0,0,0,0,0,0,0,0,0,0,0,0,0,0,0,0,0,0,0,0,0,0,0,0,0,0,0,0,0,0
"204",130.5621,130.617575,130.7152,130.76475,130.8756,130.956325,131.169275,131.277975,131.577525,132.094325,132.172,132.2112,132.27985,132.832525,133.497525,133.6709,133.756225,133.94945,134.0251,134.054,134.348825,134.9599,135.649925,135.665475,137.554025,137.64245,137.899125,137.9999,0,0,0,0,0,0,0,0,0,0,0,0,0,0,0,0,0,0,0,0,0,0,0,0,0,0,0,0,0,0,0,0,0,0,0,0,0,0,0,0,0,0,0,0,0,0,0,0,0,0,0,0,0,0,0,0,0,0,0,0,0,0,0,0,0,0,0,0,0,0,0,0,0,0,0,0,0,0,0,0,0,0,0,0,0,0,0,0,0,0,0,0,0,0,0,0,0,0,0,0,0,0,0,0,0,0,0,0,0,0,0,0,0,0,0,0,0,0,0,0,0,0,0,0,0,0,0,0,0,0,0,0,0,0,0,0,0,0,0,0,0,0,0,0,0,0,0,0,0,0,0,0,0,0,0,0,0,0,0,0,0,0,0,0,0,0,0,0,0,0,0,0,0,0,0,0,0,0,0,0,0,0,0,0,0,0,0,0,0,0,0,0,0,0,0,0,0,0,0,0,0,0,0,0,0,0,0,0,0,0,0,0,0,0,0,0,0,0,0,0,0,0,0,0,0,0,0,0,0,0,0,0,0,0,0,0,0,0,0,0,0,0,0,0,0,0,0,0,0,0,0,0,0,0,0,0,0,0,0,0,0,0,0,0,0,0,0,0,0,0,0,0,0,0,0,0,0,0,0,0,0,0,0,0,0,0,0,0,0,0,0,0,0,0,0,0,0,0,0,0,0,0,0,0,0,0,0,0,0,0,0,0,0,0,0,0,0,0,0,0,0,0,0,0,0,0,0,0,0,0,0,0,0,0,0,0,0,0,0,0,0,0,0,0,0,0,0,0,0,0,0,0,0,0,0,0,0,0,0,0,0,0,0,0,0,0,0,0,0,0,0,0,0,0,0,0,0,0,0,0,0,0,0,0,0,0,0,0,0,0,0,0,0,0,0,0,0,0,0,0,0,0,0,0,0,0,0,0,0,0,0,0,0,0,0,0,0,0,0,0,0,0,0,0,0,0,0,0,0,0,0,0,0,0,0,0,0,0,0,0,0,0,0,0,0,0,0,0,0
"205",129.544925,129.55465,129.555075,129.6172,129.648675,129.707,129.7726,129.838075,129.877975,129.922475,129.9417,129.9949,130.03645,130.0694,130.077575,130.08005,130.137825,130.1575,130.201125,130.229975,130.24185,130.263675,130.297,130.326075,130.3579,130.3825,130.445975,130.487225,130.4908,130.50945,130.529675,130.535475,130.5974,130.608375,130.67325,130.708925,130.7571,130.816825,130.84305,130.8756,130.918325,130.9723,131.012575,131.02985,131.0468,131.055225,131.089825,131.100875,131.101675,131.133975,131.17835,131.211825,131.22665,131.250225,131.295475,131.29895,131.307,131.32225,131.35875,131.367225,131.387625,131.3973,131.4124,131.4282,131.437725,131.469925,131.476925,131.48505,131.52535,131.5268,131.536525,131.54095,131.56585,131.574725,131.584975,131.607925,131.63075,131.6337,131.655,131.655975,131.6826,131.7013,131.744025,131.77675,131.836475,131.8607,131.93675,132.0184,132.14515,132.148725,132.17345,132.1864,132.23315,132.236875,132.25125,132.282625,132.323225,132.3287,132.374075,132.40445,132.42335,132.44065,132.441175,132.47525,132.486825,132.52835,132.5483,132.579475,132.601725,132.616925,132.6242,132.630025,132.6624,132.6645,132.6812,132.73755,132.782625,132.79835,132.811925,132.8375,132.874225,132.91175,132.92825,132.93925,132.9897,132.990375,133.008625,133.014275,133.0393,133.0552,133.165925,133.2021,133.29525,133.38,133.4763,133.494875,133.52505,133.553175,133.60075,133.611075,133.6368,133.648075,133.6748,133.686325,133.72225,133.7521,133.778375,133.805525,133.83435,133.887325,133.900475,133.921175,133.942175,133.96375,133.97355,133.981125,133.991525,134.013275,134.037825,134.056575,134.07645,134.0918,134.1107,134.1503,134.161825,134.173025,134.212375,134.247225,134.25775,134.29615,134.318675,134.335725,134.3794,134.390625,134.4232,134.442275,134.44775,134.4653,134.5273,134.583225,134.618,134.68385,134.70625,134.726475,134.73105,134.779175,134.803,134.8297,134.8445,134.877475,134.8918,134.9001,134.94235,135.093575,135.098025,135.128575,135.156775,135.2189,135.222725,135.23315,135.312075,135.43855,135.523525,135.650175,135.75015,135.8318,135.85545,136.0492,136.084625,136.0976,136.157225,136.2037,136.24695,136.269825,136.297225,136.31755,136.35505,136.360825,136.388775,136.408475,136.425925,136.455375,136.49985,136.535125,136.573175,136.62295,136.762925,136.83895,137.6952,137.725625,137.77185,137.8361,137.8668,137.922475,137.934675,137.971075,137.997125,138.0308,138.049175,138.084625,138.111275,138.137375,138.16955,138.19505,138.9766,139.226925,139.274675,139.3607,139.496825,139.599475,139.631875,139.75385,140.02185,140.146875,140.283475,140.35865,140.40315,140.445225,140.494075,140.62305,140.755525,140.86445,140.925025,140.98735,141.01645,141.17645,141.334525,141.431175,141.60785,141.62755,141.848175,0,0,0,0,0,0,0,0,0,0,0,0,0,0,0,0,0,0,0,0,0,0,0,0,0,0,0,0,0,0,0,0,0,0,0,0,0,0,0,0,0,0,0,0,0,0,0,0,0,0,0,0,0,0,0,0,0,0,0,0,0,0,0,0,0,0,0,0,0,0,0,0,0,0,0,0,0,0,0,0,0,0,0,0,0,0,0,0,0,0,0,0,0,0,0,0,0,0,0,0,0,0,0,0,0,0,0,0,0,0,0,0,0,0,0,0,0,0,0,0,0,0,0,0,0,0,0,0,0,0,0,0,0,0,0,0,0,0,0,0,0,0,0,0,0,0,0,0,0,0,0,0,0,0,0,0,0,0,0,0,0,0,0,0,0,0,0,0,0,0,0,0,0,0,0,0,0,0,0,0,0,0,0,0,0,0,0,0,0,0,0,0,0,0,0,0,0,0,0,0,0,0,0,0,0,0
"206",129.515525,129.53445,129.549525,129.576725,129.584975,129.592175,129.623125,129.632525,129.64075,129.649875,129.669475,129.685525,129.694825,129.710075,129.716625,129.724025,129.744775,129.758325,129.77095,129.7882,129.79725,129.825775,129.834225,129.841675,129.87355,129.897575,129.906175,129.9154,129.938325,129.953175,129.970475,129.983725,130.006125,130.042125,130.056725,130.082075,130.1206,130.139725,130.1537,130.167025,130.1819,130.199325,130.210475,130.24025,130.24865,130.26205,130.271575,130.27775,130.285825,130.3053,130.31865,130.3544,130.365875,130.387525,130.429175,130.445375,130.484925,130.49735,130.5122,130.534875,130.57275,130.5983,130.621675,130.64415,130.700225,130.761625,130.781525,130.7967,130.823975,130.858475,130.87165,130.885975,130.9381,130.966525,130.983025,131.0036,131.02745,131.0725,131.102675,131.125375,131.202125,131.32025,131.5977,131.8809,131.91645,132.111925,132.25715,132.304425,132.512925,133.454325,133.524175,135.5259,135.544825,135.61305,135.702325,135.7337,135.7871,135.818025,135.8529,135.903375,135.919825,135.946925,135.972275,135.99435,136.013175,136.029325,136.058225,136.11725,142.697325,0,0,0,0,0,0,0,0,0,0,0,0,0,0,0,0,0,0,0,0,0,0,0,0,0,0,0,0,0,0,0,0,0,0,0,0,0,0,0,0,0,0,0,0,0,0,0,0,0,0,0,0,0,0,0,0,0,0,0,0,0,0,0,0,0,0,0,0,0,0,0,0,0,0,0,0,0,0,0,0,0,0,0,0,0,0,0,0,0,0,0,0,0,0,0,0,0,0,0,0,0,0,0,0,0,0,0,0,0,0,0,0,0,0,0,0,0,0,0,0,0,0,0,0,0,0,0,0,0,0,0,0,0,0,0,0,0,0,0,0,0,0,0,0,0,0,0,0,0,0,0,0,0,0,0,0,0,0,0,0,0,0,0,0,0,0,0,0,0,0,0,0,0,0,0,0,0,0,0,0,0,0,0,0,0,0,0,0,0,0,0,0,0,0,0,0,0,0,0,0,0,0,0,0,0,0,0,0,0,0,0,0,0,0,0,0,0,0,0,0,0,0,0,0,0,0,0,0,0,0,0,0,0,0,0,0,0,0,0,0,0,0,0,0,0,0,0,0,0,0,0,0,0,0,0,0,0,0,0,0,0,0,0,0,0,0,0,0,0,0,0,0,0,0,0,0,0,0,0,0,0,0,0,0,0,0,0,0,0,0,0,0,0,0,0,0,0,0,0,0,0,0,0,0,0,0,0,0,0,0,0,0,0,0,0,0,0,0,0,0,0,0,0,0,0,0,0,0,0,0,0,0,0,0,0,0,0,0,0,0,0,0,0,0,0,0,0,0,0,0,0,0,0,0,0,0,0,0,0,0,0,0,0,0,0,0,0,0
"207",129.558,129.58435,129.626125,129.68385,129.705975,129.762625,129.781675,129.79845,129.816675,129.843175,129.8826,129.917925,129.947325,129.9629,129.97135,130.003925,130.0172,130.03835,130.05455,130.07485,130.086475,130.1004,130.10645,130.134625,130.1526,130.162575,130.1817,130.224975,130.2556,130.2774,130.298825,130.368825,130.4207,130.4497,130.4665,130.503475,130.517725,130.532075,130.546525,130.556925,130.571525,130.58865,130.601675,130.626775,130.64155,130.6529,130.6634,130.697225,130.726425,130.7354,130.760675,130.790275,130.798875,130.805375,130.824325,130.86445,130.887775,130.896575,130.911325,130.925375,130.93595,130.95665,130.96345,130.978575,130.97965,130.995925,131.009,131.017075,131.0526,131.0921,131.12015,131.1518,131.162575,131.1791,131.194,131.227275,131.2515,131.2778,131.2876,131.299475,131.3285,131.3694,131.404925,131.476475,131.496225,131.52395,131.600325,131.631925,131.693725,131.728,131.751325,131.7885,131.819925,131.845375,131.933625,131.9577,131.975825,132.00505,132.019475,132.029725,132.045925,132.11255,132.1385,132.15415,132.190275,132.199775,132.2233,132.248425,132.26285,132.285525,132.299575,132.30725,132.33105,132.3427,132.386725,132.451175,132.4625,132.509325,132.537975,132.5601,132.732275,132.73545,132.8055,132.84955,132.9083,132.933925,132.9802,133.005575,133.051525,133.0623,133.074775,133.09005,133.139125,133.215725,133.2522,133.27915,133.29995,133.342975,133.383175,133.393125,133.409175,133.44145,133.462975,133.471775,133.497375,133.50825,133.560125,133.564825,133.58555,133.620025,133.658125,133.67605,133.688675,133.6969,133.706675,133.756975,133.7948,133.7954,133.801425,133.81145,133.8531,133.860425,133.88425,133.902125,133.9237,133.930175,133.937125,133.953,133.988625,133.997625,134.01295,134.02515,134.034525,134.05045,134.149225,134.181425,134.220675,134.25515,134.265475,134.288375,134.3052,134.4099,134.441025,134.490775,134.5051,134.5264,134.553675,134.585975,134.606275,134.7272,134.74535,134.7789,134.80685,134.8646,134.89075,134.926075,134.932375,134.976375,134.996675,135.06665,135.265625,135.3501,135.38155,135.40675,135.45175,135.456225,135.499625,135.513475,135.53265,135.619,135.6385,135.659,135.688775,135.825725,135.87505,135.8912,135.95035,135.96135,135.988925,136.0245,136.041075,136.0714,136.073375,136.0871,136.099825,136.11825,136.13495,136.1383,136.197525,136.258125,136.328175,136.457875,136.700075,136.740475,136.775275,136.8111,136.878075,136.9529,136.991,137.11655,137.403375,137.453975,137.475025,137.494975,137.516875,137.53715,137.5743,137.588725,137.61055,137.627,137.637425,137.649925,137.685425,137.703325,137.729,137.798,137.814,137.84105,137.855,137.8627,137.874975,137.8936,137.972275,137.990025,138.024275,138.0401,138.108225,138.128075,138.1554,138.17565,138.195875,138.221075,138.28235,138.425975,138.4817,138.571475,139.03605,139.1344,139.158925,139.18295,139.2364,139.26505,139.282475,139.299925,139.3028,139.334675,139.378725,139.420075,139.482225,139.504625,139.533225,139.55495,139.60715,139.666525,139.698775,139.71805,139.72955,139.762975,141.2413,141.38335,141.464975,0,0,0,0,0,0,0,0,0,0,0,0,0,0,0,0,0,0,0,0,0,0,0,0,0,0,0,0,0,0,0,0,0,0,0,0,0,0,0,0,0,0,0,0,0,0,0,0,0,0,0,0,0,0,0,0,0,0,0,0,0,0,0,0,0,0,0,0,0,0,0,0,0,0,0,0,0,0,0,0,0,0,0,0,0,0,0,0,0,0,0,0,0,0,0,0,0,0,0,0,0,0,0,0,0,0,0,0,0,0,0,0,0,0,0,0,0,0,0,0,0,0,0,0,0,0,0,0,0,0,0,0,0,0,0,0,0,0,0,0,0,0,0,0,0,0,0,0,0,0,0,0,0,0,0,0,0,0,0,0,0,0,0,0,0,0,0,0,0,0,0,0,0,0,0,0
"208",130.209575,130.3586,130.5044,130.559225,131.683525,131.77765,133.037075,133.10865,133.197575,134.895,134.95365,134.99415,135.06015,135.0892,135.1471,135.206475,135.236175,135.249275,135.284375,135.367575,135.49275,137.031225,137.05685,137.148475,137.253175,137.3056,138.518525,138.561825,138.615325,138.729175,138.75515,138.8099,138.871125,140.457675,140.571225,0,0,0,0,0,0,0,0,0,0,0,0,0,0,0,0,0,0,0,0,0,0,0,0,0,0,0,0,0,0,0,0,0,0,0,0,0,0,0,0,0,0,0,0,0,0,0,0,0,0,0,0,0,0,0,0,0,0,0,0,0,0,0,0,0,0,0,0,0,0,0,0,0,0,0,0,0,0,0,0,0,0,0,0,0,0,0,0,0,0,0,0,0,0,0,0,0,0,0,0,0,0,0,0,0,0,0,0,0,0,0,0,0,0,0,0,0,0,0,0,0,0,0,0,0,0,0,0,0,0,0,0,0,0,0,0,0,0,0,0,0,0,0,0,0,0,0,0,0,0,0,0,0,0,0,0,0,0,0,0,0,0,0,0,0,0,0,0,0,0,0,0,0,0,0,0,0,0,0,0,0,0,0,0,0,0,0,0,0,0,0,0,0,0,0,0,0,0,0,0,0,0,0,0,0,0,0,0,0,0,0,0,0,0,0,0,0,0,0,0,0,0,0,0,0,0,0,0,0,0,0,0,0,0,0,0,0,0,0,0,0,0,0,0,0,0,0,0,0,0,0,0,0,0,0,0,0,0,0,0,0,0,0,0,0,0,0,0,0,0,0,0,0,0,0,0,0,0,0,0,0,0,0,0,0,0,0,0,0,0,0,0,0,0,0,0,0,0,0,0,0,0,0,0,0,0,0,0,0,0,0,0,0,0,0,0,0,0,0,0,0,0,0,0,0,0,0,0,0,0,0,0,0,0,0,0,0,0,0,0,0,0,0,0,0,0,0,0,0,0,0,0,0,0,0,0,0,0,0,0,0,0,0,0,0,0,0,0,0,0,0,0,0,0,0,0,0,0,0,0,0,0,0,0,0,0,0,0,0,0,0,0,0,0,0,0,0,0,0,0,0,0,0,0,0,0,0,0,0,0,0,0,0,0,0,0,0,0,0,0,0,0,0,0,0,0,0,0,0,0,0,0,0,0,0,0,0,0,0,0,0,0
"209",131.14305,131.210975,131.24925,131.26715,131.2892,131.33675,131.370975,131.3881,131.424175,131.463025,131.503425,131.545775,132.45945,132.489375,132.50745,132.52535,132.5436,132.564175,132.58245,132.705875,132.7521,132.769975,132.80625,132.8446,134.295625,134.317675,134.35875,134.394375,134.4294,134.46085,134.515875,134.5297,134.543975,134.56585,134.579675,134.636125,134.65195,134.66895,134.709525,134.7498,134.8713,137.806675,137.8528,137.8846,137.9102,137.941775,137.96015,137.9837,138.035275,138.09075,0,0,0,0,0,0,0,0,0,0,0,0,0,0,0,0,0,0,0,0,0,0,0,0,0,0,0,0,0,0,0,0,0,0,0,0,0,0,0,0,0,0,0,0,0,0,0,0,0,0,0,0,0,0,0,0,0,0,0,0,0,0,0,0,0,0,0,0,0,0,0,0,0,0,0,0,0,0,0,0,0,0,0,0,0,0,0,0,0,0,0,0,0,0,0,0,0,0,0,0,0,0,0,0,0,0,0,0,0,0,0,0,0,0,0,0,0,0,0,0,0,0,0,0,0,0,0,0,0,0,0,0,0,0,0,0,0,0,0,0,0,0,0,0,0,0,0,0,0,0,0,0,0,0,0,0,0,0,0,0,0,0,0,0,0,0,0,0,0,0,0,0,0,0,0,0,0,0,0,0,0,0,0,0,0,0,0,0,0,0,0,0,0,0,0,0,0,0,0,0,0,0,0,0,0,0,0,0,0,0,0,0,0,0,0,0,0,0,0,0,0,0,0,0,0,0,0,0,0,0,0,0,0,0,0,0,0,0,0,0,0,0,0,0,0,0,0,0,0,0,0,0,0,0,0,0,0,0,0,0,0,0,0,0,0,0,0,0,0,0,0,0,0,0,0,0,0,0,0,0,0,0,0,0,0,0,0,0,0,0,0,0,0,0,0,0,0,0,0,0,0,0,0,0,0,0,0,0,0,0,0,0,0,0,0,0,0,0,0,0,0,0,0,0,0,0,0,0,0,0,0,0,0,0,0,0,0,0,0,0,0,0,0,0,0,0,0,0,0,0,0,0,0,0,0,0,0,0,0,0,0,0,0,0,0,0,0,0,0,0,0,0,0,0,0,0,0,0,0,0,0,0,0,0,0,0,0,0,0,0,0,0,0,0,0,0,0,0,0,0,0,0,0,0,0,0,0,0,0,0,0,0,0,0,0,0,0,0,0,0,0,0,0,0,0,0,0
"210",129.603325,129.6114,130.978325,131.5122,132.16405,132.2482,133.795175,133.896225,136.0169,136.07315,136.134725,136.2117,137.874775,138.075125,138.135625,139.2997,139.3553,139.482,139.6069,141.383125,0,0,0,0,0,0,0,0,0,0,0,0,0,0,0,0,0,0,0,0,0,0,0,0,0,0,0,0,0,0,0,0,0,0,0,0,0,0,0,0,0,0,0,0,0,0,0,0,0,0,0,0,0,0,0,0,0,0,0,0,0,0,0,0,0,0,0,0,0,0,0,0,0,0,0,0,0,0,0,0,0,0,0,0,0,0,0,0,0,0,0,0,0,0,0,0,0,0,0,0,0,0,0,0,0,0,0,0,0,0,0,0,0,0,0,0,0,0,0,0,0,0,0,0,0,0,0,0,0,0,0,0,0,0,0,0,0,0,0,0,0,0,0,0,0,0,0,0,0,0,0,0,0,0,0,0,0,0,0,0,0,0,0,0,0,0,0,0,0,0,0,0,0,0,0,0,0,0,0,0,0,0,0,0,0,0,0,0,0,0,0,0,0,0,0,0,0,0,0,0,0,0,0,0,0,0,0,0,0,0,0,0,0,0,0,0,0,0,0,0,0,0,0,0,0,0,0,0,0,0,0,0,0,0,0,0,0,0,0,0,0,0,0,0,0,0,0,0,0,0,0,0,0,0,0,0,0,0,0,0,0,0,0,0,0,0,0,0,0,0,0,0,0,0,0,0,0,0,0,0,0,0,0,0,0,0,0,0,0,0,0,0,0,0,0,0,0,0,0,0,0,0,0,0,0,0,0,0,0,0,0,0,0,0,0,0,0,0,0,0,0,0,0,0,0,0,0,0,0,0,0,0,0,0,0,0,0,0,0,0,0,0,0,0,0,0,0,0,0,0,0,0,0,0,0,0,0,0,0,0,0,0,0,0,0,0,0,0,0,0,0,0,0,0,0,0,0,0,0,0,0,0,0,0,0,0,0,0,0,0,0,0,0,0,0,0,0,0,0,0,0,0,0,0,0,0,0,0,0,0,0,0,0,0,0,0,0,0,0,0,0,0,0,0,0,0,0,0,0,0,0,0,0,0,0,0,0,0,0,0,0,0,0,0,0,0,0,0,0,0,0,0,0,0,0,0,0
"211",129.65835,129.703975,129.73395,129.852675,130.0343,130.222975,130.22355,130.3092,130.36955,130.38595,130.4763,130.591325,130.67025,130.710925,131.051925,131.54185,131.7671,131.80765,131.8251,131.899425,131.9214,132.00825,132.0409,132.3025,133.0429,133.186325,133.2272,133.2548,133.31575,133.340125,133.376025,133.435425,133.455675,135.175825,135.2349,135.2791,135.359675,135.40585,135.493725,135.511725,135.57275,135.606425,135.640225,136.0258,136.11,136.868075,137.02365,137.0745,137.0773,137.079025,137.13605,137.156625,137.202425,137.238225,137.252675,137.257725,137.2941,137.342675,137.379075,137.41215,137.494275,137.83755,138.291025,138.5075,138.545175,138.58045,138.67095,138.69225,138.721725,138.794975,138.81525,138.851525,138.87465,138.9096,138.9281,138.967,139.442,139.836025,139.96765,139.997325,140.0337,140.056875,140.1911,140.302375,140.341375,140.435325,140.45005,140.48375,140.531725,140.605575,140.6144,140.6383,141.487975,141.678825,141.8132,141.922925,141.937875,142.07055,142.118025,142.166225,142.2114,142.263725,142.291275,142.353225,142.53195,142.604675,142.65405,142.829475,142.9274,143.0298,143.17195,143.314725,143.5457,144.392225,144.5389,144.642375,144.81605,145.0326,145.134275,0,0,0,0,0,0,0,0,0,0,0,0,0,0,0,0,0,0,0,0,0,0,0,0,0,0,0,0,0,0,0,0,0,0,0,0,0,0,0,0,0,0,0,0,0,0,0,0,0,0,0,0,0,0,0,0,0,0,0,0,0,0,0,0,0,0,0,0,0,0,0,0,0,0,0,0,0,0,0,0,0,0,0,0,0,0,0,0,0,0,0,0,0,0,0,0,0,0,0,0,0,0,0,0,0,0,0,0,0,0,0,0,0,0,0,0,0,0,0,0,0,0,0,0,0,0,0,0,0,0,0,0,0,0,0,0,0,0,0,0,0,0,0,0,0,0,0,0,0,0,0,0,0,0,0,0,0,0,0,0,0,0,0,0,0,0,0,0,0,0,0,0,0,0,0,0,0,0,0,0,0,0,0,0,0,0,0,0,0,0,0,0,0,0,0,0,0,0,0,0,0,0,0,0,0,0,0,0,0,0,0,0,0,0,0,0,0,0,0,0,0,0,0,0,0,0,0,0,0,0,0,0,0,0,0,0,0,0,0,0,0,0,0,0,0,0,0,0,0,0,0,0,0,0,0,0,0,0,0,0,0,0,0,0,0,0,0,0,0,0,0,0,0,0,0,0,0,0,0,0,0,0,0,0,0,0,0,0,0,0,0,0,0,0,0,0,0,0,0,0,0,0,0,0,0,0,0,0,0,0,0,0,0,0,0,0,0,0,0,0,0,0,0,0,0,0,0,0,0,0,0,0,0,0,0,0,0,0,0,0,0,0,0,0,0,0,0,0,0,0,0,0,0,0,0,0,0,0
"212",131.8424,131.851775,131.885025,132.900525,134.103125,136.35085,136.3707,136.376675,136.506125,136.529425,136.549125,136.5981,136.6383,136.65925,136.947175,137.089075,137.188825,137.243725,138.540475,138.6103,138.6282,138.6801,138.699075,138.71705,138.775475,138.79835,138.805125,138.999975,140.3355,140.42715,0,0,0,0,0,0,0,0,0,0,0,0,0,0,0,0,0,0,0,0,0,0,0,0,0,0,0,0,0,0,0,0,0,0,0,0,0,0,0,0,0,0,0,0,0,0,0,0,0,0,0,0,0,0,0,0,0,0,0,0,0,0,0,0,0,0,0,0,0,0,0,0,0,0,0,0,0,0,0,0,0,0,0,0,0,0,0,0,0,0,0,0,0,0,0,0,0,0,0,0,0,0,0,0,0,0,0,0,0,0,0,0,0,0,0,0,0,0,0,0,0,0,0,0,0,0,0,0,0,0,0,0,0,0,0,0,0,0,0,0,0,0,0,0,0,0,0,0,0,0,0,0,0,0,0,0,0,0,0,0,0,0,0,0,0,0,0,0,0,0,0,0,0,0,0,0,0,0,0,0,0,0,0,0,0,0,0,0,0,0,0,0,0,0,0,0,0,0,0,0,0,0,0,0,0,0,0,0,0,0,0,0,0,0,0,0,0,0,0,0,0,0,0,0,0,0,0,0,0,0,0,0,0,0,0,0,0,0,0,0,0,0,0,0,0,0,0,0,0,0,0,0,0,0,0,0,0,0,0,0,0,0,0,0,0,0,0,0,0,0,0,0,0,0,0,0,0,0,0,0,0,0,0,0,0,0,0,0,0,0,0,0,0,0,0,0,0,0,0,0,0,0,0,0,0,0,0,0,0,0,0,0,0,0,0,0,0,0,0,0,0,0,0,0,0,0,0,0,0,0,0,0,0,0,0,0,0,0,0,0,0,0,0,0,0,0,0,0,0,0,0,0,0,0,0,0,0,0,0,0,0,0,0,0,0,0,0,0,0,0,0,0,0,0,0,0,0,0,0,0,0,0,0,0,0,0,0,0,0,0,0,0,0,0,0,0,0,0,0,0,0,0,0,0,0,0,0,0,0,0,0,0,0,0,0,0,0,0,0,0,0,0,0,0,0,0,0,0,0,0,0,0,0,0,0,0,0,0,0,0,0,0,0,0,0,0,0
"213",121.909775,122.230025,122.445275,122.648875,123.4622,123.7518,123.933775,124.5167,124.798075,125.0414,125.8647,126.41875,126.827325,127.16025,127.5098,128.016625,128.41815,128.589775,128.9267,128.96025,129.393775,129.69755,129.7541,130.074025,130.254,130.300225,130.63415,130.8613,131.419275,131.658925,131.72265,131.7419,131.81125,131.85135,131.941225,132.098475,132.589875,133.2194,133.27415,133.6735,134.2662,134.49105,134.7238,134.93225,135.11375,135.1686,135.45945,136.461375,136.518225,136.977975,137.16685,137.20115,137.204075,137.352925,137.575125,138.2284,138.51545,138.626775,138.637475,138.6777,138.6988,138.783125,138.81205,138.856775,139.016225,139.55335,139.81455,140.3501,140.4861,140.499575,141.3449,142.9322,143.10825,144.178875,146.1114,147.468475,150.988925,152.42805,0,0,0,0,0,0,0,0,0,0,0,0,0,0,0,0,0,0,0,0,0,0,0,0,0,0,0,0,0,0,0,0,0,0,0,0,0,0,0,0,0,0,0,0,0,0,0,0,0,0,0,0,0,0,0,0,0,0,0,0,0,0,0,0,0,0,0,0,0,0,0,0,0,0,0,0,0,0,0,0,0,0,0,0,0,0,0,0,0,0,0,0,0,0,0,0,0,0,0,0,0,0,0,0,0,0,0,0,0,0,0,0,0,0,0,0,0,0,0,0,0,0,0,0,0,0,0,0,0,0,0,0,0,0,0,0,0,0,0,0,0,0,0,0,0,0,0,0,0,0,0,0,0,0,0,0,0,0,0,0,0,0,0,0,0,0,0,0,0,0,0,0,0,0,0,0,0,0,0,0,0,0,0,0,0,0,0,0,0,0,0,0,0,0,0,0,0,0,0,0,0,0,0,0,0,0,0,0,0,0,0,0,0,0,0,0,0,0,0,0,0,0,0,0,0,0,0,0,0,0,0,0,0,0,0,0,0,0,0,0,0,0,0,0,0,0,0,0,0,0,0,0,0,0,0,0,0,0,0,0,0,0,0,0,0,0,0,0,0,0,0,0,0,0,0,0,0,0,0,0,0,0,0,0,0,0,0,0,0,0,0,0,0,0,0,0,0,0,0,0,0,0,0,0,0,0,0,0,0,0,0,0,0,0,0,0,0,0,0,0,0,0,0,0,0,0,0,0,0,0,0,0,0,0,0,0,0,0,0,0,0,0,0,0,0,0,0,0,0,0,0,0,0,0,0,0,0,0,0,0,0,0,0,0,0,0,0,0,0,0,0,0,0,0,0,0,0,0,0,0,0,0,0,0,0,0,0,0,0,0,0,0,0,0,0,0,0,0,0
"214",131.341375,132.53505,132.60395,132.630625,132.68435,132.7209,132.78725,133.926375,133.973125,134.099975,134.6409,136.36715,136.4674,136.58345,0,0,0,0,0,0,0,0,0,0,0,0,0,0,0,0,0,0,0,0,0,0,0,0,0,0,0,0,0,0,0,0,0,0,0,0,0,0,0,0,0,0,0,0,0,0,0,0,0,0,0,0,0,0,0,0,0,0,0,0,0,0,0,0,0,0,0,0,0,0,0,0,0,0,0,0,0,0,0,0,0,0,0,0,0,0,0,0,0,0,0,0,0,0,0,0,0,0,0,0,0,0,0,0,0,0,0,0,0,0,0,0,0,0,0,0,0,0,0,0,0,0,0,0,0,0,0,0,0,0,0,0,0,0,0,0,0,0,0,0,0,0,0,0,0,0,0,0,0,0,0,0,0,0,0,0,0,0,0,0,0,0,0,0,0,0,0,0,0,0,0,0,0,0,0,0,0,0,0,0,0,0,0,0,0,0,0,0,0,0,0,0,0,0,0,0,0,0,0,0,0,0,0,0,0,0,0,0,0,0,0,0,0,0,0,0,0,0,0,0,0,0,0,0,0,0,0,0,0,0,0,0,0,0,0,0,0,0,0,0,0,0,0,0,0,0,0,0,0,0,0,0,0,0,0,0,0,0,0,0,0,0,0,0,0,0,0,0,0,0,0,0,0,0,0,0,0,0,0,0,0,0,0,0,0,0,0,0,0,0,0,0,0,0,0,0,0,0,0,0,0,0,0,0,0,0,0,0,0,0,0,0,0,0,0,0,0,0,0,0,0,0,0,0,0,0,0,0,0,0,0,0,0,0,0,0,0,0,0,0,0,0,0,0,0,0,0,0,0,0,0,0,0,0,0,0,0,0,0,0,0,0,0,0,0,0,0,0,0,0,0,0,0,0,0,0,0,0,0,0,0,0,0,0,0,0,0,0,0,0,0,0,0,0,0,0,0,0,0,0,0,0,0,0,0,0,0,0,0,0,0,0,0,0,0,0,0,0,0,0,0,0,0,0,0,0,0,0,0,0,0,0,0,0,0,0,0,0,0,0,0,0,0,0,0,0,0,0,0,0,0,0,0,0,0,0,0,0,0,0,0,0,0
"215",130.703075,130.7711,130.7953,130.81785,130.855125,130.882475,130.923275,130.960125,130.984275,131.00615,131.02925,131.059075,131.098,131.121675,131.144025,131.17325,131.21345,131.23135,131.27285,131.3157,131.347475,131.3825,131.4645,131.52805,131.570675,132.1201,132.174775,132.221075,132.245,132.31285,132.338725,132.370375,132.415875,132.43695,132.468775,132.493725,132.52165,132.549775,132.615825,132.6562,132.714725,132.7471,132.89415,133.534525,133.584275,133.643275,133.7259,133.8246,133.877875,134.01665,134.063375,134.09355,134.1305,134.185875,134.23345,134.280825,134.324325,134.356875,134.4077,134.474,134.5059,134.560275,134.5835,134.642825,134.6826,134.784325,134.867525,135.718275,135.7632,135.829125,135.9018,135.948175,135.998625,136.0184,136.120575,136.202375,136.237475,137.599925,137.68215,137.741,137.7832,137.82965,137.87885,137.9515,138.0067,138.079925,138.1442,139.26125,139.3191,139.3525,139.39375,139.46705,139.49495,139.55055,139.5949,139.893825,0,0,0,0,0,0,0,0,0,0,0,0,0,0,0,0,0,0,0,0,0,0,0,0,0,0,0,0,0,0,0,0,0,0,0,0,0,0,0,0,0,0,0,0,0,0,0,0,0,0,0,0,0,0,0,0,0,0,0,0,0,0,0,0,0,0,0,0,0,0,0,0,0,0,0,0,0,0,0,0,0,0,0,0,0,0,0,0,0,0,0,0,0,0,0,0,0,0,0,0,0,0,0,0,0,0,0,0,0,0,0,0,0,0,0,0,0,0,0,0,0,0,0,0,0,0,0,0,0,0,0,0,0,0,0,0,0,0,0,0,0,0,0,0,0,0,0,0,0,0,0,0,0,0,0,0,0,0,0,0,0,0,0,0,0,0,0,0,0,0,0,0,0,0,0,0,0,0,0,0,0,0,0,0,0,0,0,0,0,0,0,0,0,0,0,0,0,0,0,0,0,0,0,0,0,0,0,0,0,0,0,0,0,0,0,0,0,0,0,0,0,0,0,0,0,0,0,0,0,0,0,0,0,0,0,0,0,0,0,0,0,0,0,0,0,0,0,0,0,0,0,0,0,0,0,0,0,0,0,0,0,0,0,0,0,0,0,0,0,0,0,0,0,0,0,0,0,0,0,0,0,0,0,0,0,0,0,0,0,0,0,0,0,0,0,0,0,0,0,0,0,0,0,0,0,0,0,0,0,0,0,0,0,0,0,0,0,0,0,0,0,0,0,0,0,0,0,0,0,0,0,0,0,0,0,0,0,0,0,0,0,0,0,0,0,0,0,0,0,0,0,0,0,0,0,0,0,0,0,0,0,0,0,0,0,0,0,0,0,0,0,0,0,0,0,0,0,0,0,0,0
"216",129.54135,129.557775,129.561375,129.607625,129.6287,129.6319,129.709525,129.73855,129.76315,129.789325,129.8026,129.825025,129.8485,129.86105,129.8771,129.893375,129.91765,129.9628,129.9948,130.010425,130.017,130.02865,130.035975,130.046525,130.0555,130.071875,130.07465,130.09545,130.120325,130.12875,130.138825,130.14895,130.16375,130.1709,130.18545,130.199125,130.233975,130.253,130.26815,130.282325,130.293725,130.326775,130.336575,130.366275,130.375775,130.38895,130.40165,130.428275,130.4418,130.468375,130.48325,130.491725,130.505625,130.513725,130.519825,130.53415,130.546325,130.562575,130.615375,130.640625,130.64525,130.65705,130.6781,130.715075,130.728825,130.7373,130.74515,130.75475,130.7661,130.77295,130.80675,130.811975,130.819425,130.832325,130.84885,130.87875,130.888725,130.9274,130.93795,130.963525,130.9769,131.000975,131.02645,131.0323,131.051025,131.064,131.070275,131.10495,131.1145,131.127575,131.1357,131.140375,131.1716,131.184675,131.190575,131.198325,131.208325,131.21825,131.2374,131.247225,131.259525,131.284075,131.307625,131.317375,131.348175,131.392475,131.42735,131.4752,131.49105,131.5035,131.540675,131.559975,131.574375,131.598325,131.618425,131.62435,131.651075,131.674125,131.691625,131.701525,131.734375,131.7446,131.751075,131.7939,131.8102,131.8755,131.904575,131.9366,131.9554,131.9829,132.01925,132.022725,132.0379,132.0478,132.0611,132.0731,132.0832,132.118275,132.134,132.146,132.1615,132.179375,132.1904,132.205175,132.222575,132.266475,132.2912,132.313625,132.32335,132.331825,132.3593,132.369175,132.37405,132.39755,132.4497,132.455375,132.464325,132.473,132.500375,132.5066,132.50915,132.53545,132.5457,132.5796,132.59105,132.607875,132.6147,132.6207,132.633925,132.648275,132.65915,132.715825,132.761975,132.7998,132.830925,132.84545,132.86645,132.869925,132.925275,132.963175,133.005725,133.0149,133.0377,133.051225,133.072425,133.10355,133.127375,133.138825,133.140725,133.19495,133.27535,133.30985,133.356175,133.3842,133.399125,133.4356,133.4503,133.46755,133.49545,133.511675,133.534075,133.545425,133.5614,133.57565,133.61955,133.63405,133.687725,133.70425,133.726075,133.73995,133.761525,133.771125,133.844125,133.8694,133.872925,133.88525,133.892625,133.9077,133.93265,133.952775,133.95355,133.9656,133.994375,134.008575,134.0127,134.020275,134.042275,134.052875,134.065175,134.1091,134.126775,134.133675,134.144575,134.158775,134.176425,134.258,134.291625,134.2995,134.304925,134.31485,134.33475,134.35575,134.365075,134.377225,134.38505,134.4252,134.476225,134.490475,134.49705,134.515375,134.52535,134.5315,134.551175,134.55805,134.561125,134.5935,134.6318,134.6507,134.70155,134.714425,134.758075,134.798725,134.848675,134.87205,134.885125,134.93795,134.960725,134.9789,134.986925,135.0027,135.049725,135.066275,135.08235,135.115025,135.16735,135.236425,135.265125,135.330025,135.3577,135.373825,135.37765,135.393625,135.4065,135.436575,135.454875,135.49795,135.539725,135.585225,135.606775,135.613825,135.630925,135.6599,135.684475,135.7217,135.728325,135.74205,135.7622,135.81635,135.842175,135.864375,135.874775,135.91955,136.082375,136.139625,136.222375,136.324525,136.32775,136.6617,136.849225,136.87775,137.010725,137.039275,137.09195,137.114675,137.155275,137.31365,137.4153,137.44995,137.49015,137.5111,137.5378,137.57405,137.576,137.609125,137.61035,137.635125,137.657025,137.665175,137.677175,137.7191,137.73125,137.7841,137.9034,137.90875,137.957275,137.989775,138.012,138.100875,138.107975,138.241,138.442525,138.52915,138.550725,138.57765,138.674,138.774225,139.001875,139.0977,139.183975,139.215075,139.243,139.279025,139.3184,139.368825,139.398675,139.4447,139.5065,139.51745,139.57665,139.618225,139.666175,139.74565,139.79415,139.848475,139.9358,140.035975,140.06605,140.21785,140.3513,140.485875,140.621825,140.8297,140.921025,140.97985,141.027775,141.044025,141.0987,141.13,141.16925,141.209875,141.24025,141.2662,141.307725,141.328975,141.359575,141.371775,141.420775,141.4486,141.4871,141.531025,141.559425,141.609475,141.6438,141.67305,141.75715,141.7849,141.80435,141.844275,141.879775,141.94685,142.028925,142.27165,142.4597,143.433525,143.5818,143.665075,143.8085,143.869475,143.933425,144.02145,144.138525,144.20245,144.2765,144.4401,146.15875,148.818725,149.1289,149.294725,149.467075,149.7998,149.98275,150.08725,0,0,0,0,0,0,0,0,0,0,0,0,0,0,0,0,0,0,0,0,0,0,0,0,0,0,0,0,0,0,0,0,0,0,0,0,0,0,0,0,0,0,0,0,0,0,0,0,0,0,0,0,0,0,0
"217",129.58245,129.645425,130.0358,130.96525,131.80855,131.833325,131.9181,131.986375,133.019,133.1342,133.24075,133.3293,134.862525,135.140175,135.188475,135.265775,135.3191,137.204775,137.23495,138.786225,138.928975,138.978125,140.32445,140.596475,143.14715,0,0,0,0,0,0,0,0,0,0,0,0,0,0,0,0,0,0,0,0,0,0,0,0,0,0,0,0,0,0,0,0,0,0,0,0,0,0,0,0,0,0,0,0,0,0,0,0,0,0,0,0,0,0,0,0,0,0,0,0,0,0,0,0,0,0,0,0,0,0,0,0,0,0,0,0,0,0,0,0,0,0,0,0,0,0,0,0,0,0,0,0,0,0,0,0,0,0,0,0,0,0,0,0,0,0,0,0,0,0,0,0,0,0,0,0,0,0,0,0,0,0,0,0,0,0,0,0,0,0,0,0,0,0,0,0,0,0,0,0,0,0,0,0,0,0,0,0,0,0,0,0,0,0,0,0,0,0,0,0,0,0,0,0,0,0,0,0,0,0,0,0,0,0,0,0,0,0,0,0,0,0,0,0,0,0,0,0,0,0,0,0,0,0,0,0,0,0,0,0,0,0,0,0,0,0,0,0,0,0,0,0,0,0,0,0,0,0,0,0,0,0,0,0,0,0,0,0,0,0,0,0,0,0,0,0,0,0,0,0,0,0,0,0,0,0,0,0,0,0,0,0,0,0,0,0,0,0,0,0,0,0,0,0,0,0,0,0,0,0,0,0,0,0,0,0,0,0,0,0,0,0,0,0,0,0,0,0,0,0,0,0,0,0,0,0,0,0,0,0,0,0,0,0,0,0,0,0,0,0,0,0,0,0,0,0,0,0,0,0,0,0,0,0,0,0,0,0,0,0,0,0,0,0,0,0,0,0,0,0,0,0,0,0,0,0,0,0,0,0,0,0,0,0,0,0,0,0,0,0,0,0,0,0,0,0,0,0,0,0,0,0,0,0,0,0,0,0,0,0,0,0,0,0,0,0,0,0,0,0,0,0,0,0,0,0,0,0,0,0,0,0,0,0,0,0,0,0,0,0,0,0,0,0,0,0,0,0,0,0,0,0,0,0,0,0,0,0,0,0,0,0,0,0,0,0,0,0,0,0,0,0,0,0,0,0,0,0,0,0,0,0
"218",130.694825,130.76425,130.8052,130.819975,130.8954,130.9135,130.9675,131.015025,131.095675,131.149425,131.1666,131.198025,131.215825,131.224075,131.23515,131.263875,131.285625,131.31205,131.362925,131.43955,131.46805,131.49345,131.5642,131.58585,131.5939,131.6209,131.634675,131.651725,131.706875,131.73065,131.7722,131.8299,132.141125,132.16685,132.22145,132.355625,132.3717,132.41435,132.434925,132.450975,132.476475,132.518375,132.620075,132.65025,132.6604,132.67955,132.7067,132.75055,132.834575,132.87185,132.923825,132.94755,132.96635,133.1028,133.109925,133.429075,133.4606,133.4875,133.5476,133.639875,133.691925,133.76585,133.8893,133.9282,133.95485,134.0004,134.08875,134.1036,134.1227,134.141,134.148175,134.19995,134.232125,134.2585,134.267175,134.30015,134.3287,134.3571,134.38675,134.439125,134.467675,134.547925,134.5685,134.61215,134.640225,134.665825,134.694475,134.70275,134.806175,134.87245,134.9224,134.937625,134.959175,134.988325,135.011075,135.0334,135.051925,135.087425,135.1358,135.175675,135.444025,135.5542,135.7341,135.881375,135.890525,136.151275,136.176325,136.229925,136.2677,136.2961,136.309025,136.336675,136.36665,136.410775,136.43815,136.465675,136.495525,136.5501,136.5691,136.586,136.58775,136.639125,136.67875,136.750425,137.66995,137.7827,137.833475,137.9134,137.96825,138.00675,138.097375,138.140925,139.4,139.4075,139.43825,139.4945,139.538675,139.660325,139.764525,141.264375,141.3581,141.5359,141.60595,141.659375,141.80485,142.0533,142.237775,0,0,0,0,0,0,0,0,0,0,0,0,0,0,0,0,0,0,0,0,0,0,0,0,0,0,0,0,0,0,0,0,0,0,0,0,0,0,0,0,0,0,0,0,0,0,0,0,0,0,0,0,0,0,0,0,0,0,0,0,0,0,0,0,0,0,0,0,0,0,0,0,0,0,0,0,0,0,0,0,0,0,0,0,0,0,0,0,0,0,0,0,0,0,0,0,0,0,0,0,0,0,0,0,0,0,0,0,0,0,0,0,0,0,0,0,0,0,0,0,0,0,0,0,0,0,0,0,0,0,0,0,0,0,0,0,0,0,0,0,0,0,0,0,0,0,0,0,0,0,0,0,0,0,0,0,0,0,0,0,0,0,0,0,0,0,0,0,0,0,0,0,0,0,0,0,0,0,0,0,0,0,0,0,0,0,0,0,0,0,0,0,0,0,0,0,0,0,0,0,0,0,0,0,0,0,0,0,0,0,0,0,0,0,0,0,0,0,0,0,0,0,0,0,0,0,0,0,0,0,0,0,0,0,0,0,0,0,0,0,0,0,0,0,0,0,0,0,0,0,0,0,0,0,0,0,0,0,0,0,0,0,0,0,0,0,0,0,0,0,0,0,0,0,0,0,0,0,0,0,0,0,0,0,0,0,0,0,0,0,0,0,0,0,0,0,0,0,0,0,0,0,0,0,0,0,0,0,0,0,0,0,0,0,0,0,0,0,0,0,0,0,0,0,0,0,0,0,0,0
"219",129.616375,129.68515,129.777125,129.905975,130.190375,130.274125,130.70245,130.777125,130.83425,130.858525,130.94985,130.987425,131.15345,131.197075,131.315425,131.4605,131.516225,131.76795,132.10715,132.174325,132.249175,132.343375,132.428375,132.4653,132.70245,132.7336,132.9259,132.98525,133.11455,133.6094,133.644175,133.732325,133.824125,133.97175,134.0362,134.091775,134.17335,134.244375,134.2946,134.354575,134.501725,134.549375,134.7083,134.769725,134.9214,135.208375,135.496375,135.709475,135.764325,135.87625,136.099025,136.156025,136.22545,136.305925,136.412375,136.795675,136.88775,137.590675,137.612975,137.91855,137.970275,138.052025,138.133975,138.25285,138.31095,139.13,139.16345,139.213175,139.258825,139.325075,139.39265,139.48325,139.542075,139.625775,139.683975,139.8532,140.044075,140.7523,140.892275,141.07365,141.182225,141.2739,141.408475,141.570875,141.624175,141.73035,141.7771,141.91685,142.018425,142.1912,142.322825,143.947425,143.9907,144.28165,0,0,0,0,0,0,0,0,0,0,0,0,0,0,0,0,0,0,0,0,0,0,0,0,0,0,0,0,0,0,0,0,0,0,0,0,0,0,0,0,0,0,0,0,0,0,0,0,0,0,0,0,0,0,0,0,0,0,0,0,0,0,0,0,0,0,0,0,0,0,0,0,0,0,0,0,0,0,0,0,0,0,0,0,0,0,0,0,0,0,0,0,0,0,0,0,0,0,0,0,0,0,0,0,0,0,0,0,0,0,0,0,0,0,0,0,0,0,0,0,0,0,0,0,0,0,0,0,0,0,0,0,0,0,0,0,0,0,0,0,0,0,0,0,0,0,0,0,0,0,0,0,0,0,0,0,0,0,0,0,0,0,0,0,0,0,0,0,0,0,0,0,0,0,0,0,0,0,0,0,0,0,0,0,0,0,0,0,0,0,0,0,0,0,0,0,0,0,0,0,0,0,0,0,0,0,0,0,0,0,0,0,0,0,0,0,0,0,0,0,0,0,0,0,0,0,0,0,0,0,0,0,0,0,0,0,0,0,0,0,0,0,0,0,0,0,0,0,0,0,0,0,0,0,0,0,0,0,0,0,0,0,0,0,0,0,0,0,0,0,0,0,0,0,0,0,0,0,0,0,0,0,0,0,0,0,0,0,0,0,0,0,0,0,0,0,0,0,0,0,0,0,0,0,0,0,0,0,0,0,0,0,0,0,0,0,0,0,0,0,0,0,0,0,0,0,0,0,0,0,0,0,0,0,0,0,0,0,0,0,0,0,0,0,0,0,0,0,0,0,0,0,0,0,0,0,0,0,0,0,0,0,0,0,0,0,0,0,0,0,0,0,0,0,0,0,0,0,0,0,0,0,0
"220",129.65865,129.702025,129.801475,130.667575,130.6839,130.72995,130.75,130.76315,130.903175,130.94185,131.04515,131.24835,131.341925,131.3833,132.082475,132.12685,132.2351,132.636825,132.651675,133.4778,133.519675,133.5785,134.0787,134.097525,134.665175,134.7729,134.831,134.936625,135.573925,135.6637,136.27825,136.2807,136.378,136.485325,137.55135,137.630725,139.1971,139.2242,139.244475,139.268325,139.32745,141.0367,141.06715,141.115875,141.1409,141.244825,144.19645,0,0,0,0,0,0,0,0,0,0,0,0,0,0,0,0,0,0,0,0,0,0,0,0,0,0,0,0,0,0,0,0,0,0,0,0,0,0,0,0,0,0,0,0,0,0,0,0,0,0,0,0,0,0,0,0,0,0,0,0,0,0,0,0,0,0,0,0,0,0,0,0,0,0,0,0,0,0,0,0,0,0,0,0,0,0,0,0,0,0,0,0,0,0,0,0,0,0,0,0,0,0,0,0,0,0,0,0,0,0,0,0,0,0,0,0,0,0,0,0,0,0,0,0,0,0,0,0,0,0,0,0,0,0,0,0,0,0,0,0,0,0,0,0,0,0,0,0,0,0,0,0,0,0,0,0,0,0,0,0,0,0,0,0,0,0,0,0,0,0,0,0,0,0,0,0,0,0,0,0,0,0,0,0,0,0,0,0,0,0,0,0,0,0,0,0,0,0,0,0,0,0,0,0,0,0,0,0,0,0,0,0,0,0,0,0,0,0,0,0,0,0,0,0,0,0,0,0,0,0,0,0,0,0,0,0,0,0,0,0,0,0,0,0,0,0,0,0,0,0,0,0,0,0,0,0,0,0,0,0,0,0,0,0,0,0,0,0,0,0,0,0,0,0,0,0,0,0,0,0,0,0,0,0,0,0,0,0,0,0,0,0,0,0,0,0,0,0,0,0,0,0,0,0,0,0,0,0,0,0,0,0,0,0,0,0,0,0,0,0,0,0,0,0,0,0,0,0,0,0,0,0,0,0,0,0,0,0,0,0,0,0,0,0,0,0,0,0,0,0,0,0,0,0,0,0,0,0,0,0,0,0,0,0,0,0,0,0,0,0,0,0,0,0,0,0,0,0,0,0,0,0,0,0,0,0,0,0,0,0,0,0,0,0,0,0,0,0,0,0,0,0,0,0,0,0,0,0,0,0,0,0,0,0,0,0,0,0,0,0,0,0,0,0,0,0,0,0,0,0
"221",130.220825,130.399975,130.82525,130.9148,130.95395,131.03745,131.09805,132.004975,132.25125,132.25835,132.685075,133.4253,133.521325,133.6198,133.8013,133.9975,134.526325,134.606075,134.8325,134.8644,135.7015,135.988625,136.045175,136.95265,0,0,0,0,0,0,0,0,0,0,0,0,0,0,0,0,0,0,0,0,0,0,0,0,0,0,0,0,0,0,0,0,0,0,0,0,0,0,0,0,0,0,0,0,0,0,0,0,0,0,0,0,0,0,0,0,0,0,0,0,0,0,0,0,0,0,0,0,0,0,0,0,0,0,0,0,0,0,0,0,0,0,0,0,0,0,0,0,0,0,0,0,0,0,0,0,0,0,0,0,0,0,0,0,0,0,0,0,0,0,0,0,0,0,0,0,0,0,0,0,0,0,0,0,0,0,0,0,0,0,0,0,0,0,0,0,0,0,0,0,0,0,0,0,0,0,0,0,0,0,0,0,0,0,0,0,0,0,0,0,0,0,0,0,0,0,0,0,0,0,0,0,0,0,0,0,0,0,0,0,0,0,0,0,0,0,0,0,0,0,0,0,0,0,0,0,0,0,0,0,0,0,0,0,0,0,0,0,0,0,0,0,0,0,0,0,0,0,0,0,0,0,0,0,0,0,0,0,0,0,0,0,0,0,0,0,0,0,0,0,0,0,0,0,0,0,0,0,0,0,0,0,0,0,0,0,0,0,0,0,0,0,0,0,0,0,0,0,0,0,0,0,0,0,0,0,0,0,0,0,0,0,0,0,0,0,0,0,0,0,0,0,0,0,0,0,0,0,0,0,0,0,0,0,0,0,0,0,0,0,0,0,0,0,0,0,0,0,0,0,0,0,0,0,0,0,0,0,0,0,0,0,0,0,0,0,0,0,0,0,0,0,0,0,0,0,0,0,0,0,0,0,0,0,0,0,0,0,0,0,0,0,0,0,0,0,0,0,0,0,0,0,0,0,0,0,0,0,0,0,0,0,0,0,0,0,0,0,0,0,0,0,0,0,0,0,0,0,0,0,0,0,0,0,0,0,0,0,0,0,0,0,0,0,0,0,0,0,0,0,0,0,0,0,0,0,0,0,0,0,0,0,0,0,0,0,0,0,0,0,0,0,0,0,0,0,0,0,0,0,0,0,0
"222",120.0081,120.0898,120.196725,120.3052,120.426825,120.578425,120.68065,120.949175,121.10855,121.3487,121.432625,121.605075,121.85605,122.024225,122.0878,122.17155,122.36305,122.445825,122.8486,123.024275,123.190775,123.3017,123.432475,123.459975,123.65915,123.78565,123.905425,124.040375,124.159025,124.27595,124.3911,124.504025,124.6589,124.797325,124.985575,125.229475,125.370475,125.42285,125.515625,125.5866,125.7068,125.849175,125.979575,126.066975,126.174825,126.3507,126.45285,126.631375,126.698425,126.781275,126.8873,127.00585,127.186425,127.2755,127.444275,127.59495,127.683525,127.929725,128.087075,128.18165,128.252,128.342975,128.445225,128.519225,128.73265,128.845425,129.029,129.113225,129.25865,129.418675,129.4816,129.566225,129.6123,129.62905,129.731375,129.7629,129.92045,130.644225,130.84625,130.8828,130.92475,130.981525,131.01815,131.043725,131.090475,131.1206,131.158975,131.2095,131.229175,131.27405,132.105225,132.17255,132.31265,132.368925,132.4225,132.4761,132.61855,132.7531,133.593,133.73665,134.032125,134.1617,134.2243,134.2869,134.371675,134.398375,134.438175,134.4502,134.466875,134.537825,134.5569,134.576925,134.5997,134.625175,134.645375,134.6643,134.683125,134.717275,134.732975,134.748125,134.763875,134.97515,135.632875,135.696775,135.7136,135.743575,135.78775,135.80315,135.82345,135.845375,135.8787,135.90425,135.9212,135.939175,135.945125,135.9738,135.986525,135.997875,136.0194,136.734275,137.54325,137.591875,137.6229,137.646925,137.665875,137.717,137.743575,137.779175,137.85415,137.94935,138.01415,139.103575,139.1251,139.165625,139.17535,139.235775,139.265025,139.3189,139.346675,139.381925,139.434575,139.459825,139.520575,139.586075,139.718575,139.79735,139.85645,140.7486,140.857575,140.970075,140.996,141.0338,141.061425,141.1519,141.191475,141.2712,141.297525,141.35285,141.412175,141.43465,141.481,141.51495,141.5567,141.611825,141.68535,141.76125,141.7948,141.8504,141.892675,141.9465,142.03155,142.140875,142.181975,142.366875,143.419575,143.586175,143.631125,143.676825,143.765125,143.801825,143.87925,143.94985,143.99795,144.02815,144.0718,144.12465,144.163225,144.19065,144.255,144.305175,144.455575,146.6635,146.782625,146.843025,149.615675,149.722575,149.888175,150.0192,150.2849,150.749225,152.6774,0,0,0,0,0,0,0,0,0,0,0,0,0,0,0,0,0,0,0,0,0,0,0,0,0,0,0,0,0,0,0,0,0,0,0,0,0,0,0,0,0,0,0,0,0,0,0,0,0,0,0,0,0,0,0,0,0,0,0,0,0,0,0,0,0,0,0,0,0,0,0,0,0,0,0,0,0,0,0,0,0,0,0,0,0,0,0,0,0,0,0,0,0,0,0,0,0,0,0,0,0,0,0,0,0,0,0,0,0,0,0,0,0,0,0,0,0,0,0,0,0,0,0,0,0,0,0,0,0,0,0,0,0,0,0,0,0,0,0,0,0,0,0,0,0,0,0,0,0,0,0,0,0,0,0,0,0,0,0,0,0,0,0,0,0,0,0,0,0,0,0,0,0,0,0,0,0,0,0,0,0,0,0,0,0,0,0,0,0,0,0,0,0,0,0,0,0,0,0,0,0,0,0,0,0,0,0,0,0,0,0,0,0,0,0,0,0,0,0,0,0,0,0,0,0,0,0,0,0,0,0,0,0,0,0,0,0,0,0,0,0,0,0,0,0,0,0,0,0,0,0,0,0,0,0,0
"223",129.661825,130.71405,130.766075,130.7985,130.81275,130.848625,130.9287,131.126675,131.151575,131.335925,131.347725,131.4035,131.42685,131.552875,131.649775,132.18385,132.226875,132.351225,132.4113,132.493825,132.6135,132.632175,132.64115,132.71115,132.75405,132.79395,132.869625,132.8839,132.942,133.04245,133.49175,133.542,133.566625,133.825375,133.885925,133.89905,133.926475,133.955425,134.139525,134.322475,134.3707,134.49215,134.510975,134.537625,134.59805,134.750575,134.840375,134.882475,134.93165,135.0138,135.5916,135.646275,135.732,135.7652,136.341725,136.358575,136.396975,136.5132,136.60425,136.651125,136.730025,136.79225,136.83205,136.860425,136.966975,137.535225,137.580325,137.8686,138.0537,138.144325,138.30935,138.46175,139.1771,139.208425,139.2273,139.303425,139.370225,139.39515,141.02395,141.2543,141.419125,141.601075,141.6787,0,0,0,0,0,0,0,0,0,0,0,0,0,0,0,0,0,0,0,0,0,0,0,0,0,0,0,0,0,0,0,0,0,0,0,0,0,0,0,0,0,0,0,0,0,0,0,0,0,0,0,0,0,0,0,0,0,0,0,0,0,0,0,0,0,0,0,0,0,0,0,0,0,0,0,0,0,0,0,0,0,0,0,0,0,0,0,0,0,0,0,0,0,0,0,0,0,0,0,0,0,0,0,0,0,0,0,0,0,0,0,0,0,0,0,0,0,0,0,0,0,0,0,0,0,0,0,0,0,0,0,0,0,0,0,0,0,0,0,0,0,0,0,0,0,0,0,0,0,0,0,0,0,0,0,0,0,0,0,0,0,0,0,0,0,0,0,0,0,0,0,0,0,0,0,0,0,0,0,0,0,0,0,0,0,0,0,0,0,0,0,0,0,0,0,0,0,0,0,0,0,0,0,0,0,0,0,0,0,0,0,0,0,0,0,0,0,0,0,0,0,0,0,0,0,0,0,0,0,0,0,0,0,0,0,0,0,0,0,0,0,0,0,0,0,0,0,0,0,0,0,0,0,0,0,0,0,0,0,0,0,0,0,0,0,0,0,0,0,0,0,0,0,0,0,0,0,0,0,0,0,0,0,0,0,0,0,0,0,0,0,0,0,0,0,0,0,0,0,0,0,0,0,0,0,0,0,0,0,0,0,0,0,0,0,0,0,0,0,0,0,0,0,0,0,0,0,0,0,0,0,0,0,0,0,0,0,0,0,0,0,0,0,0,0,0,0,0,0,0,0,0,0,0,0,0,0,0,0,0,0,0,0,0,0,0,0,0,0,0,0,0,0,0,0,0,0,0,0,0,0,0,0,0,0,0,0,0,0,0,0,0,0,0
"224",130.553425,130.634925,130.67265,130.69665,130.732425,130.833725,130.863375,130.8884,130.909625,130.943025,131.01015,131.08085,131.11615,131.166925,131.202025,131.236,131.2469,131.299525,131.5088,131.547525,132.031625,132.075275,132.196875,132.242375,132.337725,132.513825,132.572125,132.67865,132.811625,133.459025,133.46065,133.51105,133.5904,133.6108,133.71855,133.864875,133.87695,134.0268,134.0728,134.090725,134.48965,135.6659,135.697675,135.8419,135.857875,137.59645,137.6209,137.643075,137.724275,137.8306,137.879125,137.91625,137.9504,138.088525,139.284,139.340475,139.46235,139.52935,139.585175,141.118475,141.1486,141.20075,141.23395,141.35815,141.39895,141.454925,141.559075,141.78705,141.8829,142.083575,144.1141,0,0,0,0,0,0,0,0,0,0,0,0,0,0,0,0,0,0,0,0,0,0,0,0,0,0,0,0,0,0,0,0,0,0,0,0,0,0,0,0,0,0,0,0,0,0,0,0,0,0,0,0,0,0,0,0,0,0,0,0,0,0,0,0,0,0,0,0,0,0,0,0,0,0,0,0,0,0,0,0,0,0,0,0,0,0,0,0,0,0,0,0,0,0,0,0,0,0,0,0,0,0,0,0,0,0,0,0,0,0,0,0,0,0,0,0,0,0,0,0,0,0,0,0,0,0,0,0,0,0,0,0,0,0,0,0,0,0,0,0,0,0,0,0,0,0,0,0,0,0,0,0,0,0,0,0,0,0,0,0,0,0,0,0,0,0,0,0,0,0,0,0,0,0,0,0,0,0,0,0,0,0,0,0,0,0,0,0,0,0,0,0,0,0,0,0,0,0,0,0,0,0,0,0,0,0,0,0,0,0,0,0,0,0,0,0,0,0,0,0,0,0,0,0,0,0,0,0,0,0,0,0,0,0,0,0,0,0,0,0,0,0,0,0,0,0,0,0,0,0,0,0,0,0,0,0,0,0,0,0,0,0,0,0,0,0,0,0,0,0,0,0,0,0,0,0,0,0,0,0,0,0,0,0,0,0,0,0,0,0,0,0,0,0,0,0,0,0,0,0,0,0,0,0,0,0,0,0,0,0,0,0,0,0,0,0,0,0,0,0,0,0,0,0,0,0,0,0,0,0,0,0,0,0,0,0,0,0,0,0,0,0,0,0,0,0,0,0,0,0,0,0,0,0,0,0,0,0,0,0,0,0,0,0,0,0,0,0,0,0,0,0,0,0,0,0,0,0,0,0,0,0,0,0,0,0,0,0,0,0,0,0,0,0,0,0,0,0,0,0,0,0,0,0,0,0
"225",129.703075,129.81515,129.8631,129.9425,135.043675,135.182575,136.370475,137.0207,137.04025,137.0726,137.114125,137.186075,138.426875,138.561475,138.62275,138.672775,138.7563,138.824325,139.964675,140.02515,140.05475,140.095375,140.12565,140.148475,140.19375,140.3114,140.359525,140.4256,140.484825,140.5469,140.658775,142.379375,142.442225,142.481175,142.547075,142.61185,142.648575,142.6887,142.718575,142.756075,142.809475,142.83935,142.902,142.9758,143.0341,143.124325,143.2415,144.739,144.96615,145.055925,145.170275,145.25575,145.310375,145.40435,145.484,145.60055,0,0,0,0,0,0,0,0,0,0,0,0,0,0,0,0,0,0,0,0,0,0,0,0,0,0,0,0,0,0,0,0,0,0,0,0,0,0,0,0,0,0,0,0,0,0,0,0,0,0,0,0,0,0,0,0,0,0,0,0,0,0,0,0,0,0,0,0,0,0,0,0,0,0,0,0,0,0,0,0,0,0,0,0,0,0,0,0,0,0,0,0,0,0,0,0,0,0,0,0,0,0,0,0,0,0,0,0,0,0,0,0,0,0,0,0,0,0,0,0,0,0,0,0,0,0,0,0,0,0,0,0,0,0,0,0,0,0,0,0,0,0,0,0,0,0,0,0,0,0,0,0,0,0,0,0,0,0,0,0,0,0,0,0,0,0,0,0,0,0,0,0,0,0,0,0,0,0,0,0,0,0,0,0,0,0,0,0,0,0,0,0,0,0,0,0,0,0,0,0,0,0,0,0,0,0,0,0,0,0,0,0,0,0,0,0,0,0,0,0,0,0,0,0,0,0,0,0,0,0,0,0,0,0,0,0,0,0,0,0,0,0,0,0,0,0,0,0,0,0,0,0,0,0,0,0,0,0,0,0,0,0,0,0,0,0,0,0,0,0,0,0,0,0,0,0,0,0,0,0,0,0,0,0,0,0,0,0,0,0,0,0,0,0,0,0,0,0,0,0,0,0,0,0,0,0,0,0,0,0,0,0,0,0,0,0,0,0,0,0,0,0,0,0,0,0,0,0,0,0,0,0,0,0,0,0,0,0,0,0,0,0,0,0,0,0,0,0,0,0,0,0,0,0,0,0,0,0,0,0,0,0,0,0,0,0,0,0,0,0,0,0,0,0,0,0,0,0,0,0,0,0,0,0,0,0,0,0,0,0,0,0,0,0,0,0,0,0,0,0,0,0,0,0,0,0,0,0,0,0,0,0,0,0,0,0,0,0,0,0,0
"226",120.1514,121.4164,121.527325,121.7443,122.959325,123.45535,123.662925,123.89605,124.402575,125.30595,125.6186,126.311225,126.900625,129.17005,129.445575,129.4962,131.507275,131.578,136.45675,136.5867,139.8293,0,0,0,0,0,0,0,0,0,0,0,0,0,0,0,0,0,0,0,0,0,0,0,0,0,0,0,0,0,0,0,0,0,0,0,0,0,0,0,0,0,0,0,0,0,0,0,0,0,0,0,0,0,0,0,0,0,0,0,0,0,0,0,0,0,0,0,0,0,0,0,0,0,0,0,0,0,0,0,0,0,0,0,0,0,0,0,0,0,0,0,0,0,0,0,0,0,0,0,0,0,0,0,0,0,0,0,0,0,0,0,0,0,0,0,0,0,0,0,0,0,0,0,0,0,0,0,0,0,0,0,0,0,0,0,0,0,0,0,0,0,0,0,0,0,0,0,0,0,0,0,0,0,0,0,0,0,0,0,0,0,0,0,0,0,0,0,0,0,0,0,0,0,0,0,0,0,0,0,0,0,0,0,0,0,0,0,0,0,0,0,0,0,0,0,0,0,0,0,0,0,0,0,0,0,0,0,0,0,0,0,0,0,0,0,0,0,0,0,0,0,0,0,0,0,0,0,0,0,0,0,0,0,0,0,0,0,0,0,0,0,0,0,0,0,0,0,0,0,0,0,0,0,0,0,0,0,0,0,0,0,0,0,0,0,0,0,0,0,0,0,0,0,0,0,0,0,0,0,0,0,0,0,0,0,0,0,0,0,0,0,0,0,0,0,0,0,0,0,0,0,0,0,0,0,0,0,0,0,0,0,0,0,0,0,0,0,0,0,0,0,0,0,0,0,0,0,0,0,0,0,0,0,0,0,0,0,0,0,0,0,0,0,0,0,0,0,0,0,0,0,0,0,0,0,0,0,0,0,0,0,0,0,0,0,0,0,0,0,0,0,0,0,0,0,0,0,0,0,0,0,0,0,0,0,0,0,0,0,0,0,0,0,0,0,0,0,0,0,0,0,0,0,0,0,0,0,0,0,0,0,0,0,0,0,0,0,0,0,0,0,0,0,0,0,0,0,0,0,0,0,0,0,0,0,0,0,0,0,0,0,0,0,0,0,0,0,0,0,0,0,0,0,0,0,0
"227",130.83725,130.99885,131.049175,131.18255,131.956075,132.490875,132.601425,132.861975,133.6991,133.829,133.889225,133.993475,134.110175,134.1766,134.23235,134.29055,134.3303,135.71675,135.84995,135.96925,136.0366,136.12425,136.143525,136.197525,136.355425,136.43585,137.867175,137.994975,138.042125,138.070225,138.1489,139.51915,0,0,0,0,0,0,0,0,0,0,0,0,0,0,0,0,0,0,0,0,0,0,0,0,0,0,0,0,0,0,0,0,0,0,0,0,0,0,0,0,0,0,0,0,0,0,0,0,0,0,0,0,0,0,0,0,0,0,0,0,0,0,0,0,0,0,0,0,0,0,0,0,0,0,0,0,0,0,0,0,0,0,0,0,0,0,0,0,0,0,0,0,0,0,0,0,0,0,0,0,0,0,0,0,0,0,0,0,0,0,0,0,0,0,0,0,0,0,0,0,0,0,0,0,0,0,0,0,0,0,0,0,0,0,0,0,0,0,0,0,0,0,0,0,0,0,0,0,0,0,0,0,0,0,0,0,0,0,0,0,0,0,0,0,0,0,0,0,0,0,0,0,0,0,0,0,0,0,0,0,0,0,0,0,0,0,0,0,0,0,0,0,0,0,0,0,0,0,0,0,0,0,0,0,0,0,0,0,0,0,0,0,0,0,0,0,0,0,0,0,0,0,0,0,0,0,0,0,0,0,0,0,0,0,0,0,0,0,0,0,0,0,0,0,0,0,0,0,0,0,0,0,0,0,0,0,0,0,0,0,0,0,0,0,0,0,0,0,0,0,0,0,0,0,0,0,0,0,0,0,0,0,0,0,0,0,0,0,0,0,0,0,0,0,0,0,0,0,0,0,0,0,0,0,0,0,0,0,0,0,0,0,0,0,0,0,0,0,0,0,0,0,0,0,0,0,0,0,0,0,0,0,0,0,0,0,0,0,0,0,0,0,0,0,0,0,0,0,0,0,0,0,0,0,0,0,0,0,0,0,0,0,0,0,0,0,0,0,0,0,0,0,0,0,0,0,0,0,0,0,0,0,0,0,0,0,0,0,0,0,0,0,0,0,0,0,0,0,0,0,0,0,0,0,0,0,0,0,0,0,0,0,0,0,0,0,0,0,0,0,0,0,0,0,0,0,0,0,0,0,0,0,0,0,0,0,0,0,0,0,0,0,0,0,0
"228",131.091875,131.136825,131.157075,131.21255,131.22735,131.252525,131.390875,131.450475,131.477225,131.7149,131.741025,132.21475,132.8207,132.99355,133.626675,133.7075,133.75355,134.063475,134.0806,134.12115,134.20145,134.291425,134.423875,134.77895,135.015675,136.20265,136.271525,136.2923,136.553775,136.625175,136.6711,136.753175,136.904025,137.6943,137.802525,138.11835,138.22465,138.28405,138.38395,138.5716,139.4922,139.664925,142.697425,0,0,0,0,0,0,0,0,0,0,0,0,0,0,0,0,0,0,0,0,0,0,0,0,0,0,0,0,0,0,0,0,0,0,0,0,0,0,0,0,0,0,0,0,0,0,0,0,0,0,0,0,0,0,0,0,0,0,0,0,0,0,0,0,0,0,0,0,0,0,0,0,0,0,0,0,0,0,0,0,0,0,0,0,0,0,0,0,0,0,0,0,0,0,0,0,0,0,0,0,0,0,0,0,0,0,0,0,0,0,0,0,0,0,0,0,0,0,0,0,0,0,0,0,0,0,0,0,0,0,0,0,0,0,0,0,0,0,0,0,0,0,0,0,0,0,0,0,0,0,0,0,0,0,0,0,0,0,0,0,0,0,0,0,0,0,0,0,0,0,0,0,0,0,0,0,0,0,0,0,0,0,0,0,0,0,0,0,0,0,0,0,0,0,0,0,0,0,0,0,0,0,0,0,0,0,0,0,0,0,0,0,0,0,0,0,0,0,0,0,0,0,0,0,0,0,0,0,0,0,0,0,0,0,0,0,0,0,0,0,0,0,0,0,0,0,0,0,0,0,0,0,0,0,0,0,0,0,0,0,0,0,0,0,0,0,0,0,0,0,0,0,0,0,0,0,0,0,0,0,0,0,0,0,0,0,0,0,0,0,0,0,0,0,0,0,0,0,0,0,0,0,0,0,0,0,0,0,0,0,0,0,0,0,0,0,0,0,0,0,0,0,0,0,0,0,0,0,0,0,0,0,0,0,0,0,0,0,0,0,0,0,0,0,0,0,0,0,0,0,0,0,0,0,0,0,0,0,0,0,0,0,0,0,0,0,0,0,0,0,0,0,0,0,0,0,0,0,0,0,0,0,0,0,0,0,0,0,0,0,0,0,0,0,0,0,0,0,0,0,0,0,0,0,0,0,0,0,0,0,0,0,0,0,0,0,0,0,0,0,0,0,0,0,0,0,0,0,0,0,0,0,0,0
"229",131.279925,131.316325,132.492375,132.5564,132.570275,132.6043,132.64495,132.66445,132.71635,132.758825,132.799,134.42725,134.458725,134.503425,134.516925,134.539275,134.558925,134.5765,134.608825,134.6655,134.73675,134.775975,134.85105,0,0,0,0,0,0,0,0,0,0,0,0,0,0,0,0,0,0,0,0,0,0,0,0,0,0,0,0,0,0,0,0,0,0,0,0,0,0,0,0,0,0,0,0,0,0,0,0,0,0,0,0,0,0,0,0,0,0,0,0,0,0,0,0,0,0,0,0,0,0,0,0,0,0,0,0,0,0,0,0,0,0,0,0,0,0,0,0,0,0,0,0,0,0,0,0,0,0,0,0,0,0,0,0,0,0,0,0,0,0,0,0,0,0,0,0,0,0,0,0,0,0,0,0,0,0,0,0,0,0,0,0,0,0,0,0,0,0,0,0,0,0,0,0,0,0,0,0,0,0,0,0,0,0,0,0,0,0,0,0,0,0,0,0,0,0,0,0,0,0,0,0,0,0,0,0,0,0,0,0,0,0,0,0,0,0,0,0,0,0,0,0,0,0,0,0,0,0,0,0,0,0,0,0,0,0,0,0,0,0,0,0,0,0,0,0,0,0,0,0,0,0,0,0,0,0,0,0,0,0,0,0,0,0,0,0,0,0,0,0,0,0,0,0,0,0,0,0,0,0,0,0,0,0,0,0,0,0,0,0,0,0,0,0,0,0,0,0,0,0,0,0,0,0,0,0,0,0,0,0,0,0,0,0,0,0,0,0,0,0,0,0,0,0,0,0,0,0,0,0,0,0,0,0,0,0,0,0,0,0,0,0,0,0,0,0,0,0,0,0,0,0,0,0,0,0,0,0,0,0,0,0,0,0,0,0,0,0,0,0,0,0,0,0,0,0,0,0,0,0,0,0,0,0,0,0,0,0,0,0,0,0,0,0,0,0,0,0,0,0,0,0,0,0,0,0,0,0,0,0,0,0,0,0,0,0,0,0,0,0,0,0,0,0,0,0,0,0,0,0,0,0,0,0,0,0,0,0,0,0,0,0,0,0,0,0,0,0,0,0,0,0,0,0,0,0,0,0,0,0,0,0,0,0,0,0,0,0,0,0,0,0,0,0,0,0,0,0,0,0,0,0,0,0
"230",130.92065,130.96395,131.008475,131.03075,131.07925,131.11865,131.1613,131.3143,132.40275,132.46155,132.496075,133.608975,134.01205,134.088975,134.2434,134.331375,134.603625,135.956625,136.074225,136.15395,137.8272,137.89785,137.984925,137.990425,0,0,0,0,0,0,0,0,0,0,0,0,0,0,0,0,0,0,0,0,0,0,0,0,0,0,0,0,0,0,0,0,0,0,0,0,0,0,0,0,0,0,0,0,0,0,0,0,0,0,0,0,0,0,0,0,0,0,0,0,0,0,0,0,0,0,0,0,0,0,0,0,0,0,0,0,0,0,0,0,0,0,0,0,0,0,0,0,0,0,0,0,0,0,0,0,0,0,0,0,0,0,0,0,0,0,0,0,0,0,0,0,0,0,0,0,0,0,0,0,0,0,0,0,0,0,0,0,0,0,0,0,0,0,0,0,0,0,0,0,0,0,0,0,0,0,0,0,0,0,0,0,0,0,0,0,0,0,0,0,0,0,0,0,0,0,0,0,0,0,0,0,0,0,0,0,0,0,0,0,0,0,0,0,0,0,0,0,0,0,0,0,0,0,0,0,0,0,0,0,0,0,0,0,0,0,0,0,0,0,0,0,0,0,0,0,0,0,0,0,0,0,0,0,0,0,0,0,0,0,0,0,0,0,0,0,0,0,0,0,0,0,0,0,0,0,0,0,0,0,0,0,0,0,0,0,0,0,0,0,0,0,0,0,0,0,0,0,0,0,0,0,0,0,0,0,0,0,0,0,0,0,0,0,0,0,0,0,0,0,0,0,0,0,0,0,0,0,0,0,0,0,0,0,0,0,0,0,0,0,0,0,0,0,0,0,0,0,0,0,0,0,0,0,0,0,0,0,0,0,0,0,0,0,0,0,0,0,0,0,0,0,0,0,0,0,0,0,0,0,0,0,0,0,0,0,0,0,0,0,0,0,0,0,0,0,0,0,0,0,0,0,0,0,0,0,0,0,0,0,0,0,0,0,0,0,0,0,0,0,0,0,0,0,0,0,0,0,0,0,0,0,0,0,0,0,0,0,0,0,0,0,0,0,0,0,0,0,0,0,0,0,0,0,0,0,0,0,0,0,0,0,0,0,0,0,0,0,0,0,0,0,0,0,0,0,0,0,0,0,0,0,0
"231",122.479025,123.73885,124.35005,125.1481,125.517575,125.771575,126.072625,126.1529,126.659275,127.95535,128.392475,128.512775,128.72775,129.661675,129.726525,129.995125,130.0618,130.14215,130.317375,130.4033,130.5783,130.6021,130.624025,130.651,130.67975,130.6917,130.750875,130.765975,130.77435,130.78305,130.79835,130.802075,130.825825,130.844725,130.884775,130.918075,130.928625,130.939625,130.954275,130.963075,130.982975,131.0247,131.028375,131.07285,131.09775,131.10355,131.15065,131.168825,131.18165,131.198625,131.2051,131.218875,131.228575,131.2454,131.25445,131.2595,131.2625,131.271525,131.27805,131.28235,131.288525,131.305525,131.3208,131.3268,131.34255,131.354275,131.377825,131.383925,131.4212,131.4277,131.437225,131.453725,131.46785,131.4691,131.47425,131.4846,131.497625,131.524925,131.530725,131.543825,131.5513,131.5599,131.568625,131.578825,131.5842,131.588375,131.602075,131.612625,131.6545,131.66885,131.683325,131.69365,131.7073,131.73405,131.754275,131.784225,131.989225,132.050475,132.060175,132.0681,132.0901,132.09325,132.103275,132.10605,132.127525,132.155925,132.156825,132.174475,132.18765,132.2137,132.23075,132.250875,132.265125,132.273475,132.290175,132.30205,132.312125,132.326275,132.353125,132.36715,132.38575,132.40355,132.414475,132.4316,132.43975,132.4507,132.4585,132.468075,132.468975,132.482325,132.50305,132.518075,132.549825,132.557725,132.559175,132.5673,132.582525,132.59535,132.600275,132.610975,132.62645,132.6335,132.648275,132.65635,132.66345,132.669525,132.694175,132.7027,132.72465,132.73795,132.7469,132.752975,132.77015,132.7778,132.7848,132.792875,132.81845,132.8333,132.8437,132.851975,132.874575,132.8801,132.896275,132.914475,132.939325,132.956075,132.97775,132.984725,133.0079,133.0287,133.03005,133.03545,133.050475,133.061775,133.074175,133.106,133.127775,133.158975,133.1766,133.1982,133.241225,133.26525,133.343475,133.372475,133.396625,133.42485,133.442325,133.47075,133.473975,133.49935,133.5302,133.554175,133.5682,133.58805,133.600125,133.62815,133.641875,133.663325,133.68495,133.689575,133.7274,133.738125,133.7577,133.772925,133.7899,133.821075,133.836625,133.845725,133.85565,133.897325,133.9074,133.93875,133.946375,133.958725,133.97105,133.992025,133.99975,134.005175,134.006075,134.014475,134.02435,134.032325,134.039725,134.053,134.06815,134.075725,134.086575,134.095375,134.111525,134.124775,134.129875,134.1415,134.1507,134.16175,134.1706,134.19405,134.203825,134.209875,134.21965,134.23025,134.236825,134.2452,134.261675,134.276625,134.31775,134.3337,134.33735,134.339875,134.3495,134.35935,134.381875,134.385175,134.39015,134.40655,134.41305,134.421675,134.429725,134.435925,134.439375,134.44695,134.453625,134.46265,134.47065,134.473,134.47775,134.49455,134.5094,134.53495,134.538575,134.544375,134.582225,134.5905,134.608025,134.61435,134.624975,134.63845,134.649525,134.668275,134.676725,134.682925,134.724375,134.744725,134.758025,134.76085,134.779725,134.790025,134.7912,134.80575,134.813675,134.819775,134.829,134.83815,134.844025,134.852225,134.88085,134.888975,134.901725,134.909175,134.911725,134.92865,134.93765,134.9413,134.94455,134.955175,134.966875,134.985,135.00315,135.014275,135.033075,135.0429,135.068575,135.100775,135.11395,135.117025,135.131075,135.167325,135.184675,135.1917,135.278125,135.28435,135.362125,135.3822,135.4124,135.4416,135.4637,135.476875,135.49705,135.51445,135.545925,135.584825,135.587075,135.59145,135.636125,135.661675,135.731875,135.76505,135.9437,135.985775,136.02675,136.17915,136.239925,136.279375,136.33925,136.367575,136.39425,136.4217,136.4889,136.619975,136.691675,136.760775,136.848525,136.9933,137.03465,137.278,137.4822,137.535075,137.53615,137.5587,137.580175,137.59285,137.6325,137.67845,137.70585,137.7185,137.7466,137.777125,137.821075,137.872875,137.89585,137.916975,137.938325,137.968525,138.01275,138.044325,138.068075,138.0846,138.169375,138.205075,138.2592,138.31325,138.3414,138.442525,138.483175,138.5045,138.53185,138.56705,139.14015,139.174575,139.177,139.227125,139.233475,139.25655,139.259025,139.3033,139.325075,139.384425,139.42045,139.445275,139.44805,139.487125,139.488775,139.562975,139.614625,139.7046,139.746825,139.754325,139.800175,139.849075,139.891,139.956,140.017325,140.075625,140.13015,140.1691,140.840475,140.905225,140.9831,141.013225,141.023825,141.070875,141.1144,141.1561,141.19695,141.237975,141.25415,141.2567,141.30835,141.328975,141.346925,141.376,141.416125,141.41895,141.4388,141.46585,141.48255,141.5039,141.510825,141.548275,141.566275,141.587675,141.600975,141.608775,141.6241,141.62525,141.651375,141.684125,141.730075,141.747925,141.77365,141.7939,141.817625,141.818975,141.8408,141.87475,141.90115,141.9236,141.9503,141.980675,141.988375,142.023125,142.26655,142.46665,142.54965,142.59895,142.622275,142.674025,142.75015,142.819825,142.862025,142.898075,144.0439,144.106575,144.22995,144.30345,144.861125,144.995225,153.11985
"232",129.601725,130.06575,130.397375,130.61495,130.795175,132.0717,133.5694,133.849125,133.987575,134.125875,134.581825,135.564475,135.73915,135.87495,135.931625,135.995575,136.17215,136.246525,136.311825,136.4174,136.611625,136.932175,137.783325,137.989325,138.05235,138.164025,138.21775,0,0,0,0,0,0,0,0,0,0,0,0,0,0,0,0,0,0,0,0,0,0,0,0,0,0,0,0,0,0,0,0,0,0,0,0,0,0,0,0,0,0,0,0,0,0,0,0,0,0,0,0,0,0,0,0,0,0,0,0,0,0,0,0,0,0,0,0,0,0,0,0,0,0,0,0,0,0,0,0,0,0,0,0,0,0,0,0,0,0,0,0,0,0,0,0,0,0,0,0,0,0,0,0,0,0,0,0,0,0,0,0,0,0,0,0,0,0,0,0,0,0,0,0,0,0,0,0,0,0,0,0,0,0,0,0,0,0,0,0,0,0,0,0,0,0,0,0,0,0,0,0,0,0,0,0,0,0,0,0,0,0,0,0,0,0,0,0,0,0,0,0,0,0,0,0,0,0,0,0,0,0,0,0,0,0,0,0,0,0,0,0,0,0,0,0,0,0,0,0,0,0,0,0,0,0,0,0,0,0,0,0,0,0,0,0,0,0,0,0,0,0,0,0,0,0,0,0,0,0,0,0,0,0,0,0,0,0,0,0,0,0,0,0,0,0,0,0,0,0,0,0,0,0,0,0,0,0,0,0,0,0,0,0,0,0,0,0,0,0,0,0,0,0,0,0,0,0,0,0,0,0,0,0,0,0,0,0,0,0,0,0,0,0,0,0,0,0,0,0,0,0,0,0,0,0,0,0,0,0,0,0,0,0,0,0,0,0,0,0,0,0,0,0,0,0,0,0,0,0,0,0,0,0,0,0,0,0,0,0,0,0,0,0,0,0,0,0,0,0,0,0,0,0,0,0,0,0,0,0,0,0,0,0,0,0,0,0,0,0,0,0,0,0,0,0,0,0,0,0,0,0,0,0,0,0,0,0,0,0,0,0,0,0,0,0,0,0,0,0,0,0,0,0,0,0,0,0,0,0,0,0,0,0,0,0,0,0,0,0,0,0,0,0,0,0,0,0,0,0,0,0,0,0,0,0,0,0,0,0,0,0,0,0,0,0,0,0,0,0
"233",131.142975,131.20775,131.216225,131.26935,131.294775,131.3343,131.436125,131.473325,131.491625,132.433525,132.5804,132.642825,132.655825,132.822225,132.907775,132.9684,133.80705,133.8519,133.909525,133.954075,134.09685,134.171875,134.953225,136.243525,136.2778,136.3009,136.3378,136.4627,136.4875,136.504475,136.5378,136.560975,136.643425,136.69845,137.692925,138.071475,138.130725,138.168175,0,0,0,0,0,0,0,0,0,0,0,0,0,0,0,0,0,0,0,0,0,0,0,0,0,0,0,0,0,0,0,0,0,0,0,0,0,0,0,0,0,0,0,0,0,0,0,0,0,0,0,0,0,0,0,0,0,0,0,0,0,0,0,0,0,0,0,0,0,0,0,0,0,0,0,0,0,0,0,0,0,0,0,0,0,0,0,0,0,0,0,0,0,0,0,0,0,0,0,0,0,0,0,0,0,0,0,0,0,0,0,0,0,0,0,0,0,0,0,0,0,0,0,0,0,0,0,0,0,0,0,0,0,0,0,0,0,0,0,0,0,0,0,0,0,0,0,0,0,0,0,0,0,0,0,0,0,0,0,0,0,0,0,0,0,0,0,0,0,0,0,0,0,0,0,0,0,0,0,0,0,0,0,0,0,0,0,0,0,0,0,0,0,0,0,0,0,0,0,0,0,0,0,0,0,0,0,0,0,0,0,0,0,0,0,0,0,0,0,0,0,0,0,0,0,0,0,0,0,0,0,0,0,0,0,0,0,0,0,0,0,0,0,0,0,0,0,0,0,0,0,0,0,0,0,0,0,0,0,0,0,0,0,0,0,0,0,0,0,0,0,0,0,0,0,0,0,0,0,0,0,0,0,0,0,0,0,0,0,0,0,0,0,0,0,0,0,0,0,0,0,0,0,0,0,0,0,0,0,0,0,0,0,0,0,0,0,0,0,0,0,0,0,0,0,0,0,0,0,0,0,0,0,0,0,0,0,0,0,0,0,0,0,0,0,0,0,0,0,0,0,0,0,0,0,0,0,0,0,0,0,0,0,0,0,0,0,0,0,0,0,0,0,0,0,0,0,0,0,0,0,0,0,0,0,0,0,0,0,0,0,0,0,0,0,0,0,0,0,0,0,0,0,0,0,0,0,0,0,0,0,0,0,0,0,0,0,0,0,0,0,0,0,0,0,0,0,0,0,0,0,0,0,0,0,0,0,0,0
"234",130.70075,131.512225,131.627425,132.137825,132.3363,132.5298,132.54725,132.760975,132.9347,133.63825,134.2955,134.56675,134.734875,134.7956,135.24605,136.465625,136.56415,137.56895,0,0,0,0,0,0,0,0,0,0,0,0,0,0,0,0,0,0,0,0,0,0,0,0,0,0,0,0,0,0,0,0,0,0,0,0,0,0,0,0,0,0,0,0,0,0,0,0,0,0,0,0,0,0,0,0,0,0,0,0,0,0,0,0,0,0,0,0,0,0,0,0,0,0,0,0,0,0,0,0,0,0,0,0,0,0,0,0,0,0,0,0,0,0,0,0,0,0,0,0,0,0,0,0,0,0,0,0,0,0,0,0,0,0,0,0,0,0,0,0,0,0,0,0,0,0,0,0,0,0,0,0,0,0,0,0,0,0,0,0,0,0,0,0,0,0,0,0,0,0,0,0,0,0,0,0,0,0,0,0,0,0,0,0,0,0,0,0,0,0,0,0,0,0,0,0,0,0,0,0,0,0,0,0,0,0,0,0,0,0,0,0,0,0,0,0,0,0,0,0,0,0,0,0,0,0,0,0,0,0,0,0,0,0,0,0,0,0,0,0,0,0,0,0,0,0,0,0,0,0,0,0,0,0,0,0,0,0,0,0,0,0,0,0,0,0,0,0,0,0,0,0,0,0,0,0,0,0,0,0,0,0,0,0,0,0,0,0,0,0,0,0,0,0,0,0,0,0,0,0,0,0,0,0,0,0,0,0,0,0,0,0,0,0,0,0,0,0,0,0,0,0,0,0,0,0,0,0,0,0,0,0,0,0,0,0,0,0,0,0,0,0,0,0,0,0,0,0,0,0,0,0,0,0,0,0,0,0,0,0,0,0,0,0,0,0,0,0,0,0,0,0,0,0,0,0,0,0,0,0,0,0,0,0,0,0,0,0,0,0,0,0,0,0,0,0,0,0,0,0,0,0,0,0,0,0,0,0,0,0,0,0,0,0,0,0,0,0,0,0,0,0,0,0,0,0,0,0,0,0,0,0,0,0,0,0,0,0,0,0,0,0,0,0,0,0,0,0,0,0,0,0,0,0,0,0,0,0,0,0,0,0,0,0,0,0,0,0,0,0,0,0,0,0,0,0,0,0,0
"235",129.8639,129.884625,129.92715,129.9682,130.013275,130.131225,130.2793,130.324625,130.377125,130.59365,130.61255,130.651725,130.6841,130.7725,131.057975,131.413375,131.519625,131.536275,131.59715,131.623525,131.66915,131.699175,131.714475,131.734325,131.7489,131.7689,131.7755,131.8036,131.81755,131.82955,131.838125,131.85455,131.86395,131.872675,131.8878,131.904,131.91335,131.928175,131.9368,131.945975,131.97245,131.9853,132.00285,132.190375,132.620925,132.657075,132.90515,132.935725,132.9579,133.005125,133.021375,133.0706,133.102575,133.12315,133.155175,133.179675,133.1983,133.214475,133.22685,133.2378,133.2515,133.263825,133.27135,133.288175,133.297625,133.3071,133.32295,133.340975,133.35145,133.374725,133.381275,133.41435,133.505125,133.524775,133.568575,133.72095,133.75785,133.779225,133.813775,133.829475,133.882725,133.914425,133.975725,134.015975,134.922425,134.9716,135.000525,135.01255,135.033225,135.051925,135.0689,135.0895,135.109175,135.1194,135.141675,135.16165,135.1772,135.1916,135.203975,135.21605,135.226525,135.2474,135.267225,135.2816,135.2924,135.304925,135.346575,135.368,135.384875,135.393725,135.410425,135.426675,135.45935,135.472775,135.496125,135.516275,135.52925,135.586575,135.6121,135.62815,135.69165,135.82235,135.8448,136.09335,136.1306,136.276725,136.336,136.384525,136.427625,136.515075,136.549475,136.604125,136.75425,136.785125,136.815925,136.833375,136.855525,136.87375,136.911225,136.938575,136.96875,136.981725,136.998625,137.0266,137.042875,137.06525,137.0956,137.107525,137.139425,137.1487,137.172025,137.193375,137.21545,137.231325,137.2405,137.25865,137.269175,137.291575,137.298675,137.31095,137.33945,137.3608,137.373175,137.39235,137.41605,137.43305,137.446275,137.994,138.039775,138.061975,138.104025,138.219275,138.35295,138.3851,138.409275,138.4657,138.52665,138.548525,138.5648,138.59785,138.624925,138.645275,138.6648,138.679275,138.69605,138.71795,138.74235,138.753825,138.766575,138.778775,138.790725,138.80005,138.815725,138.830875,138.845475,138.865275,138.88005,138.894675,138.911075,138.93025,138.96265,138.99405,139.00765,139.024025,139.071,139.107325,139.6422,140.184975,140.2296,140.2795,140.307775,140.331725,140.3673,140.403325,140.445675,140.46605,140.491525,140.530375,140.550975,140.577475,140.6012,140.619725,140.6592,140.702125,140.735675,140.761025,140.816975,140.889875,140.927575,141.884725,141.9586,141.99865,142.05485,142.0913,142.176375,142.2344,142.3376,142.38715,142.436,142.6343,142.753825,142.89835,142.96475,143.0679,143.12905,0,0,0,0,0,0,0,0,0,0,0,0,0,0,0,0,0,0,0,0,0,0,0,0,0,0,0,0,0,0,0,0,0,0,0,0,0,0,0,0,0,0,0,0,0,0,0,0,0,0,0,0,0,0,0,0,0,0,0,0,0,0,0,0,0,0,0,0,0,0,0,0,0,0,0,0,0,0,0,0,0,0,0,0,0,0,0,0,0,0,0,0,0,0,0,0,0,0,0,0,0,0,0,0,0,0,0,0,0,0,0,0,0,0,0,0,0,0,0,0,0,0,0,0,0,0,0,0,0,0,0,0,0,0,0,0,0,0,0,0,0,0,0,0,0,0,0,0,0,0,0,0,0,0,0,0,0,0,0,0,0,0,0,0,0,0,0,0,0,0,0,0,0,0,0,0,0,0,0,0,0,0,0,0,0,0,0,0,0,0,0,0,0,0,0,0,0,0,0,0,0,0,0,0,0,0,0,0,0,0,0,0,0,0,0,0,0,0,0,0,0,0,0,0,0,0,0,0,0,0,0,0
"236",130.818475,130.9016,130.9653,131.12055,131.2414,131.3575,131.5739,132.222675,132.4223,132.7565,132.803475,132.8635,133.63115,133.673375,133.751025,133.879025,133.96355,133.964975,134.093325,134.12115,134.18095,134.205725,134.33295,134.36365,134.4292,135.870375,135.879875,135.940175,136.0215,136.081275,136.1996,137.6309,137.7174,137.76135,137.926625,138.063325,138.342975,139.2724,139.300075,139.322975,139.402775,139.418725,139.519675,139.6328,139.769825,141.0544,141.113375,141.1905,141.2224,141.25045,141.268125,141.287925,141.325975,141.38175,141.440725,141.46775,141.508725,141.537725,141.569725,141.597925,141.6478,141.67615,141.763375,141.826275,141.943575,142.0025,142.0856,143.954225,144.018375,144.0878,144.149125,144.212175,144.3178,144.403025,144.551025,0,0,0,0,0,0,0,0,0,0,0,0,0,0,0,0,0,0,0,0,0,0,0,0,0,0,0,0,0,0,0,0,0,0,0,0,0,0,0,0,0,0,0,0,0,0,0,0,0,0,0,0,0,0,0,0,0,0,0,0,0,0,0,0,0,0,0,0,0,0,0,0,0,0,0,0,0,0,0,0,0,0,0,0,0,0,0,0,0,0,0,0,0,0,0,0,0,0,0,0,0,0,0,0,0,0,0,0,0,0,0,0,0,0,0,0,0,0,0,0,0,0,0,0,0,0,0,0,0,0,0,0,0,0,0,0,0,0,0,0,0,0,0,0,0,0,0,0,0,0,0,0,0,0,0,0,0,0,0,0,0,0,0,0,0,0,0,0,0,0,0,0,0,0,0,0,0,0,0,0,0,0,0,0,0,0,0,0,0,0,0,0,0,0,0,0,0,0,0,0,0,0,0,0,0,0,0,0,0,0,0,0,0,0,0,0,0,0,0,0,0,0,0,0,0,0,0,0,0,0,0,0,0,0,0,0,0,0,0,0,0,0,0,0,0,0,0,0,0,0,0,0,0,0,0,0,0,0,0,0,0,0,0,0,0,0,0,0,0,0,0,0,0,0,0,0,0,0,0,0,0,0,0,0,0,0,0,0,0,0,0,0,0,0,0,0,0,0,0,0,0,0,0,0,0,0,0,0,0,0,0,0,0,0,0,0,0,0,0,0,0,0,0,0,0,0,0,0,0,0,0,0,0,0,0,0,0,0,0,0,0,0,0,0,0,0,0,0,0,0,0,0,0,0,0,0,0,0,0,0,0,0,0,0,0,0,0,0,0,0,0,0,0,0,0,0,0,0,0,0,0,0,0,0,0,0,0,0,0,0,0,0,0,0,0,0,0,0,0,0,0,0
"237",129.790475,130.3933,130.417625,131.991525,132.0638,133.39475,133.4653,134.122725,136.6986,137.0556,137.142225,137.52975,138.49295,138.751975,138.97845,139.091275,140.189475,140.44235,140.49475,142.5905,142.749275,143.117525,144.6741,0,0,0,0,0,0,0,0,0,0,0,0,0,0,0,0,0,0,0,0,0,0,0,0,0,0,0,0,0,0,0,0,0,0,0,0,0,0,0,0,0,0,0,0,0,0,0,0,0,0,0,0,0,0,0,0,0,0,0,0,0,0,0,0,0,0,0,0,0,0,0,0,0,0,0,0,0,0,0,0,0,0,0,0,0,0,0,0,0,0,0,0,0,0,0,0,0,0,0,0,0,0,0,0,0,0,0,0,0,0,0,0,0,0,0,0,0,0,0,0,0,0,0,0,0,0,0,0,0,0,0,0,0,0,0,0,0,0,0,0,0,0,0,0,0,0,0,0,0,0,0,0,0,0,0,0,0,0,0,0,0,0,0,0,0,0,0,0,0,0,0,0,0,0,0,0,0,0,0,0,0,0,0,0,0,0,0,0,0,0,0,0,0,0,0,0,0,0,0,0,0,0,0,0,0,0,0,0,0,0,0,0,0,0,0,0,0,0,0,0,0,0,0,0,0,0,0,0,0,0,0,0,0,0,0,0,0,0,0,0,0,0,0,0,0,0,0,0,0,0,0,0,0,0,0,0,0,0,0,0,0,0,0,0,0,0,0,0,0,0,0,0,0,0,0,0,0,0,0,0,0,0,0,0,0,0,0,0,0,0,0,0,0,0,0,0,0,0,0,0,0,0,0,0,0,0,0,0,0,0,0,0,0,0,0,0,0,0,0,0,0,0,0,0,0,0,0,0,0,0,0,0,0,0,0,0,0,0,0,0,0,0,0,0,0,0,0,0,0,0,0,0,0,0,0,0,0,0,0,0,0,0,0,0,0,0,0,0,0,0,0,0,0,0,0,0,0,0,0,0,0,0,0,0,0,0,0,0,0,0,0,0,0,0,0,0,0,0,0,0,0,0,0,0,0,0,0,0,0,0,0,0,0,0,0,0,0,0,0,0,0,0,0,0,0,0,0,0,0,0,0,0,0,0,0,0,0,0,0,0,0,0,0,0,0,0,0,0,0,0,0,0,0,0
"238",130.695625,130.71285,130.73905,130.769775,130.7973,130.812775,130.840775,130.85285,130.905625,130.924025,130.94215,130.95835,130.985275,131.00225,131.027225,131.084125,131.11245,131.144475,131.1712,131.188325,131.1945,131.229725,131.24395,131.266175,131.276225,131.294675,131.3626,131.376675,131.442925,131.47855,131.4993,131.545675,131.55855,131.57675,131.744,132.080975,132.102725,132.124575,132.187775,132.216325,132.23705,132.287175,132.320625,132.3753,132.39115,132.41875,132.435375,132.477675,132.54395,132.5545,132.584675,132.669625,132.771225,132.785825,132.788025,132.81945,132.842475,132.87505,132.9814,133.4706,133.5146,133.55325,133.584075,133.606475,133.65425,133.686975,133.7423,133.7745,133.836625,133.863,133.876675,133.97305,134.011325,134.026875,134.029725,134.0642,134.1174,134.1401,134.179225,134.1951,134.2146,134.280775,134.294725,134.3243,134.4565,134.48855,134.50345,134.5313,134.624025,134.83275,134.851325,134.910575,135.703175,135.741625,135.789275,135.8207,135.850775,135.8858,135.912575,136.1017,136.306675,136.35025,136.41385,136.415975,136.440925,136.478675,137.575125,137.62125,137.65035,137.665625,137.701525,137.7372,137.7859,137.817725,137.8343,137.92835,137.9695,138.0262,138.05745,138.165575,138.21095,138.264425,139.19565,139.222625,139.243825,139.25895,139.277725,139.2899,139.325675,139.384125,139.40735,139.4373,139.46515,139.502025,139.526825,139.567175,139.612275,139.6723,139.72735,139.813575,139.906775,141.192225,141.223775,141.24065,141.26025,141.295275,141.3378,141.363225,141.3952,141.419275,141.475775,141.504625,141.5358,141.56505,141.593375,141.6114,141.6912,141.7242,141.7685,141.796975,141.832175,141.906925,141.938225,141.981375,142.0221,142.078125,142.154325,0,0,0,0,0,0,0,0,0,0,0,0,0,0,0,0,0,0,0,0,0,0,0,0,0,0,0,0,0,0,0,0,0,0,0,0,0,0,0,0,0,0,0,0,0,0,0,0,0,0,0,0,0,0,0,0,0,0,0,0,0,0,0,0,0,0,0,0,0,0,0,0,0,0,0,0,0,0,0,0,0,0,0,0,0,0,0,0,0,0,0,0,0,0,0,0,0,0,0,0,0,0,0,0,0,0,0,0,0,0,0,0,0,0,0,0,0,0,0,0,0,0,0,0,0,0,0,0,0,0,0,0,0,0,0,0,0,0,0,0,0,0,0,0,0,0,0,0,0,0,0,0,0,0,0,0,0,0,0,0,0,0,0,0,0,0,0,0,0,0,0,0,0,0,0,0,0,0,0,0,0,0,0,0,0,0,0,0,0,0,0,0,0,0,0,0,0,0,0,0,0,0,0,0,0,0,0,0,0,0,0,0,0,0,0,0,0,0,0,0,0,0,0,0,0,0,0,0,0,0,0,0,0,0,0,0,0,0,0,0,0,0,0,0,0,0,0,0,0,0,0,0,0,0,0,0,0,0,0,0,0,0,0,0,0,0,0,0,0,0,0,0,0,0,0,0,0,0,0,0,0,0,0,0,0,0,0,0,0,0,0,0,0,0,0,0,0,0,0,0,0,0,0,0,0,0,0,0,0,0
"239",131.02515,131.246525,132.89655,132.93315,133.08205,133.166325,133.778,133.830225,133.8868,133.922675,134.0017,134.035075,134.098175,134.1714,134.80375,136.269775,136.325125,136.364725,136.429625,136.518025,136.632025,136.757325,0,0,0,0,0,0,0,0,0,0,0,0,0,0,0,0,0,0,0,0,0,0,0,0,0,0,0,0,0,0,0,0,0,0,0,0,0,0,0,0,0,0,0,0,0,0,0,0,0,0,0,0,0,0,0,0,0,0,0,0,0,0,0,0,0,0,0,0,0,0,0,0,0,0,0,0,0,0,0,0,0,0,0,0,0,0,0,0,0,0,0,0,0,0,0,0,0,0,0,0,0,0,0,0,0,0,0,0,0,0,0,0,0,0,0,0,0,0,0,0,0,0,0,0,0,0,0,0,0,0,0,0,0,0,0,0,0,0,0,0,0,0,0,0,0,0,0,0,0,0,0,0,0,0,0,0,0,0,0,0,0,0,0,0,0,0,0,0,0,0,0,0,0,0,0,0,0,0,0,0,0,0,0,0,0,0,0,0,0,0,0,0,0,0,0,0,0,0,0,0,0,0,0,0,0,0,0,0,0,0,0,0,0,0,0,0,0,0,0,0,0,0,0,0,0,0,0,0,0,0,0,0,0,0,0,0,0,0,0,0,0,0,0,0,0,0,0,0,0,0,0,0,0,0,0,0,0,0,0,0,0,0,0,0,0,0,0,0,0,0,0,0,0,0,0,0,0,0,0,0,0,0,0,0,0,0,0,0,0,0,0,0,0,0,0,0,0,0,0,0,0,0,0,0,0,0,0,0,0,0,0,0,0,0,0,0,0,0,0,0,0,0,0,0,0,0,0,0,0,0,0,0,0,0,0,0,0,0,0,0,0,0,0,0,0,0,0,0,0,0,0,0,0,0,0,0,0,0,0,0,0,0,0,0,0,0,0,0,0,0,0,0,0,0,0,0,0,0,0,0,0,0,0,0,0,0,0,0,0,0,0,0,0,0,0,0,0,0,0,0,0,0,0,0,0,0,0,0,0,0,0,0,0,0,0,0,0,0,0,0,0,0,0,0,0,0,0,0,0,0,0,0,0,0,0,0,0,0,0,0,0,0,0,0,0,0,0,0,0,0,0,0,0,0,0
"240",129.57065,129.613275,129.720625,129.796325,130.434,130.61995,130.672725,132.045825,132.156875,132.4727,132.61465,133.494275,133.626675,133.71365,135.5658,135.652925,137.514175,137.547,137.600425,139.156775,141.06425,141.12265,144.0602,144.3538,0,0,0,0,0,0,0,0,0,0,0,0,0,0,0,0,0,0,0,0,0,0,0,0,0,0,0,0,0,0,0,0,0,0,0,0,0,0,0,0,0,0,0,0,0,0,0,0,0,0,0,0,0,0,0,0,0,0,0,0,0,0,0,0,0,0,0,0,0,0,0,0,0,0,0,0,0,0,0,0,0,0,0,0,0,0,0,0,0,0,0,0,0,0,0,0,0,0,0,0,0,0,0,0,0,0,0,0,0,0,0,0,0,0,0,0,0,0,0,0,0,0,0,0,0,0,0,0,0,0,0,0,0,0,0,0,0,0,0,0,0,0,0,0,0,0,0,0,0,0,0,0,0,0,0,0,0,0,0,0,0,0,0,0,0,0,0,0,0,0,0,0,0,0,0,0,0,0,0,0,0,0,0,0,0,0,0,0,0,0,0,0,0,0,0,0,0,0,0,0,0,0,0,0,0,0,0,0,0,0,0,0,0,0,0,0,0,0,0,0,0,0,0,0,0,0,0,0,0,0,0,0,0,0,0,0,0,0,0,0,0,0,0,0,0,0,0,0,0,0,0,0,0,0,0,0,0,0,0,0,0,0,0,0,0,0,0,0,0,0,0,0,0,0,0,0,0,0,0,0,0,0,0,0,0,0,0,0,0,0,0,0,0,0,0,0,0,0,0,0,0,0,0,0,0,0,0,0,0,0,0,0,0,0,0,0,0,0,0,0,0,0,0,0,0,0,0,0,0,0,0,0,0,0,0,0,0,0,0,0,0,0,0,0,0,0,0,0,0,0,0,0,0,0,0,0,0,0,0,0,0,0,0,0,0,0,0,0,0,0,0,0,0,0,0,0,0,0,0,0,0,0,0,0,0,0,0,0,0,0,0,0,0,0,0,0,0,0,0,0,0,0,0,0,0,0,0,0,0,0,0,0,0,0,0,0,0,0,0,0,0,0,0,0,0,0,0,0,0,0,0,0,0,0,0,0,0,0,0,0,0,0,0,0,0,0,0,0,0,0,0,0,0
"241",129.832375,131.938025,133.4478,135.225925,135.4321,135.890725,136.719075,136.851075,136.931925,137.00955,137.05,137.117625,137.194575,137.2238,137.32355,138.424725,138.4827,138.5192,138.55955,138.74845,138.8016,138.856025,139.983925,140.051775,140.1551,140.22715,140.26855,140.322525,140.383225,140.535575,142.1627,142.312825,142.406875,142.475775,142.549775,142.6031,142.645,142.67975,142.711775,142.758225,142.80375,142.840125,142.866375,142.9122,142.955825,142.986175,143.041125,143.09055,143.142225,143.2292,0,0,0,0,0,0,0,0,0,0,0,0,0,0,0,0,0,0,0,0,0,0,0,0,0,0,0,0,0,0,0,0,0,0,0,0,0,0,0,0,0,0,0,0,0,0,0,0,0,0,0,0,0,0,0,0,0,0,0,0,0,0,0,0,0,0,0,0,0,0,0,0,0,0,0,0,0,0,0,0,0,0,0,0,0,0,0,0,0,0,0,0,0,0,0,0,0,0,0,0,0,0,0,0,0,0,0,0,0,0,0,0,0,0,0,0,0,0,0,0,0,0,0,0,0,0,0,0,0,0,0,0,0,0,0,0,0,0,0,0,0,0,0,0,0,0,0,0,0,0,0,0,0,0,0,0,0,0,0,0,0,0,0,0,0,0,0,0,0,0,0,0,0,0,0,0,0,0,0,0,0,0,0,0,0,0,0,0,0,0,0,0,0,0,0,0,0,0,0,0,0,0,0,0,0,0,0,0,0,0,0,0,0,0,0,0,0,0,0,0,0,0,0,0,0,0,0,0,0,0,0,0,0,0,0,0,0,0,0,0,0,0,0,0,0,0,0,0,0,0,0,0,0,0,0,0,0,0,0,0,0,0,0,0,0,0,0,0,0,0,0,0,0,0,0,0,0,0,0,0,0,0,0,0,0,0,0,0,0,0,0,0,0,0,0,0,0,0,0,0,0,0,0,0,0,0,0,0,0,0,0,0,0,0,0,0,0,0,0,0,0,0,0,0,0,0,0,0,0,0,0,0,0,0,0,0,0,0,0,0,0,0,0,0,0,0,0,0,0,0,0,0,0,0,0,0,0,0,0,0,0,0,0,0,0,0,0,0,0,0,0,0,0,0,0,0,0,0,0,0,0,0,0,0,0,0,0,0,0,0,0,0,0,0,0,0,0,0,0,0,0,0,0,0,0,0,0,0,0,0,0,0,0,0,0,0,0,0,0,0,0,0,0,0,0,0,0
"242",129.630675,130.1003,130.4115,130.598525,131.518125,132.054225,132.404525,133.809175,134.6801,135.075575,135.17795,135.586125,136.39795,137.23615,137.464875,140.117725,140.960275,141.16205,141.80595,143.908575,144.0816,0,0,0,0,0,0,0,0,0,0,0,0,0,0,0,0,0,0,0,0,0,0,0,0,0,0,0,0,0,0,0,0,0,0,0,0,0,0,0,0,0,0,0,0,0,0,0,0,0,0,0,0,0,0,0,0,0,0,0,0,0,0,0,0,0,0,0,0,0,0,0,0,0,0,0,0,0,0,0,0,0,0,0,0,0,0,0,0,0,0,0,0,0,0,0,0,0,0,0,0,0,0,0,0,0,0,0,0,0,0,0,0,0,0,0,0,0,0,0,0,0,0,0,0,0,0,0,0,0,0,0,0,0,0,0,0,0,0,0,0,0,0,0,0,0,0,0,0,0,0,0,0,0,0,0,0,0,0,0,0,0,0,0,0,0,0,0,0,0,0,0,0,0,0,0,0,0,0,0,0,0,0,0,0,0,0,0,0,0,0,0,0,0,0,0,0,0,0,0,0,0,0,0,0,0,0,0,0,0,0,0,0,0,0,0,0,0,0,0,0,0,0,0,0,0,0,0,0,0,0,0,0,0,0,0,0,0,0,0,0,0,0,0,0,0,0,0,0,0,0,0,0,0,0,0,0,0,0,0,0,0,0,0,0,0,0,0,0,0,0,0,0,0,0,0,0,0,0,0,0,0,0,0,0,0,0,0,0,0,0,0,0,0,0,0,0,0,0,0,0,0,0,0,0,0,0,0,0,0,0,0,0,0,0,0,0,0,0,0,0,0,0,0,0,0,0,0,0,0,0,0,0,0,0,0,0,0,0,0,0,0,0,0,0,0,0,0,0,0,0,0,0,0,0,0,0,0,0,0,0,0,0,0,0,0,0,0,0,0,0,0,0,0,0,0,0,0,0,0,0,0,0,0,0,0,0,0,0,0,0,0,0,0,0,0,0,0,0,0,0,0,0,0,0,0,0,0,0,0,0,0,0,0,0,0,0,0,0,0,0,0,0,0,0,0,0,0,0,0,0,0,0,0,0,0,0,0,0,0,0,0,0,0,0,0,0,0,0,0,0,0,0,0,0,0,0
"243",131.203825,131.25025,131.278975,131.314925,131.3375,131.371575,131.399975,131.428925,131.51,131.52695,131.55375,131.588275,131.619175,131.6674,132.4844,132.50395,132.52595,132.570625,132.62985,132.650175,132.673475,132.6951,132.71835,132.7478,132.7735,132.80935,132.837425,132.8818,134.37525,134.397375,134.42595,134.447825,134.494,134.5121,134.538575,134.555375,134.57215,134.59205,134.6099,134.64795,134.66885,134.68845,134.71705,134.73845,134.767225,134.79075,134.818125,134.84675,134.898575,137.8614,137.9176,137.95195,137.985575,0,0,0,0,0,0,0,0,0,0,0,0,0,0,0,0,0,0,0,0,0,0,0,0,0,0,0,0,0,0,0,0,0,0,0,0,0,0,0,0,0,0,0,0,0,0,0,0,0,0,0,0,0,0,0,0,0,0,0,0,0,0,0,0,0,0,0,0,0,0,0,0,0,0,0,0,0,0,0,0,0,0,0,0,0,0,0,0,0,0,0,0,0,0,0,0,0,0,0,0,0,0,0,0,0,0,0,0,0,0,0,0,0,0,0,0,0,0,0,0,0,0,0,0,0,0,0,0,0,0,0,0,0,0,0,0,0,0,0,0,0,0,0,0,0,0,0,0,0,0,0,0,0,0,0,0,0,0,0,0,0,0,0,0,0,0,0,0,0,0,0,0,0,0,0,0,0,0,0,0,0,0,0,0,0,0,0,0,0,0,0,0,0,0,0,0,0,0,0,0,0,0,0,0,0,0,0,0,0,0,0,0,0,0,0,0,0,0,0,0,0,0,0,0,0,0,0,0,0,0,0,0,0,0,0,0,0,0,0,0,0,0,0,0,0,0,0,0,0,0,0,0,0,0,0,0,0,0,0,0,0,0,0,0,0,0,0,0,0,0,0,0,0,0,0,0,0,0,0,0,0,0,0,0,0,0,0,0,0,0,0,0,0,0,0,0,0,0,0,0,0,0,0,0,0,0,0,0,0,0,0,0,0,0,0,0,0,0,0,0,0,0,0,0,0,0,0,0,0,0,0,0,0,0,0,0,0,0,0,0,0,0,0,0,0,0,0,0,0,0,0,0,0,0,0,0,0,0,0,0,0,0,0,0,0,0,0,0,0,0,0,0,0,0,0,0,0,0,0,0,0,0,0,0,0,0,0,0,0,0,0,0,0,0,0,0,0,0,0,0,0,0,0,0,0,0,0,0,0,0,0,0,0,0,0,0,0,0,0,0,0,0,0,0
"244",130.29425,130.330075,130.369075,130.45005,130.6615,130.747775,130.753175,131.00615,131.320275,132.0637,132.128675,132.1552,132.37325,132.523825,133.873225,134.018675,134.16075,135.492025,135.6352,135.719325,136.28835,136.865475,136.980175,137.018425,137.057475,137.202625,137.2264,137.46345,137.604925,138.55095,138.719175,138.7774,139.091125,140.7213,140.910325,0,0,0,0,0,0,0,0,0,0,0,0,0,0,0,0,0,0,0,0,0,0,0,0,0,0,0,0,0,0,0,0,0,0,0,0,0,0,0,0,0,0,0,0,0,0,0,0,0,0,0,0,0,0,0,0,0,0,0,0,0,0,0,0,0,0,0,0,0,0,0,0,0,0,0,0,0,0,0,0,0,0,0,0,0,0,0,0,0,0,0,0,0,0,0,0,0,0,0,0,0,0,0,0,0,0,0,0,0,0,0,0,0,0,0,0,0,0,0,0,0,0,0,0,0,0,0,0,0,0,0,0,0,0,0,0,0,0,0,0,0,0,0,0,0,0,0,0,0,0,0,0,0,0,0,0,0,0,0,0,0,0,0,0,0,0,0,0,0,0,0,0,0,0,0,0,0,0,0,0,0,0,0,0,0,0,0,0,0,0,0,0,0,0,0,0,0,0,0,0,0,0,0,0,0,0,0,0,0,0,0,0,0,0,0,0,0,0,0,0,0,0,0,0,0,0,0,0,0,0,0,0,0,0,0,0,0,0,0,0,0,0,0,0,0,0,0,0,0,0,0,0,0,0,0,0,0,0,0,0,0,0,0,0,0,0,0,0,0,0,0,0,0,0,0,0,0,0,0,0,0,0,0,0,0,0,0,0,0,0,0,0,0,0,0,0,0,0,0,0,0,0,0,0,0,0,0,0,0,0,0,0,0,0,0,0,0,0,0,0,0,0,0,0,0,0,0,0,0,0,0,0,0,0,0,0,0,0,0,0,0,0,0,0,0,0,0,0,0,0,0,0,0,0,0,0,0,0,0,0,0,0,0,0,0,0,0,0,0,0,0,0,0,0,0,0,0,0,0,0,0,0,0,0,0,0,0,0,0,0,0,0,0,0,0,0,0,0,0,0,0,0,0,0,0,0,0,0,0,0,0,0,0,0,0,0,0,0,0,0,0,0,0,0,0,0,0,0,0,0,0,0,0,0,0,0,0,0,0,0,0,0
"245",131.0448,131.136075,131.28485,131.347075,131.37405,131.396225,131.42065,131.455075,131.5938,131.65585,132.45715,132.4867,132.581575,132.627225,132.65375,132.86555,134.252825,134.32945,134.3669,134.47225,134.552475,134.63205,134.667225,134.6865,134.70855,134.75605,134.843225,134.88765,137.799475,137.850875,137.895525,137.93405,0,0,0,0,0,0,0,0,0,0,0,0,0,0,0,0,0,0,0,0,0,0,0,0,0,0,0,0,0,0,0,0,0,0,0,0,0,0,0,0,0,0,0,0,0,0,0,0,0,0,0,0,0,0,0,0,0,0,0,0,0,0,0,0,0,0,0,0,0,0,0,0,0,0,0,0,0,0,0,0,0,0,0,0,0,0,0,0,0,0,0,0,0,0,0,0,0,0,0,0,0,0,0,0,0,0,0,0,0,0,0,0,0,0,0,0,0,0,0,0,0,0,0,0,0,0,0,0,0,0,0,0,0,0,0,0,0,0,0,0,0,0,0,0,0,0,0,0,0,0,0,0,0,0,0,0,0,0,0,0,0,0,0,0,0,0,0,0,0,0,0,0,0,0,0,0,0,0,0,0,0,0,0,0,0,0,0,0,0,0,0,0,0,0,0,0,0,0,0,0,0,0,0,0,0,0,0,0,0,0,0,0,0,0,0,0,0,0,0,0,0,0,0,0,0,0,0,0,0,0,0,0,0,0,0,0,0,0,0,0,0,0,0,0,0,0,0,0,0,0,0,0,0,0,0,0,0,0,0,0,0,0,0,0,0,0,0,0,0,0,0,0,0,0,0,0,0,0,0,0,0,0,0,0,0,0,0,0,0,0,0,0,0,0,0,0,0,0,0,0,0,0,0,0,0,0,0,0,0,0,0,0,0,0,0,0,0,0,0,0,0,0,0,0,0,0,0,0,0,0,0,0,0,0,0,0,0,0,0,0,0,0,0,0,0,0,0,0,0,0,0,0,0,0,0,0,0,0,0,0,0,0,0,0,0,0,0,0,0,0,0,0,0,0,0,0,0,0,0,0,0,0,0,0,0,0,0,0,0,0,0,0,0,0,0,0,0,0,0,0,0,0,0,0,0,0,0,0,0,0,0,0,0,0,0,0,0,0,0,0,0,0,0,0,0,0,0,0,0,0,0,0,0,0,0,0,0,0,0,0,0,0,0,0,0
"246",130.946475,131.02215,132.2222,132.321275,132.483025,132.53925,133.617825,133.77165,133.834775,133.88935,133.954775,134.10645,134.14995,134.177625,135.9048,136.024,136.13005,137.8634,137.975025,138.05605,0,0,0,0,0,0,0,0,0,0,0,0,0,0,0,0,0,0,0,0,0,0,0,0,0,0,0,0,0,0,0,0,0,0,0,0,0,0,0,0,0,0,0,0,0,0,0,0,0,0,0,0,0,0,0,0,0,0,0,0,0,0,0,0,0,0,0,0,0,0,0,0,0,0,0,0,0,0,0,0,0,0,0,0,0,0,0,0,0,0,0,0,0,0,0,0,0,0,0,0,0,0,0,0,0,0,0,0,0,0,0,0,0,0,0,0,0,0,0,0,0,0,0,0,0,0,0,0,0,0,0,0,0,0,0,0,0,0,0,0,0,0,0,0,0,0,0,0,0,0,0,0,0,0,0,0,0,0,0,0,0,0,0,0,0,0,0,0,0,0,0,0,0,0,0,0,0,0,0,0,0,0,0,0,0,0,0,0,0,0,0,0,0,0,0,0,0,0,0,0,0,0,0,0,0,0,0,0,0,0,0,0,0,0,0,0,0,0,0,0,0,0,0,0,0,0,0,0,0,0,0,0,0,0,0,0,0,0,0,0,0,0,0,0,0,0,0,0,0,0,0,0,0,0,0,0,0,0,0,0,0,0,0,0,0,0,0,0,0,0,0,0,0,0,0,0,0,0,0,0,0,0,0,0,0,0,0,0,0,0,0,0,0,0,0,0,0,0,0,0,0,0,0,0,0,0,0,0,0,0,0,0,0,0,0,0,0,0,0,0,0,0,0,0,0,0,0,0,0,0,0,0,0,0,0,0,0,0,0,0,0,0,0,0,0,0,0,0,0,0,0,0,0,0,0,0,0,0,0,0,0,0,0,0,0,0,0,0,0,0,0,0,0,0,0,0,0,0,0,0,0,0,0,0,0,0,0,0,0,0,0,0,0,0,0,0,0,0,0,0,0,0,0,0,0,0,0,0,0,0,0,0,0,0,0,0,0,0,0,0,0,0,0,0,0,0,0,0,0,0,0,0,0,0,0,0,0,0,0,0,0,0,0,0,0,0,0,0,0,0,0,0,0,0,0,0,0
"247",129.607475,129.65,130.699775,130.736475,130.802025,131.149075,132.089775,132.137925,132.25135,132.35335,133.0364,133.498875,133.559075,133.608775,135.71745,135.7828,137.578625,137.597625,139.109475,139.13875,139.1915,139.21585,139.235625,140.91695,140.955375,143.7755,143.8601,0,0,0,0,0,0,0,0,0,0,0,0,0,0,0,0,0,0,0,0,0,0,0,0,0,0,0,0,0,0,0,0,0,0,0,0,0,0,0,0,0,0,0,0,0,0,0,0,0,0,0,0,0,0,0,0,0,0,0,0,0,0,0,0,0,0,0,0,0,0,0,0,0,0,0,0,0,0,0,0,0,0,0,0,0,0,0,0,0,0,0,0,0,0,0,0,0,0,0,0,0,0,0,0,0,0,0,0,0,0,0,0,0,0,0,0,0,0,0,0,0,0,0,0,0,0,0,0,0,0,0,0,0,0,0,0,0,0,0,0,0,0,0,0,0,0,0,0,0,0,0,0,0,0,0,0,0,0,0,0,0,0,0,0,0,0,0,0,0,0,0,0,0,0,0,0,0,0,0,0,0,0,0,0,0,0,0,0,0,0,0,0,0,0,0,0,0,0,0,0,0,0,0,0,0,0,0,0,0,0,0,0,0,0,0,0,0,0,0,0,0,0,0,0,0,0,0,0,0,0,0,0,0,0,0,0,0,0,0,0,0,0,0,0,0,0,0,0,0,0,0,0,0,0,0,0,0,0,0,0,0,0,0,0,0,0,0,0,0,0,0,0,0,0,0,0,0,0,0,0,0,0,0,0,0,0,0,0,0,0,0,0,0,0,0,0,0,0,0,0,0,0,0,0,0,0,0,0,0,0,0,0,0,0,0,0,0,0,0,0,0,0,0,0,0,0,0,0,0,0,0,0,0,0,0,0,0,0,0,0,0,0,0,0,0,0,0,0,0,0,0,0,0,0,0,0,0,0,0,0,0,0,0,0,0,0,0,0,0,0,0,0,0,0,0,0,0,0,0,0,0,0,0,0,0,0,0,0,0,0,0,0,0,0,0,0,0,0,0,0,0,0,0,0,0,0,0,0,0,0,0,0,0,0,0,0,0,0,0,0,0,0,0,0,0,0,0,0,0,0,0,0,0,0,0,0,0,0,0,0,0,0,0,0,0,0,0,0,0,0
"248",124.162625,127.6134,128.1563,129.522075,129.5836,129.653125,129.77785,130.061425,130.106375,130.277475,130.36705,130.4147,130.445225,130.51095,130.542975,130.5783,130.656325,130.78075,130.808375,130.838275,130.9286,131.01,131.029625,131.101825,131.13315,131.172575,131.200075,131.242575,131.41555,131.54205,131.573225,131.64575,131.679525,131.70845,131.742825,131.771875,131.802475,131.837075,131.843375,131.871125,131.929175,131.95665,131.991975,132.020175,132.087675,132.123425,132.1776,132.194975,132.24535,132.2603,132.280475,132.32935,132.405975,132.409825,132.42285,132.51645,132.546475,132.726725,132.952725,132.9746,133.00315,133.03775,133.063375,133.09635,133.1159,133.14875,133.192275,133.2233,133.246375,133.309525,133.37825,133.4345,133.578425,133.613975,133.639575,133.707475,133.7618,133.789825,133.82295,133.930775,134.1614,134.60535,134.732775,135.176425,135.214675,135.4021,135.4455,135.462075,135.479425,135.616425,135.65015,135.682375,135.740675,135.7961,135.84925,135.9343,135.972825,136.0865,136.1419,136.237375,136.399175,136.485375,136.6008,136.732925,136.87575,136.9261,136.98485,137.040675,137.21835,137.282,137.397325,137.561125,137.694975,137.744075,137.7693,138.01535,138.069325,138.22885,138.30135,138.4087,138.532275,138.642825,138.8849,138.968375,139.11115,139.15755,139.185225,139.33425,139.364875,139.42215,139.486375,139.5358,139.575275,139.605125,139.67075,139.70385,139.834225,139.881575,139.992825,140.04005,140.095525,140.150425,140.203825,140.299625,140.3426,140.385125,140.496975,140.55885,140.58195,140.651825,140.699925,140.75865,140.91305,140.9595,141.035775,141.33155,141.592575,141.8432,142.065325,142.1299,142.24655,142.318125,142.380425,142.4392,142.521675,142.559525,142.63155,142.69075,142.736525,142.81285,142.94505,143.06445,143.1356,143.237475,143.32925,143.5111,143.711925,144.231775,144.405775,144.695825,144.872825,145.138775,145.553925,145.77535,0,0,0,0,0,0,0,0,0,0,0,0,0,0,0,0,0,0,0,0,0,0,0,0,0,0,0,0,0,0,0,0,0,0,0,0,0,0,0,0,0,0,0,0,0,0,0,0,0,0,0,0,0,0,0,0,0,0,0,0,0,0,0,0,0,0,0,0,0,0,0,0,0,0,0,0,0,0,0,0,0,0,0,0,0,0,0,0,0,0,0,0,0,0,0,0,0,0,0,0,0,0,0,0,0,0,0,0,0,0,0,0,0,0,0,0,0,0,0,0,0,0,0,0,0,0,0,0,0,0,0,0,0,0,0,0,0,0,0,0,0,0,0,0,0,0,0,0,0,0,0,0,0,0,0,0,0,0,0,0,0,0,0,0,0,0,0,0,0,0,0,0,0,0,0,0,0,0,0,0,0,0,0,0,0,0,0,0,0,0,0,0,0,0,0,0,0,0,0,0,0,0,0,0,0,0,0,0,0,0,0,0,0,0,0,0,0,0,0,0,0,0,0,0,0,0,0,0,0,0,0,0,0,0,0,0,0,0,0,0,0,0,0,0,0,0,0,0,0,0,0,0,0,0,0,0,0,0,0,0,0,0,0,0,0,0,0,0,0,0,0,0,0,0,0,0,0,0,0,0,0,0,0,0,0,0,0,0,0,0,0,0,0
"249",130.878525,131.215225,131.22405,131.2964,132.4963,132.671825,132.729425,133.858,134.141875,134.26335,134.30365,134.51395,134.5804,134.628325,134.663,134.726325,134.82285,135.784425,136.392625,141.01945,141.14635,141.7471,0,0,0,0,0,0,0,0,0,0,0,0,0,0,0,0,0,0,0,0,0,0,0,0,0,0,0,0,0,0,0,0,0,0,0,0,0,0,0,0,0,0,0,0,0,0,0,0,0,0,0,0,0,0,0,0,0,0,0,0,0,0,0,0,0,0,0,0,0,0,0,0,0,0,0,0,0,0,0,0,0,0,0,0,0,0,0,0,0,0,0,0,0,0,0,0,0,0,0,0,0,0,0,0,0,0,0,0,0,0,0,0,0,0,0,0,0,0,0,0,0,0,0,0,0,0,0,0,0,0,0,0,0,0,0,0,0,0,0,0,0,0,0,0,0,0,0,0,0,0,0,0,0,0,0,0,0,0,0,0,0,0,0,0,0,0,0,0,0,0,0,0,0,0,0,0,0,0,0,0,0,0,0,0,0,0,0,0,0,0,0,0,0,0,0,0,0,0,0,0,0,0,0,0,0,0,0,0,0,0,0,0,0,0,0,0,0,0,0,0,0,0,0,0,0,0,0,0,0,0,0,0,0,0,0,0,0,0,0,0,0,0,0,0,0,0,0,0,0,0,0,0,0,0,0,0,0,0,0,0,0,0,0,0,0,0,0,0,0,0,0,0,0,0,0,0,0,0,0,0,0,0,0,0,0,0,0,0,0,0,0,0,0,0,0,0,0,0,0,0,0,0,0,0,0,0,0,0,0,0,0,0,0,0,0,0,0,0,0,0,0,0,0,0,0,0,0,0,0,0,0,0,0,0,0,0,0,0,0,0,0,0,0,0,0,0,0,0,0,0,0,0,0,0,0,0,0,0,0,0,0,0,0,0,0,0,0,0,0,0,0,0,0,0,0,0,0,0,0,0,0,0,0,0,0,0,0,0,0,0,0,0,0,0,0,0,0,0,0,0,0,0,0,0,0,0,0,0,0,0,0,0,0,0,0,0,0,0,0,0,0,0,0,0,0,0,0,0,0,0,0,0,0,0,0,0,0,0,0,0,0,0,0,0,0,0,0,0,0,0,0,0,0,0,0
