"","V1","V2","V3","V4","V5","V6","V7","V8","V9","V10","V11","V12","V13","V14","V15","V16","V17","V18","V19","V20","V21","V22","V23","V24","V25","V26","V27","V28","V29","V30","V31","V32","V33","V34","V35","V36","V37","V38","V39","V40","V41","V42","V43","V44","V45","V46","V47","V48","V49","V50","V51","V52","V53","V54","V55","V56","V57","V58","V59","V60","V61","V62","V63","V64","V65","V66","V67","V68","V69","V70","V71","V72","V73","V74","V75","V76","V77","V78","V79","V80","V81","V82","V83","V84","V85","V86","V87","V88","V89","V90","V91","V92","V93","V94","V95","V96","V97","V98","V99","V100","V101","V102","V103","V104","V105","V106","V107","V108","V109","V110","V111","V112","V113","V114","V115","V116","V117","V118","V119","V120","V121","V122","V123","V124","V125","V126","V127","V128","V129","V130","V131","V132","V133","V134","V135","V136","V137","V138","V139","V140","V141","V142","V143","V144","V145","V146","V147","V148","V149","V150","V151","V152","V153","V154","V155","V156","V157","V158","V159","V160","V161","V162","V163","V164","V165","V166","V167","V168","V169","V170","V171","V172","V173","V174","V175","V176","V177","V178","V179","V180","V181","V182","V183","V184","V185","V186","V187","V188","V189","V190","V191","V192","V193","V194","V195","V196","V197","V198","V199","V200","V201","V202","V203","V204","V205","V206","V207","V208","V209","V210","V211","V212","V213","V214","V215","V216","V217","V218","V219","V220","V221","V222","V223","V224","V225","V226","V227","V228","V229","V230","V231","V232","V233","V234","V235","V236","V237","V238","V239","V240","V241","V242","V243","V244","V245","V246","V247","V248","V249","V250","V251","V252","V253","V254","V255","V256","V257","V258","V259","V260","V261","V262","V263","V264","V265","V266","V267","V268","V269","V270","V271","V272","V273","V274","V275","V276","V277","V278","V279","V280","V281","V282","V283","V284","V285","V286","V287","V288","V289","V290","V291","V292","V293","V294","V295","V296","V297","V298","V299","V300","V301","V302","V303","V304","V305","V306","V307","V308","V309","V310","V311","V312","V313","V314","V315","V316","V317","V318","V319","V320","V321","V322","V323","V324","V325","V326","V327","V328","V329","V330","V331","V332","V333","V334","V335","V336","V337","V338","V339","V340","V341","V342","V343","V344","V345","V346","V347","V348","V349","V350","V351","V352","V353","V354","V355","V356","V357","V358","V359","V360","V361","V362","V363","V364","V365","V366"
"1",251.33945,251.400475,251.544125,252.33595,252.399625,252.4556,252.55065,252.588725,252.644025,252.91705,253.015425,253.645575,254.001175,254.0695,254.1708,254.2401,254.34015,254.4108,254.54925,254.619375,255.0968,255.32045,256.0178,260.8087,263.56215,263.6274,263.7443,263.822825,263.973275,264.133625,264.221825,264.287875,264.351375,264.42235,264.594675,264.740825,264.850825,0,0,0,0,0,0,0,0,0,0,0,0,0,0,0,0,0,0,0,0,0,0,0,0,0,0,0,0,0,0,0,0,0,0,0,0,0,0,0,0,0,0,0,0,0,0,0,0,0,0,0,0,0,0,0,0,0,0,0,0,0,0,0,0,0,0,0,0,0,0,0,0,0,0,0,0,0,0,0,0,0,0,0,0,0,0,0,0,0,0,0,0,0,0,0,0,0,0,0,0,0,0,0,0,0,0,0,0,0,0,0,0,0,0,0,0,0,0,0,0,0,0,0,0,0,0,0,0,0,0,0,0,0,0,0,0,0,0,0,0,0,0,0,0,0,0,0,0,0,0,0,0,0,0,0,0,0,0,0,0,0,0,0,0,0,0,0,0,0,0,0,0,0,0,0,0,0,0,0,0,0,0,0,0,0,0,0,0,0,0,0,0,0,0,0,0,0,0,0,0,0,0,0,0,0,0,0,0,0,0,0,0,0,0,0,0,0,0,0,0,0,0,0,0,0,0,0,0,0,0,0,0,0,0,0,0,0,0,0,0,0,0,0,0,0,0,0,0,0,0,0,0,0,0,0,0,0,0,0,0,0,0,0,0,0,0,0,0,0,0,0,0,0,0,0,0,0,0,0,0,0,0,0,0,0,0,0,0,0,0,0,0,0,0,0,0,0,0,0,0,0,0,0,0,0,0,0,0,0,0,0,0,0,0,0,0,0,0,0,0,0,0,0,0,0,0,0,0,0
"2",252.3141,252.423275,252.53945,252.6071,253.1022,253.38395,253.517175,253.5832,253.660575,253.699,253.752975,253.78445,253.856075,253.905475,253.933925,254.9659,255.036175,255.093725,255.271675,255.378875,256.83445,256.86595,256.9112,257.0293,257.095075,257.132275,258.598075,258.65665,258.773275,258.804425,258.8814,259.897025,260.570225,260.7206,260.75025,260.817775,260.867875,260.98185,261.03765,261.319975,263.73115,263.815525,263.9097,263.9704,264.007175,264.104075,264.135775,264.167875,264.20645,264.24985,264.277775,264.310525,264.343075,264.3736,264.4159,264.450225,264.48185,264.519325,264.538375,264.5586,264.58625,264.624525,264.655625,264.701225,264.775875,264.8011,264.85765,264.908175,264.95065,265.017975,0,0,0,0,0,0,0,0,0,0,0,0,0,0,0,0,0,0,0,0,0,0,0,0,0,0,0,0,0,0,0,0,0,0,0,0,0,0,0,0,0,0,0,0,0,0,0,0,0,0,0,0,0,0,0,0,0,0,0,0,0,0,0,0,0,0,0,0,0,0,0,0,0,0,0,0,0,0,0,0,0,0,0,0,0,0,0,0,0,0,0,0,0,0,0,0,0,0,0,0,0,0,0,0,0,0,0,0,0,0,0,0,0,0,0,0,0,0,0,0,0,0,0,0,0,0,0,0,0,0,0,0,0,0,0,0,0,0,0,0,0,0,0,0,0,0,0,0,0,0,0,0,0,0,0,0,0,0,0,0,0,0,0,0,0,0,0,0,0,0,0,0,0,0,0,0,0,0,0,0,0,0,0,0,0,0,0,0,0,0,0,0,0,0,0,0,0,0,0,0,0,0,0,0,0,0,0,0,0,0,0,0,0,0,0,0,0,0,0,0,0,0,0,0,0,0,0,0,0,0,0,0,0,0,0,0,0,0,0,0,0,0,0,0,0,0,0,0,0,0,0,0,0,0,0,0,0,0,0,0,0,0,0,0,0,0,0,0,0,0,0,0,0,0,0,0,0,0,0,0,0,0,0,0,0,0,0,0,0,0,0,0,0,0,0,0
"3",253.9538,260.0119,260.736075,0,0,0,0,0,0,0,0,0,0,0,0,0,0,0,0,0,0,0,0,0,0,0,0,0,0,0,0,0,0,0,0,0,0,0,0,0,0,0,0,0,0,0,0,0,0,0,0,0,0,0,0,0,0,0,0,0,0,0,0,0,0,0,0,0,0,0,0,0,0,0,0,0,0,0,0,0,0,0,0,0,0,0,0,0,0,0,0,0,0,0,0,0,0,0,0,0,0,0,0,0,0,0,0,0,0,0,0,0,0,0,0,0,0,0,0,0,0,0,0,0,0,0,0,0,0,0,0,0,0,0,0,0,0,0,0,0,0,0,0,0,0,0,0,0,0,0,0,0,0,0,0,0,0,0,0,0,0,0,0,0,0,0,0,0,0,0,0,0,0,0,0,0,0,0,0,0,0,0,0,0,0,0,0,0,0,0,0,0,0,0,0,0,0,0,0,0,0,0,0,0,0,0,0,0,0,0,0,0,0,0,0,0,0,0,0,0,0,0,0,0,0,0,0,0,0,0,0,0,0,0,0,0,0,0,0,0,0,0,0,0,0,0,0,0,0,0,0,0,0,0,0,0,0,0,0,0,0,0,0,0,0,0,0,0,0,0,0,0,0,0,0,0,0,0,0,0,0,0,0,0,0,0,0,0,0,0,0,0,0,0,0,0,0,0,0,0,0,0,0,0,0,0,0,0,0,0,0,0,0,0,0,0,0,0,0,0,0,0,0,0,0,0,0,0,0,0,0,0,0,0,0,0,0,0,0,0,0,0,0,0,0,0,0,0,0,0,0,0,0,0,0,0,0,0,0,0,0,0,0,0,0,0
"4",249.52155,249.536575,250.002425,250.364175,250.43755,250.570975,250.6018,250.874975,250.958625,250.9643,251.063625,251.141825,251.20645,251.223675,251.275775,251.3188,251.352875,251.3889,251.41935,251.44695,251.47975,251.48745,251.49415,251.51155,251.517775,251.528825,251.5658,251.625225,251.656225,251.68305,251.8964,251.94425,251.986975,251.99435,252.0203,252.04045,252.1273,252.137975,252.1795,252.194525,252.214075,252.2233,252.2261,252.237425,252.248725,252.27375,252.279475,252.320375,252.364625,252.3907,252.41125,252.430775,252.462075,252.46345,252.48345,252.489925,252.524075,252.530875,252.537075,252.5438,252.555325,252.572625,252.60255,252.707525,252.83415,252.846275,252.88135,252.9317,253.015925,253.128,253.353975,253.38535,253.4102,253.419225,253.455675,253.477575,253.4965,253.511775,253.5159,253.5688,253.586975,253.670925,253.728475,253.7683,253.774675,253.8024,253.812025,253.840475,253.854575,253.876225,253.8844,253.894275,253.926175,253.985925,253.9955,254.016975,254.023175,254.066425,254.13945,254.147225,254.15535,254.216925,254.8115,254.818325,254.839275,254.928025,254.938275,254.961425,254.9739,254.995825,255.02125,255.070025,255.1172,255.141425,255.159525,255.258775,255.2685,255.288,255.358675,255.423825,255.481225,255.506875,255.5211,255.551825,255.6094,255.6314,255.642425,255.711325,255.7996,256.261225,256.399925,256.47575,256.509125,256.62925,256.644075,256.667675,256.728975,256.749275,256.7611,256.80995,256.839025,256.9239,256.9355,256.954975,256.992575,257.0206,257.0579,257.130525,257.1704,257.23635,257.284775,257.368125,257.392825,257.43185,257.439075,257.46135,257.464325,257.484325,257.5587,257.666025,257.74875,257.87855,258.40045,258.4516,258.4823,258.5023,258.538425,258.55635,258.57425,258.583925,258.606825,258.634925,258.672875,258.6904,258.706025,258.79185,258.860325,258.972475,259.000325,259.261375,259.377025,259.89195,260.527775,260.5809,260.6456,260.76725,260.855125,260.9236,260.973975,262.047575,263.968575,264.012575,264.1306,264.193075,264.204725,264.234775,264.2636,264.283425,264.302225,264.44115,264.486425,264.631075,264.7949,0,0,0,0,0,0,0,0,0,0,0,0,0,0,0,0,0,0,0,0,0,0,0,0,0,0,0,0,0,0,0,0,0,0,0,0,0,0,0,0,0,0,0,0,0,0,0,0,0,0,0,0,0,0,0,0,0,0,0,0,0,0,0,0,0,0,0,0,0,0,0,0,0,0,0,0,0,0,0,0,0,0,0,0,0,0,0,0,0,0,0,0,0,0,0,0,0,0,0,0,0,0,0,0,0,0,0,0,0,0,0,0,0,0,0,0,0,0,0,0,0,0,0,0,0,0,0,0,0,0,0,0,0,0,0,0,0,0,0,0,0,0,0,0,0,0,0,0,0,0,0,0,0,0,0,0,0,0,0,0,0,0,0
"5",250.5803,250.6771,250.939275,251.041975,251.1339,251.217325,251.27865,251.33015,251.3946,251.475725,251.513025,251.604375,251.6717,251.791275,251.84155,251.931675,251.95505,252.0188,252.090025,252.17505,252.26645,252.396175,252.5663,252.660825,252.8026,253.038975,253.166425,253.241325,253.327725,253.36555,253.39885,253.425475,253.46255,253.504375,253.54405,253.567225,253.6488,253.748725,253.799,253.903275,253.962175,254.03055,254.086875,254.323475,254.46055,254.6006,254.64605,254.76985,254.816525,254.86345,254.91195,254.940575,255,255.038025,255.060725,255.1228,255.15185,255.2349,255.34125,255.4362,255.537325,255.57215,255.635275,255.704425,255.771625,255.834825,255.917875,255.971375,256.033575,256.208175,256.302225,256.34845,256.39665,256.453075,256.4951,256.5312,256.56525,256.606225,256.656375,256.69385,256.728,256.7784,256.978875,257.042,257.154575,257.26475,257.32295,257.377575,257.4226,257.589175,257.668175,257.811575,257.875075,257.990975,258.044125,258.11185,258.17545,258.210425,258.23925,258.27655,258.311825,258.343875,258.3729,258.4433,258.484075,258.60575,258.72155,258.799275,258.876775,258.91065,258.983025,259.0638,259.128225,259.329925,259.398625,259.478475,259.558375,259.66005,259.7436,259.824,259.968425,260.056475,260.107975,260.170825,260.241,260.332975,260.463925,260.95685,261.12435,261.225775,261.84225,261.957,262.3263,0,0,0,0,0,0,0,0,0,0,0,0,0,0,0,0,0,0,0,0,0,0,0,0,0,0,0,0,0,0,0,0,0,0,0,0,0,0,0,0,0,0,0,0,0,0,0,0,0,0,0,0,0,0,0,0,0,0,0,0,0,0,0,0,0,0,0,0,0,0,0,0,0,0,0,0,0,0,0,0,0,0,0,0,0,0,0,0,0,0,0,0,0,0,0,0,0,0,0,0,0,0,0,0,0,0,0,0,0,0,0,0,0,0,0,0,0,0,0,0,0,0,0,0,0,0,0,0,0,0,0,0,0,0,0,0,0,0,0,0,0,0,0,0,0,0,0,0,0,0,0,0,0,0,0,0,0,0,0,0,0,0,0,0,0,0,0,0,0,0,0,0,0,0,0,0,0,0,0,0,0,0,0,0,0,0,0,0,0,0,0,0,0,0,0,0,0,0,0,0,0,0,0,0,0,0,0,0,0,0,0,0,0,0,0,0,0,0,0,0,0,0,0,0,0,0,0,0,0,0,0,0,0
"6",256.46615,258.021675,258.084975,259.650825,259.7163,259.750475,259.787625,259.848975,259.943325,260.095425,261.72065,261.8435,261.947525,261.9911,262.049375,262.116675,262.178375,262.215475,262.32905,262.400325,0,0,0,0,0,0,0,0,0,0,0,0,0,0,0,0,0,0,0,0,0,0,0,0,0,0,0,0,0,0,0,0,0,0,0,0,0,0,0,0,0,0,0,0,0,0,0,0,0,0,0,0,0,0,0,0,0,0,0,0,0,0,0,0,0,0,0,0,0,0,0,0,0,0,0,0,0,0,0,0,0,0,0,0,0,0,0,0,0,0,0,0,0,0,0,0,0,0,0,0,0,0,0,0,0,0,0,0,0,0,0,0,0,0,0,0,0,0,0,0,0,0,0,0,0,0,0,0,0,0,0,0,0,0,0,0,0,0,0,0,0,0,0,0,0,0,0,0,0,0,0,0,0,0,0,0,0,0,0,0,0,0,0,0,0,0,0,0,0,0,0,0,0,0,0,0,0,0,0,0,0,0,0,0,0,0,0,0,0,0,0,0,0,0,0,0,0,0,0,0,0,0,0,0,0,0,0,0,0,0,0,0,0,0,0,0,0,0,0,0,0,0,0,0,0,0,0,0,0,0,0,0,0,0,0,0,0,0,0,0,0,0,0,0,0,0,0,0,0,0,0,0,0,0,0,0,0,0,0,0,0,0,0,0,0,0,0,0,0,0,0,0,0,0,0,0,0,0,0,0,0,0,0,0,0,0,0,0,0,0,0,0,0,0,0,0,0,0,0,0,0,0,0,0,0,0,0,0,0,0,0,0,0,0,0,0,0,0,0,0,0,0,0,0,0,0,0,0,0,0,0,0,0,0,0,0,0,0,0,0,0,0,0,0,0,0
"7",249.531425,249.602125,249.7007,249.86085,249.930125,250.001025,250.110475,250.31575,250.5011,250.577775,250.678675,251.0528,251.104525,251.16385,251.2354,251.277125,251.3625,251.3931,251.452875,251.661525,251.7068,251.73305,251.7951,251.82945,252.613875,252.6709,252.7283,252.742975,252.762475,252.796075,252.8643,252.941725,252.952575,253.037725,253.1496,253.191075,253.3096,253.4913,253.55425,253.611425,253.850675,254.0955,254.156325,254.200825,254.2558,254.274225,254.299375,254.3386,254.355025,254.366025,254.38235,254.41375,254.428975,254.463825,254.474125,254.490575,254.5002,254.5686,254.606225,254.72785,254.758125,254.987475,255.121525,255.349075,255.436875,255.543575,255.66315,255.687775,255.750175,255.81715,255.8629,255.8766,255.97225,256.0439,256.13065,256.1608,256.20755,256.2426,256.298625,256.362175,256.8133,256.959,257.043175,257.233975,257.271375,257.299875,257.3241,257.336575,257.406975,257.438075,257.449675,257.46655,257.4913,257.52035,257.53125,257.563275,257.57495,257.590325,257.6336,257.68165,257.7083,257.733075,257.75605,257.7828,257.8174,257.845225,257.88365,257.996375,258.048375,258.098975,258.166225,258.633375,258.697575,258.8432,258.93665,259.0399,259.077625,259.10075,259.117525,259.14105,259.1702,259.1963,259.21255,259.22895,259.254025,259.309075,259.33895,259.394575,259.4245,259.4596,259.489525,259.534375,259.569975,259.6242,259.6576,259.760225,259.81715,259.860725,260.658525,260.8298,261.06625,261.269725,261.33685,261.41925,261.52375,261.583475,261.65515,261.756075,261.862275,261.965625,262.16475,264.3064,264.679275,265.086975,276.687725,0,0,0,0,0,0,0,0,0,0,0,0,0,0,0,0,0,0,0,0,0,0,0,0,0,0,0,0,0,0,0,0,0,0,0,0,0,0,0,0,0,0,0,0,0,0,0,0,0,0,0,0,0,0,0,0,0,0,0,0,0,0,0,0,0,0,0,0,0,0,0,0,0,0,0,0,0,0,0,0,0,0,0,0,0,0,0,0,0,0,0,0,0,0,0,0,0,0,0,0,0,0,0,0,0,0,0,0,0,0,0,0,0,0,0,0,0,0,0,0,0,0,0,0,0,0,0,0,0,0,0,0,0,0,0,0,0,0,0,0,0,0,0,0,0,0,0,0,0,0,0,0,0,0,0,0,0,0,0,0,0,0,0,0,0,0,0,0,0,0,0,0,0,0,0,0,0,0,0,0,0,0,0,0,0,0,0,0,0,0,0,0,0,0,0,0,0,0,0,0,0,0,0,0,0,0,0,0,0,0,0
"8",249.638525,249.80545,249.915975,250.0331,250.265375,250.4066,250.5404,250.68165,250.758425,251.31585,251.533625,251.574825,251.754775,251.83905,251.9584,252.0607,252.2722,253.409075,254.14845,254.587725,254.916425,255.292675,255.460375,255.53415,255.641325,255.81355,256.35905,256.480875,257.055075,257.129075,257.219375,257.2567,257.396075,257.511875,257.683475,257.86145,257.992,258.17155,258.3166,258.946075,259.073675,259.26565,259.345025,259.43335,259.69045,259.79945,261.5535,0,0,0,0,0,0,0,0,0,0,0,0,0,0,0,0,0,0,0,0,0,0,0,0,0,0,0,0,0,0,0,0,0,0,0,0,0,0,0,0,0,0,0,0,0,0,0,0,0,0,0,0,0,0,0,0,0,0,0,0,0,0,0,0,0,0,0,0,0,0,0,0,0,0,0,0,0,0,0,0,0,0,0,0,0,0,0,0,0,0,0,0,0,0,0,0,0,0,0,0,0,0,0,0,0,0,0,0,0,0,0,0,0,0,0,0,0,0,0,0,0,0,0,0,0,0,0,0,0,0,0,0,0,0,0,0,0,0,0,0,0,0,0,0,0,0,0,0,0,0,0,0,0,0,0,0,0,0,0,0,0,0,0,0,0,0,0,0,0,0,0,0,0,0,0,0,0,0,0,0,0,0,0,0,0,0,0,0,0,0,0,0,0,0,0,0,0,0,0,0,0,0,0,0,0,0,0,0,0,0,0,0,0,0,0,0,0,0,0,0,0,0,0,0,0,0,0,0,0,0,0,0,0,0,0,0,0,0,0,0,0,0,0,0,0,0,0,0,0,0,0,0,0,0,0,0,0,0,0,0,0,0,0,0,0,0,0,0,0,0,0,0,0,0,0,0,0,0,0,0,0,0,0,0,0,0,0,0,0,0,0,0,0,0,0,0,0,0,0,0,0,0,0,0,0,0,0,0,0,0,0,0,0,0,0,0,0,0,0
"9",254.26435,254.483975,255.8496,256.073625,256.14045,256.272725,256.5668,257.658025,257.719825,257.9192,257.9882,259.426375,259.5173,259.734425,259.7944,259.8806,259.937625,260.088,261.325175,261.4034,261.493775,261.62645,261.6897,261.7588,261.8295,261.934325,261.988175,262.146575,0,0,0,0,0,0,0,0,0,0,0,0,0,0,0,0,0,0,0,0,0,0,0,0,0,0,0,0,0,0,0,0,0,0,0,0,0,0,0,0,0,0,0,0,0,0,0,0,0,0,0,0,0,0,0,0,0,0,0,0,0,0,0,0,0,0,0,0,0,0,0,0,0,0,0,0,0,0,0,0,0,0,0,0,0,0,0,0,0,0,0,0,0,0,0,0,0,0,0,0,0,0,0,0,0,0,0,0,0,0,0,0,0,0,0,0,0,0,0,0,0,0,0,0,0,0,0,0,0,0,0,0,0,0,0,0,0,0,0,0,0,0,0,0,0,0,0,0,0,0,0,0,0,0,0,0,0,0,0,0,0,0,0,0,0,0,0,0,0,0,0,0,0,0,0,0,0,0,0,0,0,0,0,0,0,0,0,0,0,0,0,0,0,0,0,0,0,0,0,0,0,0,0,0,0,0,0,0,0,0,0,0,0,0,0,0,0,0,0,0,0,0,0,0,0,0,0,0,0,0,0,0,0,0,0,0,0,0,0,0,0,0,0,0,0,0,0,0,0,0,0,0,0,0,0,0,0,0,0,0,0,0,0,0,0,0,0,0,0,0,0,0,0,0,0,0,0,0,0,0,0,0,0,0,0,0,0,0,0,0,0,0,0,0,0,0,0,0,0,0,0,0,0,0,0,0,0,0,0,0,0,0,0,0,0,0,0,0,0,0,0,0,0,0,0,0,0,0,0,0,0,0,0,0,0,0,0,0
"10",255.525575,255.755775,256.584275,257.448225,258.0456,258.3077,260.0479,0,0,0,0,0,0,0,0,0,0,0,0,0,0,0,0,0,0,0,0,0,0,0,0,0,0,0,0,0,0,0,0,0,0,0,0,0,0,0,0,0,0,0,0,0,0,0,0,0,0,0,0,0,0,0,0,0,0,0,0,0,0,0,0,0,0,0,0,0,0,0,0,0,0,0,0,0,0,0,0,0,0,0,0,0,0,0,0,0,0,0,0,0,0,0,0,0,0,0,0,0,0,0,0,0,0,0,0,0,0,0,0,0,0,0,0,0,0,0,0,0,0,0,0,0,0,0,0,0,0,0,0,0,0,0,0,0,0,0,0,0,0,0,0,0,0,0,0,0,0,0,0,0,0,0,0,0,0,0,0,0,0,0,0,0,0,0,0,0,0,0,0,0,0,0,0,0,0,0,0,0,0,0,0,0,0,0,0,0,0,0,0,0,0,0,0,0,0,0,0,0,0,0,0,0,0,0,0,0,0,0,0,0,0,0,0,0,0,0,0,0,0,0,0,0,0,0,0,0,0,0,0,0,0,0,0,0,0,0,0,0,0,0,0,0,0,0,0,0,0,0,0,0,0,0,0,0,0,0,0,0,0,0,0,0,0,0,0,0,0,0,0,0,0,0,0,0,0,0,0,0,0,0,0,0,0,0,0,0,0,0,0,0,0,0,0,0,0,0,0,0,0,0,0,0,0,0,0,0,0,0,0,0,0,0,0,0,0,0,0,0,0,0,0,0,0,0,0,0,0,0,0,0,0,0,0,0,0,0,0,0,0,0,0,0,0,0,0,0,0,0,0,0,0,0,0,0,0,0
"11",251.883025,251.960675,256.3817,256.499475,256.561675,257.88015,257.946225,257.9933,258.050975,258.12,258.205425,258.28985,259.60615,259.666925,259.71155,259.756175,259.774475,259.88235,259.925225,259.976,261.691025,262.072625,0,0,0,0,0,0,0,0,0,0,0,0,0,0,0,0,0,0,0,0,0,0,0,0,0,0,0,0,0,0,0,0,0,0,0,0,0,0,0,0,0,0,0,0,0,0,0,0,0,0,0,0,0,0,0,0,0,0,0,0,0,0,0,0,0,0,0,0,0,0,0,0,0,0,0,0,0,0,0,0,0,0,0,0,0,0,0,0,0,0,0,0,0,0,0,0,0,0,0,0,0,0,0,0,0,0,0,0,0,0,0,0,0,0,0,0,0,0,0,0,0,0,0,0,0,0,0,0,0,0,0,0,0,0,0,0,0,0,0,0,0,0,0,0,0,0,0,0,0,0,0,0,0,0,0,0,0,0,0,0,0,0,0,0,0,0,0,0,0,0,0,0,0,0,0,0,0,0,0,0,0,0,0,0,0,0,0,0,0,0,0,0,0,0,0,0,0,0,0,0,0,0,0,0,0,0,0,0,0,0,0,0,0,0,0,0,0,0,0,0,0,0,0,0,0,0,0,0,0,0,0,0,0,0,0,0,0,0,0,0,0,0,0,0,0,0,0,0,0,0,0,0,0,0,0,0,0,0,0,0,0,0,0,0,0,0,0,0,0,0,0,0,0,0,0,0,0,0,0,0,0,0,0,0,0,0,0,0,0,0,0,0,0,0,0,0,0,0,0,0,0,0,0,0,0,0,0,0,0,0,0,0,0,0,0,0,0,0,0,0,0,0,0,0,0,0,0,0,0,0,0,0,0,0,0,0,0,0,0,0,0,0,0,0
"12",255.69765,257.4983,259.11485,259.23705,0,0,0,0,0,0,0,0,0,0,0,0,0,0,0,0,0,0,0,0,0,0,0,0,0,0,0,0,0,0,0,0,0,0,0,0,0,0,0,0,0,0,0,0,0,0,0,0,0,0,0,0,0,0,0,0,0,0,0,0,0,0,0,0,0,0,0,0,0,0,0,0,0,0,0,0,0,0,0,0,0,0,0,0,0,0,0,0,0,0,0,0,0,0,0,0,0,0,0,0,0,0,0,0,0,0,0,0,0,0,0,0,0,0,0,0,0,0,0,0,0,0,0,0,0,0,0,0,0,0,0,0,0,0,0,0,0,0,0,0,0,0,0,0,0,0,0,0,0,0,0,0,0,0,0,0,0,0,0,0,0,0,0,0,0,0,0,0,0,0,0,0,0,0,0,0,0,0,0,0,0,0,0,0,0,0,0,0,0,0,0,0,0,0,0,0,0,0,0,0,0,0,0,0,0,0,0,0,0,0,0,0,0,0,0,0,0,0,0,0,0,0,0,0,0,0,0,0,0,0,0,0,0,0,0,0,0,0,0,0,0,0,0,0,0,0,0,0,0,0,0,0,0,0,0,0,0,0,0,0,0,0,0,0,0,0,0,0,0,0,0,0,0,0,0,0,0,0,0,0,0,0,0,0,0,0,0,0,0,0,0,0,0,0,0,0,0,0,0,0,0,0,0,0,0,0,0,0,0,0,0,0,0,0,0,0,0,0,0,0,0,0,0,0,0,0,0,0,0,0,0,0,0,0,0,0,0,0,0,0,0,0,0,0,0,0,0,0,0,0,0,0,0,0,0,0,0,0,0,0,0,0
"13",257.169225,0,0,0,0,0,0,0,0,0,0,0,0,0,0,0,0,0,0,0,0,0,0,0,0,0,0,0,0,0,0,0,0,0,0,0,0,0,0,0,0,0,0,0,0,0,0,0,0,0,0,0,0,0,0,0,0,0,0,0,0,0,0,0,0,0,0,0,0,0,0,0,0,0,0,0,0,0,0,0,0,0,0,0,0,0,0,0,0,0,0,0,0,0,0,0,0,0,0,0,0,0,0,0,0,0,0,0,0,0,0,0,0,0,0,0,0,0,0,0,0,0,0,0,0,0,0,0,0,0,0,0,0,0,0,0,0,0,0,0,0,0,0,0,0,0,0,0,0,0,0,0,0,0,0,0,0,0,0,0,0,0,0,0,0,0,0,0,0,0,0,0,0,0,0,0,0,0,0,0,0,0,0,0,0,0,0,0,0,0,0,0,0,0,0,0,0,0,0,0,0,0,0,0,0,0,0,0,0,0,0,0,0,0,0,0,0,0,0,0,0,0,0,0,0,0,0,0,0,0,0,0,0,0,0,0,0,0,0,0,0,0,0,0,0,0,0,0,0,0,0,0,0,0,0,0,0,0,0,0,0,0,0,0,0,0,0,0,0,0,0,0,0,0,0,0,0,0,0,0,0,0,0,0,0,0,0,0,0,0,0,0,0,0,0,0,0,0,0,0,0,0,0,0,0,0,0,0,0,0,0,0,0,0,0,0,0,0,0,0,0,0,0,0,0,0,0,0,0,0,0,0,0,0,0,0,0,0,0,0,0,0,0,0,0,0,0,0,0,0,0,0,0,0,0,0,0,0,0,0,0,0,0,0,0,0
"14",0,0,0,0,0,0,0,0,0,0,0,0,0,0,0,0,0,0,0,0,0,0,0,0,0,0,0,0,0,0,0,0,0,0,0,0,0,0,0,0,0,0,0,0,0,0,0,0,0,0,0,0,0,0,0,0,0,0,0,0,0,0,0,0,0,0,0,0,0,0,0,0,0,0,0,0,0,0,0,0,0,0,0,0,0,0,0,0,0,0,0,0,0,0,0,0,0,0,0,0,0,0,0,0,0,0,0,0,0,0,0,0,0,0,0,0,0,0,0,0,0,0,0,0,0,0,0,0,0,0,0,0,0,0,0,0,0,0,0,0,0,0,0,0,0,0,0,0,0,0,0,0,0,0,0,0,0,0,0,0,0,0,0,0,0,0,0,0,0,0,0,0,0,0,0,0,0,0,0,0,0,0,0,0,0,0,0,0,0,0,0,0,0,0,0,0,0,0,0,0,0,0,0,0,0,0,0,0,0,0,0,0,0,0,0,0,0,0,0,0,0,0,0,0,0,0,0,0,0,0,0,0,0,0,0,0,0,0,0,0,0,0,0,0,0,0,0,0,0,0,0,0,0,0,0,0,0,0,0,0,0,0,0,0,0,0,0,0,0,0,0,0,0,0,0,0,0,0,0,0,0,0,0,0,0,0,0,0,0,0,0,0,0,0,0,0,0,0,0,0,0,0,0,0,0,0,0,0,0,0,0,0,0,0,0,0,0,0,0,0,0,0,0,0,0,0,0,0,0,0,0,0,0,0,0,0,0,0,0,0,0,0,0,0,0,0,0,0,0,0,0,0,0,0,0,0,0,0,0,0,0,0,0,0,0,0
"15",241.421825,243.68045,250.486475,251.8177,258.26025,259.4513,259.64595,259.732225,259.99375,260.339975,260.493175,260.937825,261.0136,261.137025,261.24685,261.334575,261.4464,261.508625,261.66495,261.876075,262.0239,262.21415,262.47715,262.66545,262.755,262.85755,263.2516,263.384625,265.18005,272.923975,0,0,0,0,0,0,0,0,0,0,0,0,0,0,0,0,0,0,0,0,0,0,0,0,0,0,0,0,0,0,0,0,0,0,0,0,0,0,0,0,0,0,0,0,0,0,0,0,0,0,0,0,0,0,0,0,0,0,0,0,0,0,0,0,0,0,0,0,0,0,0,0,0,0,0,0,0,0,0,0,0,0,0,0,0,0,0,0,0,0,0,0,0,0,0,0,0,0,0,0,0,0,0,0,0,0,0,0,0,0,0,0,0,0,0,0,0,0,0,0,0,0,0,0,0,0,0,0,0,0,0,0,0,0,0,0,0,0,0,0,0,0,0,0,0,0,0,0,0,0,0,0,0,0,0,0,0,0,0,0,0,0,0,0,0,0,0,0,0,0,0,0,0,0,0,0,0,0,0,0,0,0,0,0,0,0,0,0,0,0,0,0,0,0,0,0,0,0,0,0,0,0,0,0,0,0,0,0,0,0,0,0,0,0,0,0,0,0,0,0,0,0,0,0,0,0,0,0,0,0,0,0,0,0,0,0,0,0,0,0,0,0,0,0,0,0,0,0,0,0,0,0,0,0,0,0,0,0,0,0,0,0,0,0,0,0,0,0,0,0,0,0,0,0,0,0,0,0,0,0,0,0,0,0,0,0,0,0,0,0,0,0,0,0,0,0,0,0,0,0,0,0,0,0,0,0,0,0,0,0,0,0,0,0,0,0,0,0,0,0,0,0,0,0,0,0,0,0,0,0,0,0,0,0,0,0
"16",249.5776,249.65405,250.001725,250.1009,250.18915,250.3956,250.577375,250.71465,251.089175,251.143225,251.283825,251.406775,251.5149,251.5823,251.66,251.685675,251.74665,251.78815,251.832675,251.873125,251.923725,251.9661,252.02435,252.0526,252.435175,252.5481,252.603925,252.6082,252.652425,252.68765,252.7147,252.73975,252.7843,252.86925,252.902575,252.959725,253.02025,253.195875,253.2544,253.2933,253.339425,253.42315,253.5193,253.69825,253.7839,253.8987,253.9366,253.976675,254.004825,254.058625,254.11645,254.15075,254.1923,254.290275,254.33425,254.40875,254.59385,254.7368,254.849975,254.964625,255.04645,255.1275,255.248275,255.322025,255.394075,255.48735,255.528875,255.594025,255.66265,255.762075,256.177975,256.2741,256.34575,256.4583,256.542375,256.67295,256.72655,256.99465,257.05405,257.1886,257.207825,257.2348,257.299375,257.338,257.38035,257.4105,257.43715,257.471225,257.500425,257.545525,257.6178,257.7049,257.84045,257.9583,258.018225,258.0707,258.2253,258.335,258.494,258.549025,258.6208,258.754225,258.83385,258.90135,258.957525,259.0276,259.0659,259.1053,259.153825,259.185875,259.219025,259.279175,259.3898,259.450125,259.5787,259.65875,259.79345,259.99495,260.14895,260.365275,260.674775,260.7582,260.8622,260.939625,261.088325,261.250275,261.431625,261.50435,261.720175,261.853775,261.9137,261.992375,262.06845,262.184825,262.2882,263.349025,0,0,0,0,0,0,0,0,0,0,0,0,0,0,0,0,0,0,0,0,0,0,0,0,0,0,0,0,0,0,0,0,0,0,0,0,0,0,0,0,0,0,0,0,0,0,0,0,0,0,0,0,0,0,0,0,0,0,0,0,0,0,0,0,0,0,0,0,0,0,0,0,0,0,0,0,0,0,0,0,0,0,0,0,0,0,0,0,0,0,0,0,0,0,0,0,0,0,0,0,0,0,0,0,0,0,0,0,0,0,0,0,0,0,0,0,0,0,0,0,0,0,0,0,0,0,0,0,0,0,0,0,0,0,0,0,0,0,0,0,0,0,0,0,0,0,0,0,0,0,0,0,0,0,0,0,0,0,0,0,0,0,0,0,0,0,0,0,0,0,0,0,0,0,0,0,0,0,0,0,0,0,0,0,0,0,0,0,0,0,0,0,0,0,0,0,0,0,0,0,0,0,0,0,0,0,0,0,0,0,0,0,0,0,0,0,0,0,0,0,0,0,0,0,0,0,0,0,0,0
"17",251.775575,253.12415,253.254475,253.349075,253.736375,254.5033,254.573,254.69535,254.81185,254.885125,256.331,256.405025,256.53815,258.01615,259.7483,260.117725,261.8363,262.04785,0,0,0,0,0,0,0,0,0,0,0,0,0,0,0,0,0,0,0,0,0,0,0,0,0,0,0,0,0,0,0,0,0,0,0,0,0,0,0,0,0,0,0,0,0,0,0,0,0,0,0,0,0,0,0,0,0,0,0,0,0,0,0,0,0,0,0,0,0,0,0,0,0,0,0,0,0,0,0,0,0,0,0,0,0,0,0,0,0,0,0,0,0,0,0,0,0,0,0,0,0,0,0,0,0,0,0,0,0,0,0,0,0,0,0,0,0,0,0,0,0,0,0,0,0,0,0,0,0,0,0,0,0,0,0,0,0,0,0,0,0,0,0,0,0,0,0,0,0,0,0,0,0,0,0,0,0,0,0,0,0,0,0,0,0,0,0,0,0,0,0,0,0,0,0,0,0,0,0,0,0,0,0,0,0,0,0,0,0,0,0,0,0,0,0,0,0,0,0,0,0,0,0,0,0,0,0,0,0,0,0,0,0,0,0,0,0,0,0,0,0,0,0,0,0,0,0,0,0,0,0,0,0,0,0,0,0,0,0,0,0,0,0,0,0,0,0,0,0,0,0,0,0,0,0,0,0,0,0,0,0,0,0,0,0,0,0,0,0,0,0,0,0,0,0,0,0,0,0,0,0,0,0,0,0,0,0,0,0,0,0,0,0,0,0,0,0,0,0,0,0,0,0,0,0,0,0,0,0,0,0,0,0,0,0,0,0,0,0,0,0,0,0,0,0,0,0,0,0,0,0,0,0,0,0,0,0,0,0,0,0,0,0,0,0,0,0,0
"18",249.874775,250.046375,250.146975,250.318675,250.3679,250.48895,250.54965,250.6266,250.65465,250.683225,250.719175,250.766375,250.796675,250.866675,250.943925,251.0293,251.73625,251.78545,251.862525,251.981025,252.008075,252.04405,252.091925,252.129425,253.2266,253.310575,253.3635,253.866775,254.821625,255.316575,255.376625,255.5141,256.148025,256.250425,256.358525,256.4561,256.540525,256.677625,257.0808,257.137075,257.472425,257.7964,257.933625,258.01945,258.14005,258.196325,258.27345,258.33275,259.563525,259.698225,259.851475,259.93635,260.0233,260.09825,264.388825,264.45335,264.550875,264.698075,0,0,0,0,0,0,0,0,0,0,0,0,0,0,0,0,0,0,0,0,0,0,0,0,0,0,0,0,0,0,0,0,0,0,0,0,0,0,0,0,0,0,0,0,0,0,0,0,0,0,0,0,0,0,0,0,0,0,0,0,0,0,0,0,0,0,0,0,0,0,0,0,0,0,0,0,0,0,0,0,0,0,0,0,0,0,0,0,0,0,0,0,0,0,0,0,0,0,0,0,0,0,0,0,0,0,0,0,0,0,0,0,0,0,0,0,0,0,0,0,0,0,0,0,0,0,0,0,0,0,0,0,0,0,0,0,0,0,0,0,0,0,0,0,0,0,0,0,0,0,0,0,0,0,0,0,0,0,0,0,0,0,0,0,0,0,0,0,0,0,0,0,0,0,0,0,0,0,0,0,0,0,0,0,0,0,0,0,0,0,0,0,0,0,0,0,0,0,0,0,0,0,0,0,0,0,0,0,0,0,0,0,0,0,0,0,0,0,0,0,0,0,0,0,0,0,0,0,0,0,0,0,0,0,0,0,0,0,0,0,0,0,0,0,0,0,0,0,0,0,0,0,0,0,0,0,0,0,0,0,0,0,0,0,0,0,0,0,0,0,0,0,0,0,0,0,0,0,0,0,0,0,0,0,0,0,0,0,0,0,0,0,0,0,0,0,0,0,0,0,0,0,0,0,0,0,0,0
"19",254.546325,254.64585,254.75135,256.16145,256.39915,257.7301,257.86775,257.956825,258.0314,259.472875,259.605025,259.6969,259.8401,263.90515,263.997125,264.15775,264.345275,264.583475,0,0,0,0,0,0,0,0,0,0,0,0,0,0,0,0,0,0,0,0,0,0,0,0,0,0,0,0,0,0,0,0,0,0,0,0,0,0,0,0,0,0,0,0,0,0,0,0,0,0,0,0,0,0,0,0,0,0,0,0,0,0,0,0,0,0,0,0,0,0,0,0,0,0,0,0,0,0,0,0,0,0,0,0,0,0,0,0,0,0,0,0,0,0,0,0,0,0,0,0,0,0,0,0,0,0,0,0,0,0,0,0,0,0,0,0,0,0,0,0,0,0,0,0,0,0,0,0,0,0,0,0,0,0,0,0,0,0,0,0,0,0,0,0,0,0,0,0,0,0,0,0,0,0,0,0,0,0,0,0,0,0,0,0,0,0,0,0,0,0,0,0,0,0,0,0,0,0,0,0,0,0,0,0,0,0,0,0,0,0,0,0,0,0,0,0,0,0,0,0,0,0,0,0,0,0,0,0,0,0,0,0,0,0,0,0,0,0,0,0,0,0,0,0,0,0,0,0,0,0,0,0,0,0,0,0,0,0,0,0,0,0,0,0,0,0,0,0,0,0,0,0,0,0,0,0,0,0,0,0,0,0,0,0,0,0,0,0,0,0,0,0,0,0,0,0,0,0,0,0,0,0,0,0,0,0,0,0,0,0,0,0,0,0,0,0,0,0,0,0,0,0,0,0,0,0,0,0,0,0,0,0,0,0,0,0,0,0,0,0,0,0,0,0,0,0,0,0,0,0,0,0,0,0,0,0,0,0,0,0,0,0,0,0,0,0,0,0
"20",249.90845,250.028325,250.176475,250.39185,250.5725,250.70775,250.781525,250.898475,251.199225,251.412125,251.635275,251.70215,251.79845,251.87325,251.95095,252.050875,252.1364,252.26315,253.089275,253.219725,253.313825,253.380925,253.4946,253.608425,254.5965,254.743975,254.874625,255.08125,255.35265,255.49665,255.63085,256.00125,256.142425,256.28015,256.3643,256.4633,256.593725,256.74005,256.917475,257.237825,257.3386,257.607475,257.929975,258.184575,258.291825,258.4059,258.5766,258.8071,258.90815,259.07155,259.209225,259.40375,259.6019,259.7137,259.88565,260.15005,260.291875,260.497375,0,0,0,0,0,0,0,0,0,0,0,0,0,0,0,0,0,0,0,0,0,0,0,0,0,0,0,0,0,0,0,0,0,0,0,0,0,0,0,0,0,0,0,0,0,0,0,0,0,0,0,0,0,0,0,0,0,0,0,0,0,0,0,0,0,0,0,0,0,0,0,0,0,0,0,0,0,0,0,0,0,0,0,0,0,0,0,0,0,0,0,0,0,0,0,0,0,0,0,0,0,0,0,0,0,0,0,0,0,0,0,0,0,0,0,0,0,0,0,0,0,0,0,0,0,0,0,0,0,0,0,0,0,0,0,0,0,0,0,0,0,0,0,0,0,0,0,0,0,0,0,0,0,0,0,0,0,0,0,0,0,0,0,0,0,0,0,0,0,0,0,0,0,0,0,0,0,0,0,0,0,0,0,0,0,0,0,0,0,0,0,0,0,0,0,0,0,0,0,0,0,0,0,0,0,0,0,0,0,0,0,0,0,0,0,0,0,0,0,0,0,0,0,0,0,0,0,0,0,0,0,0,0,0,0,0,0,0,0,0,0,0,0,0,0,0,0,0,0,0,0,0,0,0,0,0,0,0,0,0,0,0,0,0,0,0,0,0,0,0,0,0,0,0,0,0,0,0,0,0,0,0,0,0,0,0,0,0,0,0,0,0,0,0,0,0,0,0,0,0,0,0,0,0,0,0,0,0
"21",250.57785,250.673,251.6281,251.685675,251.881,251.933475,251.9827,252.709275,252.76525,252.840575,252.9063,252.95545,253.088675,253.12975,253.25145,253.29245,257.3166,257.3343,257.423575,258.225225,259.171525,0,0,0,0,0,0,0,0,0,0,0,0,0,0,0,0,0,0,0,0,0,0,0,0,0,0,0,0,0,0,0,0,0,0,0,0,0,0,0,0,0,0,0,0,0,0,0,0,0,0,0,0,0,0,0,0,0,0,0,0,0,0,0,0,0,0,0,0,0,0,0,0,0,0,0,0,0,0,0,0,0,0,0,0,0,0,0,0,0,0,0,0,0,0,0,0,0,0,0,0,0,0,0,0,0,0,0,0,0,0,0,0,0,0,0,0,0,0,0,0,0,0,0,0,0,0,0,0,0,0,0,0,0,0,0,0,0,0,0,0,0,0,0,0,0,0,0,0,0,0,0,0,0,0,0,0,0,0,0,0,0,0,0,0,0,0,0,0,0,0,0,0,0,0,0,0,0,0,0,0,0,0,0,0,0,0,0,0,0,0,0,0,0,0,0,0,0,0,0,0,0,0,0,0,0,0,0,0,0,0,0,0,0,0,0,0,0,0,0,0,0,0,0,0,0,0,0,0,0,0,0,0,0,0,0,0,0,0,0,0,0,0,0,0,0,0,0,0,0,0,0,0,0,0,0,0,0,0,0,0,0,0,0,0,0,0,0,0,0,0,0,0,0,0,0,0,0,0,0,0,0,0,0,0,0,0,0,0,0,0,0,0,0,0,0,0,0,0,0,0,0,0,0,0,0,0,0,0,0,0,0,0,0,0,0,0,0,0,0,0,0,0,0,0,0,0,0,0,0,0,0,0,0,0,0,0,0,0,0,0,0,0,0,0,0
"22",250.585125,252.646875,252.702875,252.92855,254.275775,255.620125,255.704275,257.201925,257.285775,257.385225,257.44845,257.496825,257.5601,257.73185,259.018625,259.114075,259.17195,259.2273,259.38905,259.515575,0,0,0,0,0,0,0,0,0,0,0,0,0,0,0,0,0,0,0,0,0,0,0,0,0,0,0,0,0,0,0,0,0,0,0,0,0,0,0,0,0,0,0,0,0,0,0,0,0,0,0,0,0,0,0,0,0,0,0,0,0,0,0,0,0,0,0,0,0,0,0,0,0,0,0,0,0,0,0,0,0,0,0,0,0,0,0,0,0,0,0,0,0,0,0,0,0,0,0,0,0,0,0,0,0,0,0,0,0,0,0,0,0,0,0,0,0,0,0,0,0,0,0,0,0,0,0,0,0,0,0,0,0,0,0,0,0,0,0,0,0,0,0,0,0,0,0,0,0,0,0,0,0,0,0,0,0,0,0,0,0,0,0,0,0,0,0,0,0,0,0,0,0,0,0,0,0,0,0,0,0,0,0,0,0,0,0,0,0,0,0,0,0,0,0,0,0,0,0,0,0,0,0,0,0,0,0,0,0,0,0,0,0,0,0,0,0,0,0,0,0,0,0,0,0,0,0,0,0,0,0,0,0,0,0,0,0,0,0,0,0,0,0,0,0,0,0,0,0,0,0,0,0,0,0,0,0,0,0,0,0,0,0,0,0,0,0,0,0,0,0,0,0,0,0,0,0,0,0,0,0,0,0,0,0,0,0,0,0,0,0,0,0,0,0,0,0,0,0,0,0,0,0,0,0,0,0,0,0,0,0,0,0,0,0,0,0,0,0,0,0,0,0,0,0,0,0,0,0,0,0,0,0,0,0,0,0,0,0,0,0,0,0,0,0,0
"23",250.263875,250.270775,250.3532,250.42275,250.498,250.542025,250.57615,250.618775,250.6721,250.7147,250.806275,250.85645,250.93135,250.9906,251.05935,251.112825,251.1845,251.210075,251.3035,251.459225,251.537925,251.64195,251.71305,251.760225,251.8842,251.9305,251.9703,252.0375,252.045525,252.093125,252.22725,252.3275,252.414025,252.61035,252.885375,253.0086,253.0869,253.168925,253.243975,253.291675,253.34485,253.378225,253.48345,253.58615,253.6872,253.7586,253.87075,253.98285,254.10075,254.39545,254.532325,254.669825,254.759375,254.816325,254.883325,254.982825,255.025475,255.0594,255.224,255.310825,255.526975,255.6042,255.73545,255.8666,255.99445,256.19425,256.3133,256.386775,256.44075,256.490025,256.592175,256.69015,256.76195,256.8567,257.2666,257.3747,257.511525,257.761125,257.901625,257.977625,258.039675,258.096275,258.14875,258.21675,258.279225,258.37755,258.444375,258.6082,258.74395,259.055125,259.24825,259.31085,259.440725,259.5108,259.59,259.64375,259.7203,259.81965,259.871025,259.95035,260.01085,260.064575,260.153975,260.205375,260.259975,260.43535,260.5248,260.6406,260.742775,260.88305,260.96635,261.12385,261.278925,261.365025,261.438275,261.497125,261.5814,261.648925,261.73475,261.854775,261.966325,262.0506,262.172175,262.277825,262.39735,262.682,262.94985,263.1155,263.27875,0,0,0,0,0,0,0,0,0,0,0,0,0,0,0,0,0,0,0,0,0,0,0,0,0,0,0,0,0,0,0,0,0,0,0,0,0,0,0,0,0,0,0,0,0,0,0,0,0,0,0,0,0,0,0,0,0,0,0,0,0,0,0,0,0,0,0,0,0,0,0,0,0,0,0,0,0,0,0,0,0,0,0,0,0,0,0,0,0,0,0,0,0,0,0,0,0,0,0,0,0,0,0,0,0,0,0,0,0,0,0,0,0,0,0,0,0,0,0,0,0,0,0,0,0,0,0,0,0,0,0,0,0,0,0,0,0,0,0,0,0,0,0,0,0,0,0,0,0,0,0,0,0,0,0,0,0,0,0,0,0,0,0,0,0,0,0,0,0,0,0,0,0,0,0,0,0,0,0,0,0,0,0,0,0,0,0,0,0,0,0,0,0,0,0,0,0,0,0,0,0,0,0,0,0,0,0,0,0,0,0,0,0,0,0,0,0,0,0,0,0,0,0,0,0,0,0,0,0,0,0,0,0,0,0,0,0
"24",249.6309,249.73055,250.048925,250.1676,250.441175,250.51095,250.58685,251.172825,251.220325,251.252775,251.325075,251.358275,251.492925,251.63275,251.7585,251.869925,252.12755,252.407275,252.53645,252.609,252.74155,252.769675,252.820025,252.8604,252.87325,252.894625,252.925125,252.963725,252.985825,253.098825,253.12035,253.157675,253.201075,253.295225,253.622025,253.8595,253.920275,254.006575,254.0766,254.13025,254.178525,254.2317,254.2538,254.2901,254.325175,254.348675,254.384,254.422175,254.472075,254.5101,254.578525,254.727025,254.782075,255.010075,255.0574,255.123975,255.177525,255.2066,255.3067,255.357925,255.427675,255.44945,255.47755,255.516125,255.5341,255.5617,255.5834,255.58485,255.614775,255.721775,255.7792,255.81425,255.848975,255.8846,255.946375,256.0357,256.067675,256.11605,256.163775,256.217925,256.275725,256.725875,256.788575,256.85855,256.9048,256.9529,256.990725,257.05005,257.069675,257.08595,257.142125,257.16575,257.18975,257.2204,257.2423,257.26965,257.28215,257.31445,257.383225,257.410725,257.514575,257.5479,257.599175,257.628475,257.672925,257.712375,257.741725,258.131975,258.5914,258.650625,258.784225,258.84075,258.921925,258.966825,259.018125,259.05315,259.107675,259.1396,259.323975,259.3603,259.40595,259.452675,259.501625,259.584575,259.67355,260.498825,260.5584,260.6853,260.72245,260.8139,260.86415,260.903225,261.009225,261.060225,261.1205,261.176175,261.232,261.296625,261.4212,264.492225,264.80735,265.02055,0,0,0,0,0,0,0,0,0,0,0,0,0,0,0,0,0,0,0,0,0,0,0,0,0,0,0,0,0,0,0,0,0,0,0,0,0,0,0,0,0,0,0,0,0,0,0,0,0,0,0,0,0,0,0,0,0,0,0,0,0,0,0,0,0,0,0,0,0,0,0,0,0,0,0,0,0,0,0,0,0,0,0,0,0,0,0,0,0,0,0,0,0,0,0,0,0,0,0,0,0,0,0,0,0,0,0,0,0,0,0,0,0,0,0,0,0,0,0,0,0,0,0,0,0,0,0,0,0,0,0,0,0,0,0,0,0,0,0,0,0,0,0,0,0,0,0,0,0,0,0,0,0,0,0,0,0,0,0,0,0,0,0,0,0,0,0,0,0,0,0,0,0,0,0,0,0,0,0,0,0,0,0,0,0,0,0,0,0,0,0,0,0,0,0,0,0,0,0,0,0,0,0,0,0,0,0,0,0,0,0,0,0,0,0,0,0,0,0,0,0,0,0,0
"25",249.564275,249.903975,250.544225,250.73235,251.3345,251.4677,251.518125,252.024075,253.204025,253.3247,253.499275,254.49195,254.51375,255.006575,256.5576,257.25315,257.502375,258.26285,259.27935,259.875225,260.09085,262.500025,0,0,0,0,0,0,0,0,0,0,0,0,0,0,0,0,0,0,0,0,0,0,0,0,0,0,0,0,0,0,0,0,0,0,0,0,0,0,0,0,0,0,0,0,0,0,0,0,0,0,0,0,0,0,0,0,0,0,0,0,0,0,0,0,0,0,0,0,0,0,0,0,0,0,0,0,0,0,0,0,0,0,0,0,0,0,0,0,0,0,0,0,0,0,0,0,0,0,0,0,0,0,0,0,0,0,0,0,0,0,0,0,0,0,0,0,0,0,0,0,0,0,0,0,0,0,0,0,0,0,0,0,0,0,0,0,0,0,0,0,0,0,0,0,0,0,0,0,0,0,0,0,0,0,0,0,0,0,0,0,0,0,0,0,0,0,0,0,0,0,0,0,0,0,0,0,0,0,0,0,0,0,0,0,0,0,0,0,0,0,0,0,0,0,0,0,0,0,0,0,0,0,0,0,0,0,0,0,0,0,0,0,0,0,0,0,0,0,0,0,0,0,0,0,0,0,0,0,0,0,0,0,0,0,0,0,0,0,0,0,0,0,0,0,0,0,0,0,0,0,0,0,0,0,0,0,0,0,0,0,0,0,0,0,0,0,0,0,0,0,0,0,0,0,0,0,0,0,0,0,0,0,0,0,0,0,0,0,0,0,0,0,0,0,0,0,0,0,0,0,0,0,0,0,0,0,0,0,0,0,0,0,0,0,0,0,0,0,0,0,0,0,0,0,0,0,0,0,0,0,0,0,0,0,0,0,0,0,0,0,0,0,0,0
"26",250.035025,250.11435,250.1858,250.260425,250.33015,250.36925,250.410825,250.486675,250.52085,250.5523,250.581975,250.65315,250.729625,251.7573,251.81375,251.85115,251.8899,251.94745,251.976975,252.06265,256.350025,256.447475,256.528925,257.916975,257.95365,258.0354,258.142575,258.226875,258.3216,259.648625,259.7328,259.835225,259.891225,259.9876,260.048125,261.6691,261.76975,261.91145,262.04645,262.176625,262.30915,0,0,0,0,0,0,0,0,0,0,0,0,0,0,0,0,0,0,0,0,0,0,0,0,0,0,0,0,0,0,0,0,0,0,0,0,0,0,0,0,0,0,0,0,0,0,0,0,0,0,0,0,0,0,0,0,0,0,0,0,0,0,0,0,0,0,0,0,0,0,0,0,0,0,0,0,0,0,0,0,0,0,0,0,0,0,0,0,0,0,0,0,0,0,0,0,0,0,0,0,0,0,0,0,0,0,0,0,0,0,0,0,0,0,0,0,0,0,0,0,0,0,0,0,0,0,0,0,0,0,0,0,0,0,0,0,0,0,0,0,0,0,0,0,0,0,0,0,0,0,0,0,0,0,0,0,0,0,0,0,0,0,0,0,0,0,0,0,0,0,0,0,0,0,0,0,0,0,0,0,0,0,0,0,0,0,0,0,0,0,0,0,0,0,0,0,0,0,0,0,0,0,0,0,0,0,0,0,0,0,0,0,0,0,0,0,0,0,0,0,0,0,0,0,0,0,0,0,0,0,0,0,0,0,0,0,0,0,0,0,0,0,0,0,0,0,0,0,0,0,0,0,0,0,0,0,0,0,0,0,0,0,0,0,0,0,0,0,0,0,0,0,0,0,0,0,0,0,0,0,0,0,0,0,0,0,0,0,0,0,0,0,0,0,0,0,0,0,0,0,0,0,0,0,0,0,0,0,0,0,0,0,0,0,0,0,0,0,0,0,0,0,0,0,0
"27",251.199825,251.29885,251.365125,251.55355,251.631175,252.321,252.35685,252.420475,252.5069,252.598275,252.649225,252.71995,252.75385,252.8072,252.901925,253.481525,253.5612,253.9642,253.967875,254.0048,254.037025,254.09135,255.04155,255.118675,255.158575,255.2583,255.3428,256.918125,257.05545,257.10625,257.145475,257.17915,257.24475,257.361725,259.185,260.53085,0,0,0,0,0,0,0,0,0,0,0,0,0,0,0,0,0,0,0,0,0,0,0,0,0,0,0,0,0,0,0,0,0,0,0,0,0,0,0,0,0,0,0,0,0,0,0,0,0,0,0,0,0,0,0,0,0,0,0,0,0,0,0,0,0,0,0,0,0,0,0,0,0,0,0,0,0,0,0,0,0,0,0,0,0,0,0,0,0,0,0,0,0,0,0,0,0,0,0,0,0,0,0,0,0,0,0,0,0,0,0,0,0,0,0,0,0,0,0,0,0,0,0,0,0,0,0,0,0,0,0,0,0,0,0,0,0,0,0,0,0,0,0,0,0,0,0,0,0,0,0,0,0,0,0,0,0,0,0,0,0,0,0,0,0,0,0,0,0,0,0,0,0,0,0,0,0,0,0,0,0,0,0,0,0,0,0,0,0,0,0,0,0,0,0,0,0,0,0,0,0,0,0,0,0,0,0,0,0,0,0,0,0,0,0,0,0,0,0,0,0,0,0,0,0,0,0,0,0,0,0,0,0,0,0,0,0,0,0,0,0,0,0,0,0,0,0,0,0,0,0,0,0,0,0,0,0,0,0,0,0,0,0,0,0,0,0,0,0,0,0,0,0,0,0,0,0,0,0,0,0,0,0,0,0,0,0,0,0,0,0,0,0,0,0,0,0,0,0,0,0,0,0,0,0,0,0,0,0,0,0,0,0,0,0,0,0,0,0,0,0,0,0,0,0,0,0,0,0,0
"28",240.161725,240.3715,240.5299,240.66145,240.85415,241.006475,241.18475,241.28315,241.493875,241.64435,241.869425,242.00105,242.155875,242.314,242.483075,242.648425,242.7922,242.9544,243.132125,243.324025,243.454725,243.5833,243.799975,243.97405,244.175025,244.351225,244.514425,244.644325,244.845225,245.011,245.17965,245.3707,245.55595,245.76635,245.977425,246.1553,246.3148,246.4511,246.62105,246.8266,246.95065,247.134175,247.3818,247.57575,247.770075,247.911475,248.054975,248.32435,248.446775,248.629325,248.803675,249.0357,249.250625,249.3637,249.5629,249.585875,249.67395,251.347875,251.553625,251.6361,251.7139,251.790175,252.148675,252.522025,252.623775,252.663725,252.6947,252.7187,252.762775,252.79055,252.80925,252.84,252.971825,252.983175,253.046225,253.16375,253.2073,253.618825,253.715225,253.7248,253.92125,253.94935,254.109275,254.140375,254.16565,254.205925,254.38115,254.436825,254.478625,254.525175,254.573725,254.63735,254.70625,255.224125,255.332775,255.40945,255.443725,255.48445,255.561325,255.5833,255.686225,255.718925,255.737525,255.797325,255.9054,255.95215,255.994575,256.010675,256.054225,256.132875,256.150875,256.17875,256.2247,256.258775,256.2968,256.33805,256.435,256.836675,257.120025,257.159675,257.202925,257.2288,257.320675,257.344575,257.36525,257.390625,257.42145,257.533425,257.555975,257.565775,257.616225,257.6588,257.712425,257.733675,257.7541,257.778975,257.799975,257.84565,257.894975,257.92685,257.950275,257.978625,258.0131,258.65485,258.7873,258.8359,259.00925,259.04305,259.077525,259.11315,259.206775,259.2953,259.3553,259.416125,259.4392,259.503225,259.51365,259.54565,259.6,259.627875,259.66935,259.740225,259.825675,259.8683,260.706825,260.970875,261.07125,261.115025,261.19485,261.23995,261.2745,261.31605,261.36675,261.4086,261.469875,261.5323,261.601925,261.662125,261.7497,261.827925,261.88645,262.011275,265.252875,265.359475,265.515125,265.629925,265.743,265.88365,265.9994,266.06905,266.178075,266.2694,266.371875,266.473675,266.609975,266.685925,266.765575,266.865625,266.9752,267.103275,267.21465,267.304075,267.391025,267.4966,267.610975,267.693225,267.81,267.91345,268.00135,268.15545,268.241725,268.36455,268.475875,268.59045,268.694225,268.792775,268.95225,269.05625,269.1617,269.29005,269.406525,269.560075,269.70235,269.79695,269.9252,270.058225,270.2141,270.35825,270.48,270.65555,270.760225,270.886025,271.04555,271.176675,271.3157,271.42105,271.53495,271.6588,271.802775,271.910375,272.054875,272.220125,272.32285,272.466425,272.559075,272.7209,272.8567,272.991725,273.152075,273.32445,273.4853,273.651175,273.735225,273.90035,274.053875,274.19625,274.346175,274.45875,274.5795,274.747875,274.890475,275.007525,275.178025,275.3048,275.431275,275.562325,275.715875,275.8218,275.963125,276.118,276.253025,276.375825,276.5121,276.63015,276.7709,276.9075,277.045775,277.154725,277.2976,277.415125,277.5347,277.6618,277.828,277.97305,278.11605,278.253275,0,0,0,0,0,0,0,0,0,0,0,0,0,0,0,0,0,0,0,0,0,0,0,0,0,0,0,0,0,0,0,0,0,0,0,0,0,0,0,0,0,0,0,0,0,0,0,0,0,0,0,0,0,0,0,0,0,0,0,0,0,0,0,0,0,0,0,0,0,0,0,0,0,0,0,0,0,0,0,0
"29",254.225325,254.3197,254.418825,254.563375,254.63585,254.6983,254.794375,254.922325,255.79215,255.797775,255.89045,255.9251,256.011275,256.037275,256.118625,256.264,256.346375,256.446,256.550375,257.58375,257.671775,257.824625,257.93065,258.07545,259.30425,259.777375,259.919375,261.260525,262.13885,262.284125,263.34035,263.718,263.878875,264.091975,264.29935,264.409175,264.69045,264.9593,265.198775,265.4067,265.590475,265.945275,267.04215,0,0,0,0,0,0,0,0,0,0,0,0,0,0,0,0,0,0,0,0,0,0,0,0,0,0,0,0,0,0,0,0,0,0,0,0,0,0,0,0,0,0,0,0,0,0,0,0,0,0,0,0,0,0,0,0,0,0,0,0,0,0,0,0,0,0,0,0,0,0,0,0,0,0,0,0,0,0,0,0,0,0,0,0,0,0,0,0,0,0,0,0,0,0,0,0,0,0,0,0,0,0,0,0,0,0,0,0,0,0,0,0,0,0,0,0,0,0,0,0,0,0,0,0,0,0,0,0,0,0,0,0,0,0,0,0,0,0,0,0,0,0,0,0,0,0,0,0,0,0,0,0,0,0,0,0,0,0,0,0,0,0,0,0,0,0,0,0,0,0,0,0,0,0,0,0,0,0,0,0,0,0,0,0,0,0,0,0,0,0,0,0,0,0,0,0,0,0,0,0,0,0,0,0,0,0,0,0,0,0,0,0,0,0,0,0,0,0,0,0,0,0,0,0,0,0,0,0,0,0,0,0,0,0,0,0,0,0,0,0,0,0,0,0,0,0,0,0,0,0,0,0,0,0,0,0,0,0,0,0,0,0,0,0,0,0,0,0,0,0,0,0,0,0,0,0,0,0,0,0,0,0,0,0,0,0,0,0,0,0,0,0,0,0,0,0,0,0,0,0,0,0,0,0,0,0,0,0,0,0,0,0,0,0,0,0,0,0,0,0,0,0,0
"30",250.09375,250.2415,250.24825,250.34585,250.34825,250.430175,250.4997,250.56165,250.6377,250.676175,250.69,251.34905,251.427875,251.498025,251.74835,251.787675,251.818925,251.856025,251.92025,251.937125,251.93935,252.001175,252.3155,252.691125,252.710375,253.021225,253.169075,253.283925,253.714725,254.7037,254.784575,254.78695,255.141375,255.862675,256.22835,256.29335,256.2945,256.354175,256.355425,256.418225,256.4564,256.5471,256.56415,256.608025,257.462225,257.7192,257.85705,257.899825,257.96035,258.063775,258.093,258.1204,258.183375,258.346275,258.582525,259.200475,259.20245,259.486075,259.52835,259.5947,259.622225,259.70955,259.738225,259.789625,259.825125,259.85245,259.866075,259.8961,259.9154,259.958125,259.9782,260.034475,260.10355,260.150925,261.1093,261.33985,261.4281,261.5232,261.57425,261.64085,261.701975,261.762875,261.821475,261.86515,261.93815,262.008225,262.067425,262.2145,262.302725,262.348625,262.479275,262.531525,262.67695,263.963575,0,0,0,0,0,0,0,0,0,0,0,0,0,0,0,0,0,0,0,0,0,0,0,0,0,0,0,0,0,0,0,0,0,0,0,0,0,0,0,0,0,0,0,0,0,0,0,0,0,0,0,0,0,0,0,0,0,0,0,0,0,0,0,0,0,0,0,0,0,0,0,0,0,0,0,0,0,0,0,0,0,0,0,0,0,0,0,0,0,0,0,0,0,0,0,0,0,0,0,0,0,0,0,0,0,0,0,0,0,0,0,0,0,0,0,0,0,0,0,0,0,0,0,0,0,0,0,0,0,0,0,0,0,0,0,0,0,0,0,0,0,0,0,0,0,0,0,0,0,0,0,0,0,0,0,0,0,0,0,0,0,0,0,0,0,0,0,0,0,0,0,0,0,0,0,0,0,0,0,0,0,0,0,0,0,0,0,0,0,0,0,0,0,0,0,0,0,0,0,0,0,0,0,0,0,0,0,0,0,0,0,0,0,0,0,0,0,0,0,0,0,0,0,0,0,0,0,0,0,0,0,0,0,0,0,0,0,0,0,0,0,0,0,0,0,0,0,0,0,0,0,0,0,0,0,0,0,0,0,0,0,0,0,0,0,0,0,0,0,0,0,0
"31",251.582275,252.224025,252.2769,252.3403,252.376375,252.405325,252.431625,252.46015,252.49445,252.5281,252.54345,252.61665,252.633675,252.7047,252.789275,252.8255,253.05955,253.1262,253.1749,253.24555,253.55675,253.703225,253.766975,253.818425,253.90015,253.919675,253.992125,254.0878,254.229875,254.273875,254.3493,254.408275,254.49405,255.0198,255.051425,255.1264,255.150925,255.269225,255.315775,255.75125,255.867975,256.0299,256.76295,256.7963,256.886375,256.966275,257.049025,257.287625,257.36205,257.60155,258.5963,258.641275,258.9477,259.262925,259.406575,260.4033,260.62375,260.708725,260.847475,260.90645,260.997175,261.318525,0,0,0,0,0,0,0,0,0,0,0,0,0,0,0,0,0,0,0,0,0,0,0,0,0,0,0,0,0,0,0,0,0,0,0,0,0,0,0,0,0,0,0,0,0,0,0,0,0,0,0,0,0,0,0,0,0,0,0,0,0,0,0,0,0,0,0,0,0,0,0,0,0,0,0,0,0,0,0,0,0,0,0,0,0,0,0,0,0,0,0,0,0,0,0,0,0,0,0,0,0,0,0,0,0,0,0,0,0,0,0,0,0,0,0,0,0,0,0,0,0,0,0,0,0,0,0,0,0,0,0,0,0,0,0,0,0,0,0,0,0,0,0,0,0,0,0,0,0,0,0,0,0,0,0,0,0,0,0,0,0,0,0,0,0,0,0,0,0,0,0,0,0,0,0,0,0,0,0,0,0,0,0,0,0,0,0,0,0,0,0,0,0,0,0,0,0,0,0,0,0,0,0,0,0,0,0,0,0,0,0,0,0,0,0,0,0,0,0,0,0,0,0,0,0,0,0,0,0,0,0,0,0,0,0,0,0,0,0,0,0,0,0,0,0,0,0,0,0,0,0,0,0,0,0,0,0,0,0,0,0,0,0,0,0,0,0,0,0,0,0,0,0,0,0,0,0,0,0,0,0,0,0,0,0,0,0,0,0,0,0,0,0,0,0,0,0,0,0,0,0,0,0,0
"32",250.002475,250.0624,250.12605,250.184475,250.218,250.30715,250.3542,250.420625,250.577075,250.626575,250.769125,250.97485,251.039425,251.272725,251.30255,251.359375,251.43745,251.463775,251.48125,251.5026,251.5816,251.610225,251.62705,251.66575,251.684525,251.779475,251.819625,251.8297,251.893,251.900775,251.911475,251.941625,252.0386,252.0616,252.088825,252.444825,252.487525,252.58305,252.64135,252.698,252.77945,252.827825,252.943975,252.979375,253.009425,253.056425,253.173925,253.28805,253.62425,253.6271,254.034225,254.17215,254.670975,256.0655,256.36265,256.4378,256.4488,256.50995,256.55095,256.723875,257.211025,258.033725,258.171325,258.76935,259.6554,259.664225,259.8239,259.8406,259.9638,260.045075,260.087575,260.10895,261.458025,261.551725,261.66265,262.2504,0,0,0,0,0,0,0,0,0,0,0,0,0,0,0,0,0,0,0,0,0,0,0,0,0,0,0,0,0,0,0,0,0,0,0,0,0,0,0,0,0,0,0,0,0,0,0,0,0,0,0,0,0,0,0,0,0,0,0,0,0,0,0,0,0,0,0,0,0,0,0,0,0,0,0,0,0,0,0,0,0,0,0,0,0,0,0,0,0,0,0,0,0,0,0,0,0,0,0,0,0,0,0,0,0,0,0,0,0,0,0,0,0,0,0,0,0,0,0,0,0,0,0,0,0,0,0,0,0,0,0,0,0,0,0,0,0,0,0,0,0,0,0,0,0,0,0,0,0,0,0,0,0,0,0,0,0,0,0,0,0,0,0,0,0,0,0,0,0,0,0,0,0,0,0,0,0,0,0,0,0,0,0,0,0,0,0,0,0,0,0,0,0,0,0,0,0,0,0,0,0,0,0,0,0,0,0,0,0,0,0,0,0,0,0,0,0,0,0,0,0,0,0,0,0,0,0,0,0,0,0,0,0,0,0,0,0,0,0,0,0,0,0,0,0,0,0,0,0,0,0,0,0,0,0,0,0,0,0,0,0,0,0,0,0,0,0,0,0,0,0,0,0,0,0,0,0,0,0,0,0,0,0,0,0,0,0,0,0,0
"33",250.3272,252.465775,252.7409,253.290875,253.406675,254.496575,255.73405,257.228275,257.4715,257.755925,258.03655,258.11035,258.304775,258.951575,259.100125,259.411775,259.65475,259.83625,0,0,0,0,0,0,0,0,0,0,0,0,0,0,0,0,0,0,0,0,0,0,0,0,0,0,0,0,0,0,0,0,0,0,0,0,0,0,0,0,0,0,0,0,0,0,0,0,0,0,0,0,0,0,0,0,0,0,0,0,0,0,0,0,0,0,0,0,0,0,0,0,0,0,0,0,0,0,0,0,0,0,0,0,0,0,0,0,0,0,0,0,0,0,0,0,0,0,0,0,0,0,0,0,0,0,0,0,0,0,0,0,0,0,0,0,0,0,0,0,0,0,0,0,0,0,0,0,0,0,0,0,0,0,0,0,0,0,0,0,0,0,0,0,0,0,0,0,0,0,0,0,0,0,0,0,0,0,0,0,0,0,0,0,0,0,0,0,0,0,0,0,0,0,0,0,0,0,0,0,0,0,0,0,0,0,0,0,0,0,0,0,0,0,0,0,0,0,0,0,0,0,0,0,0,0,0,0,0,0,0,0,0,0,0,0,0,0,0,0,0,0,0,0,0,0,0,0,0,0,0,0,0,0,0,0,0,0,0,0,0,0,0,0,0,0,0,0,0,0,0,0,0,0,0,0,0,0,0,0,0,0,0,0,0,0,0,0,0,0,0,0,0,0,0,0,0,0,0,0,0,0,0,0,0,0,0,0,0,0,0,0,0,0,0,0,0,0,0,0,0,0,0,0,0,0,0,0,0,0,0,0,0,0,0,0,0,0,0,0,0,0,0,0,0,0,0,0,0,0,0,0,0,0,0,0,0,0,0,0,0,0,0,0,0,0,0,0
"34",252.5673,254.3629,254.42445,254.56985,254.6013,254.6027,254.695025,255.581775,255.654275,255.8836,256.176225,256.232975,256.2861,256.53305,257.4122,257.5545,257.562925,259.2096,259.5363,0,0,0,0,0,0,0,0,0,0,0,0,0,0,0,0,0,0,0,0,0,0,0,0,0,0,0,0,0,0,0,0,0,0,0,0,0,0,0,0,0,0,0,0,0,0,0,0,0,0,0,0,0,0,0,0,0,0,0,0,0,0,0,0,0,0,0,0,0,0,0,0,0,0,0,0,0,0,0,0,0,0,0,0,0,0,0,0,0,0,0,0,0,0,0,0,0,0,0,0,0,0,0,0,0,0,0,0,0,0,0,0,0,0,0,0,0,0,0,0,0,0,0,0,0,0,0,0,0,0,0,0,0,0,0,0,0,0,0,0,0,0,0,0,0,0,0,0,0,0,0,0,0,0,0,0,0,0,0,0,0,0,0,0,0,0,0,0,0,0,0,0,0,0,0,0,0,0,0,0,0,0,0,0,0,0,0,0,0,0,0,0,0,0,0,0,0,0,0,0,0,0,0,0,0,0,0,0,0,0,0,0,0,0,0,0,0,0,0,0,0,0,0,0,0,0,0,0,0,0,0,0,0,0,0,0,0,0,0,0,0,0,0,0,0,0,0,0,0,0,0,0,0,0,0,0,0,0,0,0,0,0,0,0,0,0,0,0,0,0,0,0,0,0,0,0,0,0,0,0,0,0,0,0,0,0,0,0,0,0,0,0,0,0,0,0,0,0,0,0,0,0,0,0,0,0,0,0,0,0,0,0,0,0,0,0,0,0,0,0,0,0,0,0,0,0,0,0,0,0,0,0,0,0,0,0,0,0,0,0,0,0,0,0,0,0,0
"35",249.967425,250.103225,250.301825,250.41065,250.4819,250.547,250.853375,250.96805,251.183375,251.6542,251.7444,251.808575,252.011,252.093975,252.15045,253.1536,253.211875,253.327025,253.41235,254.43315,254.82285,254.89775,255.9239,256.10235,256.23975,256.35285,256.43035,256.621125,257.9687,258.302275,258.37595,259.761975,260.002375,260.085725,260.17245,262.536475,263.262075,0,0,0,0,0,0,0,0,0,0,0,0,0,0,0,0,0,0,0,0,0,0,0,0,0,0,0,0,0,0,0,0,0,0,0,0,0,0,0,0,0,0,0,0,0,0,0,0,0,0,0,0,0,0,0,0,0,0,0,0,0,0,0,0,0,0,0,0,0,0,0,0,0,0,0,0,0,0,0,0,0,0,0,0,0,0,0,0,0,0,0,0,0,0,0,0,0,0,0,0,0,0,0,0,0,0,0,0,0,0,0,0,0,0,0,0,0,0,0,0,0,0,0,0,0,0,0,0,0,0,0,0,0,0,0,0,0,0,0,0,0,0,0,0,0,0,0,0,0,0,0,0,0,0,0,0,0,0,0,0,0,0,0,0,0,0,0,0,0,0,0,0,0,0,0,0,0,0,0,0,0,0,0,0,0,0,0,0,0,0,0,0,0,0,0,0,0,0,0,0,0,0,0,0,0,0,0,0,0,0,0,0,0,0,0,0,0,0,0,0,0,0,0,0,0,0,0,0,0,0,0,0,0,0,0,0,0,0,0,0,0,0,0,0,0,0,0,0,0,0,0,0,0,0,0,0,0,0,0,0,0,0,0,0,0,0,0,0,0,0,0,0,0,0,0,0,0,0,0,0,0,0,0,0,0,0,0,0,0,0,0,0,0,0,0,0,0,0,0,0,0,0,0,0,0,0,0,0,0,0,0,0,0,0,0,0,0,0,0,0,0,0,0,0,0,0,0,0,0
"36",251.4004,251.9052,251.936,252.367,252.452225,252.5459,252.59035,252.714725,252.883575,252.89855,253.127425,253.608825,253.645325,253.8387,253.840625,253.98535,254.0147,254.99255,255.11785,256.309825,256.7347,256.807125,256.834275,257.851275,257.94345,257.9807,258.578025,258.68045,258.823225,258.8793,259.6821,259.726375,259.742375,259.8714,261.70665,0,0,0,0,0,0,0,0,0,0,0,0,0,0,0,0,0,0,0,0,0,0,0,0,0,0,0,0,0,0,0,0,0,0,0,0,0,0,0,0,0,0,0,0,0,0,0,0,0,0,0,0,0,0,0,0,0,0,0,0,0,0,0,0,0,0,0,0,0,0,0,0,0,0,0,0,0,0,0,0,0,0,0,0,0,0,0,0,0,0,0,0,0,0,0,0,0,0,0,0,0,0,0,0,0,0,0,0,0,0,0,0,0,0,0,0,0,0,0,0,0,0,0,0,0,0,0,0,0,0,0,0,0,0,0,0,0,0,0,0,0,0,0,0,0,0,0,0,0,0,0,0,0,0,0,0,0,0,0,0,0,0,0,0,0,0,0,0,0,0,0,0,0,0,0,0,0,0,0,0,0,0,0,0,0,0,0,0,0,0,0,0,0,0,0,0,0,0,0,0,0,0,0,0,0,0,0,0,0,0,0,0,0,0,0,0,0,0,0,0,0,0,0,0,0,0,0,0,0,0,0,0,0,0,0,0,0,0,0,0,0,0,0,0,0,0,0,0,0,0,0,0,0,0,0,0,0,0,0,0,0,0,0,0,0,0,0,0,0,0,0,0,0,0,0,0,0,0,0,0,0,0,0,0,0,0,0,0,0,0,0,0,0,0,0,0,0,0,0,0,0,0,0,0,0,0,0,0,0,0,0,0,0,0,0,0,0,0,0,0,0,0,0,0,0,0,0,0,0,0,0
"37",251.6524,251.725275,251.7765,251.99345,252.79675,252.85865,252.95385,253.0653,253.159075,253.271075,254.71075,254.9321,256.460525,256.5651,258.100125,258.2386,259.999925,260.09605,0,0,0,0,0,0,0,0,0,0,0,0,0,0,0,0,0,0,0,0,0,0,0,0,0,0,0,0,0,0,0,0,0,0,0,0,0,0,0,0,0,0,0,0,0,0,0,0,0,0,0,0,0,0,0,0,0,0,0,0,0,0,0,0,0,0,0,0,0,0,0,0,0,0,0,0,0,0,0,0,0,0,0,0,0,0,0,0,0,0,0,0,0,0,0,0,0,0,0,0,0,0,0,0,0,0,0,0,0,0,0,0,0,0,0,0,0,0,0,0,0,0,0,0,0,0,0,0,0,0,0,0,0,0,0,0,0,0,0,0,0,0,0,0,0,0,0,0,0,0,0,0,0,0,0,0,0,0,0,0,0,0,0,0,0,0,0,0,0,0,0,0,0,0,0,0,0,0,0,0,0,0,0,0,0,0,0,0,0,0,0,0,0,0,0,0,0,0,0,0,0,0,0,0,0,0,0,0,0,0,0,0,0,0,0,0,0,0,0,0,0,0,0,0,0,0,0,0,0,0,0,0,0,0,0,0,0,0,0,0,0,0,0,0,0,0,0,0,0,0,0,0,0,0,0,0,0,0,0,0,0,0,0,0,0,0,0,0,0,0,0,0,0,0,0,0,0,0,0,0,0,0,0,0,0,0,0,0,0,0,0,0,0,0,0,0,0,0,0,0,0,0,0,0,0,0,0,0,0,0,0,0,0,0,0,0,0,0,0,0,0,0,0,0,0,0,0,0,0,0,0,0,0,0,0,0,0,0,0,0,0,0,0,0,0,0,0,0
"38",250.35775,251.0399,251.2873,251.381,251.560925,251.5773,251.673825,252.244825,252.407425,252.4334,252.47525,252.5171,252.594975,252.61355,252.7438,252.8103,252.89995,252.919425,252.95995,253.533925,253.8027,253.924625,254.03915,254.055375,254.224575,254.2421,254.25015,254.283425,254.303575,254.443425,255.171425,255.379375,255.43345,255.5135,256.8354,256.988375,257.171775,257.183725,257.2053,257.26875,257.278725,257.4403,257.610725,258.725325,258.749375,258.7795,258.846575,258.906725,258.927575,258.9376,258.972425,258.988,259.0118,259.1755,260.90475,260.96725,0,0,0,0,0,0,0,0,0,0,0,0,0,0,0,0,0,0,0,0,0,0,0,0,0,0,0,0,0,0,0,0,0,0,0,0,0,0,0,0,0,0,0,0,0,0,0,0,0,0,0,0,0,0,0,0,0,0,0,0,0,0,0,0,0,0,0,0,0,0,0,0,0,0,0,0,0,0,0,0,0,0,0,0,0,0,0,0,0,0,0,0,0,0,0,0,0,0,0,0,0,0,0,0,0,0,0,0,0,0,0,0,0,0,0,0,0,0,0,0,0,0,0,0,0,0,0,0,0,0,0,0,0,0,0,0,0,0,0,0,0,0,0,0,0,0,0,0,0,0,0,0,0,0,0,0,0,0,0,0,0,0,0,0,0,0,0,0,0,0,0,0,0,0,0,0,0,0,0,0,0,0,0,0,0,0,0,0,0,0,0,0,0,0,0,0,0,0,0,0,0,0,0,0,0,0,0,0,0,0,0,0,0,0,0,0,0,0,0,0,0,0,0,0,0,0,0,0,0,0,0,0,0,0,0,0,0,0,0,0,0,0,0,0,0,0,0,0,0,0,0,0,0,0,0,0,0,0,0,0,0,0,0,0,0,0,0,0,0,0,0,0,0,0,0,0,0,0,0,0,0,0,0,0,0,0,0,0,0,0,0,0,0,0,0,0,0,0,0,0,0,0,0,0,0,0,0,0,0,0
"39",250.6072,250.656775,250.715225,251.6143,251.869325,251.89435,251.91705,251.977375,252.027125,252.05985,252.083325,252.88045,252.923275,253.0265,253.112275,253.22655,253.308525,253.334525,253.364625,253.395125,254.274975,254.3434,254.600875,254.74865,254.820675,256.382075,256.4928,256.524925,256.597275,258.161025,258.1958,258.300025,0,0,0,0,0,0,0,0,0,0,0,0,0,0,0,0,0,0,0,0,0,0,0,0,0,0,0,0,0,0,0,0,0,0,0,0,0,0,0,0,0,0,0,0,0,0,0,0,0,0,0,0,0,0,0,0,0,0,0,0,0,0,0,0,0,0,0,0,0,0,0,0,0,0,0,0,0,0,0,0,0,0,0,0,0,0,0,0,0,0,0,0,0,0,0,0,0,0,0,0,0,0,0,0,0,0,0,0,0,0,0,0,0,0,0,0,0,0,0,0,0,0,0,0,0,0,0,0,0,0,0,0,0,0,0,0,0,0,0,0,0,0,0,0,0,0,0,0,0,0,0,0,0,0,0,0,0,0,0,0,0,0,0,0,0,0,0,0,0,0,0,0,0,0,0,0,0,0,0,0,0,0,0,0,0,0,0,0,0,0,0,0,0,0,0,0,0,0,0,0,0,0,0,0,0,0,0,0,0,0,0,0,0,0,0,0,0,0,0,0,0,0,0,0,0,0,0,0,0,0,0,0,0,0,0,0,0,0,0,0,0,0,0,0,0,0,0,0,0,0,0,0,0,0,0,0,0,0,0,0,0,0,0,0,0,0,0,0,0,0,0,0,0,0,0,0,0,0,0,0,0,0,0,0,0,0,0,0,0,0,0,0,0,0,0,0,0,0,0,0,0,0,0,0,0,0,0,0,0,0,0,0,0,0,0,0,0,0,0,0,0,0,0,0,0,0,0,0,0,0,0,0,0,0
"40",250.064975,250.1099,250.1446,250.2215,250.3037,250.3793,250.4041,250.487975,250.5132,250.56345,250.5738,250.5874,250.592425,250.609725,250.650525,250.668,250.6883,250.70455,250.728375,250.771675,250.817975,251.13115,251.596175,251.600425,251.762375,251.7692,251.8454,251.86685,251.8773,251.92185,251.975325,252.006075,252.01255,252.04515,252.400475,252.40415,252.480375,252.96735,253.139325,253.185925,253.2873,253.37435,253.377125,253.42295,253.4495,253.49755,253.54845,253.665025,253.95915,254.464975,254.5973,254.673275,254.79635,254.80055,254.85345,254.9834,256.044025,256.0993,256.168875,256.282375,256.320675,256.368575,256.415975,256.472075,256.5033,256.523375,256.53725,256.55195,257.369525,257.7926,257.9353,257.961975,258.0383,258.053225,258.17005,258.2149,258.330125,258.456475,259.1648,259.630225,259.641725,259.689225,259.735175,259.7452,259.801525,259.833775,259.880825,259.95215,259.983825,260.065325,260.1552,260.287575,261.500075,261.5825,261.713425,261.81975,261.884225,262.00415,262.036675,262.0907,262.122725,262.190075,262.320575,262.496225,268.718125,0,0,0,0,0,0,0,0,0,0,0,0,0,0,0,0,0,0,0,0,0,0,0,0,0,0,0,0,0,0,0,0,0,0,0,0,0,0,0,0,0,0,0,0,0,0,0,0,0,0,0,0,0,0,0,0,0,0,0,0,0,0,0,0,0,0,0,0,0,0,0,0,0,0,0,0,0,0,0,0,0,0,0,0,0,0,0,0,0,0,0,0,0,0,0,0,0,0,0,0,0,0,0,0,0,0,0,0,0,0,0,0,0,0,0,0,0,0,0,0,0,0,0,0,0,0,0,0,0,0,0,0,0,0,0,0,0,0,0,0,0,0,0,0,0,0,0,0,0,0,0,0,0,0,0,0,0,0,0,0,0,0,0,0,0,0,0,0,0,0,0,0,0,0,0,0,0,0,0,0,0,0,0,0,0,0,0,0,0,0,0,0,0,0,0,0,0,0,0,0,0,0,0,0,0,0,0,0,0,0,0,0,0,0,0,0,0,0,0,0,0,0,0,0,0,0,0,0,0,0,0,0,0,0,0,0,0,0,0,0,0,0,0,0,0,0,0,0,0,0,0,0,0,0,0,0,0,0,0,0,0
"41",249.704475,250.06945,250.077025,250.1254,250.22035,250.32895,250.38605,250.426325,250.4904,250.5269,250.54335,250.5727,250.64235,250.68475,250.776675,250.79435,250.957275,251.0263,251.06055,251.1186,251.200975,251.2339,251.2514,251.386275,251.420375,251.492575,251.5472,251.68995,251.8521,251.8655,251.924075,251.9743,251.9789,251.98855,252.410425,252.501725,252.516025,252.56955,252.63075,252.652425,252.692975,252.728,252.76755,252.83805,252.8681,252.957825,253.002975,253.77465,253.860875,254.0274,254.0975,254.144625,254.2095,254.299675,254.32455,254.3659,255.2418,255.40415,255.6269,255.84655,255.8937,256.01265,256.0676,256.1375,256.171525,256.24095,257.110825,257.21545,257.30505,257.310975,257.358825,257.3958,257.47925,257.51005,257.6831,257.73145,258.04175,258.10475,258.3238,258.90815,258.94535,259.0302,259.27465,259.45955,259.599625,259.75305,259.8463,259.89305,260.0832,260.084925,0,0,0,0,0,0,0,0,0,0,0,0,0,0,0,0,0,0,0,0,0,0,0,0,0,0,0,0,0,0,0,0,0,0,0,0,0,0,0,0,0,0,0,0,0,0,0,0,0,0,0,0,0,0,0,0,0,0,0,0,0,0,0,0,0,0,0,0,0,0,0,0,0,0,0,0,0,0,0,0,0,0,0,0,0,0,0,0,0,0,0,0,0,0,0,0,0,0,0,0,0,0,0,0,0,0,0,0,0,0,0,0,0,0,0,0,0,0,0,0,0,0,0,0,0,0,0,0,0,0,0,0,0,0,0,0,0,0,0,0,0,0,0,0,0,0,0,0,0,0,0,0,0,0,0,0,0,0,0,0,0,0,0,0,0,0,0,0,0,0,0,0,0,0,0,0,0,0,0,0,0,0,0,0,0,0,0,0,0,0,0,0,0,0,0,0,0,0,0,0,0,0,0,0,0,0,0,0,0,0,0,0,0,0,0,0,0,0,0,0,0,0,0,0,0,0,0,0,0,0,0,0,0,0,0,0,0,0,0,0,0,0,0,0,0,0,0,0,0,0,0,0,0,0,0,0,0,0,0,0,0,0,0,0,0,0,0,0,0,0,0,0,0,0,0,0
"42",0,0,0,0,0,0,0,0,0,0,0,0,0,0,0,0,0,0,0,0,0,0,0,0,0,0,0,0,0,0,0,0,0,0,0,0,0,0,0,0,0,0,0,0,0,0,0,0,0,0,0,0,0,0,0,0,0,0,0,0,0,0,0,0,0,0,0,0,0,0,0,0,0,0,0,0,0,0,0,0,0,0,0,0,0,0,0,0,0,0,0,0,0,0,0,0,0,0,0,0,0,0,0,0,0,0,0,0,0,0,0,0,0,0,0,0,0,0,0,0,0,0,0,0,0,0,0,0,0,0,0,0,0,0,0,0,0,0,0,0,0,0,0,0,0,0,0,0,0,0,0,0,0,0,0,0,0,0,0,0,0,0,0,0,0,0,0,0,0,0,0,0,0,0,0,0,0,0,0,0,0,0,0,0,0,0,0,0,0,0,0,0,0,0,0,0,0,0,0,0,0,0,0,0,0,0,0,0,0,0,0,0,0,0,0,0,0,0,0,0,0,0,0,0,0,0,0,0,0,0,0,0,0,0,0,0,0,0,0,0,0,0,0,0,0,0,0,0,0,0,0,0,0,0,0,0,0,0,0,0,0,0,0,0,0,0,0,0,0,0,0,0,0,0,0,0,0,0,0,0,0,0,0,0,0,0,0,0,0,0,0,0,0,0,0,0,0,0,0,0,0,0,0,0,0,0,0,0,0,0,0,0,0,0,0,0,0,0,0,0,0,0,0,0,0,0,0,0,0,0,0,0,0,0,0,0,0,0,0,0,0,0,0,0,0,0,0,0,0,0,0,0,0,0,0,0,0,0,0,0,0,0,0,0,0,0
"43",254.49505,255.6788,0,0,0,0,0,0,0,0,0,0,0,0,0,0,0,0,0,0,0,0,0,0,0,0,0,0,0,0,0,0,0,0,0,0,0,0,0,0,0,0,0,0,0,0,0,0,0,0,0,0,0,0,0,0,0,0,0,0,0,0,0,0,0,0,0,0,0,0,0,0,0,0,0,0,0,0,0,0,0,0,0,0,0,0,0,0,0,0,0,0,0,0,0,0,0,0,0,0,0,0,0,0,0,0,0,0,0,0,0,0,0,0,0,0,0,0,0,0,0,0,0,0,0,0,0,0,0,0,0,0,0,0,0,0,0,0,0,0,0,0,0,0,0,0,0,0,0,0,0,0,0,0,0,0,0,0,0,0,0,0,0,0,0,0,0,0,0,0,0,0,0,0,0,0,0,0,0,0,0,0,0,0,0,0,0,0,0,0,0,0,0,0,0,0,0,0,0,0,0,0,0,0,0,0,0,0,0,0,0,0,0,0,0,0,0,0,0,0,0,0,0,0,0,0,0,0,0,0,0,0,0,0,0,0,0,0,0,0,0,0,0,0,0,0,0,0,0,0,0,0,0,0,0,0,0,0,0,0,0,0,0,0,0,0,0,0,0,0,0,0,0,0,0,0,0,0,0,0,0,0,0,0,0,0,0,0,0,0,0,0,0,0,0,0,0,0,0,0,0,0,0,0,0,0,0,0,0,0,0,0,0,0,0,0,0,0,0,0,0,0,0,0,0,0,0,0,0,0,0,0,0,0,0,0,0,0,0,0,0,0,0,0,0,0,0,0,0,0,0,0,0,0,0,0,0,0,0,0,0,0,0,0,0,0
"44",0,0,0,0,0,0,0,0,0,0,0,0,0,0,0,0,0,0,0,0,0,0,0,0,0,0,0,0,0,0,0,0,0,0,0,0,0,0,0,0,0,0,0,0,0,0,0,0,0,0,0,0,0,0,0,0,0,0,0,0,0,0,0,0,0,0,0,0,0,0,0,0,0,0,0,0,0,0,0,0,0,0,0,0,0,0,0,0,0,0,0,0,0,0,0,0,0,0,0,0,0,0,0,0,0,0,0,0,0,0,0,0,0,0,0,0,0,0,0,0,0,0,0,0,0,0,0,0,0,0,0,0,0,0,0,0,0,0,0,0,0,0,0,0,0,0,0,0,0,0,0,0,0,0,0,0,0,0,0,0,0,0,0,0,0,0,0,0,0,0,0,0,0,0,0,0,0,0,0,0,0,0,0,0,0,0,0,0,0,0,0,0,0,0,0,0,0,0,0,0,0,0,0,0,0,0,0,0,0,0,0,0,0,0,0,0,0,0,0,0,0,0,0,0,0,0,0,0,0,0,0,0,0,0,0,0,0,0,0,0,0,0,0,0,0,0,0,0,0,0,0,0,0,0,0,0,0,0,0,0,0,0,0,0,0,0,0,0,0,0,0,0,0,0,0,0,0,0,0,0,0,0,0,0,0,0,0,0,0,0,0,0,0,0,0,0,0,0,0,0,0,0,0,0,0,0,0,0,0,0,0,0,0,0,0,0,0,0,0,0,0,0,0,0,0,0,0,0,0,0,0,0,0,0,0,0,0,0,0,0,0,0,0,0,0,0,0,0,0,0,0,0,0,0,0,0,0,0,0,0,0,0,0,0,0,0
"45",250.441475,250.591275,250.661875,251.338475,251.5787,251.6475,251.75005,251.82455,251.87105,251.909725,251.989375,252.030675,252.06385,252.8723,252.895575,252.934725,253.016225,253.111475,253.200125,253.248075,253.30815,253.365475,254.681375,254.7249,256.344675,256.414375,256.46565,256.531825,256.56255,258.108025,258.1746,258.2484,258.33765,259.929925,260.026875,260.110075,260.950825,0,0,0,0,0,0,0,0,0,0,0,0,0,0,0,0,0,0,0,0,0,0,0,0,0,0,0,0,0,0,0,0,0,0,0,0,0,0,0,0,0,0,0,0,0,0,0,0,0,0,0,0,0,0,0,0,0,0,0,0,0,0,0,0,0,0,0,0,0,0,0,0,0,0,0,0,0,0,0,0,0,0,0,0,0,0,0,0,0,0,0,0,0,0,0,0,0,0,0,0,0,0,0,0,0,0,0,0,0,0,0,0,0,0,0,0,0,0,0,0,0,0,0,0,0,0,0,0,0,0,0,0,0,0,0,0,0,0,0,0,0,0,0,0,0,0,0,0,0,0,0,0,0,0,0,0,0,0,0,0,0,0,0,0,0,0,0,0,0,0,0,0,0,0,0,0,0,0,0,0,0,0,0,0,0,0,0,0,0,0,0,0,0,0,0,0,0,0,0,0,0,0,0,0,0,0,0,0,0,0,0,0,0,0,0,0,0,0,0,0,0,0,0,0,0,0,0,0,0,0,0,0,0,0,0,0,0,0,0,0,0,0,0,0,0,0,0,0,0,0,0,0,0,0,0,0,0,0,0,0,0,0,0,0,0,0,0,0,0,0,0,0,0,0,0,0,0,0,0,0,0,0,0,0,0,0,0,0,0,0,0,0,0,0,0,0,0,0,0,0,0,0,0,0,0,0,0,0,0,0,0,0,0,0,0,0,0,0,0,0,0,0,0,0,0,0,0,0,0
"46",250.152325,250.3616,250.510475,250.579625,252.252425,252.688125,252.80225,252.877475,253.00805,253.09365,253.1573,253.195475,253.8442,254.179625,254.268425,254.30045,254.334275,254.371725,254.397625,254.4482,254.4741,254.500875,254.650225,255.308725,255.391425,255.44755,255.5085,255.567025,255.597,255.641425,255.688475,255.7203,255.74935,255.785925,255.8239,255.857425,255.920675,256.01735,256.045025,256.0681,256.100575,256.12175,256.158025,256.197375,256.25085,256.310975,256.36565,257.2919,257.322175,257.358325,257.37535,257.4035,257.430125,257.45695,257.522875,257.54305,257.57135,257.60295,257.637625,257.668275,257.690175,257.7152,257.739025,257.77465,257.81255,257.86265,257.9055,257.98505,258.60165,258.84065,259.030875,259.06405,259.098675,259.13595,259.1586,259.18535,259.211525,259.242525,259.27835,259.3073,259.34215,259.394525,259.427325,259.465725,259.510075,259.55915,259.6324,259.7062,259.829125,260.650675,260.804375,260.960625,261.076725,261.231025,261.445125,0,0,0,0,0,0,0,0,0,0,0,0,0,0,0,0,0,0,0,0,0,0,0,0,0,0,0,0,0,0,0,0,0,0,0,0,0,0,0,0,0,0,0,0,0,0,0,0,0,0,0,0,0,0,0,0,0,0,0,0,0,0,0,0,0,0,0,0,0,0,0,0,0,0,0,0,0,0,0,0,0,0,0,0,0,0,0,0,0,0,0,0,0,0,0,0,0,0,0,0,0,0,0,0,0,0,0,0,0,0,0,0,0,0,0,0,0,0,0,0,0,0,0,0,0,0,0,0,0,0,0,0,0,0,0,0,0,0,0,0,0,0,0,0,0,0,0,0,0,0,0,0,0,0,0,0,0,0,0,0,0,0,0,0,0,0,0,0,0,0,0,0,0,0,0,0,0,0,0,0,0,0,0,0,0,0,0,0,0,0,0,0,0,0,0,0,0,0,0,0,0,0,0,0,0,0,0,0,0,0,0,0,0,0,0,0,0,0,0,0,0,0,0,0,0,0,0,0,0,0,0,0,0,0,0,0,0,0,0,0,0,0,0,0,0,0,0,0,0,0,0,0,0,0,0,0,0,0,0,0,0,0,0,0,0,0,0,0,0,0,0
"47",249.679,250.072925,250.549425,251.2536,251.340075,251.446325,251.554925,251.59715,251.6405,251.695475,251.836975,252.3479,252.38375,252.47665,252.511225,252.5474,252.572,252.622525,252.63805,252.664525,252.707275,252.7663,252.814625,253.663175,253.745575,253.79505,253.855,253.87765,253.8961,253.943125,253.987,254.0083,254.045875,254.074225,254.080325,254.16225,254.22265,254.388175,254.5049,254.599375,255.01575,255.574125,255.912925,256.194525,256.32735,256.518325,256.88015,256.92835,257.010575,257.119075,257.2262,257.3137,257.404125,257.515725,257.786925,258.0912,258.590125,258.68265,258.774425,258.8908,259.025775,264.99095,0,0,0,0,0,0,0,0,0,0,0,0,0,0,0,0,0,0,0,0,0,0,0,0,0,0,0,0,0,0,0,0,0,0,0,0,0,0,0,0,0,0,0,0,0,0,0,0,0,0,0,0,0,0,0,0,0,0,0,0,0,0,0,0,0,0,0,0,0,0,0,0,0,0,0,0,0,0,0,0,0,0,0,0,0,0,0,0,0,0,0,0,0,0,0,0,0,0,0,0,0,0,0,0,0,0,0,0,0,0,0,0,0,0,0,0,0,0,0,0,0,0,0,0,0,0,0,0,0,0,0,0,0,0,0,0,0,0,0,0,0,0,0,0,0,0,0,0,0,0,0,0,0,0,0,0,0,0,0,0,0,0,0,0,0,0,0,0,0,0,0,0,0,0,0,0,0,0,0,0,0,0,0,0,0,0,0,0,0,0,0,0,0,0,0,0,0,0,0,0,0,0,0,0,0,0,0,0,0,0,0,0,0,0,0,0,0,0,0,0,0,0,0,0,0,0,0,0,0,0,0,0,0,0,0,0,0,0,0,0,0,0,0,0,0,0,0,0,0,0,0,0,0,0,0,0,0,0,0,0,0,0,0,0,0,0,0,0,0,0,0,0,0,0,0,0,0,0,0,0,0,0,0,0,0,0,0,0,0,0,0,0,0,0,0,0,0,0,0,0,0,0,0,0
"48",249.63245,249.7006,249.762925,249.8327,249.898875,249.959975,250.053225,250.07135,250.096575,250.1401,250.17705,250.216175,250.245175,250.272375,250.339675,250.3743,250.400425,250.435525,250.45505,250.491175,250.5168,250.53875,250.55685,250.578875,250.620725,250.64735,250.7299,250.7647,250.847775,250.885625,251.125725,251.211725,251.248575,251.325375,251.41925,251.7185,251.7554,251.78905,251.903325,251.9331,251.98105,252.0034,252.16785,252.36475,252.607225,252.7133,252.848325,253.19725,253.25365,253.27995,253.3402,253.386375,253.459425,253.9691,254.131375,254.571125,254.629125,254.69665,254.75135,254.85525,255.0207,255.444825,256.22225,256.26615,256.364025,256.396125,256.43935,256.464575,256.51615,256.58915,257.855475,257.93625,257.967475,258.007625,258.09475,258.134575,258.187625,258.2358,258.27925,258.329,258.3828,258.42965,258.611325,258.9361,259.7009,259.7809,259.864625,259.922275,259.970225,260.007825,260.0632,260.22685,261.790175,261.995525,262.13515,262.24025,262.388375,262.4924,262.612925,0,0,0,0,0,0,0,0,0,0,0,0,0,0,0,0,0,0,0,0,0,0,0,0,0,0,0,0,0,0,0,0,0,0,0,0,0,0,0,0,0,0,0,0,0,0,0,0,0,0,0,0,0,0,0,0,0,0,0,0,0,0,0,0,0,0,0,0,0,0,0,0,0,0,0,0,0,0,0,0,0,0,0,0,0,0,0,0,0,0,0,0,0,0,0,0,0,0,0,0,0,0,0,0,0,0,0,0,0,0,0,0,0,0,0,0,0,0,0,0,0,0,0,0,0,0,0,0,0,0,0,0,0,0,0,0,0,0,0,0,0,0,0,0,0,0,0,0,0,0,0,0,0,0,0,0,0,0,0,0,0,0,0,0,0,0,0,0,0,0,0,0,0,0,0,0,0,0,0,0,0,0,0,0,0,0,0,0,0,0,0,0,0,0,0,0,0,0,0,0,0,0,0,0,0,0,0,0,0,0,0,0,0,0,0,0,0,0,0,0,0,0,0,0,0,0,0,0,0,0,0,0,0,0,0,0,0,0,0,0,0,0,0,0,0,0,0,0,0,0,0,0,0,0,0,0,0,0,0,0,0,0,0,0,0,0,0
"49",251.0797,251.135575,251.217,251.246725,251.334075,251.3509,251.4229,251.460975,251.512325,251.525675,251.548925,251.58835,251.607825,251.624175,251.6487,251.721925,251.82645,252.21045,252.272175,252.2947,252.322375,252.3528,252.36335,252.443625,252.4994,252.5758,252.654725,252.675075,252.696975,252.7341,252.764375,252.773025,252.793675,252.832625,252.86615,252.943,252.983925,252.993725,253.052125,253.0759,253.132425,253.171075,253.285675,253.426175,253.5549,253.593375,253.6036,253.635575,253.6608,253.680675,253.701275,253.726775,253.747525,253.89065,253.99395,254.010375,254.08575,254.111525,254.1235,254.134125,254.15475,254.16845,254.19285,254.211125,254.26425,254.360175,254.998625,255.03185,255.06855,255.102975,255.14395,255.21785,255.258575,255.280125,255.312,255.34295,255.415,255.4495,255.48945,255.4983,255.61835,255.67295,255.838675,255.90905,255.93605,255.964475,256.0798,256.748225,256.815575,256.864975,256.88265,256.90175,256.924025,256.94375,256.9517,257.0053,257.01845,257.0317,257.045775,257.05785,257.0782,257.1007,257.109275,257.1331,257.146475,257.160925,257.224425,257.259325,257.317275,257.33465,257.383475,257.392675,257.5062,257.531475,257.68045,258.5878,258.6245,258.6477,258.687275,258.704975,258.79045,258.813325,258.83355,258.860875,258.877075,258.885925,258.8997,258.9617,258.999775,259.0332,259.0598,259.08745,259.111925,259.24805,260.81495,261.065025,261.257175,0,0,0,0,0,0,0,0,0,0,0,0,0,0,0,0,0,0,0,0,0,0,0,0,0,0,0,0,0,0,0,0,0,0,0,0,0,0,0,0,0,0,0,0,0,0,0,0,0,0,0,0,0,0,0,0,0,0,0,0,0,0,0,0,0,0,0,0,0,0,0,0,0,0,0,0,0,0,0,0,0,0,0,0,0,0,0,0,0,0,0,0,0,0,0,0,0,0,0,0,0,0,0,0,0,0,0,0,0,0,0,0,0,0,0,0,0,0,0,0,0,0,0,0,0,0,0,0,0,0,0,0,0,0,0,0,0,0,0,0,0,0,0,0,0,0,0,0,0,0,0,0,0,0,0,0,0,0,0,0,0,0,0,0,0,0,0,0,0,0,0,0,0,0,0,0,0,0,0,0,0,0,0,0,0,0,0,0,0,0,0,0,0,0,0,0,0,0,0,0,0,0,0,0,0,0,0,0,0,0,0,0,0,0,0,0,0,0,0,0,0,0,0,0,0,0,0,0,0
"50",249.532875,249.603025,250.145175,250.324425,250.5535,250.62315,251.134575,251.17705,251.20325,251.232925,251.2625,251.298,251.32035,251.358475,251.38545,251.4266,251.45665,251.531825,251.5506,251.56985,251.59205,251.609,251.621025,251.647525,251.67345,251.771525,251.841575,251.89415,251.9268,251.94725,252.02375,252.179725,252.254975,252.324,252.33895,252.418825,252.423375,252.47405,252.5574,252.62095,252.63195,252.684625,252.7021,252.7356,252.761625,252.765825,252.780575,252.807825,252.829,252.839175,252.862275,252.8772,252.913525,252.929725,252.962575,252.965375,252.9994,253.0188,253.038575,253.061325,253.090175,253.09215,253.11645,253.13695,253.139725,253.156575,253.18455,253.192825,253.2333,253.290025,253.30325,253.353225,253.39345,253.4272,253.49045,253.5765,253.601225,253.617325,253.727475,253.751675,253.788675,253.795575,253.840375,253.854375,253.8566,253.861775,253.901425,253.922075,253.951525,253.98005,253.9842,253.995475,254.007,254.01465,254.042975,254.06525,254.07455,254.08685,254.09265,254.104675,254.1131,254.123775,254.148675,254.1797,254.183125,254.190525,254.205925,254.214675,254.22975,254.238425,254.252925,254.2567,254.266725,254.28155,254.289675,254.296275,254.3268,254.347275,254.3501,254.3651,254.3805,254.41165,254.436475,254.449575,254.474,254.530775,254.538575,254.554625,254.59815,254.60665,254.67605,254.758975,254.8229,254.898925,254.930375,254.953575,254.99055,254.99255,255.023625,255.05125,255.080875,255.121,255.130725,255.147575,255.1669,255.175175,255.1907,255.213375,255.218875,255.25765,255.2598,255.321075,255.382075,255.393775,255.42575,255.461725,255.4702,255.484,255.503,255.5048,255.5316,255.553,255.573625,255.5914,255.602275,255.61405,255.6379,255.6439,255.675525,255.68515,255.691125,255.71675,255.731925,255.7632,255.77805,255.81855,255.8371,255.8983,255.91605,255.958725,255.9645,255.97885,256.0012,256.0431,256.16135,256.226625,256.23315,256.29205,256.8132,256.87995,256.89425,256.9163,256.953825,256.95675,257.057775,257.061275,257.07805,257.120675,257.15795,257.17715,257.182975,257.203625,257.214725,257.249625,257.284275,257.293075,257.32875,257.362,257.37,257.3883,257.4237,257.432225,257.4615,257.505575,257.5215,257.545325,257.568875,257.60985,257.643175,257.687375,257.709075,257.71635,257.759875,257.77205,258.2533,258.592375,258.705275,258.762275,258.83095,258.886125,258.89665,258.926675,258.928925,258.975275,258.994625,259.06385,259.096175,259.118525,259.14195,259.15535,259.179575,259.20445,259.230375,259.255525,259.291375,259.339875,259.44455,259.50325,259.7228,260.471425,260.55095,260.635125,260.6585,260.7198,260.73555,260.80965,260.8167,260.8623,260.88535,260.91665,260.92215,260.942,260.992925,261.040675,261.06735,261.277475,261.338025,265.094325,276.68945,0,0,0,0,0,0,0,0,0,0,0,0,0,0,0,0,0,0,0,0,0,0,0,0,0,0,0,0,0,0,0,0,0,0,0,0,0,0,0,0,0,0,0,0,0,0,0,0,0,0,0,0,0,0,0,0,0,0,0,0,0,0,0,0,0,0,0,0,0,0,0,0,0,0,0,0,0,0,0,0,0,0,0,0,0,0,0,0,0,0,0,0,0,0,0,0,0
"51",250.9955,251.044525,251.090075,251.1656,251.18225,251.20965,251.24785,251.28715,251.316375,251.338575,251.373125,251.39645,251.41265,251.45015,251.4863,251.51175,251.551525,251.5845,252.16705,252.221275,252.24685,252.2744,252.291175,252.30995,252.33545,252.350525,252.3769,252.39615,252.410875,252.430775,252.446575,252.462175,252.486275,252.52585,252.575025,252.5908,252.603975,252.64055,252.656,252.68625,252.718125,252.748775,252.764925,252.789625,252.811425,252.858225,252.896675,253.50645,253.577625,253.6129,253.63345,253.664425,253.68675,253.702175,253.71435,253.7564,253.765825,253.80805,253.83085,253.844675,253.863475,253.8716,253.90315,253.917175,253.938125,253.977675,253.9932,254.0025,254.02045,254.03735,254.053,254.068575,254.090075,254.108875,254.12645,254.145625,254.1759,254.198725,254.222225,255.016825,255.0744,255.1131,255.1418,255.169175,255.201675,255.232225,255.260925,255.27505,255.295425,255.3299,255.3446,255.395,255.419925,255.43995,255.47295,255.501075,255.517175,255.552375,255.575825,255.597325,255.6393,255.65345,255.68445,255.71915,255.742075,255.78865,256.781025,256.83105,256.848325,256.89095,256.909,256.942375,256.994175,257.01205,257.02445,257.0469,257.0671,257.0961,257.11445,257.1352,257.167375,257.20655,257.22225,257.246175,257.2661,257.289275,257.3232,257.337175,257.35985,257.38545,257.4029,257.4308,257.4627,257.524475,257.559825,257.5958,257.683925,258.496325,258.54655,258.578875,258.601425,258.621525,258.642725,258.67795,258.692475,258.732225,258.764075,258.7849,258.869525,258.9069,258.938525,258.951875,258.9695,258.995325,259.0284,259.085,259.14305,259.169525,259.19675,259.217525,259.243325,259.298725,260.374275,260.430575,260.474525,260.511875,260.53885,260.57815,260.61715,260.65455,260.688875,260.73325,260.774475,260.82955,260.878075,260.9401,261.028475,261.1226,263.1285,263.3739,263.494325,263.72485,263.842075,264.045025,264.216675,0,0,0,0,0,0,0,0,0,0,0,0,0,0,0,0,0,0,0,0,0,0,0,0,0,0,0,0,0,0,0,0,0,0,0,0,0,0,0,0,0,0,0,0,0,0,0,0,0,0,0,0,0,0,0,0,0,0,0,0,0,0,0,0,0,0,0,0,0,0,0,0,0,0,0,0,0,0,0,0,0,0,0,0,0,0,0,0,0,0,0,0,0,0,0,0,0,0,0,0,0,0,0,0,0,0,0,0,0,0,0,0,0,0,0,0,0,0,0,0,0,0,0,0,0,0,0,0,0,0,0,0,0,0,0,0,0,0,0,0,0,0,0,0,0,0,0,0,0,0,0,0,0,0,0,0,0,0,0,0,0,0,0,0,0,0,0,0,0,0,0,0,0,0,0,0,0,0,0,0,0
"52",250.067375,250.2383,250.326075,250.390475,250.4239,250.4649,250.510625,250.64715,251.328875,251.622425,251.64535,251.70685,251.74505,251.801975,251.834325,251.8619,251.89935,251.915025,251.9564,251.9683,252.21325,252.3439,252.93475,252.96,253.020125,253.083675,253.235675,254.063025,254.477625,255.2551,256.3686,256.865925,257.19105,257.494725,257.741325,257.787225,257.91,259.013425,259.02555,259.09,259.553,259.60115,259.61185,261.26725,261.40695,261.460475,261.5377,261.592575,261.697775,261.72735,261.7788,261.847075,261.95725,262.167,262.294825,262.430725,0,0,0,0,0,0,0,0,0,0,0,0,0,0,0,0,0,0,0,0,0,0,0,0,0,0,0,0,0,0,0,0,0,0,0,0,0,0,0,0,0,0,0,0,0,0,0,0,0,0,0,0,0,0,0,0,0,0,0,0,0,0,0,0,0,0,0,0,0,0,0,0,0,0,0,0,0,0,0,0,0,0,0,0,0,0,0,0,0,0,0,0,0,0,0,0,0,0,0,0,0,0,0,0,0,0,0,0,0,0,0,0,0,0,0,0,0,0,0,0,0,0,0,0,0,0,0,0,0,0,0,0,0,0,0,0,0,0,0,0,0,0,0,0,0,0,0,0,0,0,0,0,0,0,0,0,0,0,0,0,0,0,0,0,0,0,0,0,0,0,0,0,0,0,0,0,0,0,0,0,0,0,0,0,0,0,0,0,0,0,0,0,0,0,0,0,0,0,0,0,0,0,0,0,0,0,0,0,0,0,0,0,0,0,0,0,0,0,0,0,0,0,0,0,0,0,0,0,0,0,0,0,0,0,0,0,0,0,0,0,0,0,0,0,0,0,0,0,0,0,0,0,0,0,0,0,0,0,0,0,0,0,0,0,0,0,0,0,0,0,0,0,0,0,0,0,0,0,0,0,0,0,0,0,0,0,0,0,0,0,0,0,0,0,0,0,0,0,0,0,0,0,0,0,0,0,0,0,0,0
"53",251.4496,251.54485,252.330825,252.3627,252.4075,252.43725,252.53625,252.5644,252.647525,252.677575,252.719525,253.623375,253.665175,253.757325,253.794225,253.814925,253.8435,253.9907,254.0674,254.116525,255.38775,255.401275,255.53915,256.114475,257.0502,257.286475,257.350075,258.7715,258.88715,258.94005,258.9869,259.145025,0,0,0,0,0,0,0,0,0,0,0,0,0,0,0,0,0,0,0,0,0,0,0,0,0,0,0,0,0,0,0,0,0,0,0,0,0,0,0,0,0,0,0,0,0,0,0,0,0,0,0,0,0,0,0,0,0,0,0,0,0,0,0,0,0,0,0,0,0,0,0,0,0,0,0,0,0,0,0,0,0,0,0,0,0,0,0,0,0,0,0,0,0,0,0,0,0,0,0,0,0,0,0,0,0,0,0,0,0,0,0,0,0,0,0,0,0,0,0,0,0,0,0,0,0,0,0,0,0,0,0,0,0,0,0,0,0,0,0,0,0,0,0,0,0,0,0,0,0,0,0,0,0,0,0,0,0,0,0,0,0,0,0,0,0,0,0,0,0,0,0,0,0,0,0,0,0,0,0,0,0,0,0,0,0,0,0,0,0,0,0,0,0,0,0,0,0,0,0,0,0,0,0,0,0,0,0,0,0,0,0,0,0,0,0,0,0,0,0,0,0,0,0,0,0,0,0,0,0,0,0,0,0,0,0,0,0,0,0,0,0,0,0,0,0,0,0,0,0,0,0,0,0,0,0,0,0,0,0,0,0,0,0,0,0,0,0,0,0,0,0,0,0,0,0,0,0,0,0,0,0,0,0,0,0,0,0,0,0,0,0,0,0,0,0,0,0,0,0,0,0,0,0,0,0,0,0,0,0,0,0,0,0,0,0,0,0,0,0,0,0,0,0,0,0,0,0,0,0,0,0,0,0,0
"54",250.561425,250.9985,251.3086,251.410625,252.1314,252.313525,252.380875,252.48065,252.537375,252.595825,253.680425,255.56165,255.625825,257.220575,257.3072,257.43765,258.836725,259.085725,0,0,0,0,0,0,0,0,0,0,0,0,0,0,0,0,0,0,0,0,0,0,0,0,0,0,0,0,0,0,0,0,0,0,0,0,0,0,0,0,0,0,0,0,0,0,0,0,0,0,0,0,0,0,0,0,0,0,0,0,0,0,0,0,0,0,0,0,0,0,0,0,0,0,0,0,0,0,0,0,0,0,0,0,0,0,0,0,0,0,0,0,0,0,0,0,0,0,0,0,0,0,0,0,0,0,0,0,0,0,0,0,0,0,0,0,0,0,0,0,0,0,0,0,0,0,0,0,0,0,0,0,0,0,0,0,0,0,0,0,0,0,0,0,0,0,0,0,0,0,0,0,0,0,0,0,0,0,0,0,0,0,0,0,0,0,0,0,0,0,0,0,0,0,0,0,0,0,0,0,0,0,0,0,0,0,0,0,0,0,0,0,0,0,0,0,0,0,0,0,0,0,0,0,0,0,0,0,0,0,0,0,0,0,0,0,0,0,0,0,0,0,0,0,0,0,0,0,0,0,0,0,0,0,0,0,0,0,0,0,0,0,0,0,0,0,0,0,0,0,0,0,0,0,0,0,0,0,0,0,0,0,0,0,0,0,0,0,0,0,0,0,0,0,0,0,0,0,0,0,0,0,0,0,0,0,0,0,0,0,0,0,0,0,0,0,0,0,0,0,0,0,0,0,0,0,0,0,0,0,0,0,0,0,0,0,0,0,0,0,0,0,0,0,0,0,0,0,0,0,0,0,0,0,0,0,0,0,0,0,0,0,0,0,0,0,0,0
"55",250.57865,250.63345,250.68085,250.746175,251.686975,251.743275,251.78975,251.87845,251.90495,251.9361,251.960775,251.9904,252.0042,252.034175,252.050525,252.080975,252.1104,252.940825,253.057575,253.164975,253.234925,253.306775,253.32615,253.351675,253.433275,254.630025,254.784575,254.859425,256.37945,256.42315,256.510725,256.545575,256.571825,256.601125,258.030825,258.0946,258.139425,258.189225,258.260425,258.283675,258.3967,259.907575,260.035375,260.0795,0,0,0,0,0,0,0,0,0,0,0,0,0,0,0,0,0,0,0,0,0,0,0,0,0,0,0,0,0,0,0,0,0,0,0,0,0,0,0,0,0,0,0,0,0,0,0,0,0,0,0,0,0,0,0,0,0,0,0,0,0,0,0,0,0,0,0,0,0,0,0,0,0,0,0,0,0,0,0,0,0,0,0,0,0,0,0,0,0,0,0,0,0,0,0,0,0,0,0,0,0,0,0,0,0,0,0,0,0,0,0,0,0,0,0,0,0,0,0,0,0,0,0,0,0,0,0,0,0,0,0,0,0,0,0,0,0,0,0,0,0,0,0,0,0,0,0,0,0,0,0,0,0,0,0,0,0,0,0,0,0,0,0,0,0,0,0,0,0,0,0,0,0,0,0,0,0,0,0,0,0,0,0,0,0,0,0,0,0,0,0,0,0,0,0,0,0,0,0,0,0,0,0,0,0,0,0,0,0,0,0,0,0,0,0,0,0,0,0,0,0,0,0,0,0,0,0,0,0,0,0,0,0,0,0,0,0,0,0,0,0,0,0,0,0,0,0,0,0,0,0,0,0,0,0,0,0,0,0,0,0,0,0,0,0,0,0,0,0,0,0,0,0,0,0,0,0,0,0,0,0,0,0,0,0,0,0,0,0,0,0,0,0,0,0,0,0,0,0,0,0,0,0,0,0,0,0,0,0,0,0,0,0,0,0,0,0,0,0,0,0,0
"56",251.72195,252.700125,252.76965,252.87585,253.527325,253.97705,254.569025,256.946875,257.161525,257.475375,259.1086,0,0,0,0,0,0,0,0,0,0,0,0,0,0,0,0,0,0,0,0,0,0,0,0,0,0,0,0,0,0,0,0,0,0,0,0,0,0,0,0,0,0,0,0,0,0,0,0,0,0,0,0,0,0,0,0,0,0,0,0,0,0,0,0,0,0,0,0,0,0,0,0,0,0,0,0,0,0,0,0,0,0,0,0,0,0,0,0,0,0,0,0,0,0,0,0,0,0,0,0,0,0,0,0,0,0,0,0,0,0,0,0,0,0,0,0,0,0,0,0,0,0,0,0,0,0,0,0,0,0,0,0,0,0,0,0,0,0,0,0,0,0,0,0,0,0,0,0,0,0,0,0,0,0,0,0,0,0,0,0,0,0,0,0,0,0,0,0,0,0,0,0,0,0,0,0,0,0,0,0,0,0,0,0,0,0,0,0,0,0,0,0,0,0,0,0,0,0,0,0,0,0,0,0,0,0,0,0,0,0,0,0,0,0,0,0,0,0,0,0,0,0,0,0,0,0,0,0,0,0,0,0,0,0,0,0,0,0,0,0,0,0,0,0,0,0,0,0,0,0,0,0,0,0,0,0,0,0,0,0,0,0,0,0,0,0,0,0,0,0,0,0,0,0,0,0,0,0,0,0,0,0,0,0,0,0,0,0,0,0,0,0,0,0,0,0,0,0,0,0,0,0,0,0,0,0,0,0,0,0,0,0,0,0,0,0,0,0,0,0,0,0,0,0,0,0,0,0,0,0,0,0,0,0,0,0,0,0,0,0,0,0,0,0,0,0,0,0,0,0,0,0,0,0,0
"57",251.273525,251.438975,251.5876,251.656375,251.68075,251.7936,252.650475,252.713,252.8546,252.908925,252.980925,254.535,256.298475,257.14845,257.193125,257.271125,257.353975,257.563275,257.650575,257.831075,257.9085,258.0545,258.815,258.911475,258.9423,259.0348,259.36915,259.49835,259.5658,259.629225,259.68325,259.73765,261.2735,261.60685,261.840325,0,0,0,0,0,0,0,0,0,0,0,0,0,0,0,0,0,0,0,0,0,0,0,0,0,0,0,0,0,0,0,0,0,0,0,0,0,0,0,0,0,0,0,0,0,0,0,0,0,0,0,0,0,0,0,0,0,0,0,0,0,0,0,0,0,0,0,0,0,0,0,0,0,0,0,0,0,0,0,0,0,0,0,0,0,0,0,0,0,0,0,0,0,0,0,0,0,0,0,0,0,0,0,0,0,0,0,0,0,0,0,0,0,0,0,0,0,0,0,0,0,0,0,0,0,0,0,0,0,0,0,0,0,0,0,0,0,0,0,0,0,0,0,0,0,0,0,0,0,0,0,0,0,0,0,0,0,0,0,0,0,0,0,0,0,0,0,0,0,0,0,0,0,0,0,0,0,0,0,0,0,0,0,0,0,0,0,0,0,0,0,0,0,0,0,0,0,0,0,0,0,0,0,0,0,0,0,0,0,0,0,0,0,0,0,0,0,0,0,0,0,0,0,0,0,0,0,0,0,0,0,0,0,0,0,0,0,0,0,0,0,0,0,0,0,0,0,0,0,0,0,0,0,0,0,0,0,0,0,0,0,0,0,0,0,0,0,0,0,0,0,0,0,0,0,0,0,0,0,0,0,0,0,0,0,0,0,0,0,0,0,0,0,0,0,0,0,0,0,0,0,0,0,0,0,0,0,0,0,0,0,0,0,0,0,0,0,0,0,0,0,0,0,0,0,0,0,0,0,0,0
"58",251.479825,252.357825,252.388525,252.695625,253.886775,254.030325,257.240125,0,0,0,0,0,0,0,0,0,0,0,0,0,0,0,0,0,0,0,0,0,0,0,0,0,0,0,0,0,0,0,0,0,0,0,0,0,0,0,0,0,0,0,0,0,0,0,0,0,0,0,0,0,0,0,0,0,0,0,0,0,0,0,0,0,0,0,0,0,0,0,0,0,0,0,0,0,0,0,0,0,0,0,0,0,0,0,0,0,0,0,0,0,0,0,0,0,0,0,0,0,0,0,0,0,0,0,0,0,0,0,0,0,0,0,0,0,0,0,0,0,0,0,0,0,0,0,0,0,0,0,0,0,0,0,0,0,0,0,0,0,0,0,0,0,0,0,0,0,0,0,0,0,0,0,0,0,0,0,0,0,0,0,0,0,0,0,0,0,0,0,0,0,0,0,0,0,0,0,0,0,0,0,0,0,0,0,0,0,0,0,0,0,0,0,0,0,0,0,0,0,0,0,0,0,0,0,0,0,0,0,0,0,0,0,0,0,0,0,0,0,0,0,0,0,0,0,0,0,0,0,0,0,0,0,0,0,0,0,0,0,0,0,0,0,0,0,0,0,0,0,0,0,0,0,0,0,0,0,0,0,0,0,0,0,0,0,0,0,0,0,0,0,0,0,0,0,0,0,0,0,0,0,0,0,0,0,0,0,0,0,0,0,0,0,0,0,0,0,0,0,0,0,0,0,0,0,0,0,0,0,0,0,0,0,0,0,0,0,0,0,0,0,0,0,0,0,0,0,0,0,0,0,0,0,0,0,0,0,0,0,0,0,0,0,0,0,0,0,0,0,0,0,0,0,0,0,0,0
"59",251.944675,252.084975,253.3436,256.56465,0,0,0,0,0,0,0,0,0,0,0,0,0,0,0,0,0,0,0,0,0,0,0,0,0,0,0,0,0,0,0,0,0,0,0,0,0,0,0,0,0,0,0,0,0,0,0,0,0,0,0,0,0,0,0,0,0,0,0,0,0,0,0,0,0,0,0,0,0,0,0,0,0,0,0,0,0,0,0,0,0,0,0,0,0,0,0,0,0,0,0,0,0,0,0,0,0,0,0,0,0,0,0,0,0,0,0,0,0,0,0,0,0,0,0,0,0,0,0,0,0,0,0,0,0,0,0,0,0,0,0,0,0,0,0,0,0,0,0,0,0,0,0,0,0,0,0,0,0,0,0,0,0,0,0,0,0,0,0,0,0,0,0,0,0,0,0,0,0,0,0,0,0,0,0,0,0,0,0,0,0,0,0,0,0,0,0,0,0,0,0,0,0,0,0,0,0,0,0,0,0,0,0,0,0,0,0,0,0,0,0,0,0,0,0,0,0,0,0,0,0,0,0,0,0,0,0,0,0,0,0,0,0,0,0,0,0,0,0,0,0,0,0,0,0,0,0,0,0,0,0,0,0,0,0,0,0,0,0,0,0,0,0,0,0,0,0,0,0,0,0,0,0,0,0,0,0,0,0,0,0,0,0,0,0,0,0,0,0,0,0,0,0,0,0,0,0,0,0,0,0,0,0,0,0,0,0,0,0,0,0,0,0,0,0,0,0,0,0,0,0,0,0,0,0,0,0,0,0,0,0,0,0,0,0,0,0,0,0,0,0,0,0,0,0,0,0,0,0,0,0,0,0,0,0,0,0,0,0,0,0,0
"60",249.99855,250.0828,250.1691,250.34535,250.451225,250.537175,250.549225,250.739025,250.979475,251.131175,251.174225,251.192025,251.231375,251.2549,251.299625,251.316725,251.349925,251.383625,251.3849,251.442125,251.47285,251.4898,251.530425,251.558175,251.65125,251.6837,251.77945,251.863325,251.88425,251.914125,252.217375,252.241125,252.25375,252.282075,252.294775,252.3113,252.32145,252.333325,252.352475,252.3874,252.39155,252.39305,252.40285,252.42545,252.4263,252.4316,252.434975,252.443225,252.46415,252.474875,252.505,252.522525,252.542575,252.614225,252.64135,252.64215,252.663775,252.689175,252.707175,252.716275,252.77245,252.792475,252.8,252.82205,252.902325,253.250875,253.54235,253.584175,253.59665,253.606225,253.615,253.634425,253.652125,253.68145,253.700725,253.7095,253.72535,253.74745,253.763375,253.794925,253.812,253.8192,253.829375,253.868975,253.887425,253.898525,253.9133,253.93085,253.968275,253.97905,253.982125,253.9921,254.035275,254.052375,254.073475,254.081025,254.09115,254.1382,254.149725,254.196125,255.05375,255.1285,255.1455,255.218325,255.23515,255.271625,255.3368,255.34755,255.36635,255.3858,255.45115,255.46715,255.484425,255.57495,255.618775,255.657625,255.672875,255.67835,255.700175,255.7215,255.738025,256.803825,256.832775,256.845075,256.883225,256.898275,256.9143,256.94455,256.967025,256.99675,257.028725,257.0513,257.063775,257.081175,257.096775,257.112725,257.168075,257.201075,257.2163,257.2457,257.275325,257.319575,257.3641,257.401425,257.454575,257.471425,257.513375,257.5284,257.789875,258.0764,258.58115,258.5972,258.609425,258.636825,258.67385,258.6818,258.687625,258.71235,258.748775,258.762675,258.7882,258.813825,258.8402,258.87465,258.897075,258.97115,259.06835,259.097525,259.109175,259.125875,259.157775,259.1685,259.19065,259.237975,259.60915,259.724475,260.523,260.5671,260.593575,260.66185,260.708825,260.73785,260.81835,260.842975,261.012875,261.0442,261.4022,262.3797,263.2229,263.346575,263.936225,0,0,0,0,0,0,0,0,0,0,0,0,0,0,0,0,0,0,0,0,0,0,0,0,0,0,0,0,0,0,0,0,0,0,0,0,0,0,0,0,0,0,0,0,0,0,0,0,0,0,0,0,0,0,0,0,0,0,0,0,0,0,0,0,0,0,0,0,0,0,0,0,0,0,0,0,0,0,0,0,0,0,0,0,0,0,0,0,0,0,0,0,0,0,0,0,0,0,0,0,0,0,0,0,0,0,0,0,0,0,0,0,0,0,0,0,0,0,0,0,0,0,0,0,0,0,0,0,0,0,0,0,0,0,0,0,0,0,0,0,0,0,0,0,0,0,0,0,0,0,0,0,0,0,0,0,0,0,0,0,0,0,0,0,0,0,0,0,0,0,0,0,0,0,0
"61",252.491325,252.515425,252.733325,253.59335,253.738725,253.801975,255.533,257.1446,257.169225,258.651875,258.71105,258.812275,258.923675,259.0309,259.106875,0,0,0,0,0,0,0,0,0,0,0,0,0,0,0,0,0,0,0,0,0,0,0,0,0,0,0,0,0,0,0,0,0,0,0,0,0,0,0,0,0,0,0,0,0,0,0,0,0,0,0,0,0,0,0,0,0,0,0,0,0,0,0,0,0,0,0,0,0,0,0,0,0,0,0,0,0,0,0,0,0,0,0,0,0,0,0,0,0,0,0,0,0,0,0,0,0,0,0,0,0,0,0,0,0,0,0,0,0,0,0,0,0,0,0,0,0,0,0,0,0,0,0,0,0,0,0,0,0,0,0,0,0,0,0,0,0,0,0,0,0,0,0,0,0,0,0,0,0,0,0,0,0,0,0,0,0,0,0,0,0,0,0,0,0,0,0,0,0,0,0,0,0,0,0,0,0,0,0,0,0,0,0,0,0,0,0,0,0,0,0,0,0,0,0,0,0,0,0,0,0,0,0,0,0,0,0,0,0,0,0,0,0,0,0,0,0,0,0,0,0,0,0,0,0,0,0,0,0,0,0,0,0,0,0,0,0,0,0,0,0,0,0,0,0,0,0,0,0,0,0,0,0,0,0,0,0,0,0,0,0,0,0,0,0,0,0,0,0,0,0,0,0,0,0,0,0,0,0,0,0,0,0,0,0,0,0,0,0,0,0,0,0,0,0,0,0,0,0,0,0,0,0,0,0,0,0,0,0,0,0,0,0,0,0,0,0,0,0,0,0,0,0,0,0,0,0,0,0,0,0,0,0,0,0,0,0,0,0,0,0,0,0,0,0,0,0,0,0,0,0
"62",251.385875,251.734275,257.08805,263.725825,0,0,0,0,0,0,0,0,0,0,0,0,0,0,0,0,0,0,0,0,0,0,0,0,0,0,0,0,0,0,0,0,0,0,0,0,0,0,0,0,0,0,0,0,0,0,0,0,0,0,0,0,0,0,0,0,0,0,0,0,0,0,0,0,0,0,0,0,0,0,0,0,0,0,0,0,0,0,0,0,0,0,0,0,0,0,0,0,0,0,0,0,0,0,0,0,0,0,0,0,0,0,0,0,0,0,0,0,0,0,0,0,0,0,0,0,0,0,0,0,0,0,0,0,0,0,0,0,0,0,0,0,0,0,0,0,0,0,0,0,0,0,0,0,0,0,0,0,0,0,0,0,0,0,0,0,0,0,0,0,0,0,0,0,0,0,0,0,0,0,0,0,0,0,0,0,0,0,0,0,0,0,0,0,0,0,0,0,0,0,0,0,0,0,0,0,0,0,0,0,0,0,0,0,0,0,0,0,0,0,0,0,0,0,0,0,0,0,0,0,0,0,0,0,0,0,0,0,0,0,0,0,0,0,0,0,0,0,0,0,0,0,0,0,0,0,0,0,0,0,0,0,0,0,0,0,0,0,0,0,0,0,0,0,0,0,0,0,0,0,0,0,0,0,0,0,0,0,0,0,0,0,0,0,0,0,0,0,0,0,0,0,0,0,0,0,0,0,0,0,0,0,0,0,0,0,0,0,0,0,0,0,0,0,0,0,0,0,0,0,0,0,0,0,0,0,0,0,0,0,0,0,0,0,0,0,0,0,0,0,0,0,0,0,0,0,0,0,0,0,0,0,0,0,0,0,0,0,0,0,0,0
"63",240.00275,240.270275,240.491625,241.04445,241.800075,242.1207,242.66105,242.904925,243.2902,243.662675,243.94915,244.628775,245.179175,245.5887,245.97,246.135825,246.3174,246.531825,246.81855,247.0835,247.3184,247.59605,247.961775,248.2733,249.241275,249.492325,249.553425,250.217075,250.604425,250.7299,251.1968,251.6556,251.8305,251.8761,252.53065,252.643825,252.823425,253.370575,253.773,253.91195,253.9749,254.034325,255.373875,257.209475,257.27685,257.495975,258.595225,258.77775,258.8222,258.90395,259.0395,260.487425,260.65195,260.7414,263.481,263.60145,263.789725,263.8848,264.0288,264.09725,264.324,264.4019,264.535075,264.63825,264.714325,264.809275,264.911975,264.991425,265.20395,265.42375,266.050125,266.735325,267.035375,267.583025,268.245825,268.46515,268.8393,269.6725,269.84855,270.32125,270.93435,271.4483,271.894125,272.16755,273.017475,273.4506,273.73775,274.2181,274.5702,274.822575,275.4116,275.748075,276.03105,276.228525,276.405725,277.0054,277.23125,277.588325,277.7732,277.914475,278.138925,278.305225,0,0,0,0,0,0,0,0,0,0,0,0,0,0,0,0,0,0,0,0,0,0,0,0,0,0,0,0,0,0,0,0,0,0,0,0,0,0,0,0,0,0,0,0,0,0,0,0,0,0,0,0,0,0,0,0,0,0,0,0,0,0,0,0,0,0,0,0,0,0,0,0,0,0,0,0,0,0,0,0,0,0,0,0,0,0,0,0,0,0,0,0,0,0,0,0,0,0,0,0,0,0,0,0,0,0,0,0,0,0,0,0,0,0,0,0,0,0,0,0,0,0,0,0,0,0,0,0,0,0,0,0,0,0,0,0,0,0,0,0,0,0,0,0,0,0,0,0,0,0,0,0,0,0,0,0,0,0,0,0,0,0,0,0,0,0,0,0,0,0,0,0,0,0,0,0,0,0,0,0,0,0,0,0,0,0,0,0,0,0,0,0,0,0,0,0,0,0,0,0,0,0,0,0,0,0,0,0,0,0,0,0,0,0,0,0,0,0,0,0,0,0,0,0,0,0,0,0,0,0,0,0,0,0,0,0,0,0,0,0,0,0,0,0,0,0,0,0,0,0,0,0,0,0,0,0,0,0,0,0,0,0,0,0
"64",242.9342,243.36735,244.5944,246.3226,246.96325,249.343925,250.1661,250.5592,250.5774,250.6718,250.684675,250.725725,250.74055,250.7944,250.842975,250.8753,250.951875,251.005,251.040775,251.07775,251.101425,251.1432,251.183025,251.202375,251.246775,251.280425,251.321425,251.35255,251.401425,251.422,251.45845,251.51615,251.54025,251.60675,251.654075,251.685225,251.80865,251.840925,251.9435,251.99935,252.006625,252.083825,252.11775,252.1965,252.220075,252.272325,252.2961,252.345875,252.3761,252.45405,252.465875,252.4888,252.53405,252.57465,252.6129,252.6332,252.662,252.758425,252.801775,252.827575,252.85315,252.871275,252.896,252.91885,252.938375,252.95615,252.982025,253.021525,253.036725,253.072025,253.132175,253.1819,253.240175,253.352225,253.43585,253.45855,253.473475,253.497575,253.5254,253.543775,253.568675,253.59925,253.6086,253.6314,253.71105,253.7545,253.7702,253.78715,253.804625,253.8204,253.865525,253.8824,253.89725,253.919625,254.055475,254.08475,254.146925,254.18565,254.23135,254.27015,254.77055,254.811825,254.880575,254.923225,254.945175,255.046,255.083075,255.122075,255.1382,255.19645,255.2211,255.2365,255.270075,255.301825,255.31505,255.350975,255.375625,255.377,255.48605,255.549725,255.636525,255.857675,256.38435,256.484725,256.51515,256.622225,256.790225,256.8683,256.904125,256.9399,257.0601,257.09745,257.346425,257.540625,257.70455,257.887375,257.998775,258.056225,258.2344,258.436525,258.514575,258.57015,258.631025,258.664625,258.70615,258.7757,258.856525,258.93605,258.99985,259.109875,259.467375,260.13845,260.321275,260.397825,260.529125,260.6509,260.6895,260.75965,260.86705,260.96875,261.02635,261.8579,262.1574,262.485525,262.641975,263.185325,263.4307,263.512725,263.683225,263.87285,263.984375,264.04455,264.135125,264.191225,264.228425,264.337125,264.386875,264.4328,264.52,264.58875,264.6311,264.675475,264.81405,265.02475,265.167675,0,0,0,0,0,0,0,0,0,0,0,0,0,0,0,0,0,0,0,0,0,0,0,0,0,0,0,0,0,0,0,0,0,0,0,0,0,0,0,0,0,0,0,0,0,0,0,0,0,0,0,0,0,0,0,0,0,0,0,0,0,0,0,0,0,0,0,0,0,0,0,0,0,0,0,0,0,0,0,0,0,0,0,0,0,0,0,0,0,0,0,0,0,0,0,0,0,0,0,0,0,0,0,0,0,0,0,0,0,0,0,0,0,0,0,0,0,0,0,0,0,0,0,0,0,0,0,0,0,0,0,0,0,0,0,0,0,0,0,0,0,0,0,0,0,0,0,0,0,0,0,0,0,0,0,0,0,0,0,0,0,0,0,0,0,0,0,0,0,0,0,0,0,0,0,0,0,0,0,0,0
"65",250.460975,250.5808,250.60155,250.7342,250.766425,250.784225,250.8052,250.827075,250.846475,250.866475,250.873725,250.892275,250.89875,250.913875,250.933775,250.948675,250.966225,250.9887,251.00645,251.02915,251.103675,251.1266,251.14515,251.2018,251.240025,251.269625,251.339775,251.5529,251.85135,251.925625,252.04575,252.056325,252.0868,252.141325,252.29705,252.298875,252.422075,252.5537,252.653025,252.701225,252.9927,253.05325,253.08235,253.0889,253.113525,253.133725,253.154225,253.217925,253.242525,253.2579,253.278325,253.297025,253.335175,253.344825,253.388375,253.390525,253.410675,253.449575,253.4773,253.502275,253.547225,253.5727,253.6208,253.6679,253.688825,253.69385,253.7106,253.7325,253.809575,253.825625,253.834225,253.862375,253.91585,253.9538,253.96785,254.009925,254.16755,254.17465,254.200975,254.242175,254.26425,254.290775,254.3589,254.37345,254.41815,254.466725,254.54985,254.615475,254.673175,254.719775,254.771775,254.87825,254.91795,254.9561,255.0251,255.323025,255.3676,255.398025,255.4538,255.47935,255.527425,255.551325,255.626775,255.6519,255.67385,255.72425,255.7464,255.767275,255.768225,255.791,255.8312,255.84905,255.94185,255.96235,255.995125,256.02395,256.0284,256.08245,256.1005,256.169425,256.18835,256.22725,256.295175,256.326,256.3782,256.4633,256.5164,256.575275,256.641775,256.656725,256.719775,256.733075,256.934775,256.995175,257.12905,257.134525,257.270325,257.3479,257.46445,257.519825,257.603525,257.729575,257.73535,257.7891,257.86,257.94945,258.013275,258.062575,258.121375,258.211625,258.22475,258.278875,258.35515,258.412275,258.4411,258.460175,258.535875,258.552775,258.723825,259.02735,259.09495,259.209025,259.33325,259.46145,259.49065,259.5458,259.588175,259.599575,259.86975,260.016075,260.2194,261.10545,261.220775,261.4077,261.625025,261.86315,0,0,0,0,0,0,0,0,0,0,0,0,0,0,0,0,0,0,0,0,0,0,0,0,0,0,0,0,0,0,0,0,0,0,0,0,0,0,0,0,0,0,0,0,0,0,0,0,0,0,0,0,0,0,0,0,0,0,0,0,0,0,0,0,0,0,0,0,0,0,0,0,0,0,0,0,0,0,0,0,0,0,0,0,0,0,0,0,0,0,0,0,0,0,0,0,0,0,0,0,0,0,0,0,0,0,0,0,0,0,0,0,0,0,0,0,0,0,0,0,0,0,0,0,0,0,0,0,0,0,0,0,0,0,0,0,0,0,0,0,0,0,0,0,0,0,0,0,0,0,0,0,0,0,0,0,0,0,0,0,0,0,0,0,0,0,0,0,0,0,0,0,0,0,0,0,0,0,0,0,0,0,0,0,0,0,0,0,0,0
"66",249.78385,249.9951,250.0209,250.06955,250.152125,250.2142,250.300375,250.339525,0,0,0,0,0,0,0,0,0,0,0,0,0,0,0,0,0,0,0,0,0,0,0,0,0,0,0,0,0,0,0,0,0,0,0,0,0,0,0,0,0,0,0,0,0,0,0,0,0,0,0,0,0,0,0,0,0,0,0,0,0,0,0,0,0,0,0,0,0,0,0,0,0,0,0,0,0,0,0,0,0,0,0,0,0,0,0,0,0,0,0,0,0,0,0,0,0,0,0,0,0,0,0,0,0,0,0,0,0,0,0,0,0,0,0,0,0,0,0,0,0,0,0,0,0,0,0,0,0,0,0,0,0,0,0,0,0,0,0,0,0,0,0,0,0,0,0,0,0,0,0,0,0,0,0,0,0,0,0,0,0,0,0,0,0,0,0,0,0,0,0,0,0,0,0,0,0,0,0,0,0,0,0,0,0,0,0,0,0,0,0,0,0,0,0,0,0,0,0,0,0,0,0,0,0,0,0,0,0,0,0,0,0,0,0,0,0,0,0,0,0,0,0,0,0,0,0,0,0,0,0,0,0,0,0,0,0,0,0,0,0,0,0,0,0,0,0,0,0,0,0,0,0,0,0,0,0,0,0,0,0,0,0,0,0,0,0,0,0,0,0,0,0,0,0,0,0,0,0,0,0,0,0,0,0,0,0,0,0,0,0,0,0,0,0,0,0,0,0,0,0,0,0,0,0,0,0,0,0,0,0,0,0,0,0,0,0,0,0,0,0,0,0,0,0,0,0,0,0,0,0,0,0,0,0,0,0,0,0,0,0,0,0,0,0,0,0,0,0,0,0,0,0,0,0,0,0,0
"67",251.44425,252.493525,252.50875,252.541,252.605925,252.650025,252.759825,252.8342,252.880125,252.97735,253.028775,253.07555,253.246,254.136625,254.2013,254.25925,254.276125,254.321025,254.362625,254.475975,255.8674,255.972075,256.02105,256.050875,256.1201,256.211425,256.997525,257.5976,257.61505,257.672475,257.729325,257.773475,257.811775,259.17645,259.3348,259.421175,259.545425,260.945475,261.04335,261.111825,261.2008,261.28085,261.376525,265.4483,265.77705,265.910925,266.16025,266.373625,266.558375,266.792925,267.188025,267.564575,267.739175,268.107125,268.490225,268.77845,269.547775,271.191575,272.94105,273.617925,0,0,0,0,0,0,0,0,0,0,0,0,0,0,0,0,0,0,0,0,0,0,0,0,0,0,0,0,0,0,0,0,0,0,0,0,0,0,0,0,0,0,0,0,0,0,0,0,0,0,0,0,0,0,0,0,0,0,0,0,0,0,0,0,0,0,0,0,0,0,0,0,0,0,0,0,0,0,0,0,0,0,0,0,0,0,0,0,0,0,0,0,0,0,0,0,0,0,0,0,0,0,0,0,0,0,0,0,0,0,0,0,0,0,0,0,0,0,0,0,0,0,0,0,0,0,0,0,0,0,0,0,0,0,0,0,0,0,0,0,0,0,0,0,0,0,0,0,0,0,0,0,0,0,0,0,0,0,0,0,0,0,0,0,0,0,0,0,0,0,0,0,0,0,0,0,0,0,0,0,0,0,0,0,0,0,0,0,0,0,0,0,0,0,0,0,0,0,0,0,0,0,0,0,0,0,0,0,0,0,0,0,0,0,0,0,0,0,0,0,0,0,0,0,0,0,0,0,0,0,0,0,0,0,0,0,0,0,0,0,0,0,0,0,0,0,0,0,0,0,0,0,0,0,0,0,0,0,0,0,0,0,0,0,0,0,0,0,0,0,0,0,0,0,0,0,0,0,0,0,0,0,0,0,0,0,0,0,0,0,0,0,0,0,0,0,0,0,0,0,0,0,0,0,0,0
"68",251.276575,251.3801,251.440475,251.481325,251.605125,251.6338,251.688025,251.74655,251.844625,251.88715,251.9756,252.0295,252.140025,252.244275,252.3843,252.424475,252.464475,252.486375,252.530025,252.579375,252.629425,252.729075,252.8121,252.95385,253.0179,253.09355,253.20225,253.3295,253.486175,253.6697,253.746525,253.779025,253.817375,253.860925,253.9915,254.195125,255.132675,255.194675,255.340375,255.92925,256.19185,256.276825,256.336875,256.41775,256.65345,256.75715,256.8366,256.989925,257.026725,257.08385,257.691425,257.84495,257.917075,257.967125,258.0107,258.0726,258.133525,258.3335,258.432425,258.586575,258.69115,258.735225,258.79155,258.8622,258.915775,258.95415,259.379275,259.489775,259.5394,259.621125,259.66985,259.729925,259.8049,259.855225,259.9195,260.57485,260.67395,260.727425,260.814225,260.87595,260.933475,260.972475,261.008175,261.089675,261.170275,261.243225,261.287225,261.358,261.399825,261.464725,261.527975,261.5858,261.654775,261.708,261.762025,261.8509,261.91645,261.9667,262.03665,262.134275,262.214575,262.313875,262.471475,262.935725,263.608,263.900925,263.972875,265.1189,265.264625,265.380525,265.56885,0,0,0,0,0,0,0,0,0,0,0,0,0,0,0,0,0,0,0,0,0,0,0,0,0,0,0,0,0,0,0,0,0,0,0,0,0,0,0,0,0,0,0,0,0,0,0,0,0,0,0,0,0,0,0,0,0,0,0,0,0,0,0,0,0,0,0,0,0,0,0,0,0,0,0,0,0,0,0,0,0,0,0,0,0,0,0,0,0,0,0,0,0,0,0,0,0,0,0,0,0,0,0,0,0,0,0,0,0,0,0,0,0,0,0,0,0,0,0,0,0,0,0,0,0,0,0,0,0,0,0,0,0,0,0,0,0,0,0,0,0,0,0,0,0,0,0,0,0,0,0,0,0,0,0,0,0,0,0,0,0,0,0,0,0,0,0,0,0,0,0,0,0,0,0,0,0,0,0,0,0,0,0,0,0,0,0,0,0,0,0,0,0,0,0,0,0,0,0,0,0,0,0,0,0,0,0,0,0,0,0,0,0,0,0,0,0,0,0,0,0,0,0,0,0,0,0,0,0,0,0,0,0,0,0,0,0,0,0,0,0,0,0,0,0,0,0,0,0,0,0,0,0,0,0
"69",249.54915,249.605425,249.793275,249.83705,249.951175,250.033675,250.0789,250.133125,250.154925,250.2648,250.2679,250.325475,250.37675,250.44695,250.50825,250.5306,250.62495,250.72745,250.81075,251.248125,251.499025,251.743725,251.8414,251.982575,252.53,252.60535,252.762475,252.941225,253.34815,253.498675,253.58425,253.6927,253.743475,253.847925,253.9237,253.96995,254.14785,254.1604,254.2304,254.2758,254.3985,254.48095,254.51415,254.53265,254.589475,254.620225,254.741775,254.919925,255.03575,255.098475,255.22405,255.2737,255.36035,255.42095,255.433575,255.50125,255.5063,255.57445,255.64985,255.672825,255.76755,255.8771,256.106925,256.1405,256.20365,256.240875,256.272725,256.347725,256.4843,256.5177,256.588125,256.679425,256.864675,257.003175,257.1275,257.1936,257.25195,257.290125,257.342125,257.43445,257.465975,257.4857,257.7128,257.79355,257.8568,257.9485,257.9879,258.095075,258.158675,258.1915,258.28185,258.50075,258.605375,258.7092,258.81065,258.965325,259.030875,259.051,259.2713,259.315725,259.416375,259.591025,259.644675,259.75305,259.933175,259.9952,260.026975,260.078775,260.12755,260.618875,260.8153,261.08445,261.190525,261.21425,261.406875,261.500225,261.652075,261.88515,261.95905,262.2134,262.348575,262.4997,262.780425,263.079925,263.6835,0,0,0,0,0,0,0,0,0,0,0,0,0,0,0,0,0,0,0,0,0,0,0,0,0,0,0,0,0,0,0,0,0,0,0,0,0,0,0,0,0,0,0,0,0,0,0,0,0,0,0,0,0,0,0,0,0,0,0,0,0,0,0,0,0,0,0,0,0,0,0,0,0,0,0,0,0,0,0,0,0,0,0,0,0,0,0,0,0,0,0,0,0,0,0,0,0,0,0,0,0,0,0,0,0,0,0,0,0,0,0,0,0,0,0,0,0,0,0,0,0,0,0,0,0,0,0,0,0,0,0,0,0,0,0,0,0,0,0,0,0,0,0,0,0,0,0,0,0,0,0,0,0,0,0,0,0,0,0,0,0,0,0,0,0,0,0,0,0,0,0,0,0,0,0,0,0,0,0,0,0,0,0,0,0,0,0,0,0,0,0,0,0,0,0,0,0,0,0,0,0,0,0,0,0,0,0,0,0,0,0,0,0,0,0,0,0,0,0,0,0,0,0,0,0,0,0,0,0,0,0,0,0,0,0,0,0,0,0,0,0
"70",250.187075,250.3296,250.4868,250.520425,250.5946,250.633275,250.6666,250.670775,250.6984,250.76935,250.8574,250.920425,251.549375,251.8187,251.87865,252.063275,252.766175,253.259725,253.313225,253.400425,253.9121,254.11085,254.735775,254.86325,256.41525,256.481675,256.557975,258.01745,258.130075,258.242425,258.254675,258.286425,258.3732,259.84575,259.891075,259.96365,260.00645,260.1422,260.18125,262.138575,262.332575,262.520125,0,0,0,0,0,0,0,0,0,0,0,0,0,0,0,0,0,0,0,0,0,0,0,0,0,0,0,0,0,0,0,0,0,0,0,0,0,0,0,0,0,0,0,0,0,0,0,0,0,0,0,0,0,0,0,0,0,0,0,0,0,0,0,0,0,0,0,0,0,0,0,0,0,0,0,0,0,0,0,0,0,0,0,0,0,0,0,0,0,0,0,0,0,0,0,0,0,0,0,0,0,0,0,0,0,0,0,0,0,0,0,0,0,0,0,0,0,0,0,0,0,0,0,0,0,0,0,0,0,0,0,0,0,0,0,0,0,0,0,0,0,0,0,0,0,0,0,0,0,0,0,0,0,0,0,0,0,0,0,0,0,0,0,0,0,0,0,0,0,0,0,0,0,0,0,0,0,0,0,0,0,0,0,0,0,0,0,0,0,0,0,0,0,0,0,0,0,0,0,0,0,0,0,0,0,0,0,0,0,0,0,0,0,0,0,0,0,0,0,0,0,0,0,0,0,0,0,0,0,0,0,0,0,0,0,0,0,0,0,0,0,0,0,0,0,0,0,0,0,0,0,0,0,0,0,0,0,0,0,0,0,0,0,0,0,0,0,0,0,0,0,0,0,0,0,0,0,0,0,0,0,0,0,0,0,0,0,0,0,0,0,0,0,0,0,0,0,0,0,0,0,0,0,0,0,0,0,0,0,0,0,0,0,0,0,0,0,0,0,0,0,0,0,0
"71",251.887175,253.287725,253.9018,256.513875,257.07805,257.8301,257.9209,257.9542,258.00865,259.6463,259.77215,259.85975,0,0,0,0,0,0,0,0,0,0,0,0,0,0,0,0,0,0,0,0,0,0,0,0,0,0,0,0,0,0,0,0,0,0,0,0,0,0,0,0,0,0,0,0,0,0,0,0,0,0,0,0,0,0,0,0,0,0,0,0,0,0,0,0,0,0,0,0,0,0,0,0,0,0,0,0,0,0,0,0,0,0,0,0,0,0,0,0,0,0,0,0,0,0,0,0,0,0,0,0,0,0,0,0,0,0,0,0,0,0,0,0,0,0,0,0,0,0,0,0,0,0,0,0,0,0,0,0,0,0,0,0,0,0,0,0,0,0,0,0,0,0,0,0,0,0,0,0,0,0,0,0,0,0,0,0,0,0,0,0,0,0,0,0,0,0,0,0,0,0,0,0,0,0,0,0,0,0,0,0,0,0,0,0,0,0,0,0,0,0,0,0,0,0,0,0,0,0,0,0,0,0,0,0,0,0,0,0,0,0,0,0,0,0,0,0,0,0,0,0,0,0,0,0,0,0,0,0,0,0,0,0,0,0,0,0,0,0,0,0,0,0,0,0,0,0,0,0,0,0,0,0,0,0,0,0,0,0,0,0,0,0,0,0,0,0,0,0,0,0,0,0,0,0,0,0,0,0,0,0,0,0,0,0,0,0,0,0,0,0,0,0,0,0,0,0,0,0,0,0,0,0,0,0,0,0,0,0,0,0,0,0,0,0,0,0,0,0,0,0,0,0,0,0,0,0,0,0,0,0,0,0,0,0,0,0,0,0,0,0,0,0,0,0,0,0,0,0,0,0,0,0,0,0
"72",249.6407,249.815825,249.8919,249.953025,250.052525,251.071025,251.193075,251.21735,251.544625,251.692025,253.994175,257.135725,0,0,0,0,0,0,0,0,0,0,0,0,0,0,0,0,0,0,0,0,0,0,0,0,0,0,0,0,0,0,0,0,0,0,0,0,0,0,0,0,0,0,0,0,0,0,0,0,0,0,0,0,0,0,0,0,0,0,0,0,0,0,0,0,0,0,0,0,0,0,0,0,0,0,0,0,0,0,0,0,0,0,0,0,0,0,0,0,0,0,0,0,0,0,0,0,0,0,0,0,0,0,0,0,0,0,0,0,0,0,0,0,0,0,0,0,0,0,0,0,0,0,0,0,0,0,0,0,0,0,0,0,0,0,0,0,0,0,0,0,0,0,0,0,0,0,0,0,0,0,0,0,0,0,0,0,0,0,0,0,0,0,0,0,0,0,0,0,0,0,0,0,0,0,0,0,0,0,0,0,0,0,0,0,0,0,0,0,0,0,0,0,0,0,0,0,0,0,0,0,0,0,0,0,0,0,0,0,0,0,0,0,0,0,0,0,0,0,0,0,0,0,0,0,0,0,0,0,0,0,0,0,0,0,0,0,0,0,0,0,0,0,0,0,0,0,0,0,0,0,0,0,0,0,0,0,0,0,0,0,0,0,0,0,0,0,0,0,0,0,0,0,0,0,0,0,0,0,0,0,0,0,0,0,0,0,0,0,0,0,0,0,0,0,0,0,0,0,0,0,0,0,0,0,0,0,0,0,0,0,0,0,0,0,0,0,0,0,0,0,0,0,0,0,0,0,0,0,0,0,0,0,0,0,0,0,0,0,0,0,0,0,0,0,0,0,0,0,0,0,0,0,0,0
"73",250.070475,250.136075,250.294475,250.33505,250.46275,250.562075,0,0,0,0,0,0,0,0,0,0,0,0,0,0,0,0,0,0,0,0,0,0,0,0,0,0,0,0,0,0,0,0,0,0,0,0,0,0,0,0,0,0,0,0,0,0,0,0,0,0,0,0,0,0,0,0,0,0,0,0,0,0,0,0,0,0,0,0,0,0,0,0,0,0,0,0,0,0,0,0,0,0,0,0,0,0,0,0,0,0,0,0,0,0,0,0,0,0,0,0,0,0,0,0,0,0,0,0,0,0,0,0,0,0,0,0,0,0,0,0,0,0,0,0,0,0,0,0,0,0,0,0,0,0,0,0,0,0,0,0,0,0,0,0,0,0,0,0,0,0,0,0,0,0,0,0,0,0,0,0,0,0,0,0,0,0,0,0,0,0,0,0,0,0,0,0,0,0,0,0,0,0,0,0,0,0,0,0,0,0,0,0,0,0,0,0,0,0,0,0,0,0,0,0,0,0,0,0,0,0,0,0,0,0,0,0,0,0,0,0,0,0,0,0,0,0,0,0,0,0,0,0,0,0,0,0,0,0,0,0,0,0,0,0,0,0,0,0,0,0,0,0,0,0,0,0,0,0,0,0,0,0,0,0,0,0,0,0,0,0,0,0,0,0,0,0,0,0,0,0,0,0,0,0,0,0,0,0,0,0,0,0,0,0,0,0,0,0,0,0,0,0,0,0,0,0,0,0,0,0,0,0,0,0,0,0,0,0,0,0,0,0,0,0,0,0,0,0,0,0,0,0,0,0,0,0,0,0,0,0,0,0,0,0,0,0,0,0,0,0,0,0,0,0,0,0,0,0,0,0
"74",250.14665,250.364325,250.442975,251.099675,251.27755,251.295425,251.35205,252.3969,252.4328,252.4734,252.4968,252.550925,252.577325,252.745925,252.7695,253.740675,253.859825,253.90875,253.935925,254.02735,254.4461,255.3563,255.36475,256.57425,256.872725,257.124375,257.1977,257.31095,258.8204,258.9205,259.019325,259.09325,265.281825,0,0,0,0,0,0,0,0,0,0,0,0,0,0,0,0,0,0,0,0,0,0,0,0,0,0,0,0,0,0,0,0,0,0,0,0,0,0,0,0,0,0,0,0,0,0,0,0,0,0,0,0,0,0,0,0,0,0,0,0,0,0,0,0,0,0,0,0,0,0,0,0,0,0,0,0,0,0,0,0,0,0,0,0,0,0,0,0,0,0,0,0,0,0,0,0,0,0,0,0,0,0,0,0,0,0,0,0,0,0,0,0,0,0,0,0,0,0,0,0,0,0,0,0,0,0,0,0,0,0,0,0,0,0,0,0,0,0,0,0,0,0,0,0,0,0,0,0,0,0,0,0,0,0,0,0,0,0,0,0,0,0,0,0,0,0,0,0,0,0,0,0,0,0,0,0,0,0,0,0,0,0,0,0,0,0,0,0,0,0,0,0,0,0,0,0,0,0,0,0,0,0,0,0,0,0,0,0,0,0,0,0,0,0,0,0,0,0,0,0,0,0,0,0,0,0,0,0,0,0,0,0,0,0,0,0,0,0,0,0,0,0,0,0,0,0,0,0,0,0,0,0,0,0,0,0,0,0,0,0,0,0,0,0,0,0,0,0,0,0,0,0,0,0,0,0,0,0,0,0,0,0,0,0,0,0,0,0,0,0,0,0,0,0,0,0,0,0,0,0,0,0,0,0,0,0,0,0,0,0,0,0,0,0,0,0,0,0,0,0,0,0,0,0,0,0,0,0,0,0,0,0,0
"75",249.605675,249.755925,249.98535,250.11005,250.188225,250.295,250.3599,250.438575,250.4784,250.502125,250.5356,250.537425,250.56575,250.574025,250.5809,250.588275,250.596125,250.602175,250.6159,250.632125,250.652325,250.69275,250.69975,250.72115,250.750825,250.760725,250.762825,250.837925,250.850825,250.921125,250.96695,251.082825,251.126175,251.177675,251.27755,251.33745,251.5373,251.55905,251.6298,251.6732,251.73715,251.85125,251.8838,251.90175,251.924725,251.9839,251.985725,252.014425,252.052625,252.076925,252.078575,252.094875,252.129925,252.2006,252.258775,252.4004,252.49935,252.515425,252.5644,252.582875,252.6274,252.6564,252.668975,252.67415,252.71,252.7848,252.813975,252.82285,253.086525,253.099825,253.14545,253.1879,253.223575,253.2861,253.2914,253.31085,253.364,253.383625,253.5869,253.6808,253.7104,253.76765,253.846375,253.8749,253.905375,253.932,254.0045,254.0305,254.154625,254.1817,254.19725,254.223025,254.2473,254.258275,254.316275,254.342075,254.35135,254.393725,254.429575,254.45695,254.458675,254.46245,254.4763,254.498575,254.53815,254.570375,254.597425,254.641575,254.6569,254.6677,254.678975,254.689175,254.704875,254.727725,254.745975,254.769125,254.77765,254.7862,254.814925,254.865425,254.890775,254.9422,254.99265,255.010375,255.0519,255.2216,255.3669,255.43795,255.516875,255.535925,255.5433,255.57025,255.576025,255.627525,255.669775,255.719675,255.756475,255.804825,255.853275,255.89555,255.9651,255.998825,256.022275,256.04465,256.04865,256.0721,256.09005,256.150275,256.1523,256.171425,256.194925,256.228925,256.244,256.256925,256.27015,256.30145,256.307,256.33745,256.3697,256.37705,256.39095,256.3985,256.399275,256.42465,256.471,256.4851,256.4903,256.51335,256.528875,256.55445,256.582325,256.587575,256.620225,256.689975,256.772375,256.776475,256.9936,257.0792,257.231125,257.237575,257.27705,257.2945,257.311225,257.338075,257.344525,257.3523,257.3655,257.397075,257.404525,257.407575,257.420175,257.43615,257.45815,257.487475,257.562075,257.58305,257.6112,257.67135,257.702325,257.74505,257.79355,257.8205,257.85155,257.88445,257.908175,257.91135,257.944425,257.972775,258.019725,258.078325,258.08765,258.09275,258.1018,258.136975,258.1607,258.2007,258.20325,258.29925,258.327875,258.3799,258.491875,258.577,258.62615,258.7134,258.789125,258.844575,258.871625,258.877625,258.957525,258.961975,259.038725,259.10485,259.145875,259.186225,259.227125,259.235075,259.2901,259.36165,259.433025,259.458675,259.536125,259.5591,259.61705,259.66225,259.675575,259.690675,259.703,259.7416,259.76125,259.77815,259.8096,259.8324,259.8476,259.89315,259.938525,259.96365,259.97365,260.026125,260.0399,260.06025,260.084475,260.105475,260.118175,260.166675,260.356925,260.849375,261.253575,261.864025,262.324325,263.61115,263.92315,264.255725,0,0,0,0,0,0,0,0,0,0,0,0,0,0,0,0,0,0,0,0,0,0,0,0,0,0,0,0,0,0,0,0,0,0,0,0,0,0,0,0,0,0,0,0,0,0,0,0,0,0,0,0,0,0,0,0,0,0,0,0,0,0,0,0,0,0,0,0,0,0,0,0,0,0,0,0,0,0,0,0,0,0,0,0,0,0,0,0,0,0,0,0,0,0
"76",248.130625,249.6365,249.666675,249.7206,249.764825,249.800175,249.820625,249.867975,249.904075,249.927275,249.949375,249.973225,250.003075,250.02205,250.036175,250.054925,250.09245,250.136275,250.1524,250.17645,250.215875,250.237575,250.260275,250.27675,250.31595,250.3358,250.349625,250.367975,250.409225,250.423725,250.439325,250.464825,250.493375,250.51145,250.536675,250.567975,250.620775,250.697525,250.729025,250.766775,250.8321,250.8607,250.882525,250.894075,250.9124,250.9342,250.9475,251.0217,251.05035,251.05985,251.0668,251.078025,251.0938,251.108925,251.128125,251.1652,251.193375,251.208075,251.314825,251.342825,251.38235,251.402725,251.424425,251.453075,251.46405,251.475525,251.572975,251.6173,251.636775,251.67045,251.69815,251.735425,251.77815,251.8158,251.8941,251.91205,251.942125,251.997225,252.041425,252.045225,252.08645,252.143125,252.180775,252.269325,252.449075,252.49155,252.635125,252.770575,253.177975,253.231125,253.241075,253.276425,253.515325,253.5611,253.766375,253.81035,253.976825,254.4172,254.4381,254.4958,254.56465,254.713775,254.728275,254.890075,255.044575,255.138925,255.20425,255.254575,255.3027,255.4085,255.58585,255.966625,256.3973,256.4131,256.533775,256.6883,257.245175,258.05365,258.3487,258.88635,258.97015,259.508175,259.958475,261.3597,261.71545,261.820875,261.98385,261.99305,264.071525,0,0,0,0,0,0,0,0,0,0,0,0,0,0,0,0,0,0,0,0,0,0,0,0,0,0,0,0,0,0,0,0,0,0,0,0,0,0,0,0,0,0,0,0,0,0,0,0,0,0,0,0,0,0,0,0,0,0,0,0,0,0,0,0,0,0,0,0,0,0,0,0,0,0,0,0,0,0,0,0,0,0,0,0,0,0,0,0,0,0,0,0,0,0,0,0,0,0,0,0,0,0,0,0,0,0,0,0,0,0,0,0,0,0,0,0,0,0,0,0,0,0,0,0,0,0,0,0,0,0,0,0,0,0,0,0,0,0,0,0,0,0,0,0,0,0,0,0,0,0,0,0,0,0,0,0,0,0,0,0,0,0,0,0,0,0,0,0,0,0,0,0,0,0,0,0,0,0,0,0,0,0,0,0,0,0,0,0,0,0,0,0,0,0,0,0,0,0,0,0,0,0,0,0,0,0,0,0,0,0,0,0,0,0,0,0,0,0,0,0,0,0,0,0,0,0,0,0,0,0,0,0,0,0,0,0,0
"77",250.226375,250.4506,250.458625,250.571725,251.087075,251.346175,251.552575,251.7164,251.94165,251.9507,252.421675,252.42745,252.481925,252.61275,252.700025,252.939725,253.0089,253.19285,253.695625,253.748875,253.95145,254.0911,254.119575,254.1623,254.1639,254.237975,254.279675,254.580425,254.79045,254.95725,255.183175,255.72995,256.32245,256.502225,256.88855,256.9536,256.9584,257.1024,257.2977,258.023625,258.156,259.21,259.370525,259.554175,259.663775,263.965175,264.137725,0,0,0,0,0,0,0,0,0,0,0,0,0,0,0,0,0,0,0,0,0,0,0,0,0,0,0,0,0,0,0,0,0,0,0,0,0,0,0,0,0,0,0,0,0,0,0,0,0,0,0,0,0,0,0,0,0,0,0,0,0,0,0,0,0,0,0,0,0,0,0,0,0,0,0,0,0,0,0,0,0,0,0,0,0,0,0,0,0,0,0,0,0,0,0,0,0,0,0,0,0,0,0,0,0,0,0,0,0,0,0,0,0,0,0,0,0,0,0,0,0,0,0,0,0,0,0,0,0,0,0,0,0,0,0,0,0,0,0,0,0,0,0,0,0,0,0,0,0,0,0,0,0,0,0,0,0,0,0,0,0,0,0,0,0,0,0,0,0,0,0,0,0,0,0,0,0,0,0,0,0,0,0,0,0,0,0,0,0,0,0,0,0,0,0,0,0,0,0,0,0,0,0,0,0,0,0,0,0,0,0,0,0,0,0,0,0,0,0,0,0,0,0,0,0,0,0,0,0,0,0,0,0,0,0,0,0,0,0,0,0,0,0,0,0,0,0,0,0,0,0,0,0,0,0,0,0,0,0,0,0,0,0,0,0,0,0,0,0,0,0,0,0,0,0,0,0,0,0,0,0,0,0,0,0,0,0,0,0,0,0,0,0,0,0,0,0,0,0,0,0,0,0,0,0,0,0,0,0,0,0,0,0,0,0,0,0,0,0
"78",249.561425,250.419675,250.613375,250.6598,250.731025,250.975575,251.0603,251.0984,251.171725,251.25925,251.265875,251.29525,251.317775,251.377275,251.41615,251.51695,251.59545,251.599725,251.60105,251.62595,251.68845,251.7049,251.753175,251.805975,251.9519,252.012475,252.053525,252.125675,252.157675,252.194025,252.257575,252.278075,252.293475,252.31155,252.345725,252.380425,252.426775,252.50155,252.5127,252.51875,252.528975,252.53045,252.5558,252.56625,252.575725,252.588375,252.65125,252.72115,252.7427,252.802375,252.8369,252.856975,252.8632,252.8906,252.8922,252.902925,252.9137,252.920125,252.944725,252.982275,253.070575,253.1489,253.1544,253.245275,253.248775,253.2921,253.374375,253.37575,253.384325,253.423675,253.445,253.46215,253.4897,253.5112,253.519425,253.523275,253.629275,253.66105,253.728575,253.740775,253.74355,253.753825,253.800325,253.840275,253.854225,253.883325,253.894975,253.92085,253.950975,254.127025,254.1808,254.206675,254.264875,254.289825,254.32495,254.354525,254.4399,254.525075,254.690875,254.791875,254.793625,254.797875,254.857025,254.869825,254.902575,254.948775,255.030825,255.0361,255.0468,255.072425,255.098475,255.17315,255.209975,255.2156,255.236275,255.25205,255.290225,255.334925,255.349475,255.41245,255.4298,255.44935,255.6002,255.63575,255.660325,255.688475,255.80895,255.812175,255.9295,255.97505,256.321775,256.371475,256.373275,256.384325,256.429675,256.43765,256.498175,256.6195,256.696175,256.7295,256.77775,256.81495,256.8271,256.884375,256.935125,256.97195,257.026375,257.07155,257.1275,257.167825,257.188525,257.235525,257.254525,257.33695,257.383125,257.38595,257.5742,257.771275,257.8438,257.8744,257.8928,257.94235,257.953375,257.9746,257.988675,257.995425,258.001725,258.025125,258.079525,258.21025,258.280375,258.334175,258.404425,258.420475,258.446225,258.481775,258.512225,258.525275,258.564325,258.63435,258.659,258.679975,258.709925,258.711025,258.736875,258.785725,258.8143,258.87865,258.95215,258.9772,259.0625,259.258175,259.2884,259.40905,259.4946,259.51105,259.648875,259.69885,259.7634,259.7774,259.80405,259.806425,259.9238,260.056525,260.152,260.162625,260.23625,260.24945,260.2584,260.3464,260.38135,260.55715,260.5609,260.71015,260.750125,260.754925,260.81395,260.82405,260.8926,260.937975,260.94055,260.9922,261.126775,261.21005,261.243575,261.395525,261.521,261.65565,261.78405,261.873775,261.998425,262.102,262.2969,262.31565,262.7547,262.868025,263.027375,263.269025,263.524875,263.725325,263.83095,263.8893,263.98665,264.112825,264.177825,264.238025,264.29175,264.403525,264.44945,264.4994,264.527825,264.6075,264.6438,264.677575,264.85255,264.93825,265.005875,265.667725,0,0,0,0,0,0,0,0,0,0,0,0,0,0,0,0,0,0,0,0,0,0,0,0,0,0,0,0,0,0,0,0,0,0,0,0,0,0,0,0,0,0,0,0,0,0,0,0,0,0,0,0,0,0,0,0,0,0,0,0,0,0,0,0,0,0,0,0,0,0,0,0,0,0,0,0,0,0,0,0,0,0,0,0,0,0,0,0,0,0,0,0,0,0,0,0,0,0,0,0,0,0,0,0,0,0,0,0
"79",250.5592,251.704175,251.83315,251.88515,251.91395,251.950025,251.982,252.0172,252.68095,253.83755,253.947825,254.034675,255.5652,256.4696,256.5478,256.628325,257.185775,257.89905,257.9625,258.1099,258.9353,259.02095,259.42435,0,0,0,0,0,0,0,0,0,0,0,0,0,0,0,0,0,0,0,0,0,0,0,0,0,0,0,0,0,0,0,0,0,0,0,0,0,0,0,0,0,0,0,0,0,0,0,0,0,0,0,0,0,0,0,0,0,0,0,0,0,0,0,0,0,0,0,0,0,0,0,0,0,0,0,0,0,0,0,0,0,0,0,0,0,0,0,0,0,0,0,0,0,0,0,0,0,0,0,0,0,0,0,0,0,0,0,0,0,0,0,0,0,0,0,0,0,0,0,0,0,0,0,0,0,0,0,0,0,0,0,0,0,0,0,0,0,0,0,0,0,0,0,0,0,0,0,0,0,0,0,0,0,0,0,0,0,0,0,0,0,0,0,0,0,0,0,0,0,0,0,0,0,0,0,0,0,0,0,0,0,0,0,0,0,0,0,0,0,0,0,0,0,0,0,0,0,0,0,0,0,0,0,0,0,0,0,0,0,0,0,0,0,0,0,0,0,0,0,0,0,0,0,0,0,0,0,0,0,0,0,0,0,0,0,0,0,0,0,0,0,0,0,0,0,0,0,0,0,0,0,0,0,0,0,0,0,0,0,0,0,0,0,0,0,0,0,0,0,0,0,0,0,0,0,0,0,0,0,0,0,0,0,0,0,0,0,0,0,0,0,0,0,0,0,0,0,0,0,0,0,0,0,0,0,0,0,0,0,0,0,0,0,0,0,0,0,0,0,0,0,0,0,0,0,0,0,0,0,0,0,0,0,0,0,0,0,0,0,0,0,0,0
"80",250.403325,250.575775,251.076025,251.18575,251.23345,251.482025,251.543575,251.985275,252.04785,252.06805,252.1401,252.2814,252.3518,252.37495,252.394025,252.459225,252.4696,252.653325,252.855325,252.86115,252.896525,252.9186,252.98725,253.080675,253.259875,253.314925,253.430875,253.5307,253.583075,253.700275,253.7172,253.752675,253.774875,253.886125,254.57345,254.599825,254.688175,254.7721,254.781725,254.803375,254.929625,254.96805,255.10755,255.13045,255.22415,255.330025,255.478875,255.544775,255.549975,255.57995,255.6424,255.7069,255.76685,255.881125,256.087575,256.297325,256.341925,256.74785,256.86185,256.949475,257.052375,257.25285,257.266775,257.299425,257.49095,257.59195,258.54515,258.588525,258.705275,258.753325,258.9044,258.9846,259.319875,259.407,259.502375,259.567425,260.1352,261.1406,261.23515,261.45115,261.52715,0,0,0,0,0,0,0,0,0,0,0,0,0,0,0,0,0,0,0,0,0,0,0,0,0,0,0,0,0,0,0,0,0,0,0,0,0,0,0,0,0,0,0,0,0,0,0,0,0,0,0,0,0,0,0,0,0,0,0,0,0,0,0,0,0,0,0,0,0,0,0,0,0,0,0,0,0,0,0,0,0,0,0,0,0,0,0,0,0,0,0,0,0,0,0,0,0,0,0,0,0,0,0,0,0,0,0,0,0,0,0,0,0,0,0,0,0,0,0,0,0,0,0,0,0,0,0,0,0,0,0,0,0,0,0,0,0,0,0,0,0,0,0,0,0,0,0,0,0,0,0,0,0,0,0,0,0,0,0,0,0,0,0,0,0,0,0,0,0,0,0,0,0,0,0,0,0,0,0,0,0,0,0,0,0,0,0,0,0,0,0,0,0,0,0,0,0,0,0,0,0,0,0,0,0,0,0,0,0,0,0,0,0,0,0,0,0,0,0,0,0,0,0,0,0,0,0,0,0,0,0,0,0,0,0,0,0,0,0,0,0,0,0,0,0,0,0,0,0,0,0,0,0,0,0,0,0,0,0,0,0,0,0,0,0,0,0,0,0,0,0,0,0,0,0,0,0,0,0,0,0,0,0,0,0
"81",250.28815,250.392025,250.516,250.584325,250.62925,250.7275,250.732975,250.780025,250.7808,250.952625,250.99185,251.218,251.250275,251.2812,251.515325,251.731075,251.774575,251.814125,251.8647,251.87135,251.97475,252.0004,252.04325,252.2252,252.325525,252.42215,252.532075,252.64315,252.86845,253.0134,253.052825,253.111225,253.28205,253.323125,253.379375,253.4052,253.66355,253.66825,253.687075,253.76495,253.80095,253.8644,253.927475,254.0559,254.070075,254.09555,254.15035,254.17615,254.188975,254.211425,254.249125,254.37485,254.407175,254.481925,254.535525,254.59685,254.611325,254.6197,254.676,254.7556,254.78855,255.086125,255.166125,255.356875,255.426225,255.4384,255.4867,255.5354,255.5784,255.598825,255.624275,255.659275,255.69985,255.95015,255.96935,256.00075,256.04415,256.149,256.201,256.302075,256.35775,256.447425,256.45785,256.5112,256.67005,256.739925,256.83695,256.899075,257.230175,257.267825,257.380575,257.437525,257.5679,257.6205,257.9404,258.01255,258.032175,258.113525,258.1736,258.220575,258.6549,258.792625,259.2458,259.596525,259.80375,260.016125,260.072575,261.672125,263.14785,263.582425,263.764575,263.80605,263.83365,263.92,264.015625,264.3696,264.507275,264.650475,264.829175,0,0,0,0,0,0,0,0,0,0,0,0,0,0,0,0,0,0,0,0,0,0,0,0,0,0,0,0,0,0,0,0,0,0,0,0,0,0,0,0,0,0,0,0,0,0,0,0,0,0,0,0,0,0,0,0,0,0,0,0,0,0,0,0,0,0,0,0,0,0,0,0,0,0,0,0,0,0,0,0,0,0,0,0,0,0,0,0,0,0,0,0,0,0,0,0,0,0,0,0,0,0,0,0,0,0,0,0,0,0,0,0,0,0,0,0,0,0,0,0,0,0,0,0,0,0,0,0,0,0,0,0,0,0,0,0,0,0,0,0,0,0,0,0,0,0,0,0,0,0,0,0,0,0,0,0,0,0,0,0,0,0,0,0,0,0,0,0,0,0,0,0,0,0,0,0,0,0,0,0,0,0,0,0,0,0,0,0,0,0,0,0,0,0,0,0,0,0,0,0,0,0,0,0,0,0,0,0,0,0,0,0,0,0,0,0,0,0,0,0,0,0,0,0,0,0,0,0,0,0,0,0,0,0,0,0,0,0,0,0,0,0,0,0,0,0,0
"82",250.3885,250.46885,250.520325,251.675575,251.877175,253.208925,253.2878,255.350725,256.2244,256.31165,256.36115,256.365075,256.379175,257.36735,257.51665,257.880725,257.93515,257.97365,258.18425,258.22245,258.2305,258.2825,258.300925,259.164025,259.267425,260.0422,261.390075,0,0,0,0,0,0,0,0,0,0,0,0,0,0,0,0,0,0,0,0,0,0,0,0,0,0,0,0,0,0,0,0,0,0,0,0,0,0,0,0,0,0,0,0,0,0,0,0,0,0,0,0,0,0,0,0,0,0,0,0,0,0,0,0,0,0,0,0,0,0,0,0,0,0,0,0,0,0,0,0,0,0,0,0,0,0,0,0,0,0,0,0,0,0,0,0,0,0,0,0,0,0,0,0,0,0,0,0,0,0,0,0,0,0,0,0,0,0,0,0,0,0,0,0,0,0,0,0,0,0,0,0,0,0,0,0,0,0,0,0,0,0,0,0,0,0,0,0,0,0,0,0,0,0,0,0,0,0,0,0,0,0,0,0,0,0,0,0,0,0,0,0,0,0,0,0,0,0,0,0,0,0,0,0,0,0,0,0,0,0,0,0,0,0,0,0,0,0,0,0,0,0,0,0,0,0,0,0,0,0,0,0,0,0,0,0,0,0,0,0,0,0,0,0,0,0,0,0,0,0,0,0,0,0,0,0,0,0,0,0,0,0,0,0,0,0,0,0,0,0,0,0,0,0,0,0,0,0,0,0,0,0,0,0,0,0,0,0,0,0,0,0,0,0,0,0,0,0,0,0,0,0,0,0,0,0,0,0,0,0,0,0,0,0,0,0,0,0,0,0,0,0,0,0,0,0,0,0,0,0,0,0,0,0,0,0,0,0,0,0,0,0,0,0,0,0,0,0,0,0,0,0,0,0,0,0,0,0,0
"83",249.783225,254.27785,254.361925,254.398725,254.464075,254.61055,255.9676,256.028825,256.121075,256.285575,0,0,0,0,0,0,0,0,0,0,0,0,0,0,0,0,0,0,0,0,0,0,0,0,0,0,0,0,0,0,0,0,0,0,0,0,0,0,0,0,0,0,0,0,0,0,0,0,0,0,0,0,0,0,0,0,0,0,0,0,0,0,0,0,0,0,0,0,0,0,0,0,0,0,0,0,0,0,0,0,0,0,0,0,0,0,0,0,0,0,0,0,0,0,0,0,0,0,0,0,0,0,0,0,0,0,0,0,0,0,0,0,0,0,0,0,0,0,0,0,0,0,0,0,0,0,0,0,0,0,0,0,0,0,0,0,0,0,0,0,0,0,0,0,0,0,0,0,0,0,0,0,0,0,0,0,0,0,0,0,0,0,0,0,0,0,0,0,0,0,0,0,0,0,0,0,0,0,0,0,0,0,0,0,0,0,0,0,0,0,0,0,0,0,0,0,0,0,0,0,0,0,0,0,0,0,0,0,0,0,0,0,0,0,0,0,0,0,0,0,0,0,0,0,0,0,0,0,0,0,0,0,0,0,0,0,0,0,0,0,0,0,0,0,0,0,0,0,0,0,0,0,0,0,0,0,0,0,0,0,0,0,0,0,0,0,0,0,0,0,0,0,0,0,0,0,0,0,0,0,0,0,0,0,0,0,0,0,0,0,0,0,0,0,0,0,0,0,0,0,0,0,0,0,0,0,0,0,0,0,0,0,0,0,0,0,0,0,0,0,0,0,0,0,0,0,0,0,0,0,0,0,0,0,0,0,0,0,0,0,0,0,0,0,0,0,0,0,0,0,0,0,0,0,0,0
"84",250.0511,250.256975,250.383775,250.509225,250.63775,250.702075,251.659475,251.7414,251.81895,251.85225,251.9994,252.1287,252.73645,252.832875,253.160625,253.222275,253.26725,253.297575,253.340425,253.5975,254.5339,254.638725,254.7202,256.158775,256.2272,256.264125,256.3668,256.40835,256.4543,256.524425,256.845325,257.3352,257.578725,257.652625,257.6943,257.733725,257.790225,257.82415,257.8468,257.92555,257.9939,258.06395,258.075575,258.1365,258.243475,258.3243,258.55555,259.276375,259.332975,259.379975,259.50675,259.55,259.575825,259.59595,259.631,259.6877,259.706375,259.719375,259.7476,259.813475,259.85875,259.88555,259.926125,259.94915,260.0823,260.123625,260.1757,261.0938,261.246475,261.295975,261.3424,261.388475,261.4396,261.463025,261.48225,261.50095,261.572875,261.6062,261.6264,261.68145,261.7037,261.737925,261.761275,261.812975,261.831125,261.85695,261.893525,261.94955,261.962425,262.037675,262.0603,262.1271,262.1642,262.198475,262.2219,262.25855,262.368725,262.441575,262.516775,262.586875,262.64345,262.8933,262.98575,0,0,0,0,0,0,0,0,0,0,0,0,0,0,0,0,0,0,0,0,0,0,0,0,0,0,0,0,0,0,0,0,0,0,0,0,0,0,0,0,0,0,0,0,0,0,0,0,0,0,0,0,0,0,0,0,0,0,0,0,0,0,0,0,0,0,0,0,0,0,0,0,0,0,0,0,0,0,0,0,0,0,0,0,0,0,0,0,0,0,0,0,0,0,0,0,0,0,0,0,0,0,0,0,0,0,0,0,0,0,0,0,0,0,0,0,0,0,0,0,0,0,0,0,0,0,0,0,0,0,0,0,0,0,0,0,0,0,0,0,0,0,0,0,0,0,0,0,0,0,0,0,0,0,0,0,0,0,0,0,0,0,0,0,0,0,0,0,0,0,0,0,0,0,0,0,0,0,0,0,0,0,0,0,0,0,0,0,0,0,0,0,0,0,0,0,0,0,0,0,0,0,0,0,0,0,0,0,0,0,0,0,0,0,0,0,0,0,0,0,0,0,0,0,0,0,0,0,0,0,0,0,0,0,0,0,0,0,0,0,0,0,0,0,0,0,0,0,0,0,0,0,0,0,0,0,0,0,0,0,0,0,0
"85",252.245075,252.36645,252.4356,252.4929,252.514125,253.5489,253.637,253.842225,253.925575,254.13615,255.070825,255.088825,256.80895,256.943125,257.01285,258.83405,0,0,0,0,0,0,0,0,0,0,0,0,0,0,0,0,0,0,0,0,0,0,0,0,0,0,0,0,0,0,0,0,0,0,0,0,0,0,0,0,0,0,0,0,0,0,0,0,0,0,0,0,0,0,0,0,0,0,0,0,0,0,0,0,0,0,0,0,0,0,0,0,0,0,0,0,0,0,0,0,0,0,0,0,0,0,0,0,0,0,0,0,0,0,0,0,0,0,0,0,0,0,0,0,0,0,0,0,0,0,0,0,0,0,0,0,0,0,0,0,0,0,0,0,0,0,0,0,0,0,0,0,0,0,0,0,0,0,0,0,0,0,0,0,0,0,0,0,0,0,0,0,0,0,0,0,0,0,0,0,0,0,0,0,0,0,0,0,0,0,0,0,0,0,0,0,0,0,0,0,0,0,0,0,0,0,0,0,0,0,0,0,0,0,0,0,0,0,0,0,0,0,0,0,0,0,0,0,0,0,0,0,0,0,0,0,0,0,0,0,0,0,0,0,0,0,0,0,0,0,0,0,0,0,0,0,0,0,0,0,0,0,0,0,0,0,0,0,0,0,0,0,0,0,0,0,0,0,0,0,0,0,0,0,0,0,0,0,0,0,0,0,0,0,0,0,0,0,0,0,0,0,0,0,0,0,0,0,0,0,0,0,0,0,0,0,0,0,0,0,0,0,0,0,0,0,0,0,0,0,0,0,0,0,0,0,0,0,0,0,0,0,0,0,0,0,0,0,0,0,0,0,0,0,0,0,0,0,0,0,0,0,0,0,0,0,0,0,0,0
"86",250.1144,250.278525,250.336325,250.541925,250.678725,250.823575,251.32025,251.793475,251.847,252.342925,252.442775,252.912425,253.2101,253.293075,253.952725,254.85195,256.28195,256.336325,256.442275,257.84165,257.881925,257.94385,257.9697,259.57825,259.6346,259.714975,261.663425,261.73105,261.86595,0,0,0,0,0,0,0,0,0,0,0,0,0,0,0,0,0,0,0,0,0,0,0,0,0,0,0,0,0,0,0,0,0,0,0,0,0,0,0,0,0,0,0,0,0,0,0,0,0,0,0,0,0,0,0,0,0,0,0,0,0,0,0,0,0,0,0,0,0,0,0,0,0,0,0,0,0,0,0,0,0,0,0,0,0,0,0,0,0,0,0,0,0,0,0,0,0,0,0,0,0,0,0,0,0,0,0,0,0,0,0,0,0,0,0,0,0,0,0,0,0,0,0,0,0,0,0,0,0,0,0,0,0,0,0,0,0,0,0,0,0,0,0,0,0,0,0,0,0,0,0,0,0,0,0,0,0,0,0,0,0,0,0,0,0,0,0,0,0,0,0,0,0,0,0,0,0,0,0,0,0,0,0,0,0,0,0,0,0,0,0,0,0,0,0,0,0,0,0,0,0,0,0,0,0,0,0,0,0,0,0,0,0,0,0,0,0,0,0,0,0,0,0,0,0,0,0,0,0,0,0,0,0,0,0,0,0,0,0,0,0,0,0,0,0,0,0,0,0,0,0,0,0,0,0,0,0,0,0,0,0,0,0,0,0,0,0,0,0,0,0,0,0,0,0,0,0,0,0,0,0,0,0,0,0,0,0,0,0,0,0,0,0,0,0,0,0,0,0,0,0,0,0,0,0,0,0,0,0,0,0,0,0,0,0,0,0,0,0,0,0,0,0,0,0,0,0,0,0,0,0,0,0,0,0,0,0
"87",250.67915,250.715325,251.7995,253.0585,254.618875,254.8143,256.411925,257.810125,257.9764,258.101175,258.27645,260.015075,0,0,0,0,0,0,0,0,0,0,0,0,0,0,0,0,0,0,0,0,0,0,0,0,0,0,0,0,0,0,0,0,0,0,0,0,0,0,0,0,0,0,0,0,0,0,0,0,0,0,0,0,0,0,0,0,0,0,0,0,0,0,0,0,0,0,0,0,0,0,0,0,0,0,0,0,0,0,0,0,0,0,0,0,0,0,0,0,0,0,0,0,0,0,0,0,0,0,0,0,0,0,0,0,0,0,0,0,0,0,0,0,0,0,0,0,0,0,0,0,0,0,0,0,0,0,0,0,0,0,0,0,0,0,0,0,0,0,0,0,0,0,0,0,0,0,0,0,0,0,0,0,0,0,0,0,0,0,0,0,0,0,0,0,0,0,0,0,0,0,0,0,0,0,0,0,0,0,0,0,0,0,0,0,0,0,0,0,0,0,0,0,0,0,0,0,0,0,0,0,0,0,0,0,0,0,0,0,0,0,0,0,0,0,0,0,0,0,0,0,0,0,0,0,0,0,0,0,0,0,0,0,0,0,0,0,0,0,0,0,0,0,0,0,0,0,0,0,0,0,0,0,0,0,0,0,0,0,0,0,0,0,0,0,0,0,0,0,0,0,0,0,0,0,0,0,0,0,0,0,0,0,0,0,0,0,0,0,0,0,0,0,0,0,0,0,0,0,0,0,0,0,0,0,0,0,0,0,0,0,0,0,0,0,0,0,0,0,0,0,0,0,0,0,0,0,0,0,0,0,0,0,0,0,0,0,0,0,0,0,0,0,0,0,0,0,0,0,0,0,0,0,0,0
"88",250.578625,250.72615,250.7884,251.848725,251.922,252.2881,252.419,252.4288,252.994425,253.0761,253.3871,253.541975,253.911425,253.9728,254.312625,255.505325,256.0042,256.40665,256.627625,256.970225,257.022175,257.050725,257.177725,258.1287,259.4371,0,0,0,0,0,0,0,0,0,0,0,0,0,0,0,0,0,0,0,0,0,0,0,0,0,0,0,0,0,0,0,0,0,0,0,0,0,0,0,0,0,0,0,0,0,0,0,0,0,0,0,0,0,0,0,0,0,0,0,0,0,0,0,0,0,0,0,0,0,0,0,0,0,0,0,0,0,0,0,0,0,0,0,0,0,0,0,0,0,0,0,0,0,0,0,0,0,0,0,0,0,0,0,0,0,0,0,0,0,0,0,0,0,0,0,0,0,0,0,0,0,0,0,0,0,0,0,0,0,0,0,0,0,0,0,0,0,0,0,0,0,0,0,0,0,0,0,0,0,0,0,0,0,0,0,0,0,0,0,0,0,0,0,0,0,0,0,0,0,0,0,0,0,0,0,0,0,0,0,0,0,0,0,0,0,0,0,0,0,0,0,0,0,0,0,0,0,0,0,0,0,0,0,0,0,0,0,0,0,0,0,0,0,0,0,0,0,0,0,0,0,0,0,0,0,0,0,0,0,0,0,0,0,0,0,0,0,0,0,0,0,0,0,0,0,0,0,0,0,0,0,0,0,0,0,0,0,0,0,0,0,0,0,0,0,0,0,0,0,0,0,0,0,0,0,0,0,0,0,0,0,0,0,0,0,0,0,0,0,0,0,0,0,0,0,0,0,0,0,0,0,0,0,0,0,0,0,0,0,0,0,0,0,0,0,0,0,0,0,0,0,0,0,0,0,0,0,0,0,0,0,0,0,0,0,0,0,0,0,0,0
"89",249.8709,250.010975,250.116075,250.21735,250.283475,250.33425,250.364,250.444075,250.506025,250.712125,250.714225,251.733525,251.778825,251.8657,251.868025,251.88455,253.2388,253.252175,254.680425,254.7252,256.180225,256.27855,256.29325,256.316275,257.80335,257.845675,257.89465,258.074575,259.4984,259.546375,259.560075,259.5839,259.679425,259.70965,259.72915,261.251525,261.4567,261.560875,261.6018,261.665675,261.982825,263.7541,265.00135,265.17915,265.292075,265.42115,265.582525,265.69705,266.1029,266.319775,266.7637,273.55565,0,0,0,0,0,0,0,0,0,0,0,0,0,0,0,0,0,0,0,0,0,0,0,0,0,0,0,0,0,0,0,0,0,0,0,0,0,0,0,0,0,0,0,0,0,0,0,0,0,0,0,0,0,0,0,0,0,0,0,0,0,0,0,0,0,0,0,0,0,0,0,0,0,0,0,0,0,0,0,0,0,0,0,0,0,0,0,0,0,0,0,0,0,0,0,0,0,0,0,0,0,0,0,0,0,0,0,0,0,0,0,0,0,0,0,0,0,0,0,0,0,0,0,0,0,0,0,0,0,0,0,0,0,0,0,0,0,0,0,0,0,0,0,0,0,0,0,0,0,0,0,0,0,0,0,0,0,0,0,0,0,0,0,0,0,0,0,0,0,0,0,0,0,0,0,0,0,0,0,0,0,0,0,0,0,0,0,0,0,0,0,0,0,0,0,0,0,0,0,0,0,0,0,0,0,0,0,0,0,0,0,0,0,0,0,0,0,0,0,0,0,0,0,0,0,0,0,0,0,0,0,0,0,0,0,0,0,0,0,0,0,0,0,0,0,0,0,0,0,0,0,0,0,0,0,0,0,0,0,0,0,0,0,0,0,0,0,0,0,0,0,0,0,0,0,0,0,0,0,0,0,0,0,0,0,0,0,0,0,0,0,0,0,0,0,0,0,0,0,0,0,0,0,0,0,0,0,0,0,0,0,0,0,0
"90",250.63605,250.716225,250.756975,251.010425,251.1673,251.247925,251.427175,251.57655,251.918725,251.97105,252.423275,252.517225,253.004975,253.08185,253.104675,253.182275,253.48035,253.6927,253.8552,254.758,254.833225,254.860425,255.156675,256.69285,256.838925,257.214025,258.141125,258.170875,258.22675,259.9463,260.005025,260.07545,260.1013,260.13405,260.1953,260.4385,262.1141,264.559775,0,0,0,0,0,0,0,0,0,0,0,0,0,0,0,0,0,0,0,0,0,0,0,0,0,0,0,0,0,0,0,0,0,0,0,0,0,0,0,0,0,0,0,0,0,0,0,0,0,0,0,0,0,0,0,0,0,0,0,0,0,0,0,0,0,0,0,0,0,0,0,0,0,0,0,0,0,0,0,0,0,0,0,0,0,0,0,0,0,0,0,0,0,0,0,0,0,0,0,0,0,0,0,0,0,0,0,0,0,0,0,0,0,0,0,0,0,0,0,0,0,0,0,0,0,0,0,0,0,0,0,0,0,0,0,0,0,0,0,0,0,0,0,0,0,0,0,0,0,0,0,0,0,0,0,0,0,0,0,0,0,0,0,0,0,0,0,0,0,0,0,0,0,0,0,0,0,0,0,0,0,0,0,0,0,0,0,0,0,0,0,0,0,0,0,0,0,0,0,0,0,0,0,0,0,0,0,0,0,0,0,0,0,0,0,0,0,0,0,0,0,0,0,0,0,0,0,0,0,0,0,0,0,0,0,0,0,0,0,0,0,0,0,0,0,0,0,0,0,0,0,0,0,0,0,0,0,0,0,0,0,0,0,0,0,0,0,0,0,0,0,0,0,0,0,0,0,0,0,0,0,0,0,0,0,0,0,0,0,0,0,0,0,0,0,0,0,0,0,0,0,0,0,0,0,0,0,0,0,0,0,0,0,0,0,0,0,0,0,0,0,0,0,0,0,0,0,0
"91",250.590675,251.5042,251.60525,251.685325,251.722375,251.83625,252.743825,252.840975,252.96935,253.3648,254.0784,254.14175,254.30605,254.388125,254.57255,255.1436,255.518275,255.58785,255.724925,255.90805,256.24225,256.3514,256.430675,256.720925,256.919925,257.0656,257.133525,257.163425,257.25055,257.410625,257.594475,257.655,257.736125,257.790925,258.04855,258.121675,258.7201,258.875125,259.0938,259.28425,259.354725,259.487275,259.698075,259.9959,260.162025,260.505725,260.774925,260.946975,261.043675,261.124375,261.2308,261.48875,261.584275,261.677875,261.75005,262.058825,262.393775,262.91855,263.528175,263.7763,0,0,0,0,0,0,0,0,0,0,0,0,0,0,0,0,0,0,0,0,0,0,0,0,0,0,0,0,0,0,0,0,0,0,0,0,0,0,0,0,0,0,0,0,0,0,0,0,0,0,0,0,0,0,0,0,0,0,0,0,0,0,0,0,0,0,0,0,0,0,0,0,0,0,0,0,0,0,0,0,0,0,0,0,0,0,0,0,0,0,0,0,0,0,0,0,0,0,0,0,0,0,0,0,0,0,0,0,0,0,0,0,0,0,0,0,0,0,0,0,0,0,0,0,0,0,0,0,0,0,0,0,0,0,0,0,0,0,0,0,0,0,0,0,0,0,0,0,0,0,0,0,0,0,0,0,0,0,0,0,0,0,0,0,0,0,0,0,0,0,0,0,0,0,0,0,0,0,0,0,0,0,0,0,0,0,0,0,0,0,0,0,0,0,0,0,0,0,0,0,0,0,0,0,0,0,0,0,0,0,0,0,0,0,0,0,0,0,0,0,0,0,0,0,0,0,0,0,0,0,0,0,0,0,0,0,0,0,0,0,0,0,0,0,0,0,0,0,0,0,0,0,0,0,0,0,0,0,0,0,0,0,0,0,0,0,0,0,0,0,0,0,0,0,0,0,0,0,0,0,0,0,0,0,0,0,0,0,0,0,0,0,0,0,0,0,0,0,0,0,0,0,0,0,0,0
"92",252.29175,252.354475,252.390175,253.51895,253.559575,253.78215,253.881475,253.9893,254.015175,256.186975,256.818175,257.24965,0,0,0,0,0,0,0,0,0,0,0,0,0,0,0,0,0,0,0,0,0,0,0,0,0,0,0,0,0,0,0,0,0,0,0,0,0,0,0,0,0,0,0,0,0,0,0,0,0,0,0,0,0,0,0,0,0,0,0,0,0,0,0,0,0,0,0,0,0,0,0,0,0,0,0,0,0,0,0,0,0,0,0,0,0,0,0,0,0,0,0,0,0,0,0,0,0,0,0,0,0,0,0,0,0,0,0,0,0,0,0,0,0,0,0,0,0,0,0,0,0,0,0,0,0,0,0,0,0,0,0,0,0,0,0,0,0,0,0,0,0,0,0,0,0,0,0,0,0,0,0,0,0,0,0,0,0,0,0,0,0,0,0,0,0,0,0,0,0,0,0,0,0,0,0,0,0,0,0,0,0,0,0,0,0,0,0,0,0,0,0,0,0,0,0,0,0,0,0,0,0,0,0,0,0,0,0,0,0,0,0,0,0,0,0,0,0,0,0,0,0,0,0,0,0,0,0,0,0,0,0,0,0,0,0,0,0,0,0,0,0,0,0,0,0,0,0,0,0,0,0,0,0,0,0,0,0,0,0,0,0,0,0,0,0,0,0,0,0,0,0,0,0,0,0,0,0,0,0,0,0,0,0,0,0,0,0,0,0,0,0,0,0,0,0,0,0,0,0,0,0,0,0,0,0,0,0,0,0,0,0,0,0,0,0,0,0,0,0,0,0,0,0,0,0,0,0,0,0,0,0,0,0,0,0,0,0,0,0,0,0,0,0,0,0,0,0,0,0,0,0,0,0,0
"93",250.06735,250.221875,250.2725,250.31875,250.42465,251.119625,251.4275,251.722175,252.010925,252.0172,252.0279,252.0425,252.054725,252.08095,252.16145,252.223475,252.299875,252.313,252.3212,252.33795,252.38335,252.405875,252.413825,252.434225,252.441,252.468625,252.474475,252.503375,252.51515,252.529125,252.5409,252.56765,252.599075,252.655325,252.67395,253.028475,253.045425,253.19965,253.212675,253.2508,253.315125,253.33055,253.346475,253.370825,253.38485,253.404075,253.470525,253.497675,253.5078,253.515975,253.532,253.54235,253.54985,253.570225,253.60475,253.64135,253.658175,253.68505,253.69795,253.7095,253.731375,253.741775,253.7479,253.74935,253.77345,253.8163,253.84815,253.857375,253.87055,253.88405,253.8931,253.915875,253.938975,253.955775,253.964025,253.9834,254.0023,254.012075,254.08515,254.10455,254.221175,254.681275,254.7164,254.7318,254.7627,254.7917,254.8011,254.809475,254.820375,254.84685,254.872075,254.890675,254.90345,254.9137,254.935825,254.980925,254.98745,254.99765,255.010875,255.0166,255.0311,255.0764,255.102125,255.11765,255.1289,255.14705,255.16595,255.22105,255.272075,255.304425,255.367375,255.420075,255.487675,255.53895,256.2088,256.2547,256.30725,256.39095,256.39855,256.4898,256.511075,256.52635,256.528025,256.553325,256.606225,256.648125,256.668125,256.6929,256.70085,256.725,256.7554,256.782875,256.794775,256.8248,256.85365,256.89915,256.92275,256.9298,256.9368,256.953275,256.9972,257.041,257.0544,257.070225,257.094825,257.109525,257.169,257.392125,257.7935,257.79875,257.841575,258.164425,258.313625,258.49965,258.5194,258.6086,258.679775,258.6932,258.72305,258.7375,258.747425,258.785525,258.9106,258.9601,259.32475,259.56035,259.673725,259.849025,260.198475,260.451575,260.5342,260.5492,260.56445,260.63515,260.64415,260.677375,260.745275,260.7676,260.77995,260.791375,260.79925,260.8173,260.8463,260.86415,260.8753,260.909125,260.980475,261.0057,261.034725,261.483975,261.74075,263.221375,263.392275,263.40225,263.4161,263.442475,263.4549,263.465725,263.490075,263.5008,263.563425,263.608675,263.618825,263.63895,263.656825,263.68405,263.692125,263.70085,263.724375,263.74715,263.76045,263.776675,263.822875,263.830825,263.83775,263.855475,263.8898,263.900525,263.931425,263.95985,263.985075,264.0012,264.0207,264.04865,264.059925,264.081675,264.0895,264.110925,264.1167,264.137925,264.1587,264.176875,264.1935,264.20145,264.2333,264.24285,264.295225,264.389675,264.4278,264.4345,264.499925,264.524525,264.5581,264.5882,264.724625,264.782625,0,0,0,0,0,0,0,0,0,0,0,0,0,0,0,0,0,0,0,0,0,0,0,0,0,0,0,0,0,0,0,0,0,0,0,0,0,0,0,0,0,0,0,0,0,0,0,0,0,0,0,0,0,0,0,0,0,0,0,0,0,0,0,0,0,0,0,0,0,0,0,0,0,0,0,0,0,0,0,0,0,0,0,0,0,0,0,0,0,0,0,0,0,0,0,0,0,0,0,0,0,0,0,0,0,0,0,0,0,0,0,0,0,0,0,0,0,0,0,0
"94",240.417775,240.7191,240.95015,241.35985,241.561925,241.922425,242.27185,242.7089,242.90365,243.203,243.352625,243.62745,243.880725,244.115325,244.349775,244.58325,244.770375,244.987,245.2119,245.3966,245.71005,245.9576,246.2285,246.52485,246.809525,247.086525,247.3138,247.467825,247.7776,247.954275,248.214325,248.6093,249.0607,249.3821,249.541375,249.5872,249.6785,249.786025,249.9339,250.062675,250.133975,250.33785,250.584875,250.595225,250.674425,251.1447,251.18995,251.2676,251.32465,251.441525,251.4866,251.55185,251.63445,251.6755,251.719825,251.7879,251.8356,251.86245,251.926225,252.09665,252.1755,252.236125,252.288325,252.3303,252.3842,252.43115,252.5329,252.597175,252.6531,252.684275,252.761125,252.78335,252.800375,252.83345,252.865675,252.887,252.915325,252.932475,252.950875,252.965725,253.007825,253.033375,253.059925,253.087325,253.106075,253.1282,253.150875,253.168775,253.186025,253.22375,253.24565,253.316075,253.326925,253.374975,253.4627,253.486425,253.529825,253.5469,253.600625,253.66045,253.711625,253.77675,253.822,253.884675,254.0408,254.0796,254.105075,254.15195,254.1784,254.1947,254.239275,254.2556,254.2768,254.30925,254.32715,254.347775,254.362075,254.381025,254.38895,254.424025,254.444925,254.4564,254.4703,254.48255,254.49395,254.53105,254.548875,254.569125,254.61395,254.641025,254.65,254.66675,254.6968,254.735925,254.7772,254.93505,254.989475,255.023675,255.091475,255.14375,255.20375,255.296275,255.319125,255.405475,255.4419,255.459725,255.4865,255.518,255.52995,255.556925,255.58135,255.590725,255.608875,255.62005,255.637275,255.6492,255.67345,255.69715,255.7081,255.72895,255.7455,255.753325,255.7752,255.794225,255.8198,255.863775,255.882375,255.8992,255.9131,255.96265,255.97735,255.989175,256.0251,256.040725,256.0592,256.09005,256.10625,256.118675,256.137975,256.16205,256.17695,256.196275,256.215225,256.232275,256.25305,256.27545,256.2917,256.328075,256.34805,256.368225,256.385625,256.413225,256.454125,256.511925,256.68705,256.746825,256.815425,256.8657,256.9108,256.957325,257.027025,257.08045,257.11895,257.15825,257.195775,257.227175,257.249575,257.266825,257.29165,257.326175,257.3402,257.352875,257.37595,257.3906,257.398375,257.41885,257.4321,257.44325,257.452625,257.465375,257.48265,257.49575,257.5139,257.5219,257.529825,257.554,257.574775,257.58865,257.595025,257.612725,257.6218,257.6466,257.66395,257.67315,257.687275,257.6973,257.716075,257.7315,257.7512,257.784875,257.804325,257.822775,257.83465,257.8602,257.908225,257.9442,257.979625,258.03285,258.069075,258.1057,258.1847,258.26065,258.370525,258.418875,258.473875,258.528825,258.5848,258.6602,258.756075,258.804875,258.890375,258.922075,258.96525,259.005475,259.0273,259.047025,259.068,259.094725,259.10965,259.1259,259.140025,259.15755,259.17055,259.1893,259.20335,259.228675,259.24205,259.2492,259.27815,259.29635,259.3125,259.330575,259.34685,259.361975,259.3888,259.405575,259.428025,259.45315,259.471025,259.483075,259.506825,259.522875,259.538875,259.550775,259.568675,259.58425,259.606775,259.6244,259.65195,259.696625,259.716675,259.737475,259.773725,259.813925,259.86465,259.895725,259.95575,260.02645,260.0641,260.11205,260.2113,260.398625,260.48035,260.569775,260.6029,260.6624,260.7209,260.76,260.860625,260.90065,260.9356,260.9688,261.011725,261.054375,261.079425,261.139725,261.17,261.1957,261.222225,261.260375,261.290875,261.316,261.353,261.392775,261.417825,261.44065,261.4767,261.513125,261.54405,261.5769,261.601575,261.6467,261.68345,261.766575,261.822775,261.867075,261.938325,261.987675,262.051075,262.10555,262.168775,262.2864,262.440125,262.8367,262.998475,265.1351,265.4229,265.74365,265.9655,266.373425,266.5535,266.783225,266.937875,267.262275,267.618275,277.95145
"95",249.75085,249.927925,251.468375,0,0,0,0,0,0,0,0,0,0,0,0,0,0,0,0,0,0,0,0,0,0,0,0,0,0,0,0,0,0,0,0,0,0,0,0,0,0,0,0,0,0,0,0,0,0,0,0,0,0,0,0,0,0,0,0,0,0,0,0,0,0,0,0,0,0,0,0,0,0,0,0,0,0,0,0,0,0,0,0,0,0,0,0,0,0,0,0,0,0,0,0,0,0,0,0,0,0,0,0,0,0,0,0,0,0,0,0,0,0,0,0,0,0,0,0,0,0,0,0,0,0,0,0,0,0,0,0,0,0,0,0,0,0,0,0,0,0,0,0,0,0,0,0,0,0,0,0,0,0,0,0,0,0,0,0,0,0,0,0,0,0,0,0,0,0,0,0,0,0,0,0,0,0,0,0,0,0,0,0,0,0,0,0,0,0,0,0,0,0,0,0,0,0,0,0,0,0,0,0,0,0,0,0,0,0,0,0,0,0,0,0,0,0,0,0,0,0,0,0,0,0,0,0,0,0,0,0,0,0,0,0,0,0,0,0,0,0,0,0,0,0,0,0,0,0,0,0,0,0,0,0,0,0,0,0,0,0,0,0,0,0,0,0,0,0,0,0,0,0,0,0,0,0,0,0,0,0,0,0,0,0,0,0,0,0,0,0,0,0,0,0,0,0,0,0,0,0,0,0,0,0,0,0,0,0,0,0,0,0,0,0,0,0,0,0,0,0,0,0,0,0,0,0,0,0,0,0,0,0,0,0,0,0,0,0,0,0,0,0,0,0,0,0,0,0,0,0,0,0,0,0,0,0,0,0,0,0,0,0,0,0,0
"96",241.700725,242.609775,243.2519,243.514875,243.861575,244.567125,244.964525,245.0109,245.394725,245.95645,246.238825,246.786775,247.02345,247.22815,247.5836,247.924225,248.57785,249.6534,249.79275,250.071475,250.14585,250.225375,250.292175,250.69055,251.12795,252.302575,252.70275,253.296675,258.410325,260.518475,261.033475,261.779325,266.8094,269.851725,278.29625,0,0,0,0,0,0,0,0,0,0,0,0,0,0,0,0,0,0,0,0,0,0,0,0,0,0,0,0,0,0,0,0,0,0,0,0,0,0,0,0,0,0,0,0,0,0,0,0,0,0,0,0,0,0,0,0,0,0,0,0,0,0,0,0,0,0,0,0,0,0,0,0,0,0,0,0,0,0,0,0,0,0,0,0,0,0,0,0,0,0,0,0,0,0,0,0,0,0,0,0,0,0,0,0,0,0,0,0,0,0,0,0,0,0,0,0,0,0,0,0,0,0,0,0,0,0,0,0,0,0,0,0,0,0,0,0,0,0,0,0,0,0,0,0,0,0,0,0,0,0,0,0,0,0,0,0,0,0,0,0,0,0,0,0,0,0,0,0,0,0,0,0,0,0,0,0,0,0,0,0,0,0,0,0,0,0,0,0,0,0,0,0,0,0,0,0,0,0,0,0,0,0,0,0,0,0,0,0,0,0,0,0,0,0,0,0,0,0,0,0,0,0,0,0,0,0,0,0,0,0,0,0,0,0,0,0,0,0,0,0,0,0,0,0,0,0,0,0,0,0,0,0,0,0,0,0,0,0,0,0,0,0,0,0,0,0,0,0,0,0,0,0,0,0,0,0,0,0,0,0,0,0,0,0,0,0,0,0,0,0,0,0,0,0,0,0,0,0,0,0,0,0,0,0,0,0,0,0,0,0,0,0,0,0,0,0,0,0,0,0,0,0,0,0,0,0,0,0,0,0,0
"97",252.6112,255.488575,256.34435,257.2644,0,0,0,0,0,0,0,0,0,0,0,0,0,0,0,0,0,0,0,0,0,0,0,0,0,0,0,0,0,0,0,0,0,0,0,0,0,0,0,0,0,0,0,0,0,0,0,0,0,0,0,0,0,0,0,0,0,0,0,0,0,0,0,0,0,0,0,0,0,0,0,0,0,0,0,0,0,0,0,0,0,0,0,0,0,0,0,0,0,0,0,0,0,0,0,0,0,0,0,0,0,0,0,0,0,0,0,0,0,0,0,0,0,0,0,0,0,0,0,0,0,0,0,0,0,0,0,0,0,0,0,0,0,0,0,0,0,0,0,0,0,0,0,0,0,0,0,0,0,0,0,0,0,0,0,0,0,0,0,0,0,0,0,0,0,0,0,0,0,0,0,0,0,0,0,0,0,0,0,0,0,0,0,0,0,0,0,0,0,0,0,0,0,0,0,0,0,0,0,0,0,0,0,0,0,0,0,0,0,0,0,0,0,0,0,0,0,0,0,0,0,0,0,0,0,0,0,0,0,0,0,0,0,0,0,0,0,0,0,0,0,0,0,0,0,0,0,0,0,0,0,0,0,0,0,0,0,0,0,0,0,0,0,0,0,0,0,0,0,0,0,0,0,0,0,0,0,0,0,0,0,0,0,0,0,0,0,0,0,0,0,0,0,0,0,0,0,0,0,0,0,0,0,0,0,0,0,0,0,0,0,0,0,0,0,0,0,0,0,0,0,0,0,0,0,0,0,0,0,0,0,0,0,0,0,0,0,0,0,0,0,0,0,0,0,0,0,0,0,0,0,0,0,0,0,0,0,0,0,0,0,0
"98",254.41725,256.288525,257.9664,259.665375,260.8265,261.38,261.59645,261.85355,261.966975,262.07795,262.334875,0,0,0,0,0,0,0,0,0,0,0,0,0,0,0,0,0,0,0,0,0,0,0,0,0,0,0,0,0,0,0,0,0,0,0,0,0,0,0,0,0,0,0,0,0,0,0,0,0,0,0,0,0,0,0,0,0,0,0,0,0,0,0,0,0,0,0,0,0,0,0,0,0,0,0,0,0,0,0,0,0,0,0,0,0,0,0,0,0,0,0,0,0,0,0,0,0,0,0,0,0,0,0,0,0,0,0,0,0,0,0,0,0,0,0,0,0,0,0,0,0,0,0,0,0,0,0,0,0,0,0,0,0,0,0,0,0,0,0,0,0,0,0,0,0,0,0,0,0,0,0,0,0,0,0,0,0,0,0,0,0,0,0,0,0,0,0,0,0,0,0,0,0,0,0,0,0,0,0,0,0,0,0,0,0,0,0,0,0,0,0,0,0,0,0,0,0,0,0,0,0,0,0,0,0,0,0,0,0,0,0,0,0,0,0,0,0,0,0,0,0,0,0,0,0,0,0,0,0,0,0,0,0,0,0,0,0,0,0,0,0,0,0,0,0,0,0,0,0,0,0,0,0,0,0,0,0,0,0,0,0,0,0,0,0,0,0,0,0,0,0,0,0,0,0,0,0,0,0,0,0,0,0,0,0,0,0,0,0,0,0,0,0,0,0,0,0,0,0,0,0,0,0,0,0,0,0,0,0,0,0,0,0,0,0,0,0,0,0,0,0,0,0,0,0,0,0,0,0,0,0,0,0,0,0,0,0,0,0,0,0,0,0,0,0,0,0,0,0,0,0,0,0,0,0
"99",252.490675,252.502275,252.543375,252.61745,252.66485,253.91375,0,0,0,0,0,0,0,0,0,0,0,0,0,0,0,0,0,0,0,0,0,0,0,0,0,0,0,0,0,0,0,0,0,0,0,0,0,0,0,0,0,0,0,0,0,0,0,0,0,0,0,0,0,0,0,0,0,0,0,0,0,0,0,0,0,0,0,0,0,0,0,0,0,0,0,0,0,0,0,0,0,0,0,0,0,0,0,0,0,0,0,0,0,0,0,0,0,0,0,0,0,0,0,0,0,0,0,0,0,0,0,0,0,0,0,0,0,0,0,0,0,0,0,0,0,0,0,0,0,0,0,0,0,0,0,0,0,0,0,0,0,0,0,0,0,0,0,0,0,0,0,0,0,0,0,0,0,0,0,0,0,0,0,0,0,0,0,0,0,0,0,0,0,0,0,0,0,0,0,0,0,0,0,0,0,0,0,0,0,0,0,0,0,0,0,0,0,0,0,0,0,0,0,0,0,0,0,0,0,0,0,0,0,0,0,0,0,0,0,0,0,0,0,0,0,0,0,0,0,0,0,0,0,0,0,0,0,0,0,0,0,0,0,0,0,0,0,0,0,0,0,0,0,0,0,0,0,0,0,0,0,0,0,0,0,0,0,0,0,0,0,0,0,0,0,0,0,0,0,0,0,0,0,0,0,0,0,0,0,0,0,0,0,0,0,0,0,0,0,0,0,0,0,0,0,0,0,0,0,0,0,0,0,0,0,0,0,0,0,0,0,0,0,0,0,0,0,0,0,0,0,0,0,0,0,0,0,0,0,0,0,0,0,0,0,0,0,0,0,0,0,0,0,0,0,0,0,0,0,0
"100",251.46745,251.6218,251.73265,251.793325,251.908325,252.006125,252.749975,252.808625,252.925325,253.035575,253.19305,253.249875,254.1805,254.43415,254.5968,254.706525,255.777425,256.010425,256.15845,256.24635,256.345325,256.4227,256.457675,257.2594,257.31325,257.36395,257.537475,257.6192,257.6956,257.752275,257.80975,257.882375,257.981225,258.074375,258.10655,258.18075,258.240975,258.33605,258.4719,258.63505,258.789275,258.985075,259.177975,259.227425,259.270225,259.370725,259.484925,259.52845,259.594225,259.644525,259.705175,259.73305,259.78785,259.82625,259.927975,259.9857,260.4993,260.578375,260.830275,260.8732,260.914275,261.0009,261.04275,261.1025,261.18765,261.24025,261.30935,261.372425,261.41665,261.487475,261.54695,261.61905,261.6713,261.833025,261.88345,261.99075,262.091775,262.202475,262.282125,262.363225,262.59845,262.92705,263.09365,0,0,0,0,0,0,0,0,0,0,0,0,0,0,0,0,0,0,0,0,0,0,0,0,0,0,0,0,0,0,0,0,0,0,0,0,0,0,0,0,0,0,0,0,0,0,0,0,0,0,0,0,0,0,0,0,0,0,0,0,0,0,0,0,0,0,0,0,0,0,0,0,0,0,0,0,0,0,0,0,0,0,0,0,0,0,0,0,0,0,0,0,0,0,0,0,0,0,0,0,0,0,0,0,0,0,0,0,0,0,0,0,0,0,0,0,0,0,0,0,0,0,0,0,0,0,0,0,0,0,0,0,0,0,0,0,0,0,0,0,0,0,0,0,0,0,0,0,0,0,0,0,0,0,0,0,0,0,0,0,0,0,0,0,0,0,0,0,0,0,0,0,0,0,0,0,0,0,0,0,0,0,0,0,0,0,0,0,0,0,0,0,0,0,0,0,0,0,0,0,0,0,0,0,0,0,0,0,0,0,0,0,0,0,0,0,0,0,0,0,0,0,0,0,0,0,0,0,0,0,0,0,0,0,0,0,0,0,0,0,0,0,0,0,0,0,0,0,0,0,0,0,0,0,0,0,0,0,0,0,0,0,0,0,0,0,0,0,0,0,0,0,0,0,0,0,0,0,0,0,0,0,0
"101",249.787325,249.944575,250.2099,250.334975,250.44785,250.474375,250.5034,250.577525,250.618375,250.665375,250.681525,250.720275,250.76745,250.8152,250.846075,250.9471,251.008225,251.664925,251.864,251.920525,251.975275,251.991125,252.08475,254.058125,254.743075,254.8144,256.55935,258.1409,258.2006,258.99975,259.768375,261.9119,0,0,0,0,0,0,0,0,0,0,0,0,0,0,0,0,0,0,0,0,0,0,0,0,0,0,0,0,0,0,0,0,0,0,0,0,0,0,0,0,0,0,0,0,0,0,0,0,0,0,0,0,0,0,0,0,0,0,0,0,0,0,0,0,0,0,0,0,0,0,0,0,0,0,0,0,0,0,0,0,0,0,0,0,0,0,0,0,0,0,0,0,0,0,0,0,0,0,0,0,0,0,0,0,0,0,0,0,0,0,0,0,0,0,0,0,0,0,0,0,0,0,0,0,0,0,0,0,0,0,0,0,0,0,0,0,0,0,0,0,0,0,0,0,0,0,0,0,0,0,0,0,0,0,0,0,0,0,0,0,0,0,0,0,0,0,0,0,0,0,0,0,0,0,0,0,0,0,0,0,0,0,0,0,0,0,0,0,0,0,0,0,0,0,0,0,0,0,0,0,0,0,0,0,0,0,0,0,0,0,0,0,0,0,0,0,0,0,0,0,0,0,0,0,0,0,0,0,0,0,0,0,0,0,0,0,0,0,0,0,0,0,0,0,0,0,0,0,0,0,0,0,0,0,0,0,0,0,0,0,0,0,0,0,0,0,0,0,0,0,0,0,0,0,0,0,0,0,0,0,0,0,0,0,0,0,0,0,0,0,0,0,0,0,0,0,0,0,0,0,0,0,0,0,0,0,0,0,0,0,0,0,0,0,0,0,0,0,0,0,0,0,0,0,0,0,0,0,0,0,0,0,0,0
"102",250.3392,250.3814,250.4268,250.4962,250.537775,250.575025,250.6237,250.68005,250.714525,250.739375,250.81725,251.2847,251.860775,251.9886,252.033725,252.78525,256.326675,256.352875,256.42475,256.465575,256.55505,258.0306,258.107675,258.222975,258.2685,0,0,0,0,0,0,0,0,0,0,0,0,0,0,0,0,0,0,0,0,0,0,0,0,0,0,0,0,0,0,0,0,0,0,0,0,0,0,0,0,0,0,0,0,0,0,0,0,0,0,0,0,0,0,0,0,0,0,0,0,0,0,0,0,0,0,0,0,0,0,0,0,0,0,0,0,0,0,0,0,0,0,0,0,0,0,0,0,0,0,0,0,0,0,0,0,0,0,0,0,0,0,0,0,0,0,0,0,0,0,0,0,0,0,0,0,0,0,0,0,0,0,0,0,0,0,0,0,0,0,0,0,0,0,0,0,0,0,0,0,0,0,0,0,0,0,0,0,0,0,0,0,0,0,0,0,0,0,0,0,0,0,0,0,0,0,0,0,0,0,0,0,0,0,0,0,0,0,0,0,0,0,0,0,0,0,0,0,0,0,0,0,0,0,0,0,0,0,0,0,0,0,0,0,0,0,0,0,0,0,0,0,0,0,0,0,0,0,0,0,0,0,0,0,0,0,0,0,0,0,0,0,0,0,0,0,0,0,0,0,0,0,0,0,0,0,0,0,0,0,0,0,0,0,0,0,0,0,0,0,0,0,0,0,0,0,0,0,0,0,0,0,0,0,0,0,0,0,0,0,0,0,0,0,0,0,0,0,0,0,0,0,0,0,0,0,0,0,0,0,0,0,0,0,0,0,0,0,0,0,0,0,0,0,0,0,0,0,0,0,0,0,0,0,0,0,0,0,0,0,0,0,0,0,0,0,0,0,0,0,0
"103",250.513675,250.6788,251.53615,252.32085,252.4356,252.4789,252.56585,252.6322,252.774625,253.0565,253.408175,253.527225,253.57915,253.9234,255.03655,255.064225,255.11975,255.175875,255.423025,255.687625,255.82255,256.748825,256.9941,257.16485,257.207625,257.243125,257.27515,257.399825,258.206375,258.59695,258.84905,258.8602,259.048725,259.085425,261.727525,0,0,0,0,0,0,0,0,0,0,0,0,0,0,0,0,0,0,0,0,0,0,0,0,0,0,0,0,0,0,0,0,0,0,0,0,0,0,0,0,0,0,0,0,0,0,0,0,0,0,0,0,0,0,0,0,0,0,0,0,0,0,0,0,0,0,0,0,0,0,0,0,0,0,0,0,0,0,0,0,0,0,0,0,0,0,0,0,0,0,0,0,0,0,0,0,0,0,0,0,0,0,0,0,0,0,0,0,0,0,0,0,0,0,0,0,0,0,0,0,0,0,0,0,0,0,0,0,0,0,0,0,0,0,0,0,0,0,0,0,0,0,0,0,0,0,0,0,0,0,0,0,0,0,0,0,0,0,0,0,0,0,0,0,0,0,0,0,0,0,0,0,0,0,0,0,0,0,0,0,0,0,0,0,0,0,0,0,0,0,0,0,0,0,0,0,0,0,0,0,0,0,0,0,0,0,0,0,0,0,0,0,0,0,0,0,0,0,0,0,0,0,0,0,0,0,0,0,0,0,0,0,0,0,0,0,0,0,0,0,0,0,0,0,0,0,0,0,0,0,0,0,0,0,0,0,0,0,0,0,0,0,0,0,0,0,0,0,0,0,0,0,0,0,0,0,0,0,0,0,0,0,0,0,0,0,0,0,0,0,0,0,0,0,0,0,0,0,0,0,0,0,0,0,0,0,0,0,0,0,0,0,0,0,0,0,0,0,0,0,0,0,0,0,0,0,0,0,0,0,0
"104",240.306575,241.328125,248.169575,249.7692,249.9334,250.333675,250.8499,251.0347,251.0773,251.27265,251.4223,251.873875,252.35805,252.485075,252.6212,252.6407,252.7948,252.975475,252.997275,253.0208,253.1227,253.4287,253.552675,253.72885,253.761075,253.91685,254.052425,254.27235,254.615525,254.9426,255.045375,255.085875,255.222275,255.6368,255.6649,256.651325,256.704425,256.863025,256.920475,256.9832,257.072375,257.960575,257.962325,258.05935,258.13035,258.391,258.637075,258.688625,258.877675,258.971925,259.12025,259.140925,260.323875,260.82455,261.983875,262.876725,263.378,263.493725,264.190275,264.579975,264.708925,264.8001,277.787225,278.2386,0,0,0,0,0,0,0,0,0,0,0,0,0,0,0,0,0,0,0,0,0,0,0,0,0,0,0,0,0,0,0,0,0,0,0,0,0,0,0,0,0,0,0,0,0,0,0,0,0,0,0,0,0,0,0,0,0,0,0,0,0,0,0,0,0,0,0,0,0,0,0,0,0,0,0,0,0,0,0,0,0,0,0,0,0,0,0,0,0,0,0,0,0,0,0,0,0,0,0,0,0,0,0,0,0,0,0,0,0,0,0,0,0,0,0,0,0,0,0,0,0,0,0,0,0,0,0,0,0,0,0,0,0,0,0,0,0,0,0,0,0,0,0,0,0,0,0,0,0,0,0,0,0,0,0,0,0,0,0,0,0,0,0,0,0,0,0,0,0,0,0,0,0,0,0,0,0,0,0,0,0,0,0,0,0,0,0,0,0,0,0,0,0,0,0,0,0,0,0,0,0,0,0,0,0,0,0,0,0,0,0,0,0,0,0,0,0,0,0,0,0,0,0,0,0,0,0,0,0,0,0,0,0,0,0,0,0,0,0,0,0,0,0,0,0,0,0,0,0,0,0,0,0,0,0,0,0,0,0,0,0,0,0,0,0,0,0,0,0,0,0,0,0,0,0,0,0,0,0,0,0,0,0,0,0,0,0,0,0,0,0,0,0,0,0,0,0,0,0,0,0,0
"105",261.689025,0,0,0,0,0,0,0,0,0,0,0,0,0,0,0,0,0,0,0,0,0,0,0,0,0,0,0,0,0,0,0,0,0,0,0,0,0,0,0,0,0,0,0,0,0,0,0,0,0,0,0,0,0,0,0,0,0,0,0,0,0,0,0,0,0,0,0,0,0,0,0,0,0,0,0,0,0,0,0,0,0,0,0,0,0,0,0,0,0,0,0,0,0,0,0,0,0,0,0,0,0,0,0,0,0,0,0,0,0,0,0,0,0,0,0,0,0,0,0,0,0,0,0,0,0,0,0,0,0,0,0,0,0,0,0,0,0,0,0,0,0,0,0,0,0,0,0,0,0,0,0,0,0,0,0,0,0,0,0,0,0,0,0,0,0,0,0,0,0,0,0,0,0,0,0,0,0,0,0,0,0,0,0,0,0,0,0,0,0,0,0,0,0,0,0,0,0,0,0,0,0,0,0,0,0,0,0,0,0,0,0,0,0,0,0,0,0,0,0,0,0,0,0,0,0,0,0,0,0,0,0,0,0,0,0,0,0,0,0,0,0,0,0,0,0,0,0,0,0,0,0,0,0,0,0,0,0,0,0,0,0,0,0,0,0,0,0,0,0,0,0,0,0,0,0,0,0,0,0,0,0,0,0,0,0,0,0,0,0,0,0,0,0,0,0,0,0,0,0,0,0,0,0,0,0,0,0,0,0,0,0,0,0,0,0,0,0,0,0,0,0,0,0,0,0,0,0,0,0,0,0,0,0,0,0,0,0,0,0,0,0,0,0,0,0,0,0,0,0,0,0,0,0,0,0,0,0,0,0,0,0,0,0,0,0
"106",250.516275,251.1758,251.309075,251.458425,251.68105,252.271975,252.715625,253.1254,253.69435,253.788625,253.960625,255.424925,255.8436,256.806125,256.9921,257.055575,257.086025,257.159875,257.689225,257.8579,258.830575,258.8925,259.4055,259.793425,260.675575,260.8384,261.1976,261.275425,261.38735,261.4972,261.581175,0,0,0,0,0,0,0,0,0,0,0,0,0,0,0,0,0,0,0,0,0,0,0,0,0,0,0,0,0,0,0,0,0,0,0,0,0,0,0,0,0,0,0,0,0,0,0,0,0,0,0,0,0,0,0,0,0,0,0,0,0,0,0,0,0,0,0,0,0,0,0,0,0,0,0,0,0,0,0,0,0,0,0,0,0,0,0,0,0,0,0,0,0,0,0,0,0,0,0,0,0,0,0,0,0,0,0,0,0,0,0,0,0,0,0,0,0,0,0,0,0,0,0,0,0,0,0,0,0,0,0,0,0,0,0,0,0,0,0,0,0,0,0,0,0,0,0,0,0,0,0,0,0,0,0,0,0,0,0,0,0,0,0,0,0,0,0,0,0,0,0,0,0,0,0,0,0,0,0,0,0,0,0,0,0,0,0,0,0,0,0,0,0,0,0,0,0,0,0,0,0,0,0,0,0,0,0,0,0,0,0,0,0,0,0,0,0,0,0,0,0,0,0,0,0,0,0,0,0,0,0,0,0,0,0,0,0,0,0,0,0,0,0,0,0,0,0,0,0,0,0,0,0,0,0,0,0,0,0,0,0,0,0,0,0,0,0,0,0,0,0,0,0,0,0,0,0,0,0,0,0,0,0,0,0,0,0,0,0,0,0,0,0,0,0,0,0,0,0,0,0,0,0,0,0,0,0,0,0,0,0,0,0,0,0,0,0,0,0,0,0,0,0,0,0,0,0,0,0,0,0,0,0,0,0
"107",249.662475,249.921525,250.039425,250.083225,250.1523,250.16265,250.42665,250.455775,250.511975,250.547575,250.5909,250.61835,250.6925,250.708575,250.81235,251.00415,251.03005,251.12115,251.590075,251.688925,251.721175,251.793675,251.811175,251.84395,251.86415,251.938375,251.94175,251.99365,252.0102,252.05155,252.2623,252.307225,252.531175,252.600675,252.6167,252.632225,252.691575,252.796025,252.873525,253.0827,253.122525,253.15265,253.176325,253.281725,253.321675,253.37755,253.43085,253.435575,253.54,253.576225,253.589575,253.6598,253.7419,253.7739,253.809475,253.84825,253.9548,254.2675,254.364875,254.3943,254.53905,254.55665,254.5831,254.617325,254.747825,254.797525,255.1302,255.13295,255.228225,255.3935,255.66645,255.7017,255.78,255.805475,256.0757,256.22355,256.372525,256.379225,256.425,256.4427,256.59615,256.77545,256.876,256.9966,257.04095,257.101975,257.255025,257.380475,257.4357,257.57465,257.774625,257.853475,257.9517,258.02745,258.66045,258.6744,258.71455,258.779325,258.83985,259.04795,259.196775,259.382725,259.499625,259.517925,259.594425,259.654325,259.81905,260.023675,260.072325,260.07325,260.24915,260.632175,260.76285,261.1494,261.459675,262.12375,262.161375,262.263425,262.439075,262.5686,262.8711,0,0,0,0,0,0,0,0,0,0,0,0,0,0,0,0,0,0,0,0,0,0,0,0,0,0,0,0,0,0,0,0,0,0,0,0,0,0,0,0,0,0,0,0,0,0,0,0,0,0,0,0,0,0,0,0,0,0,0,0,0,0,0,0,0,0,0,0,0,0,0,0,0,0,0,0,0,0,0,0,0,0,0,0,0,0,0,0,0,0,0,0,0,0,0,0,0,0,0,0,0,0,0,0,0,0,0,0,0,0,0,0,0,0,0,0,0,0,0,0,0,0,0,0,0,0,0,0,0,0,0,0,0,0,0,0,0,0,0,0,0,0,0,0,0,0,0,0,0,0,0,0,0,0,0,0,0,0,0,0,0,0,0,0,0,0,0,0,0,0,0,0,0,0,0,0,0,0,0,0,0,0,0,0,0,0,0,0,0,0,0,0,0,0,0,0,0,0,0,0,0,0,0,0,0,0,0,0,0,0,0,0,0,0,0,0,0,0,0,0,0,0,0,0,0,0,0,0,0,0,0,0,0,0,0,0,0,0,0,0,0,0,0,0,0
"108",249.895275,250.105875,250.169525,250.3796,250.460875,250.51425,250.55195,251.8732,252.0111,254.5324,256.34245,259.957975,0,0,0,0,0,0,0,0,0,0,0,0,0,0,0,0,0,0,0,0,0,0,0,0,0,0,0,0,0,0,0,0,0,0,0,0,0,0,0,0,0,0,0,0,0,0,0,0,0,0,0,0,0,0,0,0,0,0,0,0,0,0,0,0,0,0,0,0,0,0,0,0,0,0,0,0,0,0,0,0,0,0,0,0,0,0,0,0,0,0,0,0,0,0,0,0,0,0,0,0,0,0,0,0,0,0,0,0,0,0,0,0,0,0,0,0,0,0,0,0,0,0,0,0,0,0,0,0,0,0,0,0,0,0,0,0,0,0,0,0,0,0,0,0,0,0,0,0,0,0,0,0,0,0,0,0,0,0,0,0,0,0,0,0,0,0,0,0,0,0,0,0,0,0,0,0,0,0,0,0,0,0,0,0,0,0,0,0,0,0,0,0,0,0,0,0,0,0,0,0,0,0,0,0,0,0,0,0,0,0,0,0,0,0,0,0,0,0,0,0,0,0,0,0,0,0,0,0,0,0,0,0,0,0,0,0,0,0,0,0,0,0,0,0,0,0,0,0,0,0,0,0,0,0,0,0,0,0,0,0,0,0,0,0,0,0,0,0,0,0,0,0,0,0,0,0,0,0,0,0,0,0,0,0,0,0,0,0,0,0,0,0,0,0,0,0,0,0,0,0,0,0,0,0,0,0,0,0,0,0,0,0,0,0,0,0,0,0,0,0,0,0,0,0,0,0,0,0,0,0,0,0,0,0,0,0,0,0,0,0,0,0,0,0,0,0,0,0,0,0,0,0,0,0
"109",250.0093,251.24225,251.394,251.542125,251.6142,251.775675,252.384,252.8866,252.893025,254.028625,254.2026,254.4792,254.491125,255.382925,256.03465,257.3482,261.67355,0,0,0,0,0,0,0,0,0,0,0,0,0,0,0,0,0,0,0,0,0,0,0,0,0,0,0,0,0,0,0,0,0,0,0,0,0,0,0,0,0,0,0,0,0,0,0,0,0,0,0,0,0,0,0,0,0,0,0,0,0,0,0,0,0,0,0,0,0,0,0,0,0,0,0,0,0,0,0,0,0,0,0,0,0,0,0,0,0,0,0,0,0,0,0,0,0,0,0,0,0,0,0,0,0,0,0,0,0,0,0,0,0,0,0,0,0,0,0,0,0,0,0,0,0,0,0,0,0,0,0,0,0,0,0,0,0,0,0,0,0,0,0,0,0,0,0,0,0,0,0,0,0,0,0,0,0,0,0,0,0,0,0,0,0,0,0,0,0,0,0,0,0,0,0,0,0,0,0,0,0,0,0,0,0,0,0,0,0,0,0,0,0,0,0,0,0,0,0,0,0,0,0,0,0,0,0,0,0,0,0,0,0,0,0,0,0,0,0,0,0,0,0,0,0,0,0,0,0,0,0,0,0,0,0,0,0,0,0,0,0,0,0,0,0,0,0,0,0,0,0,0,0,0,0,0,0,0,0,0,0,0,0,0,0,0,0,0,0,0,0,0,0,0,0,0,0,0,0,0,0,0,0,0,0,0,0,0,0,0,0,0,0,0,0,0,0,0,0,0,0,0,0,0,0,0,0,0,0,0,0,0,0,0,0,0,0,0,0,0,0,0,0,0,0,0,0,0,0,0,0,0,0,0,0,0,0,0,0,0,0,0,0,0,0,0,0,0,0
"110",252.62965,253.93965,254.181525,263.2995,263.6948,263.891975,264.29165,264.614725,264.83435,265.053675,265.935475,0,0,0,0,0,0,0,0,0,0,0,0,0,0,0,0,0,0,0,0,0,0,0,0,0,0,0,0,0,0,0,0,0,0,0,0,0,0,0,0,0,0,0,0,0,0,0,0,0,0,0,0,0,0,0,0,0,0,0,0,0,0,0,0,0,0,0,0,0,0,0,0,0,0,0,0,0,0,0,0,0,0,0,0,0,0,0,0,0,0,0,0,0,0,0,0,0,0,0,0,0,0,0,0,0,0,0,0,0,0,0,0,0,0,0,0,0,0,0,0,0,0,0,0,0,0,0,0,0,0,0,0,0,0,0,0,0,0,0,0,0,0,0,0,0,0,0,0,0,0,0,0,0,0,0,0,0,0,0,0,0,0,0,0,0,0,0,0,0,0,0,0,0,0,0,0,0,0,0,0,0,0,0,0,0,0,0,0,0,0,0,0,0,0,0,0,0,0,0,0,0,0,0,0,0,0,0,0,0,0,0,0,0,0,0,0,0,0,0,0,0,0,0,0,0,0,0,0,0,0,0,0,0,0,0,0,0,0,0,0,0,0,0,0,0,0,0,0,0,0,0,0,0,0,0,0,0,0,0,0,0,0,0,0,0,0,0,0,0,0,0,0,0,0,0,0,0,0,0,0,0,0,0,0,0,0,0,0,0,0,0,0,0,0,0,0,0,0,0,0,0,0,0,0,0,0,0,0,0,0,0,0,0,0,0,0,0,0,0,0,0,0,0,0,0,0,0,0,0,0,0,0,0,0,0,0,0,0,0,0,0,0,0,0,0,0,0,0,0,0,0,0,0,0,0
"111",249.601825,249.6557,249.845275,249.97395,250.06775,250.13425,250.5018,250.602825,250.726125,250.7678,250.9126,250.995175,251.229425,251.362075,251.507125,251.596475,251.650025,251.695275,251.7683,251.830475,251.87145,251.937825,252.0481,252.1097,252.317825,252.38345,252.431175,252.6481,252.748175,252.79335,253.0429,253.252625,253.2905,253.35845,253.73945,253.900475,254.0375,254.14005,254.65645,254.72395,254.772425,255.1255,255.271225,255.413075,255.7999,256.054375,256.088975,256.1419,256.426875,256.48235,257.0726,257.1983,257.276925,257.485,257.645525,257.733525,257.7728,257.93795,258.00325,258.19645,258.4985,258.68405,258.73245,258.928925,259.12235,259.17795,259.380225,259.454575,259.55545,259.631875,259.733075,259.783525,260.166875,260.504675,260.7791,261.329075,261.4222,261.4906,261.61795,261.714875,261.80715,261.87765,262.14555,262.316975,262.4609,262.547725,262.639375,262.782375,262.88975,263.16155,263.51635,263.615475,263.695125,263.865075,263.9808,264.069675,264.145675,264.529525,264.595925,264.695425,265.07235,265.5114,266.744875,0,0,0,0,0,0,0,0,0,0,0,0,0,0,0,0,0,0,0,0,0,0,0,0,0,0,0,0,0,0,0,0,0,0,0,0,0,0,0,0,0,0,0,0,0,0,0,0,0,0,0,0,0,0,0,0,0,0,0,0,0,0,0,0,0,0,0,0,0,0,0,0,0,0,0,0,0,0,0,0,0,0,0,0,0,0,0,0,0,0,0,0,0,0,0,0,0,0,0,0,0,0,0,0,0,0,0,0,0,0,0,0,0,0,0,0,0,0,0,0,0,0,0,0,0,0,0,0,0,0,0,0,0,0,0,0,0,0,0,0,0,0,0,0,0,0,0,0,0,0,0,0,0,0,0,0,0,0,0,0,0,0,0,0,0,0,0,0,0,0,0,0,0,0,0,0,0,0,0,0,0,0,0,0,0,0,0,0,0,0,0,0,0,0,0,0,0,0,0,0,0,0,0,0,0,0,0,0,0,0,0,0,0,0,0,0,0,0,0,0,0,0,0,0,0,0,0,0,0,0,0,0,0,0,0,0,0,0,0,0,0,0,0,0,0,0,0,0,0,0,0,0,0,0,0,0,0,0,0,0,0,0,0
"112",251.44645,251.670375,251.834775,252.617025,252.832125,252.950075,252.96645,253.01615,253.07315,253.158675,253.270825,253.8461,253.99765,254.0801,254.1349,254.2316,254.303,254.4407,254.4758,254.603,254.6796,255.2504,255.48805,255.8009,255.86195,256.1039,256.2078,256.401625,257.157775,257.5835,259.103575,259.47855,0,0,0,0,0,0,0,0,0,0,0,0,0,0,0,0,0,0,0,0,0,0,0,0,0,0,0,0,0,0,0,0,0,0,0,0,0,0,0,0,0,0,0,0,0,0,0,0,0,0,0,0,0,0,0,0,0,0,0,0,0,0,0,0,0,0,0,0,0,0,0,0,0,0,0,0,0,0,0,0,0,0,0,0,0,0,0,0,0,0,0,0,0,0,0,0,0,0,0,0,0,0,0,0,0,0,0,0,0,0,0,0,0,0,0,0,0,0,0,0,0,0,0,0,0,0,0,0,0,0,0,0,0,0,0,0,0,0,0,0,0,0,0,0,0,0,0,0,0,0,0,0,0,0,0,0,0,0,0,0,0,0,0,0,0,0,0,0,0,0,0,0,0,0,0,0,0,0,0,0,0,0,0,0,0,0,0,0,0,0,0,0,0,0,0,0,0,0,0,0,0,0,0,0,0,0,0,0,0,0,0,0,0,0,0,0,0,0,0,0,0,0,0,0,0,0,0,0,0,0,0,0,0,0,0,0,0,0,0,0,0,0,0,0,0,0,0,0,0,0,0,0,0,0,0,0,0,0,0,0,0,0,0,0,0,0,0,0,0,0,0,0,0,0,0,0,0,0,0,0,0,0,0,0,0,0,0,0,0,0,0,0,0,0,0,0,0,0,0,0,0,0,0,0,0,0,0,0,0,0,0,0,0,0,0,0,0,0,0,0,0,0,0,0,0,0,0,0,0,0,0,0,0,0
"113",240.048925,240.098725,240.245425,240.69725,241.012875,241.14185,241.517225,241.785825,241.91175,242.054425,242.216925,242.31685,242.3963,242.59005,242.686325,243.28785,243.67945,243.83745,243.958025,244.2443,244.67425,244.924425,245.061275,245.468675,245.640525,245.67785,245.752875,245.907025,246.042925,246.636875,246.76925,246.916525,247.11625,247.267,247.42865,247.6908,247.779,248.0441,248.403,248.5812,248.6448,248.814675,249.00515,249.14725,249.36555,249.618125,249.68735,251.154975,251.178225,251.226225,251.375325,252.401475,252.447725,252.4773,252.557275,252.6477,252.8769,253.016125,253.0642,253.08825,253.607025,253.796775,254.3208,254.986825,255.031125,255.08095,255.862775,255.929675,255.953325,256.59425,256.6791,256.762775,256.813125,257.160525,257.227475,257.3353,257.43,257.54175,257.77135,258.360575,258.454375,258.49625,258.64705,258.807625,258.884725,258.9235,258.977875,258.9998,259.024025,259.17405,259.245875,259.266325,259.3115,259.447225,259.524725,259.53875,259.819575,260.139425,260.1986,260.2958,260.3348,260.3727,260.413925,260.462225,260.5223,260.553175,260.59865,260.69425,260.728675,260.7636,260.967475,260.99675,261.021,261.068275,261.249475,261.27655,261.380525,261.5597,261.619425,261.679425,262.093075,262.1567,262.3156,262.424675,262.617475,262.6571,262.67635,262.80965,262.856175,262.907925,262.9555,263.0264,263.128175,263.241875,263.27925,263.375775,263.4908,263.526675,263.574675,263.6984,263.852325,263.929725,263.983175,264.0346,264.1259,264.187475,264.22985,264.324175,264.484975,264.59585,264.692,264.90905,265.004325,265.3093,265.51515,265.663675,265.846875,266.8202,267.103975,267.3275,268.503775,268.689275,268.926825,269.14595,269.221575,269.53775,269.6477,269.874375,269.99785,270.101125,270.5874,270.847475,271.061575,271.690575,271.8232,272.2609,272.663725,272.89005,273.27285,273.345,273.6698,273.771125,273.90505,274.3658,274.5992,274.80515,274.9445,275.093225,275.311075,275.450925,275.60895,275.951075,276.146225,276.42755,276.9155,277.00835,277.199325,277.382275,277.5039,277.710125,277.8687,278.0244,278.119825,278.2302,0,0,0,0,0,0,0,0,0,0,0,0,0,0,0,0,0,0,0,0,0,0,0,0,0,0,0,0,0,0,0,0,0,0,0,0,0,0,0,0,0,0,0,0,0,0,0,0,0,0,0,0,0,0,0,0,0,0,0,0,0,0,0,0,0,0,0,0,0,0,0,0,0,0,0,0,0,0,0,0,0,0,0,0,0,0,0,0,0,0,0,0,0,0,0,0,0,0,0,0,0,0,0,0,0,0,0,0,0,0,0,0,0,0,0,0,0,0,0,0,0,0,0,0,0,0,0,0,0,0,0,0,0,0,0,0,0,0,0,0,0,0,0,0,0,0,0,0,0,0,0,0,0,0,0,0,0,0,0,0,0,0
"114",251.092675,251.135075,251.174875,251.2141,251.249525,251.308925,251.362,251.42565,251.489,251.661875,252.265675,252.4198,252.68465,252.823875,252.9836,253.070175,253.573025,253.764125,254.126325,254.983275,255.014125,255.052025,255.09435,255.135225,255.201625,255.277975,255.499675,255.8117,255.908275,256.015175,256.113975,256.73775,256.779375,256.8062,256.845275,256.87395,256.945,256.985975,256.996425,257.0531,257.195125,257.323875,257.528025,257.608675,258.528825,258.5689,258.608225,258.636875,258.7051,258.73255,258.801225,258.867,259.021725,259.080125,259.15295,259.28935,259.4315,260.4774,260.560975,260.64645,260.717075,260.76025,260.862425,260.92625,260.99375,261.158025,0,0,0,0,0,0,0,0,0,0,0,0,0,0,0,0,0,0,0,0,0,0,0,0,0,0,0,0,0,0,0,0,0,0,0,0,0,0,0,0,0,0,0,0,0,0,0,0,0,0,0,0,0,0,0,0,0,0,0,0,0,0,0,0,0,0,0,0,0,0,0,0,0,0,0,0,0,0,0,0,0,0,0,0,0,0,0,0,0,0,0,0,0,0,0,0,0,0,0,0,0,0,0,0,0,0,0,0,0,0,0,0,0,0,0,0,0,0,0,0,0,0,0,0,0,0,0,0,0,0,0,0,0,0,0,0,0,0,0,0,0,0,0,0,0,0,0,0,0,0,0,0,0,0,0,0,0,0,0,0,0,0,0,0,0,0,0,0,0,0,0,0,0,0,0,0,0,0,0,0,0,0,0,0,0,0,0,0,0,0,0,0,0,0,0,0,0,0,0,0,0,0,0,0,0,0,0,0,0,0,0,0,0,0,0,0,0,0,0,0,0,0,0,0,0,0,0,0,0,0,0,0,0,0,0,0,0,0,0,0,0,0,0,0,0,0,0,0,0,0,0,0,0,0,0,0,0,0,0,0,0,0,0,0,0,0,0,0,0,0,0,0,0,0,0,0,0,0,0,0,0,0,0,0,0,0,0,0,0,0,0,0,0,0,0,0,0,0,0,0
"115",242.6417,243.723775,249.14715,249.5481,249.557225,249.601875,249.603525,249.60945,249.739325,249.7845,249.8394,249.927675,250.0157,250.026925,250.10875,250.13545,250.15615,250.230125,250.25375,250.273925,250.37995,250.405525,250.5085,250.550475,250.5943,250.63565,250.676025,250.731075,250.758375,250.782775,250.87635,251.73305,251.8144,251.87265,251.91605,251.98635,252.001925,252.03585,252.093,252.487375,253.0882,253.26175,253.440625,253.5376,255.083975,256.1755,256.375225,256.609025,257.98575,258.0992,258.177825,258.22495,259.925525,261.620425,261.872525,262.1165,262.299575,262.55975,262.68695,262.845625,262.989225,263.125425,263.2436,263.4939,263.633725,263.8419,263.987525,264.02745,264.1101,264.176025,264.2233,264.252225,264.325675,264.326775,264.34635,264.3743,264.40035,264.42965,264.448075,264.4627,264.494125,264.51285,264.525575,264.5591,264.57515,264.5876,264.60585,264.6209,264.638075,264.657,264.669575,264.691575,264.707,264.731025,264.74295,264.777975,264.798825,264.818575,264.838275,264.852475,264.8846,264.904525,264.92215,264.942475,264.95885,264.982375,264.997225,265.018825,265.042725,265.053525,265.0751,265.0988,265.1217,265.145675,265.1763,265.2017,265.20925,265.254825,265.279275,265.35175,265.433675,265.683525,265.917375,266.08345,266.276275,266.4857,266.62655,274.36185,0,0,0,0,0,0,0,0,0,0,0,0,0,0,0,0,0,0,0,0,0,0,0,0,0,0,0,0,0,0,0,0,0,0,0,0,0,0,0,0,0,0,0,0,0,0,0,0,0,0,0,0,0,0,0,0,0,0,0,0,0,0,0,0,0,0,0,0,0,0,0,0,0,0,0,0,0,0,0,0,0,0,0,0,0,0,0,0,0,0,0,0,0,0,0,0,0,0,0,0,0,0,0,0,0,0,0,0,0,0,0,0,0,0,0,0,0,0,0,0,0,0,0,0,0,0,0,0,0,0,0,0,0,0,0,0,0,0,0,0,0,0,0,0,0,0,0,0,0,0,0,0,0,0,0,0,0,0,0,0,0,0,0,0,0,0,0,0,0,0,0,0,0,0,0,0,0,0,0,0,0,0,0,0,0,0,0,0,0,0,0,0,0,0,0,0,0,0,0,0,0,0,0,0,0,0,0,0,0,0,0,0,0,0,0,0,0,0,0,0,0,0,0,0,0,0,0,0,0,0,0,0,0,0,0,0,0,0
"116",240.155125,240.251875,240.40915,240.48725,240.66025,240.8731,241.056725,241.1467,241.39685,241.558675,241.8037,241.942525,242.087475,242.217275,242.3223,242.514675,242.86485,242.973025,243.08775,243.18715,243.304625,243.5908,243.877175,244.176125,244.361775,244.4936,244.692475,244.799975,245.03155,245.151175,245.2589,245.4144,245.668575,245.785175,245.9217,246.055725,246.283875,246.49055,246.718075,246.928775,247.239275,247.453575,247.5844,247.7415,247.8262,247.937475,248.06425,248.207475,248.3941,248.5789,248.725625,248.878175,248.967225,249.37685,263.7945,264.303875,264.65985,264.918375,265.361475,265.5146,265.726475,265.819125,266.020175,266.20565,266.323075,266.526025,266.895475,267.01125,267.33445,267.5093,267.68355,267.989025,268.145475,268.43865,268.83825,268.9992,269.295625,269.4196,269.6119,269.768275,270.06605,270.16485,270.33255,270.583975,270.7125,270.8271,270.9821,271.27505,271.389025,271.5751,271.78765,272.00035,272.17935,272.525675,272.643075,272.947975,273.086425,273.33115,273.4851,273.6721,273.926125,274.237975,274.575825,274.79935,274.95975,275.286275,275.534125,275.765675,275.99125,276.149,276.9584,277.188625,277.421225,277.54725,277.70285,277.8609,277.975475,278.226275,0,0,0,0,0,0,0,0,0,0,0,0,0,0,0,0,0,0,0,0,0,0,0,0,0,0,0,0,0,0,0,0,0,0,0,0,0,0,0,0,0,0,0,0,0,0,0,0,0,0,0,0,0,0,0,0,0,0,0,0,0,0,0,0,0,0,0,0,0,0,0,0,0,0,0,0,0,0,0,0,0,0,0,0,0,0,0,0,0,0,0,0,0,0,0,0,0,0,0,0,0,0,0,0,0,0,0,0,0,0,0,0,0,0,0,0,0,0,0,0,0,0,0,0,0,0,0,0,0,0,0,0,0,0,0,0,0,0,0,0,0,0,0,0,0,0,0,0,0,0,0,0,0,0,0,0,0,0,0,0,0,0,0,0,0,0,0,0,0,0,0,0,0,0,0,0,0,0,0,0,0,0,0,0,0,0,0,0,0,0,0,0,0,0,0,0,0,0,0,0,0,0,0,0,0,0,0,0,0,0,0,0,0,0,0,0,0,0,0,0,0,0,0,0,0,0,0,0,0,0,0,0,0,0,0,0,0,0,0,0,0,0,0,0,0,0,0,0
"117",247.900225,251.1081,251.486825,251.499675,251.534575,251.5695,251.614975,252.2933,252.462675,252.783325,252.993225,253.6634,254.216275,254.23905,254.2737,254.34885,255.13325,255.902075,256.770325,256.92145,257.038425,257.079075,257.1067,257.139475,258.6151,259.35935,260.7121,264.5634,0,0,0,0,0,0,0,0,0,0,0,0,0,0,0,0,0,0,0,0,0,0,0,0,0,0,0,0,0,0,0,0,0,0,0,0,0,0,0,0,0,0,0,0,0,0,0,0,0,0,0,0,0,0,0,0,0,0,0,0,0,0,0,0,0,0,0,0,0,0,0,0,0,0,0,0,0,0,0,0,0,0,0,0,0,0,0,0,0,0,0,0,0,0,0,0,0,0,0,0,0,0,0,0,0,0,0,0,0,0,0,0,0,0,0,0,0,0,0,0,0,0,0,0,0,0,0,0,0,0,0,0,0,0,0,0,0,0,0,0,0,0,0,0,0,0,0,0,0,0,0,0,0,0,0,0,0,0,0,0,0,0,0,0,0,0,0,0,0,0,0,0,0,0,0,0,0,0,0,0,0,0,0,0,0,0,0,0,0,0,0,0,0,0,0,0,0,0,0,0,0,0,0,0,0,0,0,0,0,0,0,0,0,0,0,0,0,0,0,0,0,0,0,0,0,0,0,0,0,0,0,0,0,0,0,0,0,0,0,0,0,0,0,0,0,0,0,0,0,0,0,0,0,0,0,0,0,0,0,0,0,0,0,0,0,0,0,0,0,0,0,0,0,0,0,0,0,0,0,0,0,0,0,0,0,0,0,0,0,0,0,0,0,0,0,0,0,0,0,0,0,0,0,0,0,0,0,0,0,0,0,0,0,0,0,0,0,0,0,0,0,0,0,0,0,0,0,0,0,0,0,0,0,0,0,0,0,0
"118",251.1132,251.160825,251.2215,251.28675,251.45855,258.6334,260.48375,260.586275,260.591075,260.6893,260.836825,260.99025,261.1046,0,0,0,0,0,0,0,0,0,0,0,0,0,0,0,0,0,0,0,0,0,0,0,0,0,0,0,0,0,0,0,0,0,0,0,0,0,0,0,0,0,0,0,0,0,0,0,0,0,0,0,0,0,0,0,0,0,0,0,0,0,0,0,0,0,0,0,0,0,0,0,0,0,0,0,0,0,0,0,0,0,0,0,0,0,0,0,0,0,0,0,0,0,0,0,0,0,0,0,0,0,0,0,0,0,0,0,0,0,0,0,0,0,0,0,0,0,0,0,0,0,0,0,0,0,0,0,0,0,0,0,0,0,0,0,0,0,0,0,0,0,0,0,0,0,0,0,0,0,0,0,0,0,0,0,0,0,0,0,0,0,0,0,0,0,0,0,0,0,0,0,0,0,0,0,0,0,0,0,0,0,0,0,0,0,0,0,0,0,0,0,0,0,0,0,0,0,0,0,0,0,0,0,0,0,0,0,0,0,0,0,0,0,0,0,0,0,0,0,0,0,0,0,0,0,0,0,0,0,0,0,0,0,0,0,0,0,0,0,0,0,0,0,0,0,0,0,0,0,0,0,0,0,0,0,0,0,0,0,0,0,0,0,0,0,0,0,0,0,0,0,0,0,0,0,0,0,0,0,0,0,0,0,0,0,0,0,0,0,0,0,0,0,0,0,0,0,0,0,0,0,0,0,0,0,0,0,0,0,0,0,0,0,0,0,0,0,0,0,0,0,0,0,0,0,0,0,0,0,0,0,0,0,0,0,0,0,0,0,0,0,0,0,0,0,0,0,0,0,0,0,0,0
"119",254.118325,254.168475,254.2203,254.251,254.28775,254.318675,0,0,0,0,0,0,0,0,0,0,0,0,0,0,0,0,0,0,0,0,0,0,0,0,0,0,0,0,0,0,0,0,0,0,0,0,0,0,0,0,0,0,0,0,0,0,0,0,0,0,0,0,0,0,0,0,0,0,0,0,0,0,0,0,0,0,0,0,0,0,0,0,0,0,0,0,0,0,0,0,0,0,0,0,0,0,0,0,0,0,0,0,0,0,0,0,0,0,0,0,0,0,0,0,0,0,0,0,0,0,0,0,0,0,0,0,0,0,0,0,0,0,0,0,0,0,0,0,0,0,0,0,0,0,0,0,0,0,0,0,0,0,0,0,0,0,0,0,0,0,0,0,0,0,0,0,0,0,0,0,0,0,0,0,0,0,0,0,0,0,0,0,0,0,0,0,0,0,0,0,0,0,0,0,0,0,0,0,0,0,0,0,0,0,0,0,0,0,0,0,0,0,0,0,0,0,0,0,0,0,0,0,0,0,0,0,0,0,0,0,0,0,0,0,0,0,0,0,0,0,0,0,0,0,0,0,0,0,0,0,0,0,0,0,0,0,0,0,0,0,0,0,0,0,0,0,0,0,0,0,0,0,0,0,0,0,0,0,0,0,0,0,0,0,0,0,0,0,0,0,0,0,0,0,0,0,0,0,0,0,0,0,0,0,0,0,0,0,0,0,0,0,0,0,0,0,0,0,0,0,0,0,0,0,0,0,0,0,0,0,0,0,0,0,0,0,0,0,0,0,0,0,0,0,0,0,0,0,0,0,0,0,0,0,0,0,0,0,0,0,0,0,0,0,0,0,0,0,0,0
"120",251.409625,251.505225,252.625125,252.7069,252.809525,252.8838,252.978225,253.016825,253.13545,254.04085,254.14335,254.20465,254.229825,254.256075,254.280175,254.29955,254.33155,254.349725,254.376625,254.491775,255.11345,255.268725,255.3444,255.426675,255.4523,255.54995,255.58315,255.598975,255.638125,255.692375,255.725675,255.773675,255.82135,255.8755,255.9211,255.95165,256.009125,256.0221,256.063325,256.08565,256.140025,256.966475,257.0943,257.13065,257.302125,257.324825,257.3484,257.37705,257.3921,257.418925,257.4358,257.4512,257.509125,257.5429,257.62055,257.6799,257.71535,258.598925,258.86935,258.9493,258.9624,258.99445,259.114025,259.1317,259.17505,259.2375,259.2713,259.341525,259.4437,260.530075,260.640125,260.7337,260.862775,260.93185,261.042675,261.08445,261.148025,0,0,0,0,0,0,0,0,0,0,0,0,0,0,0,0,0,0,0,0,0,0,0,0,0,0,0,0,0,0,0,0,0,0,0,0,0,0,0,0,0,0,0,0,0,0,0,0,0,0,0,0,0,0,0,0,0,0,0,0,0,0,0,0,0,0,0,0,0,0,0,0,0,0,0,0,0,0,0,0,0,0,0,0,0,0,0,0,0,0,0,0,0,0,0,0,0,0,0,0,0,0,0,0,0,0,0,0,0,0,0,0,0,0,0,0,0,0,0,0,0,0,0,0,0,0,0,0,0,0,0,0,0,0,0,0,0,0,0,0,0,0,0,0,0,0,0,0,0,0,0,0,0,0,0,0,0,0,0,0,0,0,0,0,0,0,0,0,0,0,0,0,0,0,0,0,0,0,0,0,0,0,0,0,0,0,0,0,0,0,0,0,0,0,0,0,0,0,0,0,0,0,0,0,0,0,0,0,0,0,0,0,0,0,0,0,0,0,0,0,0,0,0,0,0,0,0,0,0,0,0,0,0,0,0,0,0,0,0,0,0,0,0,0,0,0,0,0,0,0,0,0,0,0,0,0,0,0,0,0,0,0,0,0,0,0,0,0,0,0,0,0,0,0,0,0,0,0,0,0,0,0,0,0,0,0,0,0,0
"121",240.85095,246.417975,246.5853,247.262475,247.6119,249.987925,250.091375,250.2029,250.323175,250.465625,250.57965,250.66475,251.170525,251.247175,251.37275,251.489175,251.58355,251.63515,251.6745,251.725725,251.73605,251.855425,251.91695,251.987575,252.13615,252.683575,252.69255,252.898575,253.209025,253.394175,254.284925,254.466975,255.3643,255.443525,255.674325,255.937875,256.14585,256.444475,256.5553,256.712225,257.35275,257.440075,257.54435,257.691375,257.924,258.01585,258.08915,258.232175,258.90755,258.9222,259.1434,259.255125,259.3712,259.4745,259.6394,259.7052,259.7388,259.840775,259.94155,260.105875,260.727175,260.987725,261.0511,261.069,261.615375,261.690875,261.77955,261.9629,262.168125,263.10085,0,0,0,0,0,0,0,0,0,0,0,0,0,0,0,0,0,0,0,0,0,0,0,0,0,0,0,0,0,0,0,0,0,0,0,0,0,0,0,0,0,0,0,0,0,0,0,0,0,0,0,0,0,0,0,0,0,0,0,0,0,0,0,0,0,0,0,0,0,0,0,0,0,0,0,0,0,0,0,0,0,0,0,0,0,0,0,0,0,0,0,0,0,0,0,0,0,0,0,0,0,0,0,0,0,0,0,0,0,0,0,0,0,0,0,0,0,0,0,0,0,0,0,0,0,0,0,0,0,0,0,0,0,0,0,0,0,0,0,0,0,0,0,0,0,0,0,0,0,0,0,0,0,0,0,0,0,0,0,0,0,0,0,0,0,0,0,0,0,0,0,0,0,0,0,0,0,0,0,0,0,0,0,0,0,0,0,0,0,0,0,0,0,0,0,0,0,0,0,0,0,0,0,0,0,0,0,0,0,0,0,0,0,0,0,0,0,0,0,0,0,0,0,0,0,0,0,0,0,0,0,0,0,0,0,0,0,0,0,0,0,0,0,0,0,0,0,0,0,0,0,0,0,0,0,0,0,0,0,0,0,0,0,0,0,0,0,0,0,0,0,0,0,0,0,0,0,0,0,0,0,0,0,0,0,0,0,0,0,0,0,0,0,0,0,0
"122",252.676125,252.75635,252.782975,252.928525,253.921475,254.05585,254.0986,254.16055,254.43945,256.8625,257.19935,257.27265,257.4828,258.707725,259.040175,259.07015,259.2093,0,0,0,0,0,0,0,0,0,0,0,0,0,0,0,0,0,0,0,0,0,0,0,0,0,0,0,0,0,0,0,0,0,0,0,0,0,0,0,0,0,0,0,0,0,0,0,0,0,0,0,0,0,0,0,0,0,0,0,0,0,0,0,0,0,0,0,0,0,0,0,0,0,0,0,0,0,0,0,0,0,0,0,0,0,0,0,0,0,0,0,0,0,0,0,0,0,0,0,0,0,0,0,0,0,0,0,0,0,0,0,0,0,0,0,0,0,0,0,0,0,0,0,0,0,0,0,0,0,0,0,0,0,0,0,0,0,0,0,0,0,0,0,0,0,0,0,0,0,0,0,0,0,0,0,0,0,0,0,0,0,0,0,0,0,0,0,0,0,0,0,0,0,0,0,0,0,0,0,0,0,0,0,0,0,0,0,0,0,0,0,0,0,0,0,0,0,0,0,0,0,0,0,0,0,0,0,0,0,0,0,0,0,0,0,0,0,0,0,0,0,0,0,0,0,0,0,0,0,0,0,0,0,0,0,0,0,0,0,0,0,0,0,0,0,0,0,0,0,0,0,0,0,0,0,0,0,0,0,0,0,0,0,0,0,0,0,0,0,0,0,0,0,0,0,0,0,0,0,0,0,0,0,0,0,0,0,0,0,0,0,0,0,0,0,0,0,0,0,0,0,0,0,0,0,0,0,0,0,0,0,0,0,0,0,0,0,0,0,0,0,0,0,0,0,0,0,0,0,0,0,0,0,0,0,0,0,0,0,0,0,0,0,0,0,0,0,0,0
"123",252.5137,252.550275,252.571625,252.5966,252.622575,252.65015,252.672425,252.71125,252.74455,252.7998,252.846725,252.955525,253.863425,253.9482,253.993575,254.04295,254.086875,254.1368,257.1201,257.171675,257.259075,257.320525,0,0,0,0,0,0,0,0,0,0,0,0,0,0,0,0,0,0,0,0,0,0,0,0,0,0,0,0,0,0,0,0,0,0,0,0,0,0,0,0,0,0,0,0,0,0,0,0,0,0,0,0,0,0,0,0,0,0,0,0,0,0,0,0,0,0,0,0,0,0,0,0,0,0,0,0,0,0,0,0,0,0,0,0,0,0,0,0,0,0,0,0,0,0,0,0,0,0,0,0,0,0,0,0,0,0,0,0,0,0,0,0,0,0,0,0,0,0,0,0,0,0,0,0,0,0,0,0,0,0,0,0,0,0,0,0,0,0,0,0,0,0,0,0,0,0,0,0,0,0,0,0,0,0,0,0,0,0,0,0,0,0,0,0,0,0,0,0,0,0,0,0,0,0,0,0,0,0,0,0,0,0,0,0,0,0,0,0,0,0,0,0,0,0,0,0,0,0,0,0,0,0,0,0,0,0,0,0,0,0,0,0,0,0,0,0,0,0,0,0,0,0,0,0,0,0,0,0,0,0,0,0,0,0,0,0,0,0,0,0,0,0,0,0,0,0,0,0,0,0,0,0,0,0,0,0,0,0,0,0,0,0,0,0,0,0,0,0,0,0,0,0,0,0,0,0,0,0,0,0,0,0,0,0,0,0,0,0,0,0,0,0,0,0,0,0,0,0,0,0,0,0,0,0,0,0,0,0,0,0,0,0,0,0,0,0,0,0,0,0,0,0,0,0,0,0,0,0,0,0,0,0,0,0,0,0,0,0,0,0,0,0,0,0
"124",0,0,0,0,0,0,0,0,0,0,0,0,0,0,0,0,0,0,0,0,0,0,0,0,0,0,0,0,0,0,0,0,0,0,0,0,0,0,0,0,0,0,0,0,0,0,0,0,0,0,0,0,0,0,0,0,0,0,0,0,0,0,0,0,0,0,0,0,0,0,0,0,0,0,0,0,0,0,0,0,0,0,0,0,0,0,0,0,0,0,0,0,0,0,0,0,0,0,0,0,0,0,0,0,0,0,0,0,0,0,0,0,0,0,0,0,0,0,0,0,0,0,0,0,0,0,0,0,0,0,0,0,0,0,0,0,0,0,0,0,0,0,0,0,0,0,0,0,0,0,0,0,0,0,0,0,0,0,0,0,0,0,0,0,0,0,0,0,0,0,0,0,0,0,0,0,0,0,0,0,0,0,0,0,0,0,0,0,0,0,0,0,0,0,0,0,0,0,0,0,0,0,0,0,0,0,0,0,0,0,0,0,0,0,0,0,0,0,0,0,0,0,0,0,0,0,0,0,0,0,0,0,0,0,0,0,0,0,0,0,0,0,0,0,0,0,0,0,0,0,0,0,0,0,0,0,0,0,0,0,0,0,0,0,0,0,0,0,0,0,0,0,0,0,0,0,0,0,0,0,0,0,0,0,0,0,0,0,0,0,0,0,0,0,0,0,0,0,0,0,0,0,0,0,0,0,0,0,0,0,0,0,0,0,0,0,0,0,0,0,0,0,0,0,0,0,0,0,0,0,0,0,0,0,0,0,0,0,0,0,0,0,0,0,0,0,0,0,0,0,0,0,0,0,0,0,0,0,0,0,0,0,0,0,0,0
"125",251.171425,251.217125,251.32475,251.632575,252.72405,253.0662,255.137475,255.88935,256.0788,256.777925,257.6437,258.629075,259.34465,259.4997,260.44115,260.790025,260.974525,261.2435,0,0,0,0,0,0,0,0,0,0,0,0,0,0,0,0,0,0,0,0,0,0,0,0,0,0,0,0,0,0,0,0,0,0,0,0,0,0,0,0,0,0,0,0,0,0,0,0,0,0,0,0,0,0,0,0,0,0,0,0,0,0,0,0,0,0,0,0,0,0,0,0,0,0,0,0,0,0,0,0,0,0,0,0,0,0,0,0,0,0,0,0,0,0,0,0,0,0,0,0,0,0,0,0,0,0,0,0,0,0,0,0,0,0,0,0,0,0,0,0,0,0,0,0,0,0,0,0,0,0,0,0,0,0,0,0,0,0,0,0,0,0,0,0,0,0,0,0,0,0,0,0,0,0,0,0,0,0,0,0,0,0,0,0,0,0,0,0,0,0,0,0,0,0,0,0,0,0,0,0,0,0,0,0,0,0,0,0,0,0,0,0,0,0,0,0,0,0,0,0,0,0,0,0,0,0,0,0,0,0,0,0,0,0,0,0,0,0,0,0,0,0,0,0,0,0,0,0,0,0,0,0,0,0,0,0,0,0,0,0,0,0,0,0,0,0,0,0,0,0,0,0,0,0,0,0,0,0,0,0,0,0,0,0,0,0,0,0,0,0,0,0,0,0,0,0,0,0,0,0,0,0,0,0,0,0,0,0,0,0,0,0,0,0,0,0,0,0,0,0,0,0,0,0,0,0,0,0,0,0,0,0,0,0,0,0,0,0,0,0,0,0,0,0,0,0,0,0,0,0,0,0,0,0,0,0,0,0,0,0,0,0,0,0,0,0,0,0
"126",249.8777,250.326525,250.6675,251.025525,251.145075,251.1851,251.249625,251.963975,252.817475,254.2533,256.84875,257.648275,258.5123,258.61805,259.294875,259.48815,260.3201,260.352225,260.381525,260.40065,260.450825,260.488975,260.565575,260.6669,260.86805,260.930125,260.971325,261.083425,261.1572,261.282525,261.47935,263.5672,264.83035,0,0,0,0,0,0,0,0,0,0,0,0,0,0,0,0,0,0,0,0,0,0,0,0,0,0,0,0,0,0,0,0,0,0,0,0,0,0,0,0,0,0,0,0,0,0,0,0,0,0,0,0,0,0,0,0,0,0,0,0,0,0,0,0,0,0,0,0,0,0,0,0,0,0,0,0,0,0,0,0,0,0,0,0,0,0,0,0,0,0,0,0,0,0,0,0,0,0,0,0,0,0,0,0,0,0,0,0,0,0,0,0,0,0,0,0,0,0,0,0,0,0,0,0,0,0,0,0,0,0,0,0,0,0,0,0,0,0,0,0,0,0,0,0,0,0,0,0,0,0,0,0,0,0,0,0,0,0,0,0,0,0,0,0,0,0,0,0,0,0,0,0,0,0,0,0,0,0,0,0,0,0,0,0,0,0,0,0,0,0,0,0,0,0,0,0,0,0,0,0,0,0,0,0,0,0,0,0,0,0,0,0,0,0,0,0,0,0,0,0,0,0,0,0,0,0,0,0,0,0,0,0,0,0,0,0,0,0,0,0,0,0,0,0,0,0,0,0,0,0,0,0,0,0,0,0,0,0,0,0,0,0,0,0,0,0,0,0,0,0,0,0,0,0,0,0,0,0,0,0,0,0,0,0,0,0,0,0,0,0,0,0,0,0,0,0,0,0,0,0,0,0,0,0,0,0,0,0,0,0,0,0,0,0,0,0,0,0,0,0,0,0,0,0,0,0,0,0,0,0,0,0,0
"127",240.61525,244.306175,246.090475,247.73905,248.63645,251.06655,251.111725,251.197725,251.245625,251.291075,251.31555,251.3616,251.418975,251.456275,251.490025,251.526975,251.5515,251.574825,252.170375,252.265975,252.2935,252.32485,252.386225,252.41905,252.449925,252.605475,252.62315,252.742175,252.775425,252.917575,252.957,253.004575,253.0424,253.0995,253.342425,253.5754,253.6153,253.640425,253.671025,253.70075,253.762975,253.83755,253.86425,253.896,253.95335,254.360275,254.97745,255.00735,255.024075,255.047425,255.21845,255.280375,255.319475,255.412375,256.483825,256.67655,256.725075,256.782175,256.803875,256.846,256.8627,256.90585,256.93135,256.9546,257.02415,257.05295,257.124225,257.1446,257.24925,257.300875,258.540425,258.56655,258.62435,258.665925,258.70815,258.7408,258.78735,258.9765,259.039925,260.2744,260.371725,260.448425,260.503725,260.5662,260.641,260.679325,260.7651,260.81055,260.845975,260.88565,260.915225,260.9717,261.165575,262.909275,263.272275,263.374,263.4922,263.628075,263.721825,263.82915,263.9147,264.031025,264.05795,264.129375,264.1711,264.2386,264.349325,264.37795,264.428475,264.5059,264.579375,264.7048,264.74005,264.8275,264.909275,264.9705,265.18285,265.29365,265.47845,0,0,0,0,0,0,0,0,0,0,0,0,0,0,0,0,0,0,0,0,0,0,0,0,0,0,0,0,0,0,0,0,0,0,0,0,0,0,0,0,0,0,0,0,0,0,0,0,0,0,0,0,0,0,0,0,0,0,0,0,0,0,0,0,0,0,0,0,0,0,0,0,0,0,0,0,0,0,0,0,0,0,0,0,0,0,0,0,0,0,0,0,0,0,0,0,0,0,0,0,0,0,0,0,0,0,0,0,0,0,0,0,0,0,0,0,0,0,0,0,0,0,0,0,0,0,0,0,0,0,0,0,0,0,0,0,0,0,0,0,0,0,0,0,0,0,0,0,0,0,0,0,0,0,0,0,0,0,0,0,0,0,0,0,0,0,0,0,0,0,0,0,0,0,0,0,0,0,0,0,0,0,0,0,0,0,0,0,0,0,0,0,0,0,0,0,0,0,0,0,0,0,0,0,0,0,0,0,0,0,0,0,0,0,0,0,0,0,0,0,0,0,0,0,0,0,0,0,0,0,0,0,0,0,0,0,0,0,0,0,0,0,0,0,0,0,0
"128",253.65505,0,0,0,0,0,0,0,0,0,0,0,0,0,0,0,0,0,0,0,0,0,0,0,0,0,0,0,0,0,0,0,0,0,0,0,0,0,0,0,0,0,0,0,0,0,0,0,0,0,0,0,0,0,0,0,0,0,0,0,0,0,0,0,0,0,0,0,0,0,0,0,0,0,0,0,0,0,0,0,0,0,0,0,0,0,0,0,0,0,0,0,0,0,0,0,0,0,0,0,0,0,0,0,0,0,0,0,0,0,0,0,0,0,0,0,0,0,0,0,0,0,0,0,0,0,0,0,0,0,0,0,0,0,0,0,0,0,0,0,0,0,0,0,0,0,0,0,0,0,0,0,0,0,0,0,0,0,0,0,0,0,0,0,0,0,0,0,0,0,0,0,0,0,0,0,0,0,0,0,0,0,0,0,0,0,0,0,0,0,0,0,0,0,0,0,0,0,0,0,0,0,0,0,0,0,0,0,0,0,0,0,0,0,0,0,0,0,0,0,0,0,0,0,0,0,0,0,0,0,0,0,0,0,0,0,0,0,0,0,0,0,0,0,0,0,0,0,0,0,0,0,0,0,0,0,0,0,0,0,0,0,0,0,0,0,0,0,0,0,0,0,0,0,0,0,0,0,0,0,0,0,0,0,0,0,0,0,0,0,0,0,0,0,0,0,0,0,0,0,0,0,0,0,0,0,0,0,0,0,0,0,0,0,0,0,0,0,0,0,0,0,0,0,0,0,0,0,0,0,0,0,0,0,0,0,0,0,0,0,0,0,0,0,0,0,0,0,0,0,0,0,0,0,0,0,0,0,0,0,0,0,0,0,0,0
"129",249.868025,250.492975,250.58145,250.5851,250.711075,250.8732,251.0291,251.2741,251.44795,251.549725,251.571275,251.6327,251.667725,251.9264,251.954325,251.9803,251.999725,252.050775,252.091475,252.1412,252.304675,252.334875,252.3964,252.4024,252.468175,252.65455,252.69505,252.733525,252.799,252.823275,252.8771,253.16095,253.207075,253.24965,253.273175,253.36235,253.451725,253.71245,253.767125,253.8839,254.0092,254.0375,254.085425,254.270225,254.374975,254.72105,254.82615,254.950175,255.1894,255.3348,255.5025,255.569,255.62265,255.671125,256.429775,256.487275,256.591725,256.654475,256.7147,256.990575,257.026325,257.0741,257.211575,257.263525,257.348425,257.5363,257.5885,258.0801,258.224475,258.28355,258.412025,258.653975,258.729475,258.86645,258.903425,259.119075,260.799825,261.846225,264.4315,264.536975,264.675375,0,0,0,0,0,0,0,0,0,0,0,0,0,0,0,0,0,0,0,0,0,0,0,0,0,0,0,0,0,0,0,0,0,0,0,0,0,0,0,0,0,0,0,0,0,0,0,0,0,0,0,0,0,0,0,0,0,0,0,0,0,0,0,0,0,0,0,0,0,0,0,0,0,0,0,0,0,0,0,0,0,0,0,0,0,0,0,0,0,0,0,0,0,0,0,0,0,0,0,0,0,0,0,0,0,0,0,0,0,0,0,0,0,0,0,0,0,0,0,0,0,0,0,0,0,0,0,0,0,0,0,0,0,0,0,0,0,0,0,0,0,0,0,0,0,0,0,0,0,0,0,0,0,0,0,0,0,0,0,0,0,0,0,0,0,0,0,0,0,0,0,0,0,0,0,0,0,0,0,0,0,0,0,0,0,0,0,0,0,0,0,0,0,0,0,0,0,0,0,0,0,0,0,0,0,0,0,0,0,0,0,0,0,0,0,0,0,0,0,0,0,0,0,0,0,0,0,0,0,0,0,0,0,0,0,0,0,0,0,0,0,0,0,0,0,0,0,0,0,0,0,0,0,0,0,0,0,0,0,0,0,0,0,0,0,0,0,0,0,0,0,0,0,0,0,0,0,0,0,0,0,0,0,0,0
"130",240.2113,241.85455,242.362375,243.081875,243.998125,244.38245,244.856725,247.018275,248.305675,248.894775,249.795875,249.90405,249.99425,250.057225,250.1127,250.19655,250.234475,250.278875,250.3074,250.354325,250.399175,250.4214,250.45165,250.48125,250.53355,250.54995,250.60015,250.6237,250.646925,250.67605,250.74165,251.690825,251.7444,251.811625,251.84785,251.88175,251.935375,256.290225,256.46235,257.9655,258.01385,258.0648,258.1294,259.616075,259.6989,259.764075,259.8166,261.5887,261.69715,261.833725,262.135225,262.3519,0,0,0,0,0,0,0,0,0,0,0,0,0,0,0,0,0,0,0,0,0,0,0,0,0,0,0,0,0,0,0,0,0,0,0,0,0,0,0,0,0,0,0,0,0,0,0,0,0,0,0,0,0,0,0,0,0,0,0,0,0,0,0,0,0,0,0,0,0,0,0,0,0,0,0,0,0,0,0,0,0,0,0,0,0,0,0,0,0,0,0,0,0,0,0,0,0,0,0,0,0,0,0,0,0,0,0,0,0,0,0,0,0,0,0,0,0,0,0,0,0,0,0,0,0,0,0,0,0,0,0,0,0,0,0,0,0,0,0,0,0,0,0,0,0,0,0,0,0,0,0,0,0,0,0,0,0,0,0,0,0,0,0,0,0,0,0,0,0,0,0,0,0,0,0,0,0,0,0,0,0,0,0,0,0,0,0,0,0,0,0,0,0,0,0,0,0,0,0,0,0,0,0,0,0,0,0,0,0,0,0,0,0,0,0,0,0,0,0,0,0,0,0,0,0,0,0,0,0,0,0,0,0,0,0,0,0,0,0,0,0,0,0,0,0,0,0,0,0,0,0,0,0,0,0,0,0,0,0,0,0,0,0,0,0,0,0,0,0,0,0,0,0,0,0,0,0,0,0,0,0,0,0,0,0,0,0,0,0,0,0,0,0,0,0,0,0,0,0,0,0,0,0,0,0,0,0,0,0,0,0,0,0,0
"131",240.144725,240.812575,241.84615,242.388475,243.643075,243.925625,244.714475,245.562575,245.836125,247.8738,248.613275,249.410375,251.1918,251.672025,252.394025,252.6305,252.677475,252.764075,252.83335,252.897575,252.918425,253.116775,253.405075,253.679275,254.245975,254.503325,254.66185,254.737525,254.81085,255.19,255.418725,255.68785,255.737525,255.802975,255.90125,255.957425,256.6095,257.0911,257.127825,257.268975,257.28765,257.6927,257.73275,257.845425,258.853425,258.8919,259.01905,259.15695,259.262725,259.431925,259.531625,259.621025,259.99895,260.269525,260.6347,260.672675,260.713525,260.9972,261.21315,261.26185,261.45195,261.56175,262.33815,262.4223,262.728125,263.318425,263.4682,263.581775,263.768575,264.243975,264.686775,264.797575,264.988,268.69135,272.41615,278.078425,0,0,0,0,0,0,0,0,0,0,0,0,0,0,0,0,0,0,0,0,0,0,0,0,0,0,0,0,0,0,0,0,0,0,0,0,0,0,0,0,0,0,0,0,0,0,0,0,0,0,0,0,0,0,0,0,0,0,0,0,0,0,0,0,0,0,0,0,0,0,0,0,0,0,0,0,0,0,0,0,0,0,0,0,0,0,0,0,0,0,0,0,0,0,0,0,0,0,0,0,0,0,0,0,0,0,0,0,0,0,0,0,0,0,0,0,0,0,0,0,0,0,0,0,0,0,0,0,0,0,0,0,0,0,0,0,0,0,0,0,0,0,0,0,0,0,0,0,0,0,0,0,0,0,0,0,0,0,0,0,0,0,0,0,0,0,0,0,0,0,0,0,0,0,0,0,0,0,0,0,0,0,0,0,0,0,0,0,0,0,0,0,0,0,0,0,0,0,0,0,0,0,0,0,0,0,0,0,0,0,0,0,0,0,0,0,0,0,0,0,0,0,0,0,0,0,0,0,0,0,0,0,0,0,0,0,0,0,0,0,0,0,0,0,0,0,0,0,0,0,0,0,0,0,0,0,0,0,0,0,0,0,0,0,0,0,0,0,0,0,0,0,0,0,0,0,0,0,0,0,0,0,0,0,0,0,0,0,0,0
"132",251.143575,252.46015,252.6618,252.680175,252.69845,252.718325,252.7195,252.85345,253.014475,253.85925,254.026575,254.1212,254.220275,254.226925,255.182225,255.274225,256.876225,257.2265,257.278475,258.7271,258.7775,0,0,0,0,0,0,0,0,0,0,0,0,0,0,0,0,0,0,0,0,0,0,0,0,0,0,0,0,0,0,0,0,0,0,0,0,0,0,0,0,0,0,0,0,0,0,0,0,0,0,0,0,0,0,0,0,0,0,0,0,0,0,0,0,0,0,0,0,0,0,0,0,0,0,0,0,0,0,0,0,0,0,0,0,0,0,0,0,0,0,0,0,0,0,0,0,0,0,0,0,0,0,0,0,0,0,0,0,0,0,0,0,0,0,0,0,0,0,0,0,0,0,0,0,0,0,0,0,0,0,0,0,0,0,0,0,0,0,0,0,0,0,0,0,0,0,0,0,0,0,0,0,0,0,0,0,0,0,0,0,0,0,0,0,0,0,0,0,0,0,0,0,0,0,0,0,0,0,0,0,0,0,0,0,0,0,0,0,0,0,0,0,0,0,0,0,0,0,0,0,0,0,0,0,0,0,0,0,0,0,0,0,0,0,0,0,0,0,0,0,0,0,0,0,0,0,0,0,0,0,0,0,0,0,0,0,0,0,0,0,0,0,0,0,0,0,0,0,0,0,0,0,0,0,0,0,0,0,0,0,0,0,0,0,0,0,0,0,0,0,0,0,0,0,0,0,0,0,0,0,0,0,0,0,0,0,0,0,0,0,0,0,0,0,0,0,0,0,0,0,0,0,0,0,0,0,0,0,0,0,0,0,0,0,0,0,0,0,0,0,0,0,0,0,0,0,0,0,0,0,0,0,0,0,0,0,0,0,0,0,0,0,0,0,0
"133",240.082225,240.32645,240.516325,240.59135,240.776075,244.16445,244.701725,246.805575,248.81455,249.1026,249.2157,249.50305,250.941775,251.0302,251.148475,252.0427,252.137575,252.31785,252.4318,252.447125,252.604275,252.62625,252.7252,253.087575,253.145575,253.5231,253.533575,253.919775,254.4954,254.955375,255.0117,255.105775,256.764775,256.89245,257.047075,257.184175,257.2004,257.56395,257.613875,258.201975,258.410575,258.7063,258.80735,258.96465,259.057675,260.1776,260.214525,260.37215,262.522375,263.739425,263.877525,264.461475,264.5172,264.54355,272.92375,274.055275,274.592225,274.656525,274.812875,275.639525,275.7229,275.80005,275.982925,276.1215,276.197,277.399025,278.222675,0,0,0,0,0,0,0,0,0,0,0,0,0,0,0,0,0,0,0,0,0,0,0,0,0,0,0,0,0,0,0,0,0,0,0,0,0,0,0,0,0,0,0,0,0,0,0,0,0,0,0,0,0,0,0,0,0,0,0,0,0,0,0,0,0,0,0,0,0,0,0,0,0,0,0,0,0,0,0,0,0,0,0,0,0,0,0,0,0,0,0,0,0,0,0,0,0,0,0,0,0,0,0,0,0,0,0,0,0,0,0,0,0,0,0,0,0,0,0,0,0,0,0,0,0,0,0,0,0,0,0,0,0,0,0,0,0,0,0,0,0,0,0,0,0,0,0,0,0,0,0,0,0,0,0,0,0,0,0,0,0,0,0,0,0,0,0,0,0,0,0,0,0,0,0,0,0,0,0,0,0,0,0,0,0,0,0,0,0,0,0,0,0,0,0,0,0,0,0,0,0,0,0,0,0,0,0,0,0,0,0,0,0,0,0,0,0,0,0,0,0,0,0,0,0,0,0,0,0,0,0,0,0,0,0,0,0,0,0,0,0,0,0,0,0,0,0,0,0,0,0,0,0,0,0,0,0,0,0,0,0,0,0,0,0,0,0,0,0,0,0,0,0,0,0,0,0,0,0,0,0,0,0,0,0,0,0,0,0,0,0,0,0,0,0,0,0,0,0
"134",252.569675,252.78515,253.945175,254.328125,254.387375,257.5865,259.184725,0,0,0,0,0,0,0,0,0,0,0,0,0,0,0,0,0,0,0,0,0,0,0,0,0,0,0,0,0,0,0,0,0,0,0,0,0,0,0,0,0,0,0,0,0,0,0,0,0,0,0,0,0,0,0,0,0,0,0,0,0,0,0,0,0,0,0,0,0,0,0,0,0,0,0,0,0,0,0,0,0,0,0,0,0,0,0,0,0,0,0,0,0,0,0,0,0,0,0,0,0,0,0,0,0,0,0,0,0,0,0,0,0,0,0,0,0,0,0,0,0,0,0,0,0,0,0,0,0,0,0,0,0,0,0,0,0,0,0,0,0,0,0,0,0,0,0,0,0,0,0,0,0,0,0,0,0,0,0,0,0,0,0,0,0,0,0,0,0,0,0,0,0,0,0,0,0,0,0,0,0,0,0,0,0,0,0,0,0,0,0,0,0,0,0,0,0,0,0,0,0,0,0,0,0,0,0,0,0,0,0,0,0,0,0,0,0,0,0,0,0,0,0,0,0,0,0,0,0,0,0,0,0,0,0,0,0,0,0,0,0,0,0,0,0,0,0,0,0,0,0,0,0,0,0,0,0,0,0,0,0,0,0,0,0,0,0,0,0,0,0,0,0,0,0,0,0,0,0,0,0,0,0,0,0,0,0,0,0,0,0,0,0,0,0,0,0,0,0,0,0,0,0,0,0,0,0,0,0,0,0,0,0,0,0,0,0,0,0,0,0,0,0,0,0,0,0,0,0,0,0,0,0,0,0,0,0,0,0,0,0,0,0,0,0,0,0,0,0,0,0,0,0,0,0,0,0,0,0
"135",252.47655,252.54275,253.7733,253.83255,253.9069,253.990775,254.04815,254.304375,254.33895,254.357475,254.452025,255.317475,255.492125,256.96575,257.008675,257.093525,257.229725,257.33785,257.36935,257.477925,257.53325,257.57485,258.813725,258.879525,258.902675,258.90685,0,0,0,0,0,0,0,0,0,0,0,0,0,0,0,0,0,0,0,0,0,0,0,0,0,0,0,0,0,0,0,0,0,0,0,0,0,0,0,0,0,0,0,0,0,0,0,0,0,0,0,0,0,0,0,0,0,0,0,0,0,0,0,0,0,0,0,0,0,0,0,0,0,0,0,0,0,0,0,0,0,0,0,0,0,0,0,0,0,0,0,0,0,0,0,0,0,0,0,0,0,0,0,0,0,0,0,0,0,0,0,0,0,0,0,0,0,0,0,0,0,0,0,0,0,0,0,0,0,0,0,0,0,0,0,0,0,0,0,0,0,0,0,0,0,0,0,0,0,0,0,0,0,0,0,0,0,0,0,0,0,0,0,0,0,0,0,0,0,0,0,0,0,0,0,0,0,0,0,0,0,0,0,0,0,0,0,0,0,0,0,0,0,0,0,0,0,0,0,0,0,0,0,0,0,0,0,0,0,0,0,0,0,0,0,0,0,0,0,0,0,0,0,0,0,0,0,0,0,0,0,0,0,0,0,0,0,0,0,0,0,0,0,0,0,0,0,0,0,0,0,0,0,0,0,0,0,0,0,0,0,0,0,0,0,0,0,0,0,0,0,0,0,0,0,0,0,0,0,0,0,0,0,0,0,0,0,0,0,0,0,0,0,0,0,0,0,0,0,0,0,0,0,0,0,0,0,0,0,0,0,0,0,0,0,0,0,0,0,0,0,0,0,0,0,0,0,0,0,0,0,0,0,0,0,0,0,0,0,0
"136",254.262525,254.340875,256.8671,257.2974,257.3477,257.429625,257.448925,257.454375,257.5995,257.6771,257.71805,0,0,0,0,0,0,0,0,0,0,0,0,0,0,0,0,0,0,0,0,0,0,0,0,0,0,0,0,0,0,0,0,0,0,0,0,0,0,0,0,0,0,0,0,0,0,0,0,0,0,0,0,0,0,0,0,0,0,0,0,0,0,0,0,0,0,0,0,0,0,0,0,0,0,0,0,0,0,0,0,0,0,0,0,0,0,0,0,0,0,0,0,0,0,0,0,0,0,0,0,0,0,0,0,0,0,0,0,0,0,0,0,0,0,0,0,0,0,0,0,0,0,0,0,0,0,0,0,0,0,0,0,0,0,0,0,0,0,0,0,0,0,0,0,0,0,0,0,0,0,0,0,0,0,0,0,0,0,0,0,0,0,0,0,0,0,0,0,0,0,0,0,0,0,0,0,0,0,0,0,0,0,0,0,0,0,0,0,0,0,0,0,0,0,0,0,0,0,0,0,0,0,0,0,0,0,0,0,0,0,0,0,0,0,0,0,0,0,0,0,0,0,0,0,0,0,0,0,0,0,0,0,0,0,0,0,0,0,0,0,0,0,0,0,0,0,0,0,0,0,0,0,0,0,0,0,0,0,0,0,0,0,0,0,0,0,0,0,0,0,0,0,0,0,0,0,0,0,0,0,0,0,0,0,0,0,0,0,0,0,0,0,0,0,0,0,0,0,0,0,0,0,0,0,0,0,0,0,0,0,0,0,0,0,0,0,0,0,0,0,0,0,0,0,0,0,0,0,0,0,0,0,0,0,0,0,0,0,0,0,0,0,0,0,0,0,0,0,0,0,0,0,0,0,0
"137",252.54185,252.863625,253.71425,253.919075,253.987825,254.01145,254.0845,254.226075,255.119275,257.07275,261.0149,265.06,0,0,0,0,0,0,0,0,0,0,0,0,0,0,0,0,0,0,0,0,0,0,0,0,0,0,0,0,0,0,0,0,0,0,0,0,0,0,0,0,0,0,0,0,0,0,0,0,0,0,0,0,0,0,0,0,0,0,0,0,0,0,0,0,0,0,0,0,0,0,0,0,0,0,0,0,0,0,0,0,0,0,0,0,0,0,0,0,0,0,0,0,0,0,0,0,0,0,0,0,0,0,0,0,0,0,0,0,0,0,0,0,0,0,0,0,0,0,0,0,0,0,0,0,0,0,0,0,0,0,0,0,0,0,0,0,0,0,0,0,0,0,0,0,0,0,0,0,0,0,0,0,0,0,0,0,0,0,0,0,0,0,0,0,0,0,0,0,0,0,0,0,0,0,0,0,0,0,0,0,0,0,0,0,0,0,0,0,0,0,0,0,0,0,0,0,0,0,0,0,0,0,0,0,0,0,0,0,0,0,0,0,0,0,0,0,0,0,0,0,0,0,0,0,0,0,0,0,0,0,0,0,0,0,0,0,0,0,0,0,0,0,0,0,0,0,0,0,0,0,0,0,0,0,0,0,0,0,0,0,0,0,0,0,0,0,0,0,0,0,0,0,0,0,0,0,0,0,0,0,0,0,0,0,0,0,0,0,0,0,0,0,0,0,0,0,0,0,0,0,0,0,0,0,0,0,0,0,0,0,0,0,0,0,0,0,0,0,0,0,0,0,0,0,0,0,0,0,0,0,0,0,0,0,0,0,0,0,0,0,0,0,0,0,0,0,0,0,0,0,0,0,0,0
"138",265.8027,266.060675,266.5014,266.72855,266.933,267.1846,267.407225,267.6433,268.744525,269.3185,269.8011,270.2932,270.865775,271.152725,271.944725,272.42865,273.1687,273.348925,273.848,274.210875,274.987975,275.36965,275.9285,277.556,277.8791,278.22605,0,0,0,0,0,0,0,0,0,0,0,0,0,0,0,0,0,0,0,0,0,0,0,0,0,0,0,0,0,0,0,0,0,0,0,0,0,0,0,0,0,0,0,0,0,0,0,0,0,0,0,0,0,0,0,0,0,0,0,0,0,0,0,0,0,0,0,0,0,0,0,0,0,0,0,0,0,0,0,0,0,0,0,0,0,0,0,0,0,0,0,0,0,0,0,0,0,0,0,0,0,0,0,0,0,0,0,0,0,0,0,0,0,0,0,0,0,0,0,0,0,0,0,0,0,0,0,0,0,0,0,0,0,0,0,0,0,0,0,0,0,0,0,0,0,0,0,0,0,0,0,0,0,0,0,0,0,0,0,0,0,0,0,0,0,0,0,0,0,0,0,0,0,0,0,0,0,0,0,0,0,0,0,0,0,0,0,0,0,0,0,0,0,0,0,0,0,0,0,0,0,0,0,0,0,0,0,0,0,0,0,0,0,0,0,0,0,0,0,0,0,0,0,0,0,0,0,0,0,0,0,0,0,0,0,0,0,0,0,0,0,0,0,0,0,0,0,0,0,0,0,0,0,0,0,0,0,0,0,0,0,0,0,0,0,0,0,0,0,0,0,0,0,0,0,0,0,0,0,0,0,0,0,0,0,0,0,0,0,0,0,0,0,0,0,0,0,0,0,0,0,0,0,0,0,0,0,0,0,0,0,0,0,0,0,0,0,0,0,0,0,0,0,0,0,0,0,0,0,0,0,0,0,0,0,0,0,0,0,0
"139",251.367025,252.5355,252.807475,254.192425,254.335525,0,0,0,0,0,0,0,0,0,0,0,0,0,0,0,0,0,0,0,0,0,0,0,0,0,0,0,0,0,0,0,0,0,0,0,0,0,0,0,0,0,0,0,0,0,0,0,0,0,0,0,0,0,0,0,0,0,0,0,0,0,0,0,0,0,0,0,0,0,0,0,0,0,0,0,0,0,0,0,0,0,0,0,0,0,0,0,0,0,0,0,0,0,0,0,0,0,0,0,0,0,0,0,0,0,0,0,0,0,0,0,0,0,0,0,0,0,0,0,0,0,0,0,0,0,0,0,0,0,0,0,0,0,0,0,0,0,0,0,0,0,0,0,0,0,0,0,0,0,0,0,0,0,0,0,0,0,0,0,0,0,0,0,0,0,0,0,0,0,0,0,0,0,0,0,0,0,0,0,0,0,0,0,0,0,0,0,0,0,0,0,0,0,0,0,0,0,0,0,0,0,0,0,0,0,0,0,0,0,0,0,0,0,0,0,0,0,0,0,0,0,0,0,0,0,0,0,0,0,0,0,0,0,0,0,0,0,0,0,0,0,0,0,0,0,0,0,0,0,0,0,0,0,0,0,0,0,0,0,0,0,0,0,0,0,0,0,0,0,0,0,0,0,0,0,0,0,0,0,0,0,0,0,0,0,0,0,0,0,0,0,0,0,0,0,0,0,0,0,0,0,0,0,0,0,0,0,0,0,0,0,0,0,0,0,0,0,0,0,0,0,0,0,0,0,0,0,0,0,0,0,0,0,0,0,0,0,0,0,0,0,0,0,0,0,0,0,0,0,0,0,0,0,0,0,0,0,0,0,0,0
"140",252.43875,252.503775,252.5235,252.567125,252.588425,252.6107,252.696975,252.761525,252.796775,252.89125,253.748225,253.913775,253.9925,254.119375,254.2608,257.134875,257.170325,257.3559,0,0,0,0,0,0,0,0,0,0,0,0,0,0,0,0,0,0,0,0,0,0,0,0,0,0,0,0,0,0,0,0,0,0,0,0,0,0,0,0,0,0,0,0,0,0,0,0,0,0,0,0,0,0,0,0,0,0,0,0,0,0,0,0,0,0,0,0,0,0,0,0,0,0,0,0,0,0,0,0,0,0,0,0,0,0,0,0,0,0,0,0,0,0,0,0,0,0,0,0,0,0,0,0,0,0,0,0,0,0,0,0,0,0,0,0,0,0,0,0,0,0,0,0,0,0,0,0,0,0,0,0,0,0,0,0,0,0,0,0,0,0,0,0,0,0,0,0,0,0,0,0,0,0,0,0,0,0,0,0,0,0,0,0,0,0,0,0,0,0,0,0,0,0,0,0,0,0,0,0,0,0,0,0,0,0,0,0,0,0,0,0,0,0,0,0,0,0,0,0,0,0,0,0,0,0,0,0,0,0,0,0,0,0,0,0,0,0,0,0,0,0,0,0,0,0,0,0,0,0,0,0,0,0,0,0,0,0,0,0,0,0,0,0,0,0,0,0,0,0,0,0,0,0,0,0,0,0,0,0,0,0,0,0,0,0,0,0,0,0,0,0,0,0,0,0,0,0,0,0,0,0,0,0,0,0,0,0,0,0,0,0,0,0,0,0,0,0,0,0,0,0,0,0,0,0,0,0,0,0,0,0,0,0,0,0,0,0,0,0,0,0,0,0,0,0,0,0,0,0,0,0,0,0,0,0,0,0,0,0,0,0,0,0,0,0,0,0
"141",251.96515,252.150575,252.50285,254.06675,254.09005,254.2629,254.28915,254.3565,254.437625,254.583375,255.42825,255.58205,255.731025,255.77495,255.911875,257.1946,257.372575,257.608875,259.270225,0,0,0,0,0,0,0,0,0,0,0,0,0,0,0,0,0,0,0,0,0,0,0,0,0,0,0,0,0,0,0,0,0,0,0,0,0,0,0,0,0,0,0,0,0,0,0,0,0,0,0,0,0,0,0,0,0,0,0,0,0,0,0,0,0,0,0,0,0,0,0,0,0,0,0,0,0,0,0,0,0,0,0,0,0,0,0,0,0,0,0,0,0,0,0,0,0,0,0,0,0,0,0,0,0,0,0,0,0,0,0,0,0,0,0,0,0,0,0,0,0,0,0,0,0,0,0,0,0,0,0,0,0,0,0,0,0,0,0,0,0,0,0,0,0,0,0,0,0,0,0,0,0,0,0,0,0,0,0,0,0,0,0,0,0,0,0,0,0,0,0,0,0,0,0,0,0,0,0,0,0,0,0,0,0,0,0,0,0,0,0,0,0,0,0,0,0,0,0,0,0,0,0,0,0,0,0,0,0,0,0,0,0,0,0,0,0,0,0,0,0,0,0,0,0,0,0,0,0,0,0,0,0,0,0,0,0,0,0,0,0,0,0,0,0,0,0,0,0,0,0,0,0,0,0,0,0,0,0,0,0,0,0,0,0,0,0,0,0,0,0,0,0,0,0,0,0,0,0,0,0,0,0,0,0,0,0,0,0,0,0,0,0,0,0,0,0,0,0,0,0,0,0,0,0,0,0,0,0,0,0,0,0,0,0,0,0,0,0,0,0,0,0,0,0,0,0,0,0,0,0,0,0,0,0,0,0,0,0,0,0,0,0,0,0,0,0
"142",251.2199,252.2119,252.30725,252.384325,252.410175,252.438075,252.47155,252.558875,252.631725,252.691775,252.7538,253.531875,253.55975,253.61405,253.711125,253.76895,253.787775,253.807625,253.847925,253.8863,253.9177,253.949675,253.9673,254.0008,254.091025,254.858975,254.93985,255.03135,255.0805,255.111875,255.1479,255.168625,255.206975,255.310975,255.349325,255.372325,255.41545,255.448075,255.52605,255.5372,255.5624,255.58865,255.6095,255.63335,255.6652,255.68015,255.71985,255.9807,256.7174,256.75505,256.802325,256.89105,256.91235,256.9412,256.968475,257.014925,257.0386,257.0566,257.107575,257.120625,257.1435,257.19945,257.2096,257.24455,257.277325,257.3328,257.366925,257.391925,257.409375,257.433375,257.50275,258.49895,258.53175,258.5655,258.648125,258.715075,258.735875,258.765475,258.7889,258.8043,258.86075,258.90185,258.935025,258.9794,259.040225,259.07315,259.099775,260.322075,0,0,0,0,0,0,0,0,0,0,0,0,0,0,0,0,0,0,0,0,0,0,0,0,0,0,0,0,0,0,0,0,0,0,0,0,0,0,0,0,0,0,0,0,0,0,0,0,0,0,0,0,0,0,0,0,0,0,0,0,0,0,0,0,0,0,0,0,0,0,0,0,0,0,0,0,0,0,0,0,0,0,0,0,0,0,0,0,0,0,0,0,0,0,0,0,0,0,0,0,0,0,0,0,0,0,0,0,0,0,0,0,0,0,0,0,0,0,0,0,0,0,0,0,0,0,0,0,0,0,0,0,0,0,0,0,0,0,0,0,0,0,0,0,0,0,0,0,0,0,0,0,0,0,0,0,0,0,0,0,0,0,0,0,0,0,0,0,0,0,0,0,0,0,0,0,0,0,0,0,0,0,0,0,0,0,0,0,0,0,0,0,0,0,0,0,0,0,0,0,0,0,0,0,0,0,0,0,0,0,0,0,0,0,0,0,0,0,0,0,0,0,0,0,0,0,0,0,0,0,0,0,0,0,0,0,0,0,0,0,0,0,0,0,0,0,0,0,0,0,0,0,0,0,0,0,0,0,0,0,0,0,0,0,0,0,0,0,0,0,0,0,0,0,0,0,0,0
"143",246.511125,250.022,250.10465,250.176625,251.068325,251.21755,251.27565,251.298125,251.340075,251.407325,251.4673,251.491425,251.564275,251.588675,251.670325,252.286325,252.405175,252.420025,252.4654,252.47885,252.498175,252.51235,252.53985,252.541625,252.56,252.621375,252.644225,252.664575,252.795225,252.809175,252.8471,252.86,252.90095,252.990125,253.0326,253.095325,253.149325,253.18285,253.324475,253.46265,253.5283,253.57455,253.587375,253.6134,253.645025,253.829575,253.8682,253.879875,254.0191,254.02135,254.051775,254.08755,254.114675,254.25745,254.3213,254.4001,254.514975,254.622825,254.75845,254.81625,254.866475,254.911025,254.990525,255.0097,255.04565,255.074225,255.123025,255.154325,255.336975,255.39695,255.4409,255.472225,255.55015,255.5793,255.6163,255.67745,255.697575,255.798425,255.8426,255.91805,256.027275,256.60805,256.664725,256.771225,256.799775,256.879975,256.8838,256.9364,256.963675,256.98815,257.037825,257.066525,257.126625,257.153425,257.198275,257.22505,257.229725,257.25985,257.317475,257.497425,257.567475,257.675475,258.014475,258.48675,258.54685,258.576175,258.6228,258.676275,258.742825,258.762875,258.793575,258.9385,258.952125,258.966725,258.983375,259.091325,259.172675,259.2893,259.33085,259.5139,259.88895,260.030075,260.26175,260.34125,260.511675,260.662625,260.720325,260.774875,260.81415,260.8705,260.986525,261.0422,261.394225,262.38225,262.9164,263.21145,263.309875,263.41445,263.5276,263.722675,263.83275,264.008875,264.14785,264.27135,264.39735,264.5601,264.848175,0,0,0,0,0,0,0,0,0,0,0,0,0,0,0,0,0,0,0,0,0,0,0,0,0,0,0,0,0,0,0,0,0,0,0,0,0,0,0,0,0,0,0,0,0,0,0,0,0,0,0,0,0,0,0,0,0,0,0,0,0,0,0,0,0,0,0,0,0,0,0,0,0,0,0,0,0,0,0,0,0,0,0,0,0,0,0,0,0,0,0,0,0,0,0,0,0,0,0,0,0,0,0,0,0,0,0,0,0,0,0,0,0,0,0,0,0,0,0,0,0,0,0,0,0,0,0,0,0,0,0,0,0,0,0,0,0,0,0,0,0,0,0,0,0,0,0,0,0,0,0,0,0,0,0,0,0,0,0,0,0,0,0,0,0,0,0,0,0,0,0,0,0,0,0,0,0,0,0,0,0,0,0,0,0,0,0,0,0,0,0,0,0,0,0,0,0,0,0,0,0,0,0,0,0,0,0,0,0,0,0,0,0,0,0,0,0,0,0
"144",240.496475,241.20715,245.449875,247.283225,249.308275,250.232975,259.097875,261.6362,264.472525,265.308825,270.126525,270.491225,271.1775,271.723575,272.3777,272.541075,273.73845,274.11585,274.67555,275.108125,276.206575,276.36595,278.0268,0,0,0,0,0,0,0,0,0,0,0,0,0,0,0,0,0,0,0,0,0,0,0,0,0,0,0,0,0,0,0,0,0,0,0,0,0,0,0,0,0,0,0,0,0,0,0,0,0,0,0,0,0,0,0,0,0,0,0,0,0,0,0,0,0,0,0,0,0,0,0,0,0,0,0,0,0,0,0,0,0,0,0,0,0,0,0,0,0,0,0,0,0,0,0,0,0,0,0,0,0,0,0,0,0,0,0,0,0,0,0,0,0,0,0,0,0,0,0,0,0,0,0,0,0,0,0,0,0,0,0,0,0,0,0,0,0,0,0,0,0,0,0,0,0,0,0,0,0,0,0,0,0,0,0,0,0,0,0,0,0,0,0,0,0,0,0,0,0,0,0,0,0,0,0,0,0,0,0,0,0,0,0,0,0,0,0,0,0,0,0,0,0,0,0,0,0,0,0,0,0,0,0,0,0,0,0,0,0,0,0,0,0,0,0,0,0,0,0,0,0,0,0,0,0,0,0,0,0,0,0,0,0,0,0,0,0,0,0,0,0,0,0,0,0,0,0,0,0,0,0,0,0,0,0,0,0,0,0,0,0,0,0,0,0,0,0,0,0,0,0,0,0,0,0,0,0,0,0,0,0,0,0,0,0,0,0,0,0,0,0,0,0,0,0,0,0,0,0,0,0,0,0,0,0,0,0,0,0,0,0,0,0,0,0,0,0,0,0,0,0,0,0,0,0,0,0,0,0,0,0,0,0,0,0,0,0,0,0,0,0,0,0
"145",251.081975,251.210575,252.211075,257.0528,260.413775,0,0,0,0,0,0,0,0,0,0,0,0,0,0,0,0,0,0,0,0,0,0,0,0,0,0,0,0,0,0,0,0,0,0,0,0,0,0,0,0,0,0,0,0,0,0,0,0,0,0,0,0,0,0,0,0,0,0,0,0,0,0,0,0,0,0,0,0,0,0,0,0,0,0,0,0,0,0,0,0,0,0,0,0,0,0,0,0,0,0,0,0,0,0,0,0,0,0,0,0,0,0,0,0,0,0,0,0,0,0,0,0,0,0,0,0,0,0,0,0,0,0,0,0,0,0,0,0,0,0,0,0,0,0,0,0,0,0,0,0,0,0,0,0,0,0,0,0,0,0,0,0,0,0,0,0,0,0,0,0,0,0,0,0,0,0,0,0,0,0,0,0,0,0,0,0,0,0,0,0,0,0,0,0,0,0,0,0,0,0,0,0,0,0,0,0,0,0,0,0,0,0,0,0,0,0,0,0,0,0,0,0,0,0,0,0,0,0,0,0,0,0,0,0,0,0,0,0,0,0,0,0,0,0,0,0,0,0,0,0,0,0,0,0,0,0,0,0,0,0,0,0,0,0,0,0,0,0,0,0,0,0,0,0,0,0,0,0,0,0,0,0,0,0,0,0,0,0,0,0,0,0,0,0,0,0,0,0,0,0,0,0,0,0,0,0,0,0,0,0,0,0,0,0,0,0,0,0,0,0,0,0,0,0,0,0,0,0,0,0,0,0,0,0,0,0,0,0,0,0,0,0,0,0,0,0,0,0,0,0,0,0,0,0,0,0,0,0,0,0,0,0,0,0,0,0,0,0,0,0,0
"146",252.346575,252.9725,253.00905,253.8945,253.919,254.2118,254.937725,255.2484,255.3041,255.862725,256.6957,258.4304,258.69555,258.906725,258.916925,259.047025,260.1231,261.27545,0,0,0,0,0,0,0,0,0,0,0,0,0,0,0,0,0,0,0,0,0,0,0,0,0,0,0,0,0,0,0,0,0,0,0,0,0,0,0,0,0,0,0,0,0,0,0,0,0,0,0,0,0,0,0,0,0,0,0,0,0,0,0,0,0,0,0,0,0,0,0,0,0,0,0,0,0,0,0,0,0,0,0,0,0,0,0,0,0,0,0,0,0,0,0,0,0,0,0,0,0,0,0,0,0,0,0,0,0,0,0,0,0,0,0,0,0,0,0,0,0,0,0,0,0,0,0,0,0,0,0,0,0,0,0,0,0,0,0,0,0,0,0,0,0,0,0,0,0,0,0,0,0,0,0,0,0,0,0,0,0,0,0,0,0,0,0,0,0,0,0,0,0,0,0,0,0,0,0,0,0,0,0,0,0,0,0,0,0,0,0,0,0,0,0,0,0,0,0,0,0,0,0,0,0,0,0,0,0,0,0,0,0,0,0,0,0,0,0,0,0,0,0,0,0,0,0,0,0,0,0,0,0,0,0,0,0,0,0,0,0,0,0,0,0,0,0,0,0,0,0,0,0,0,0,0,0,0,0,0,0,0,0,0,0,0,0,0,0,0,0,0,0,0,0,0,0,0,0,0,0,0,0,0,0,0,0,0,0,0,0,0,0,0,0,0,0,0,0,0,0,0,0,0,0,0,0,0,0,0,0,0,0,0,0,0,0,0,0,0,0,0,0,0,0,0,0,0,0,0,0,0,0,0,0,0,0,0,0,0,0,0,0,0,0,0,0,0
"147",252.59915,252.72415,253.79315,0,0,0,0,0,0,0,0,0,0,0,0,0,0,0,0,0,0,0,0,0,0,0,0,0,0,0,0,0,0,0,0,0,0,0,0,0,0,0,0,0,0,0,0,0,0,0,0,0,0,0,0,0,0,0,0,0,0,0,0,0,0,0,0,0,0,0,0,0,0,0,0,0,0,0,0,0,0,0,0,0,0,0,0,0,0,0,0,0,0,0,0,0,0,0,0,0,0,0,0,0,0,0,0,0,0,0,0,0,0,0,0,0,0,0,0,0,0,0,0,0,0,0,0,0,0,0,0,0,0,0,0,0,0,0,0,0,0,0,0,0,0,0,0,0,0,0,0,0,0,0,0,0,0,0,0,0,0,0,0,0,0,0,0,0,0,0,0,0,0,0,0,0,0,0,0,0,0,0,0,0,0,0,0,0,0,0,0,0,0,0,0,0,0,0,0,0,0,0,0,0,0,0,0,0,0,0,0,0,0,0,0,0,0,0,0,0,0,0,0,0,0,0,0,0,0,0,0,0,0,0,0,0,0,0,0,0,0,0,0,0,0,0,0,0,0,0,0,0,0,0,0,0,0,0,0,0,0,0,0,0,0,0,0,0,0,0,0,0,0,0,0,0,0,0,0,0,0,0,0,0,0,0,0,0,0,0,0,0,0,0,0,0,0,0,0,0,0,0,0,0,0,0,0,0,0,0,0,0,0,0,0,0,0,0,0,0,0,0,0,0,0,0,0,0,0,0,0,0,0,0,0,0,0,0,0,0,0,0,0,0,0,0,0,0,0,0,0,0,0,0,0,0,0,0,0,0,0,0,0,0,0,0
"148",250.5342,250.60385,250.6319,250.716225,250.7829,251.0048,251.299075,251.367,251.448425,251.498625,251.53005,251.5612,251.664625,251.916925,251.9923,252.0784,252.2631,252.41485,252.46995,252.6858,252.759425,252.88625,253.03405,253.136075,253.264125,253.4306,253.7045,253.790925,254.04265,254.64975,254.6967,254.8743,254.973225,255.179775,255.218175,255.3589,255.47685,255.745125,255.851575,256.39615,256.462825,256.6535,256.722425,256.9978,257.024625,257.063975,257.11245,257.163875,257.34405,257.55105,258.034425,258.2314,258.347775,258.4688,258.5203,258.616525,258.6184,258.668125,258.73225,258.797975,258.8554,258.965075,259.00985,259.388625,260.259325,260.38265,260.434625,260.48015,260.50655,260.624175,260.690725,260.8634,260.969575,0,0,0,0,0,0,0,0,0,0,0,0,0,0,0,0,0,0,0,0,0,0,0,0,0,0,0,0,0,0,0,0,0,0,0,0,0,0,0,0,0,0,0,0,0,0,0,0,0,0,0,0,0,0,0,0,0,0,0,0,0,0,0,0,0,0,0,0,0,0,0,0,0,0,0,0,0,0,0,0,0,0,0,0,0,0,0,0,0,0,0,0,0,0,0,0,0,0,0,0,0,0,0,0,0,0,0,0,0,0,0,0,0,0,0,0,0,0,0,0,0,0,0,0,0,0,0,0,0,0,0,0,0,0,0,0,0,0,0,0,0,0,0,0,0,0,0,0,0,0,0,0,0,0,0,0,0,0,0,0,0,0,0,0,0,0,0,0,0,0,0,0,0,0,0,0,0,0,0,0,0,0,0,0,0,0,0,0,0,0,0,0,0,0,0,0,0,0,0,0,0,0,0,0,0,0,0,0,0,0,0,0,0,0,0,0,0,0,0,0,0,0,0,0,0,0,0,0,0,0,0,0,0,0,0,0,0,0,0,0,0,0,0,0,0,0,0,0,0,0,0,0,0,0,0,0,0,0,0,0,0,0,0,0,0,0,0,0,0,0,0,0,0,0,0,0,0,0,0,0,0,0,0,0,0,0,0,0,0,0,0,0,0
"149",251.275075,251.327325,251.461875,251.5696,251.617575,251.9591,252.386175,252.4917,252.5626,252.606375,252.628675,252.705825,252.7613,252.786675,252.8113,252.87365,252.8974,253.7097,253.911125,253.960675,254.018225,254.107125,254.2155,254.3306,254.349375,254.409875,254.530375,254.912225,255.2141,255.29205,255.346225,255.399,255.401025,255.478625,255.587425,255.9461,255.989975,256.09705,256.96005,257.065375,257.093825,257.16285,257.2797,257.324075,257.420775,257.461175,257.540975,258.716,258.809675,258.854025,259.00105,259.0484,259.0875,259.152525,259.364875,260.9981,261.01555,261.220975,0,0,0,0,0,0,0,0,0,0,0,0,0,0,0,0,0,0,0,0,0,0,0,0,0,0,0,0,0,0,0,0,0,0,0,0,0,0,0,0,0,0,0,0,0,0,0,0,0,0,0,0,0,0,0,0,0,0,0,0,0,0,0,0,0,0,0,0,0,0,0,0,0,0,0,0,0,0,0,0,0,0,0,0,0,0,0,0,0,0,0,0,0,0,0,0,0,0,0,0,0,0,0,0,0,0,0,0,0,0,0,0,0,0,0,0,0,0,0,0,0,0,0,0,0,0,0,0,0,0,0,0,0,0,0,0,0,0,0,0,0,0,0,0,0,0,0,0,0,0,0,0,0,0,0,0,0,0,0,0,0,0,0,0,0,0,0,0,0,0,0,0,0,0,0,0,0,0,0,0,0,0,0,0,0,0,0,0,0,0,0,0,0,0,0,0,0,0,0,0,0,0,0,0,0,0,0,0,0,0,0,0,0,0,0,0,0,0,0,0,0,0,0,0,0,0,0,0,0,0,0,0,0,0,0,0,0,0,0,0,0,0,0,0,0,0,0,0,0,0,0,0,0,0,0,0,0,0,0,0,0,0,0,0,0,0,0,0,0,0,0,0,0,0,0,0,0,0,0,0,0,0,0,0,0,0,0,0,0,0,0,0,0,0,0,0,0,0,0,0,0,0,0,0,0,0,0,0
"150",251.076525,251.109225,251.376625,251.450975,251.537525,252.238375,252.381225,252.60165,253.94835,253.9886,254.346175,255.0249,255.0769,255.503825,255.8847,256.01695,257.10585,257.592075,257.654075,258.49775,258.550775,258.589175,258.60875,258.6429,258.78375,260.5301,260.7704,260.8583,260.92675,264.408275,0,0,0,0,0,0,0,0,0,0,0,0,0,0,0,0,0,0,0,0,0,0,0,0,0,0,0,0,0,0,0,0,0,0,0,0,0,0,0,0,0,0,0,0,0,0,0,0,0,0,0,0,0,0,0,0,0,0,0,0,0,0,0,0,0,0,0,0,0,0,0,0,0,0,0,0,0,0,0,0,0,0,0,0,0,0,0,0,0,0,0,0,0,0,0,0,0,0,0,0,0,0,0,0,0,0,0,0,0,0,0,0,0,0,0,0,0,0,0,0,0,0,0,0,0,0,0,0,0,0,0,0,0,0,0,0,0,0,0,0,0,0,0,0,0,0,0,0,0,0,0,0,0,0,0,0,0,0,0,0,0,0,0,0,0,0,0,0,0,0,0,0,0,0,0,0,0,0,0,0,0,0,0,0,0,0,0,0,0,0,0,0,0,0,0,0,0,0,0,0,0,0,0,0,0,0,0,0,0,0,0,0,0,0,0,0,0,0,0,0,0,0,0,0,0,0,0,0,0,0,0,0,0,0,0,0,0,0,0,0,0,0,0,0,0,0,0,0,0,0,0,0,0,0,0,0,0,0,0,0,0,0,0,0,0,0,0,0,0,0,0,0,0,0,0,0,0,0,0,0,0,0,0,0,0,0,0,0,0,0,0,0,0,0,0,0,0,0,0,0,0,0,0,0,0,0,0,0,0,0,0,0,0,0,0,0,0,0,0,0,0,0,0,0,0,0,0,0,0,0,0,0,0,0,0,0
"151",249.44795,249.458225,249.462625,249.468,249.47185,249.476175,249.481675,249.48575,249.505675,249.5112,249.517825,249.53315,249.564225,249.577625,249.587675,249.85055,250.4953,250.512525,250.537025,250.8282,250.84785,250.857425,250.877525,250.948975,250.955625,250.962975,250.989875,250.99505,251.011475,251.037825,251.066875,251.181175,251.206525,251.255375,251.3092,251.33365,251.34225,251.5006,251.51555,252.1202,252.134875,252.142075,252.15775,252.163225,252.1688,252.18165,252.2039,252.2592,252.275525,252.311525,252.321725,252.4331,252.46315,252.487075,252.6036,252.66405,253.421125,253.450625,253.463625,253.522475,253.545375,253.6031,253.665,253.672025,253.7078,253.767025,253.80675,254.879175,254.9198,254.9309,254.9789,255.003375,255.0425,255.0698,255.113125,255.140975,255.32555,256.619575,256.645325,256.661075,256.66875,256.675025,256.716475,256.739275,256.830825,257.00925,257.118075,258.343275,258.368075,258.39025,258.402325,258.407325,258.4212,258.4548,258.699325,258.828975,260.201375,260.21445,260.231775,260.2413,260.33015,260.350025,260.374075,260.44745,263.38025,263.409,263.945025,264.53485,271.284575,271.357925,273.837375,276.233975,276.26435,276.2736,276.2808,0,0,0,0,0,0,0,0,0,0,0,0,0,0,0,0,0,0,0,0,0,0,0,0,0,0,0,0,0,0,0,0,0,0,0,0,0,0,0,0,0,0,0,0,0,0,0,0,0,0,0,0,0,0,0,0,0,0,0,0,0,0,0,0,0,0,0,0,0,0,0,0,0,0,0,0,0,0,0,0,0,0,0,0,0,0,0,0,0,0,0,0,0,0,0,0,0,0,0,0,0,0,0,0,0,0,0,0,0,0,0,0,0,0,0,0,0,0,0,0,0,0,0,0,0,0,0,0,0,0,0,0,0,0,0,0,0,0,0,0,0,0,0,0,0,0,0,0,0,0,0,0,0,0,0,0,0,0,0,0,0,0,0,0,0,0,0,0,0,0,0,0,0,0,0,0,0,0,0,0,0,0,0,0,0,0,0,0,0,0,0,0,0,0,0,0,0,0,0,0,0,0,0,0,0,0,0,0,0,0,0,0,0,0,0,0,0,0,0,0,0,0,0,0,0,0,0,0,0,0,0,0,0,0,0,0,0,0,0,0,0,0,0,0,0,0,0,0,0,0,0
"152",252.003075,252.0635,252.27445,253.092375,253.14415,253.402375,253.477625,254.640175,255.209325,256.046125,256.3351,257.010775,260.500025,0,0,0,0,0,0,0,0,0,0,0,0,0,0,0,0,0,0,0,0,0,0,0,0,0,0,0,0,0,0,0,0,0,0,0,0,0,0,0,0,0,0,0,0,0,0,0,0,0,0,0,0,0,0,0,0,0,0,0,0,0,0,0,0,0,0,0,0,0,0,0,0,0,0,0,0,0,0,0,0,0,0,0,0,0,0,0,0,0,0,0,0,0,0,0,0,0,0,0,0,0,0,0,0,0,0,0,0,0,0,0,0,0,0,0,0,0,0,0,0,0,0,0,0,0,0,0,0,0,0,0,0,0,0,0,0,0,0,0,0,0,0,0,0,0,0,0,0,0,0,0,0,0,0,0,0,0,0,0,0,0,0,0,0,0,0,0,0,0,0,0,0,0,0,0,0,0,0,0,0,0,0,0,0,0,0,0,0,0,0,0,0,0,0,0,0,0,0,0,0,0,0,0,0,0,0,0,0,0,0,0,0,0,0,0,0,0,0,0,0,0,0,0,0,0,0,0,0,0,0,0,0,0,0,0,0,0,0,0,0,0,0,0,0,0,0,0,0,0,0,0,0,0,0,0,0,0,0,0,0,0,0,0,0,0,0,0,0,0,0,0,0,0,0,0,0,0,0,0,0,0,0,0,0,0,0,0,0,0,0,0,0,0,0,0,0,0,0,0,0,0,0,0,0,0,0,0,0,0,0,0,0,0,0,0,0,0,0,0,0,0,0,0,0,0,0,0,0,0,0,0,0,0,0,0,0,0,0,0,0,0,0,0,0,0,0,0,0,0,0,0,0,0
"153",260.38485,260.4873,260.62125,260.935975,261.145125,0,0,0,0,0,0,0,0,0,0,0,0,0,0,0,0,0,0,0,0,0,0,0,0,0,0,0,0,0,0,0,0,0,0,0,0,0,0,0,0,0,0,0,0,0,0,0,0,0,0,0,0,0,0,0,0,0,0,0,0,0,0,0,0,0,0,0,0,0,0,0,0,0,0,0,0,0,0,0,0,0,0,0,0,0,0,0,0,0,0,0,0,0,0,0,0,0,0,0,0,0,0,0,0,0,0,0,0,0,0,0,0,0,0,0,0,0,0,0,0,0,0,0,0,0,0,0,0,0,0,0,0,0,0,0,0,0,0,0,0,0,0,0,0,0,0,0,0,0,0,0,0,0,0,0,0,0,0,0,0,0,0,0,0,0,0,0,0,0,0,0,0,0,0,0,0,0,0,0,0,0,0,0,0,0,0,0,0,0,0,0,0,0,0,0,0,0,0,0,0,0,0,0,0,0,0,0,0,0,0,0,0,0,0,0,0,0,0,0,0,0,0,0,0,0,0,0,0,0,0,0,0,0,0,0,0,0,0,0,0,0,0,0,0,0,0,0,0,0,0,0,0,0,0,0,0,0,0,0,0,0,0,0,0,0,0,0,0,0,0,0,0,0,0,0,0,0,0,0,0,0,0,0,0,0,0,0,0,0,0,0,0,0,0,0,0,0,0,0,0,0,0,0,0,0,0,0,0,0,0,0,0,0,0,0,0,0,0,0,0,0,0,0,0,0,0,0,0,0,0,0,0,0,0,0,0,0,0,0,0,0,0,0,0,0,0,0,0,0,0,0,0,0,0,0,0,0,0,0,0,0
"154",251.23195,251.281075,251.291375,251.30125,251.34645,251.3718,251.40165,251.431025,251.5322,252.340875,252.46785,252.51605,252.58115,252.8133,252.8492,252.957875,253.760325,253.9369,254.28025,255.13095,255.216175,255.43025,255.51505,255.68635,255.878875,256.8201,256.900475,257.0397,257.385575,257.613775,257.6672,258.611425,258.636825,258.747,258.89165,258.923525,258.961025,258.999325,260.70765,260.745525,260.83035,0,0,0,0,0,0,0,0,0,0,0,0,0,0,0,0,0,0,0,0,0,0,0,0,0,0,0,0,0,0,0,0,0,0,0,0,0,0,0,0,0,0,0,0,0,0,0,0,0,0,0,0,0,0,0,0,0,0,0,0,0,0,0,0,0,0,0,0,0,0,0,0,0,0,0,0,0,0,0,0,0,0,0,0,0,0,0,0,0,0,0,0,0,0,0,0,0,0,0,0,0,0,0,0,0,0,0,0,0,0,0,0,0,0,0,0,0,0,0,0,0,0,0,0,0,0,0,0,0,0,0,0,0,0,0,0,0,0,0,0,0,0,0,0,0,0,0,0,0,0,0,0,0,0,0,0,0,0,0,0,0,0,0,0,0,0,0,0,0,0,0,0,0,0,0,0,0,0,0,0,0,0,0,0,0,0,0,0,0,0,0,0,0,0,0,0,0,0,0,0,0,0,0,0,0,0,0,0,0,0,0,0,0,0,0,0,0,0,0,0,0,0,0,0,0,0,0,0,0,0,0,0,0,0,0,0,0,0,0,0,0,0,0,0,0,0,0,0,0,0,0,0,0,0,0,0,0,0,0,0,0,0,0,0,0,0,0,0,0,0,0,0,0,0,0,0,0,0,0,0,0,0,0,0,0,0,0,0,0,0,0,0,0,0,0,0,0,0,0,0,0,0,0,0,0,0,0,0,0,0,0,0,0,0,0,0,0,0,0,0,0,0,0,0,0
"155",249.52485,249.943925,250.449775,251.056575,251.11955,251.1236,251.15075,251.191725,251.210625,251.23075,251.27135,251.333525,251.351025,251.3801,251.387525,251.4414,251.460225,251.477525,251.5346,251.55805,252.168575,252.191075,252.198475,252.230375,252.254825,252.2761,252.2846,252.33005,252.33725,252.35615,252.365925,252.3785,252.395775,252.417175,252.449625,252.456625,252.459925,252.470475,252.509475,252.5227,252.52725,252.5651,252.595425,252.733025,253.5244,253.55045,253.64475,253.696275,253.793175,253.81835,253.875725,253.95205,253.962625,253.99645,254.0547,254.07595,254.1415,254.165375,254.304125,254.532125,254.939825,254.983925,255.088825,255.1302,255.2915,255.3214,255.33305,255.35735,255.37615,255.40265,255.551625,255.6058,255.6381,255.6743,255.706225,255.87875,256.719325,256.769725,256.812825,256.839875,256.86335,256.89925,256.921775,256.990125,256.99775,257.02245,257.107825,257.122325,257.1401,257.141925,257.2465,257.2657,257.30385,257.46135,257.5177,258.463075,258.497875,258.5874,258.70875,258.7804,258.825425,258.882925,258.9397,258.96385,259.070075,259.091825,259.148825,259.166525,260.375575,260.438125,260.587725,260.6835,260.739675,260.781225,260.833025,260.867375,261.015575,262.141175,262.5078,263.256,263.917175,263.9535,264.085425,264.144375,264.2281,264.358825,264.436475,264.4955,0,0,0,0,0,0,0,0,0,0,0,0,0,0,0,0,0,0,0,0,0,0,0,0,0,0,0,0,0,0,0,0,0,0,0,0,0,0,0,0,0,0,0,0,0,0,0,0,0,0,0,0,0,0,0,0,0,0,0,0,0,0,0,0,0,0,0,0,0,0,0,0,0,0,0,0,0,0,0,0,0,0,0,0,0,0,0,0,0,0,0,0,0,0,0,0,0,0,0,0,0,0,0,0,0,0,0,0,0,0,0,0,0,0,0,0,0,0,0,0,0,0,0,0,0,0,0,0,0,0,0,0,0,0,0,0,0,0,0,0,0,0,0,0,0,0,0,0,0,0,0,0,0,0,0,0,0,0,0,0,0,0,0,0,0,0,0,0,0,0,0,0,0,0,0,0,0,0,0,0,0,0,0,0,0,0,0,0,0,0,0,0,0,0,0,0,0,0,0,0,0,0,0,0,0,0,0,0,0,0,0,0,0,0,0,0,0,0,0,0,0,0,0,0,0,0,0,0,0,0,0,0,0,0,0,0,0,0
"156",252.172775,252.828825,253.45255,253.5771,253.603175,253.735225,253.861675,253.915075,254.035625,254.181575,254.772625,254.918675,254.9452,255.057825,255.1921,255.24295,255.36095,257.015875,257.325175,258.857575,263.838825,264.1925,264.311475,264.402,264.4406,264.628325,264.78565,0,0,0,0,0,0,0,0,0,0,0,0,0,0,0,0,0,0,0,0,0,0,0,0,0,0,0,0,0,0,0,0,0,0,0,0,0,0,0,0,0,0,0,0,0,0,0,0,0,0,0,0,0,0,0,0,0,0,0,0,0,0,0,0,0,0,0,0,0,0,0,0,0,0,0,0,0,0,0,0,0,0,0,0,0,0,0,0,0,0,0,0,0,0,0,0,0,0,0,0,0,0,0,0,0,0,0,0,0,0,0,0,0,0,0,0,0,0,0,0,0,0,0,0,0,0,0,0,0,0,0,0,0,0,0,0,0,0,0,0,0,0,0,0,0,0,0,0,0,0,0,0,0,0,0,0,0,0,0,0,0,0,0,0,0,0,0,0,0,0,0,0,0,0,0,0,0,0,0,0,0,0,0,0,0,0,0,0,0,0,0,0,0,0,0,0,0,0,0,0,0,0,0,0,0,0,0,0,0,0,0,0,0,0,0,0,0,0,0,0,0,0,0,0,0,0,0,0,0,0,0,0,0,0,0,0,0,0,0,0,0,0,0,0,0,0,0,0,0,0,0,0,0,0,0,0,0,0,0,0,0,0,0,0,0,0,0,0,0,0,0,0,0,0,0,0,0,0,0,0,0,0,0,0,0,0,0,0,0,0,0,0,0,0,0,0,0,0,0,0,0,0,0,0,0,0,0,0,0,0,0,0,0,0,0,0,0,0,0,0,0,0,0,0,0,0,0,0,0,0,0,0,0,0,0,0,0,0,0
"157",251.02695,251.141825,251.5382,251.607625,251.643375,251.6923,251.93375,252.013075,252.033375,252.097325,252.2609,252.2976,252.31685,252.337925,252.352525,252.377725,252.386325,252.400625,252.440325,252.492875,252.5618,252.57755,252.687225,252.751575,252.776125,252.837925,252.842325,252.864475,252.87435,252.93395,252.951375,252.970225,252.97905,253.010675,253.02225,253.039625,253.066475,253.0845,253.105875,253.127225,253.17485,253.21765,253.2293,253.3622,253.404425,253.45505,253.4674,253.52175,253.6207,253.668625,253.69115,253.80165,253.833775,253.891175,253.952075,253.98225,254.0221,254.0312,254.118275,254.27945,254.518825,254.538725,254.560875,254.5919,254.6131,254.722675,254.79785,254.812075,254.851225,254.873075,254.9487,254.983875,254.996,255.016825,255.049375,255.134775,255.149325,255.258875,255.284925,255.321375,255.366625,255.50555,255.52545,255.703175,255.7769,255.80495,255.871925,255.8825,255.96845,255.97635,256.056425,256.0719,256.448325,256.5034,256.5292,256.642825,256.682575,256.71165,256.7271,256.742975,256.751925,256.798925,256.8077,256.881525,256.917975,256.952825,256.96425,257.075,257.09095,257.155925,257.28295,257.341725,257.404825,257.504775,257.57055,257.60965,257.6836,257.7204,258.00285,258.356675,258.486575,258.606425,258.71065,258.749875,258.7764,258.98295,259.11325,259.269275,259.33535,260.32065,260.445,260.4997,260.536875,260.6093,260.6401,260.6626,260.8174,260.846575,260.97285,261.0479,261.085325,262.987475,263.1517,263.210775,263.236675,263.317,263.411725,263.4659,263.64185,263.68025,263.710775,263.727875,263.775925,263.80895,263.832225,263.9073,263.95975,263.998225,264.0233,264.05785,264.098975,264.11775,264.16915,264.1926,264.241125,264.281475,264.307775,264.33905,264.40425,264.422475,264.47965,264.486375,264.5214,264.568575,264.6111,264.628325,264.692475,264.710025,264.7356,264.7856,264.820875,264.8668,264.91915,265.056825,265.065375,0,0,0,0,0,0,0,0,0,0,0,0,0,0,0,0,0,0,0,0,0,0,0,0,0,0,0,0,0,0,0,0,0,0,0,0,0,0,0,0,0,0,0,0,0,0,0,0,0,0,0,0,0,0,0,0,0,0,0,0,0,0,0,0,0,0,0,0,0,0,0,0,0,0,0,0,0,0,0,0,0,0,0,0,0,0,0,0,0,0,0,0,0,0,0,0,0,0,0,0,0,0,0,0,0,0,0,0,0,0,0,0,0,0,0,0,0,0,0,0,0,0,0,0,0,0,0,0,0,0,0,0,0,0,0,0,0,0,0,0,0,0,0,0,0,0,0,0,0,0,0,0,0,0,0,0,0,0,0,0,0,0,0,0,0,0,0,0,0,0,0,0,0,0,0,0,0,0,0,0,0
"158",249.61305,249.701425,249.767625,249.83535,249.863225,249.9181,249.9438,249.98475,250.023975,250.0579,250.083675,250.11895,250.156575,250.18035,250.241475,250.26795,250.286875,250.30365,250.315125,250.33295,250.34715,250.3749,250.392925,250.4162,250.422925,250.4677,250.482275,250.507625,250.524125,250.5589,250.64755,250.712175,251.459575,251.650225,251.68885,251.7027,251.71865,251.755275,251.7725,251.797875,251.83845,251.86685,251.87615,251.9129,252.975125,253.082725,253.1574,253.203275,253.23095,253.241925,253.266475,253.293375,253.317875,253.3913,254.5792,254.6525,254.727,256.0877,256.1607,256.231925,256.2543,256.31395,256.344625,256.368275,256.40725,256.455725,256.51025,256.63005,257.5684,257.721775,257.76075,257.785975,257.81535,257.86845,257.922725,257.996275,258.0351,258.08245,258.138,258.195475,259.22795,259.377525,259.5272,259.56735,259.61,259.640125,259.6652,259.692575,259.727775,259.758175,259.808425,259.854625,259.882475,259.975875,260.024675,260.133375,261.275825,261.343575,261.42505,261.491125,261.5499,261.59615,261.65205,261.713575,261.767175,261.811425,261.868825,261.971525,262.043425,262.125125,262.215175,262.3085,262.427125,262.664475,266.3971,266.743625,266.972225,267.147375,267.318625,267.470225,267.634725,267.798475,267.94665,268.115925,268.178975,268.5586,268.67335,268.789425,268.930575,269.055425,269.1745,269.422375,269.560425,269.752175,269.87085,270.004925,270.0329,270.13815,270.211075,270.36215,270.571175,271.017925,271.402425,271.7684,271.8718,272.162125,272.515525,273.0666,273.366925,273.76935,274.23235,274.564425,274.962,275.11685,275.4839,275.774975,276.9138,277.17555,278.1275,0,0,0,0,0,0,0,0,0,0,0,0,0,0,0,0,0,0,0,0,0,0,0,0,0,0,0,0,0,0,0,0,0,0,0,0,0,0,0,0,0,0,0,0,0,0,0,0,0,0,0,0,0,0,0,0,0,0,0,0,0,0,0,0,0,0,0,0,0,0,0,0,0,0,0,0,0,0,0,0,0,0,0,0,0,0,0,0,0,0,0,0,0,0,0,0,0,0,0,0,0,0,0,0,0,0,0,0,0,0,0,0,0,0,0,0,0,0,0,0,0,0,0,0,0,0,0,0,0,0,0,0,0,0,0,0,0,0,0,0,0,0,0,0,0,0,0,0,0,0,0,0,0,0,0,0,0,0,0,0,0,0,0,0,0,0,0,0,0,0,0,0,0,0,0,0,0,0,0,0,0,0,0,0,0,0,0,0,0,0,0,0,0,0,0,0,0,0,0,0,0,0,0,0,0,0,0
"159",251.518525,252.341,252.432725,252.4809,252.61525,253.61965,253.76865,253.803175,254.0181,254.02435,254.0879,254.267575,254.30585,254.438225,255.1154,255.447925,255.79405,256.9383,257.047025,257.13905,257.204125,257.316825,257.4711,257.475375,258.717925,260.597225,0,0,0,0,0,0,0,0,0,0,0,0,0,0,0,0,0,0,0,0,0,0,0,0,0,0,0,0,0,0,0,0,0,0,0,0,0,0,0,0,0,0,0,0,0,0,0,0,0,0,0,0,0,0,0,0,0,0,0,0,0,0,0,0,0,0,0,0,0,0,0,0,0,0,0,0,0,0,0,0,0,0,0,0,0,0,0,0,0,0,0,0,0,0,0,0,0,0,0,0,0,0,0,0,0,0,0,0,0,0,0,0,0,0,0,0,0,0,0,0,0,0,0,0,0,0,0,0,0,0,0,0,0,0,0,0,0,0,0,0,0,0,0,0,0,0,0,0,0,0,0,0,0,0,0,0,0,0,0,0,0,0,0,0,0,0,0,0,0,0,0,0,0,0,0,0,0,0,0,0,0,0,0,0,0,0,0,0,0,0,0,0,0,0,0,0,0,0,0,0,0,0,0,0,0,0,0,0,0,0,0,0,0,0,0,0,0,0,0,0,0,0,0,0,0,0,0,0,0,0,0,0,0,0,0,0,0,0,0,0,0,0,0,0,0,0,0,0,0,0,0,0,0,0,0,0,0,0,0,0,0,0,0,0,0,0,0,0,0,0,0,0,0,0,0,0,0,0,0,0,0,0,0,0,0,0,0,0,0,0,0,0,0,0,0,0,0,0,0,0,0,0,0,0,0,0,0,0,0,0,0,0,0,0,0,0,0,0,0,0,0,0,0,0,0,0,0,0,0,0,0,0,0,0,0,0,0,0,0,0
"160",252.65185,252.71635,252.78635,252.801975,252.89825,253.973475,254.004175,254.041,254.101,254.230425,0,0,0,0,0,0,0,0,0,0,0,0,0,0,0,0,0,0,0,0,0,0,0,0,0,0,0,0,0,0,0,0,0,0,0,0,0,0,0,0,0,0,0,0,0,0,0,0,0,0,0,0,0,0,0,0,0,0,0,0,0,0,0,0,0,0,0,0,0,0,0,0,0,0,0,0,0,0,0,0,0,0,0,0,0,0,0,0,0,0,0,0,0,0,0,0,0,0,0,0,0,0,0,0,0,0,0,0,0,0,0,0,0,0,0,0,0,0,0,0,0,0,0,0,0,0,0,0,0,0,0,0,0,0,0,0,0,0,0,0,0,0,0,0,0,0,0,0,0,0,0,0,0,0,0,0,0,0,0,0,0,0,0,0,0,0,0,0,0,0,0,0,0,0,0,0,0,0,0,0,0,0,0,0,0,0,0,0,0,0,0,0,0,0,0,0,0,0,0,0,0,0,0,0,0,0,0,0,0,0,0,0,0,0,0,0,0,0,0,0,0,0,0,0,0,0,0,0,0,0,0,0,0,0,0,0,0,0,0,0,0,0,0,0,0,0,0,0,0,0,0,0,0,0,0,0,0,0,0,0,0,0,0,0,0,0,0,0,0,0,0,0,0,0,0,0,0,0,0,0,0,0,0,0,0,0,0,0,0,0,0,0,0,0,0,0,0,0,0,0,0,0,0,0,0,0,0,0,0,0,0,0,0,0,0,0,0,0,0,0,0,0,0,0,0,0,0,0,0,0,0,0,0,0,0,0,0,0,0,0,0,0,0,0,0,0,0,0,0,0,0,0,0,0,0,0
"161",252.447475,252.4618,252.52505,252.53975,252.604175,252.8474,252.872825,253.823575,253.856075,255.06945,257.0704,257.0935,258.9485,259.01245,0,0,0,0,0,0,0,0,0,0,0,0,0,0,0,0,0,0,0,0,0,0,0,0,0,0,0,0,0,0,0,0,0,0,0,0,0,0,0,0,0,0,0,0,0,0,0,0,0,0,0,0,0,0,0,0,0,0,0,0,0,0,0,0,0,0,0,0,0,0,0,0,0,0,0,0,0,0,0,0,0,0,0,0,0,0,0,0,0,0,0,0,0,0,0,0,0,0,0,0,0,0,0,0,0,0,0,0,0,0,0,0,0,0,0,0,0,0,0,0,0,0,0,0,0,0,0,0,0,0,0,0,0,0,0,0,0,0,0,0,0,0,0,0,0,0,0,0,0,0,0,0,0,0,0,0,0,0,0,0,0,0,0,0,0,0,0,0,0,0,0,0,0,0,0,0,0,0,0,0,0,0,0,0,0,0,0,0,0,0,0,0,0,0,0,0,0,0,0,0,0,0,0,0,0,0,0,0,0,0,0,0,0,0,0,0,0,0,0,0,0,0,0,0,0,0,0,0,0,0,0,0,0,0,0,0,0,0,0,0,0,0,0,0,0,0,0,0,0,0,0,0,0,0,0,0,0,0,0,0,0,0,0,0,0,0,0,0,0,0,0,0,0,0,0,0,0,0,0,0,0,0,0,0,0,0,0,0,0,0,0,0,0,0,0,0,0,0,0,0,0,0,0,0,0,0,0,0,0,0,0,0,0,0,0,0,0,0,0,0,0,0,0,0,0,0,0,0,0,0,0,0,0,0,0,0,0,0,0,0,0,0,0,0,0,0,0,0,0,0,0,0
"162",252.40225,252.536075,252.5413,252.60695,252.616575,252.66005,252.718675,252.753475,252.809725,252.81155,252.86865,252.944,253.9694,254.01815,254.065175,254.1169,254.16375,254.211825,254.34335,254.389425,257.00735,257.077875,257.142675,257.18845,257.2424,257.31315,258.847575,258.916475,259.053575,0,0,0,0,0,0,0,0,0,0,0,0,0,0,0,0,0,0,0,0,0,0,0,0,0,0,0,0,0,0,0,0,0,0,0,0,0,0,0,0,0,0,0,0,0,0,0,0,0,0,0,0,0,0,0,0,0,0,0,0,0,0,0,0,0,0,0,0,0,0,0,0,0,0,0,0,0,0,0,0,0,0,0,0,0,0,0,0,0,0,0,0,0,0,0,0,0,0,0,0,0,0,0,0,0,0,0,0,0,0,0,0,0,0,0,0,0,0,0,0,0,0,0,0,0,0,0,0,0,0,0,0,0,0,0,0,0,0,0,0,0,0,0,0,0,0,0,0,0,0,0,0,0,0,0,0,0,0,0,0,0,0,0,0,0,0,0,0,0,0,0,0,0,0,0,0,0,0,0,0,0,0,0,0,0,0,0,0,0,0,0,0,0,0,0,0,0,0,0,0,0,0,0,0,0,0,0,0,0,0,0,0,0,0,0,0,0,0,0,0,0,0,0,0,0,0,0,0,0,0,0,0,0,0,0,0,0,0,0,0,0,0,0,0,0,0,0,0,0,0,0,0,0,0,0,0,0,0,0,0,0,0,0,0,0,0,0,0,0,0,0,0,0,0,0,0,0,0,0,0,0,0,0,0,0,0,0,0,0,0,0,0,0,0,0,0,0,0,0,0,0,0,0,0,0,0,0,0,0,0,0,0,0,0,0,0,0,0,0,0,0,0,0,0,0,0,0,0,0,0,0,0,0,0,0,0,0
"163",252.353825,252.442875,252.4738,252.595825,252.693025,252.787525,253.6861,253.736525,253.767275,254.0807,254.2388,256.86705,258.9453,0,0,0,0,0,0,0,0,0,0,0,0,0,0,0,0,0,0,0,0,0,0,0,0,0,0,0,0,0,0,0,0,0,0,0,0,0,0,0,0,0,0,0,0,0,0,0,0,0,0,0,0,0,0,0,0,0,0,0,0,0,0,0,0,0,0,0,0,0,0,0,0,0,0,0,0,0,0,0,0,0,0,0,0,0,0,0,0,0,0,0,0,0,0,0,0,0,0,0,0,0,0,0,0,0,0,0,0,0,0,0,0,0,0,0,0,0,0,0,0,0,0,0,0,0,0,0,0,0,0,0,0,0,0,0,0,0,0,0,0,0,0,0,0,0,0,0,0,0,0,0,0,0,0,0,0,0,0,0,0,0,0,0,0,0,0,0,0,0,0,0,0,0,0,0,0,0,0,0,0,0,0,0,0,0,0,0,0,0,0,0,0,0,0,0,0,0,0,0,0,0,0,0,0,0,0,0,0,0,0,0,0,0,0,0,0,0,0,0,0,0,0,0,0,0,0,0,0,0,0,0,0,0,0,0,0,0,0,0,0,0,0,0,0,0,0,0,0,0,0,0,0,0,0,0,0,0,0,0,0,0,0,0,0,0,0,0,0,0,0,0,0,0,0,0,0,0,0,0,0,0,0,0,0,0,0,0,0,0,0,0,0,0,0,0,0,0,0,0,0,0,0,0,0,0,0,0,0,0,0,0,0,0,0,0,0,0,0,0,0,0,0,0,0,0,0,0,0,0,0,0,0,0,0,0,0,0,0,0,0,0,0,0,0,0,0,0,0,0,0,0,0,0
"164",251.868575,252.47315,252.49465,252.553525,252.668325,252.734725,253.022625,253.7347,253.882325,253.98045,253.984125,254.0309,254.162675,254.210575,254.28485,254.894825,255.40175,255.46635,255.795225,255.98245,256.9995,257.185225,257.2762,257.49215,259.32255,260.125225,260.611425,260.86255,261.0117,263.071175,0,0,0,0,0,0,0,0,0,0,0,0,0,0,0,0,0,0,0,0,0,0,0,0,0,0,0,0,0,0,0,0,0,0,0,0,0,0,0,0,0,0,0,0,0,0,0,0,0,0,0,0,0,0,0,0,0,0,0,0,0,0,0,0,0,0,0,0,0,0,0,0,0,0,0,0,0,0,0,0,0,0,0,0,0,0,0,0,0,0,0,0,0,0,0,0,0,0,0,0,0,0,0,0,0,0,0,0,0,0,0,0,0,0,0,0,0,0,0,0,0,0,0,0,0,0,0,0,0,0,0,0,0,0,0,0,0,0,0,0,0,0,0,0,0,0,0,0,0,0,0,0,0,0,0,0,0,0,0,0,0,0,0,0,0,0,0,0,0,0,0,0,0,0,0,0,0,0,0,0,0,0,0,0,0,0,0,0,0,0,0,0,0,0,0,0,0,0,0,0,0,0,0,0,0,0,0,0,0,0,0,0,0,0,0,0,0,0,0,0,0,0,0,0,0,0,0,0,0,0,0,0,0,0,0,0,0,0,0,0,0,0,0,0,0,0,0,0,0,0,0,0,0,0,0,0,0,0,0,0,0,0,0,0,0,0,0,0,0,0,0,0,0,0,0,0,0,0,0,0,0,0,0,0,0,0,0,0,0,0,0,0,0,0,0,0,0,0,0,0,0,0,0,0,0,0,0,0,0,0,0,0,0,0,0,0,0,0,0,0,0,0,0,0,0,0,0,0,0,0,0,0,0,0,0,0
"165",240.1954,240.277125,240.638875,241.223425,241.5591,241.729275,241.92235,242.1226,242.239475,242.39385,242.6617,242.828725,242.91115,243.163925,243.4379,243.711925,244.136075,244.30105,244.4841,244.6975,245.0748,245.51555,245.700625,245.8967,246.098075,246.279125,246.581375,246.7854,246.9286,247.09565,247.651275,247.881575,248.180425,248.471675,248.666925,249.0045,249.526,249.56565,249.568025,249.619025,249.67275,249.851275,250.483375,250.519625,250.565825,250.58985,250.6163,250.638275,250.6661,250.685675,250.7112,250.731575,250.753125,250.792325,250.832125,250.889975,250.974275,251.02615,251.055325,251.08445,251.10165,251.1194,251.150425,251.155175,251.179725,251.20405,251.2435,251.278375,251.3959,251.443775,251.485475,251.538525,251.580625,251.634875,251.82705,251.884025,251.935775,251.9623,251.9869,252.024025,252.043875,252.091025,252.12145,252.1342,252.163575,252.1804,252.2111,252.29135,252.328175,252.356775,252.440175,252.459175,252.511375,252.52795,252.5987,252.640075,252.6641,252.7141,252.75805,252.836,252.848425,252.907625,252.921775,252.944875,252.954325,252.99215,253.005675,253.02455,253.0732,253.1523,253.2015,253.222025,253.266775,253.294425,253.314725,253.33715,253.340925,253.398675,253.4039,253.443625,253.524225,253.55145,253.62065,253.773675,253.799925,253.8353,253.8884,253.9222,254.019975,254.21935,254.6048,254.63965,254.720725,254.777275,254.80465,254.850825,254.864775,254.885575,254.899225,254.9407,254.947425,254.9546,254.98785,255.00715,255.0437,255.06865,255.130275,255.317725,255.330875,255.8078,256.1107,256.26155,256.264875,256.289275,256.321225,256.384775,256.43995,256.47755,256.519625,256.5582,256.574875,256.6009,256.60885,256.65295,256.664925,256.674725,256.716275,256.7625,256.7847,256.799625,256.8198,256.845975,256.895775,256.955025,256.99985,257.0335,257.12325,257.151325,257.154875,257.594975,257.599275,257.661975,257.71525,257.789825,257.840825,257.9341,257.941025,257.967175,257.976125,258.01555,258.079075,258.1101,258.138475,258.17075,258.197275,258.2521,258.292475,258.370475,258.388725,258.409125,258.441725,258.464375,258.5167,258.544075,258.5669,258.5921,258.62185,258.692075,258.723375,258.7399,258.755925,258.79925,258.84085,258.936275,259.013325,259.291425,259.37515,259.461625,259.48525,259.703675,259.80085,259.8708,259.9162,259.95315,260.048125,260.0724,260.13635,260.148825,260.168525,260.18885,260.21495,260.245,260.291775,260.309925,260.335975,260.36265,260.384625,260.410425,260.4403,260.45785,260.4773,260.499775,260.5267,260.5477,260.609425,260.6512,260.679025,260.784375,260.8273,260.834525,260.874775,260.925175,260.975975,261.0264,261.18975,261.279425,261.294425,261.348775,261.38085,261.449025,261.597225,261.68285,261.72835,261.789475,261.854375,261.922275,261.9678,262.078775,262.17805,262.3326,262.335725,262.398275,262.5161,262.719425,262.7684,262.875075,262.927825,262.972875,263.0564,263.11085,263.167575,263.2079,263.2794,263.333525,263.413025,263.5102,263.665875,263.956375,264.025,264.128825,264.243275,264.3937,264.5241,264.603925,264.65735,264.70895,264.769125,264.8432,264.939175,265.1609,265.240525,265.358275,265.75605,268.930975,0,0,0,0,0,0,0,0,0,0,0,0,0,0,0,0,0,0,0,0,0,0,0,0,0,0,0,0,0,0,0,0,0,0,0,0,0,0,0,0,0,0,0,0,0,0,0,0,0,0,0,0,0,0,0,0,0,0,0,0,0,0
"166",252.6254,252.691875,252.724475,253.69315,253.77805,253.842575,253.891,253.96555,254.113925,254.2315,254.266625,254.3136,254.381475,254.423675,254.4453,254.499975,254.588025,254.698675,255.113025,255.1943,255.287525,255.337525,255.384225,255.41265,255.45125,255.503175,255.5522,255.71655,255.73935,255.77735,255.894875,256.10655,256.1227,256.2274,257.14005,257.280975,257.336,257.42145,257.674325,257.727025,257.76215,258.0371,258.216,258.940425,259.031575,259.087325,259.111,259.1601,259.20465,259.2226,259.274275,259.409475,259.4613,0,0,0,0,0,0,0,0,0,0,0,0,0,0,0,0,0,0,0,0,0,0,0,0,0,0,0,0,0,0,0,0,0,0,0,0,0,0,0,0,0,0,0,0,0,0,0,0,0,0,0,0,0,0,0,0,0,0,0,0,0,0,0,0,0,0,0,0,0,0,0,0,0,0,0,0,0,0,0,0,0,0,0,0,0,0,0,0,0,0,0,0,0,0,0,0,0,0,0,0,0,0,0,0,0,0,0,0,0,0,0,0,0,0,0,0,0,0,0,0,0,0,0,0,0,0,0,0,0,0,0,0,0,0,0,0,0,0,0,0,0,0,0,0,0,0,0,0,0,0,0,0,0,0,0,0,0,0,0,0,0,0,0,0,0,0,0,0,0,0,0,0,0,0,0,0,0,0,0,0,0,0,0,0,0,0,0,0,0,0,0,0,0,0,0,0,0,0,0,0,0,0,0,0,0,0,0,0,0,0,0,0,0,0,0,0,0,0,0,0,0,0,0,0,0,0,0,0,0,0,0,0,0,0,0,0,0,0,0,0,0,0,0,0,0,0,0,0,0,0,0,0,0,0,0,0,0,0,0,0,0,0,0,0,0,0,0,0,0,0,0,0,0,0,0,0,0,0,0,0,0,0,0,0,0,0,0,0,0,0,0,0,0,0,0,0,0,0,0,0,0,0,0,0,0,0,0,0,0,0,0,0,0
"167",252.48095,252.822475,252.869025,252.890975,253.663575,253.743825,253.8013,253.897375,253.9187,253.942175,253.98545,254.07195,254.1028,254.14755,254.225675,254.385625,255.12095,255.3198,255.33585,255.481275,255.500975,255.517975,255.649925,255.688925,255.794275,255.8402,255.88145,256.001925,256.920625,256.948725,256.992075,257.045225,257.11785,257.1499,257.21765,257.3271,258.794775,258.8106,258.8658,258.8917,258.928825,258.961125,258.9934,259.0445,259.082,260.817575,260.905225,260.950125,0,0,0,0,0,0,0,0,0,0,0,0,0,0,0,0,0,0,0,0,0,0,0,0,0,0,0,0,0,0,0,0,0,0,0,0,0,0,0,0,0,0,0,0,0,0,0,0,0,0,0,0,0,0,0,0,0,0,0,0,0,0,0,0,0,0,0,0,0,0,0,0,0,0,0,0,0,0,0,0,0,0,0,0,0,0,0,0,0,0,0,0,0,0,0,0,0,0,0,0,0,0,0,0,0,0,0,0,0,0,0,0,0,0,0,0,0,0,0,0,0,0,0,0,0,0,0,0,0,0,0,0,0,0,0,0,0,0,0,0,0,0,0,0,0,0,0,0,0,0,0,0,0,0,0,0,0,0,0,0,0,0,0,0,0,0,0,0,0,0,0,0,0,0,0,0,0,0,0,0,0,0,0,0,0,0,0,0,0,0,0,0,0,0,0,0,0,0,0,0,0,0,0,0,0,0,0,0,0,0,0,0,0,0,0,0,0,0,0,0,0,0,0,0,0,0,0,0,0,0,0,0,0,0,0,0,0,0,0,0,0,0,0,0,0,0,0,0,0,0,0,0,0,0,0,0,0,0,0,0,0,0,0,0,0,0,0,0,0,0,0,0,0,0,0,0,0,0,0,0,0,0,0,0,0,0,0,0,0,0,0,0,0,0,0,0,0,0,0,0,0,0,0,0,0,0,0,0,0,0,0,0,0,0,0,0,0,0
"168",249.6401,250.2118,251.20005,251.22965,251.29065,251.314425,251.3995,251.4353,251.4584,251.488625,251.52745,251.55735,251.61585,251.724275,252.2981,252.33305,252.367275,252.3851,252.415375,252.43955,252.456825,252.511025,252.521325,252.556875,252.5666,252.587025,252.5969,252.612375,252.62095,252.634975,252.648525,252.6653,252.695425,252.71165,252.721625,252.7441,252.756225,252.778375,252.81925,252.858475,252.889525,252.911775,252.939975,252.96105,252.998475,253.51605,253.56345,253.59645,253.67395,253.7176,253.736075,253.75995,253.770775,253.78225,253.796725,253.80795,253.818175,253.8492,253.858625,253.8683,253.879825,253.886325,253.90505,253.9252,253.936925,253.94865,253.958,253.997125,254.015975,254.051175,254.071325,254.1049,254.1233,254.1537,254.1721,254.2131,254.2743,254.4008,254.4532,254.542875,254.985975,255.0475,255.07635,255.11885,255.159,255.179075,255.2052,255.2361,255.252975,255.28645,255.295625,255.312475,255.33855,255.351825,255.36855,255.391225,255.414975,255.441025,255.45895,255.4711,255.48455,255.498525,255.5145,255.5337,255.548075,255.555125,255.56845,255.586875,255.609525,255.62725,255.6465,255.660075,255.70155,255.740175,255.8387,255.89605,256.03905,256.78275,256.826,256.8747,256.932825,256.963425,257.0162,257.037025,257.052675,257.076425,257.093175,257.1101,257.132825,257.1548,257.16915,257.17905,257.207225,257.2182,257.227675,257.24935,257.303625,257.328425,257.335,257.36665,257.39435,257.418775,257.439325,257.467875,257.480175,257.504775,257.53655,257.642475,258.604,258.657875,258.689025,258.770525,258.7878,258.81735,258.836475,258.851875,258.86745,258.887575,258.8988,258.93275,258.9448,258.954925,258.971825,258.985025,259.01365,259.028425,259.040525,259.0667,259.080575,259.09365,259.104325,259.124725,259.135775,259.14575,259.1576,259.1768,259.198,259.227375,259.244725,259.3598,260.506925,260.5541,260.600825,260.658825,260.6917,260.732125,260.839825,260.894675,260.947625,261.073675,261.16225,264.274175,264.384025,264.53435,264.78755,0,0,0,0,0,0,0,0,0,0,0,0,0,0,0,0,0,0,0,0,0,0,0,0,0,0,0,0,0,0,0,0,0,0,0,0,0,0,0,0,0,0,0,0,0,0,0,0,0,0,0,0,0,0,0,0,0,0,0,0,0,0,0,0,0,0,0,0,0,0,0,0,0,0,0,0,0,0,0,0,0,0,0,0,0,0,0,0,0,0,0,0,0,0,0,0,0,0,0,0,0,0,0,0,0,0,0,0,0,0,0,0,0,0,0,0,0,0,0,0,0,0,0,0,0,0,0,0,0,0,0,0,0,0,0,0,0,0,0,0,0,0,0,0,0,0,0,0,0,0,0,0,0,0,0,0,0,0,0,0,0,0,0,0,0,0,0,0,0,0,0
"169",250.536075,250.585675,250.64505,250.67875,251.875225,251.96095,252.07505,254.008325,254.7541,256.248625,256.310975,256.3545,256.398975,256.459275,256.4992,256.583875,257.979125,258.06305,258.1096,258.138,258.186375,258.232475,258.277075,258.349525,259.8857,260.085025,0,0,0,0,0,0,0,0,0,0,0,0,0,0,0,0,0,0,0,0,0,0,0,0,0,0,0,0,0,0,0,0,0,0,0,0,0,0,0,0,0,0,0,0,0,0,0,0,0,0,0,0,0,0,0,0,0,0,0,0,0,0,0,0,0,0,0,0,0,0,0,0,0,0,0,0,0,0,0,0,0,0,0,0,0,0,0,0,0,0,0,0,0,0,0,0,0,0,0,0,0,0,0,0,0,0,0,0,0,0,0,0,0,0,0,0,0,0,0,0,0,0,0,0,0,0,0,0,0,0,0,0,0,0,0,0,0,0,0,0,0,0,0,0,0,0,0,0,0,0,0,0,0,0,0,0,0,0,0,0,0,0,0,0,0,0,0,0,0,0,0,0,0,0,0,0,0,0,0,0,0,0,0,0,0,0,0,0,0,0,0,0,0,0,0,0,0,0,0,0,0,0,0,0,0,0,0,0,0,0,0,0,0,0,0,0,0,0,0,0,0,0,0,0,0,0,0,0,0,0,0,0,0,0,0,0,0,0,0,0,0,0,0,0,0,0,0,0,0,0,0,0,0,0,0,0,0,0,0,0,0,0,0,0,0,0,0,0,0,0,0,0,0,0,0,0,0,0,0,0,0,0,0,0,0,0,0,0,0,0,0,0,0,0,0,0,0,0,0,0,0,0,0,0,0,0,0,0,0,0,0,0,0,0,0,0,0,0,0,0,0,0,0,0,0,0,0,0,0,0,0,0,0,0,0,0,0,0,0,0
"170",251.098375,251.107875,251.1514,251.1626,251.185675,251.227875,251.291475,251.31735,251.372075,251.404275,251.41695,251.468675,251.573375,251.62405,252.269425,252.299425,252.311825,252.329275,252.372925,252.416025,252.442875,252.4764,252.535575,252.570625,252.71135,252.76925,252.851325,252.8882,252.973925,253.573075,253.654175,253.6909,253.710775,253.7926,253.874625,253.928475,254.0246,254.1895,254.351275,254.446975,255.06465,255.10075,255.3057,255.492975,255.604325,255.850125,255.926525,256.0158,256.777725,256.787825,256.83875,256.897575,257.073775,257.36455,257.4054,257.513225,257.64855,258.54535,258.65355,258.77845,258.8935,258.90795,259.037825,259.103175,259.206275,259.31235,259.45775,260.451575,260.48095,260.516575,260.57775,260.63375,260.692775,260.8776,260.969,261.1591,261.394425,0,0,0,0,0,0,0,0,0,0,0,0,0,0,0,0,0,0,0,0,0,0,0,0,0,0,0,0,0,0,0,0,0,0,0,0,0,0,0,0,0,0,0,0,0,0,0,0,0,0,0,0,0,0,0,0,0,0,0,0,0,0,0,0,0,0,0,0,0,0,0,0,0,0,0,0,0,0,0,0,0,0,0,0,0,0,0,0,0,0,0,0,0,0,0,0,0,0,0,0,0,0,0,0,0,0,0,0,0,0,0,0,0,0,0,0,0,0,0,0,0,0,0,0,0,0,0,0,0,0,0,0,0,0,0,0,0,0,0,0,0,0,0,0,0,0,0,0,0,0,0,0,0,0,0,0,0,0,0,0,0,0,0,0,0,0,0,0,0,0,0,0,0,0,0,0,0,0,0,0,0,0,0,0,0,0,0,0,0,0,0,0,0,0,0,0,0,0,0,0,0,0,0,0,0,0,0,0,0,0,0,0,0,0,0,0,0,0,0,0,0,0,0,0,0,0,0,0,0,0,0,0,0,0,0,0,0,0,0,0,0,0,0,0,0,0,0,0,0,0,0,0,0,0,0,0,0,0,0,0,0,0,0,0,0,0,0,0,0,0,0,0,0,0,0,0,0,0,0,0,0,0,0,0,0,0,0,0,0
"171",252.546425,252.63555,252.68145,252.710175,252.7488,252.8088,253.8127,253.916525,254.110475,254.43785,255.134325,255.34645,255.460725,256.89025,256.9427,257.0865,257.115,257.367725,258.61945,260.716975,260.810525,0,0,0,0,0,0,0,0,0,0,0,0,0,0,0,0,0,0,0,0,0,0,0,0,0,0,0,0,0,0,0,0,0,0,0,0,0,0,0,0,0,0,0,0,0,0,0,0,0,0,0,0,0,0,0,0,0,0,0,0,0,0,0,0,0,0,0,0,0,0,0,0,0,0,0,0,0,0,0,0,0,0,0,0,0,0,0,0,0,0,0,0,0,0,0,0,0,0,0,0,0,0,0,0,0,0,0,0,0,0,0,0,0,0,0,0,0,0,0,0,0,0,0,0,0,0,0,0,0,0,0,0,0,0,0,0,0,0,0,0,0,0,0,0,0,0,0,0,0,0,0,0,0,0,0,0,0,0,0,0,0,0,0,0,0,0,0,0,0,0,0,0,0,0,0,0,0,0,0,0,0,0,0,0,0,0,0,0,0,0,0,0,0,0,0,0,0,0,0,0,0,0,0,0,0,0,0,0,0,0,0,0,0,0,0,0,0,0,0,0,0,0,0,0,0,0,0,0,0,0,0,0,0,0,0,0,0,0,0,0,0,0,0,0,0,0,0,0,0,0,0,0,0,0,0,0,0,0,0,0,0,0,0,0,0,0,0,0,0,0,0,0,0,0,0,0,0,0,0,0,0,0,0,0,0,0,0,0,0,0,0,0,0,0,0,0,0,0,0,0,0,0,0,0,0,0,0,0,0,0,0,0,0,0,0,0,0,0,0,0,0,0,0,0,0,0,0,0,0,0,0,0,0,0,0,0,0,0,0,0,0,0,0,0,0
"172",251.8139,257.9675,258.0376,259.655975,259.7166,259.7585,259.824825,261.6077,0,0,0,0,0,0,0,0,0,0,0,0,0,0,0,0,0,0,0,0,0,0,0,0,0,0,0,0,0,0,0,0,0,0,0,0,0,0,0,0,0,0,0,0,0,0,0,0,0,0,0,0,0,0,0,0,0,0,0,0,0,0,0,0,0,0,0,0,0,0,0,0,0,0,0,0,0,0,0,0,0,0,0,0,0,0,0,0,0,0,0,0,0,0,0,0,0,0,0,0,0,0,0,0,0,0,0,0,0,0,0,0,0,0,0,0,0,0,0,0,0,0,0,0,0,0,0,0,0,0,0,0,0,0,0,0,0,0,0,0,0,0,0,0,0,0,0,0,0,0,0,0,0,0,0,0,0,0,0,0,0,0,0,0,0,0,0,0,0,0,0,0,0,0,0,0,0,0,0,0,0,0,0,0,0,0,0,0,0,0,0,0,0,0,0,0,0,0,0,0,0,0,0,0,0,0,0,0,0,0,0,0,0,0,0,0,0,0,0,0,0,0,0,0,0,0,0,0,0,0,0,0,0,0,0,0,0,0,0,0,0,0,0,0,0,0,0,0,0,0,0,0,0,0,0,0,0,0,0,0,0,0,0,0,0,0,0,0,0,0,0,0,0,0,0,0,0,0,0,0,0,0,0,0,0,0,0,0,0,0,0,0,0,0,0,0,0,0,0,0,0,0,0,0,0,0,0,0,0,0,0,0,0,0,0,0,0,0,0,0,0,0,0,0,0,0,0,0,0,0,0,0,0,0,0,0,0,0,0,0,0,0,0,0,0,0,0,0,0,0,0,0,0,0,0,0,0,0
"173",251.092325,251.146875,251.192325,251.225425,251.30645,251.331275,251.3905,251.480175,251.516775,251.531125,252.224225,252.257525,252.3026,252.3337,252.354725,252.383675,252.41405,252.438125,252.503225,252.567525,252.66715,252.67715,252.70175,252.998175,253.05985,253.5461,253.5881,253.61125,253.65025,253.706825,253.761225,253.877925,254.294025,254.91365,254.984225,254.998475,255.033525,255.05475,255.107625,255.168525,255.290425,255.41915,255.602575,255.935625,256.734625,256.773125,256.805625,256.831025,256.865025,256.892125,257.095325,257.2651,257.3129,257.3458,257.45295,257.506075,257.549075,258.51285,258.553675,258.57435,258.598625,258.62965,258.648275,258.727075,258.775375,258.8393,259.164525,260.463825,260.5019,260.557775,260.617925,260.652925,260.697275,260.743825,260.77465,260.870025,261.04015,264.17065,264.4248,264.580275,264.792925,0,0,0,0,0,0,0,0,0,0,0,0,0,0,0,0,0,0,0,0,0,0,0,0,0,0,0,0,0,0,0,0,0,0,0,0,0,0,0,0,0,0,0,0,0,0,0,0,0,0,0,0,0,0,0,0,0,0,0,0,0,0,0,0,0,0,0,0,0,0,0,0,0,0,0,0,0,0,0,0,0,0,0,0,0,0,0,0,0,0,0,0,0,0,0,0,0,0,0,0,0,0,0,0,0,0,0,0,0,0,0,0,0,0,0,0,0,0,0,0,0,0,0,0,0,0,0,0,0,0,0,0,0,0,0,0,0,0,0,0,0,0,0,0,0,0,0,0,0,0,0,0,0,0,0,0,0,0,0,0,0,0,0,0,0,0,0,0,0,0,0,0,0,0,0,0,0,0,0,0,0,0,0,0,0,0,0,0,0,0,0,0,0,0,0,0,0,0,0,0,0,0,0,0,0,0,0,0,0,0,0,0,0,0,0,0,0,0,0,0,0,0,0,0,0,0,0,0,0,0,0,0,0,0,0,0,0,0,0,0,0,0,0,0,0,0,0,0,0,0,0,0,0,0,0,0,0,0,0,0,0,0,0,0,0,0,0,0,0,0,0,0,0,0,0,0,0,0,0,0,0,0,0,0,0
"174",250.29785,254.47155,255.5747,255.640675,259.99825,261.8755,0,0,0,0,0,0,0,0,0,0,0,0,0,0,0,0,0,0,0,0,0,0,0,0,0,0,0,0,0,0,0,0,0,0,0,0,0,0,0,0,0,0,0,0,0,0,0,0,0,0,0,0,0,0,0,0,0,0,0,0,0,0,0,0,0,0,0,0,0,0,0,0,0,0,0,0,0,0,0,0,0,0,0,0,0,0,0,0,0,0,0,0,0,0,0,0,0,0,0,0,0,0,0,0,0,0,0,0,0,0,0,0,0,0,0,0,0,0,0,0,0,0,0,0,0,0,0,0,0,0,0,0,0,0,0,0,0,0,0,0,0,0,0,0,0,0,0,0,0,0,0,0,0,0,0,0,0,0,0,0,0,0,0,0,0,0,0,0,0,0,0,0,0,0,0,0,0,0,0,0,0,0,0,0,0,0,0,0,0,0,0,0,0,0,0,0,0,0,0,0,0,0,0,0,0,0,0,0,0,0,0,0,0,0,0,0,0,0,0,0,0,0,0,0,0,0,0,0,0,0,0,0,0,0,0,0,0,0,0,0,0,0,0,0,0,0,0,0,0,0,0,0,0,0,0,0,0,0,0,0,0,0,0,0,0,0,0,0,0,0,0,0,0,0,0,0,0,0,0,0,0,0,0,0,0,0,0,0,0,0,0,0,0,0,0,0,0,0,0,0,0,0,0,0,0,0,0,0,0,0,0,0,0,0,0,0,0,0,0,0,0,0,0,0,0,0,0,0,0,0,0,0,0,0,0,0,0,0,0,0,0,0,0,0,0,0,0,0,0,0,0,0,0,0,0,0,0,0,0,0
"175",250.132925,250.275225,250.329175,250.35385,250.40555,250.411225,250.500625,250.52975,250.666475,251.82475,256.274525,256.349575,257.360025,257.47475,257.80155,257.806275,257.85375,257.9196,257.92085,257.990575,258.0197,258.0306,258.120025,258.21715,259.471025,259.547125,259.579175,259.6226,259.674925,259.6881,259.7428,259.77345,259.79755,259.8307,259.99595,0,0,0,0,0,0,0,0,0,0,0,0,0,0,0,0,0,0,0,0,0,0,0,0,0,0,0,0,0,0,0,0,0,0,0,0,0,0,0,0,0,0,0,0,0,0,0,0,0,0,0,0,0,0,0,0,0,0,0,0,0,0,0,0,0,0,0,0,0,0,0,0,0,0,0,0,0,0,0,0,0,0,0,0,0,0,0,0,0,0,0,0,0,0,0,0,0,0,0,0,0,0,0,0,0,0,0,0,0,0,0,0,0,0,0,0,0,0,0,0,0,0,0,0,0,0,0,0,0,0,0,0,0,0,0,0,0,0,0,0,0,0,0,0,0,0,0,0,0,0,0,0,0,0,0,0,0,0,0,0,0,0,0,0,0,0,0,0,0,0,0,0,0,0,0,0,0,0,0,0,0,0,0,0,0,0,0,0,0,0,0,0,0,0,0,0,0,0,0,0,0,0,0,0,0,0,0,0,0,0,0,0,0,0,0,0,0,0,0,0,0,0,0,0,0,0,0,0,0,0,0,0,0,0,0,0,0,0,0,0,0,0,0,0,0,0,0,0,0,0,0,0,0,0,0,0,0,0,0,0,0,0,0,0,0,0,0,0,0,0,0,0,0,0,0,0,0,0,0,0,0,0,0,0,0,0,0,0,0,0,0,0,0,0,0,0,0,0,0,0,0,0,0,0,0,0,0,0,0,0,0,0,0,0,0,0,0,0,0,0,0,0,0,0,0,0,0,0,0,0,0
"176",251.201675,251.252525,252.632425,252.702975,253.82225,254.06465,255.359775,255.41755,255.7116,257.119475,258.554825,258.617875,258.722,258.820675,258.96355,260.76935,260.82015,260.902275,261.0106,261.205,0,0,0,0,0,0,0,0,0,0,0,0,0,0,0,0,0,0,0,0,0,0,0,0,0,0,0,0,0,0,0,0,0,0,0,0,0,0,0,0,0,0,0,0,0,0,0,0,0,0,0,0,0,0,0,0,0,0,0,0,0,0,0,0,0,0,0,0,0,0,0,0,0,0,0,0,0,0,0,0,0,0,0,0,0,0,0,0,0,0,0,0,0,0,0,0,0,0,0,0,0,0,0,0,0,0,0,0,0,0,0,0,0,0,0,0,0,0,0,0,0,0,0,0,0,0,0,0,0,0,0,0,0,0,0,0,0,0,0,0,0,0,0,0,0,0,0,0,0,0,0,0,0,0,0,0,0,0,0,0,0,0,0,0,0,0,0,0,0,0,0,0,0,0,0,0,0,0,0,0,0,0,0,0,0,0,0,0,0,0,0,0,0,0,0,0,0,0,0,0,0,0,0,0,0,0,0,0,0,0,0,0,0,0,0,0,0,0,0,0,0,0,0,0,0,0,0,0,0,0,0,0,0,0,0,0,0,0,0,0,0,0,0,0,0,0,0,0,0,0,0,0,0,0,0,0,0,0,0,0,0,0,0,0,0,0,0,0,0,0,0,0,0,0,0,0,0,0,0,0,0,0,0,0,0,0,0,0,0,0,0,0,0,0,0,0,0,0,0,0,0,0,0,0,0,0,0,0,0,0,0,0,0,0,0,0,0,0,0,0,0,0,0,0,0,0,0,0,0,0,0,0,0,0,0,0,0,0,0,0,0,0,0,0,0,0
"177",252.65285,252.855575,252.88135,252.884625,252.92345,252.970975,253.676775,253.95095,254.045875,254.0943,254.149775,254.2017,254.233925,254.25125,254.25265,254.31025,254.32975,254.3627,254.390875,255.20735,255.421725,255.504425,255.519525,255.563,255.6167,255.6847,255.7125,255.765675,255.843625,255.903,255.97105,256.022825,256.084475,257.1655,257.225675,257.251825,257.34415,257.385375,257.440175,257.460925,257.6414,257.6943,258.71705,258.790725,258.82945,258.86965,258.914575,259.00795,259.058175,259.077725,259.14625,0,0,0,0,0,0,0,0,0,0,0,0,0,0,0,0,0,0,0,0,0,0,0,0,0,0,0,0,0,0,0,0,0,0,0,0,0,0,0,0,0,0,0,0,0,0,0,0,0,0,0,0,0,0,0,0,0,0,0,0,0,0,0,0,0,0,0,0,0,0,0,0,0,0,0,0,0,0,0,0,0,0,0,0,0,0,0,0,0,0,0,0,0,0,0,0,0,0,0,0,0,0,0,0,0,0,0,0,0,0,0,0,0,0,0,0,0,0,0,0,0,0,0,0,0,0,0,0,0,0,0,0,0,0,0,0,0,0,0,0,0,0,0,0,0,0,0,0,0,0,0,0,0,0,0,0,0,0,0,0,0,0,0,0,0,0,0,0,0,0,0,0,0,0,0,0,0,0,0,0,0,0,0,0,0,0,0,0,0,0,0,0,0,0,0,0,0,0,0,0,0,0,0,0,0,0,0,0,0,0,0,0,0,0,0,0,0,0,0,0,0,0,0,0,0,0,0,0,0,0,0,0,0,0,0,0,0,0,0,0,0,0,0,0,0,0,0,0,0,0,0,0,0,0,0,0,0,0,0,0,0,0,0,0,0,0,0,0,0,0,0,0,0,0,0,0,0,0,0,0,0,0,0,0,0,0,0,0,0,0,0,0,0,0,0,0,0,0,0,0,0,0,0,0,0,0,0,0,0,0,0,0,0,0,0
"178",252.7073,252.7471,252.830775,252.865,252.88265,252.898125,252.929675,253.03835,253.097325,253.992025,254.078475,254.10115,254.232025,254.2475,254.294825,254.3267,254.344225,254.368,254.401675,254.4263,254.4511,254.49705,255.2129,255.265575,255.46425,255.5063,255.54395,255.5639,255.61015,255.703175,255.76525,255.828325,255.853075,255.935325,255.96825,256.026375,256.996575,257.12325,257.1849,257.2213,257.2472,257.2686,257.30075,257.329475,257.347375,257.3725,257.388175,257.41195,257.436675,257.4572,257.477925,257.5016,257.532525,257.559475,257.59315,257.61165,257.637375,257.669875,258.9284,258.98715,259.07365,259.129075,259.160225,259.18775,259.225325,259.261725,259.319725,259.387125,0,0,0,0,0,0,0,0,0,0,0,0,0,0,0,0,0,0,0,0,0,0,0,0,0,0,0,0,0,0,0,0,0,0,0,0,0,0,0,0,0,0,0,0,0,0,0,0,0,0,0,0,0,0,0,0,0,0,0,0,0,0,0,0,0,0,0,0,0,0,0,0,0,0,0,0,0,0,0,0,0,0,0,0,0,0,0,0,0,0,0,0,0,0,0,0,0,0,0,0,0,0,0,0,0,0,0,0,0,0,0,0,0,0,0,0,0,0,0,0,0,0,0,0,0,0,0,0,0,0,0,0,0,0,0,0,0,0,0,0,0,0,0,0,0,0,0,0,0,0,0,0,0,0,0,0,0,0,0,0,0,0,0,0,0,0,0,0,0,0,0,0,0,0,0,0,0,0,0,0,0,0,0,0,0,0,0,0,0,0,0,0,0,0,0,0,0,0,0,0,0,0,0,0,0,0,0,0,0,0,0,0,0,0,0,0,0,0,0,0,0,0,0,0,0,0,0,0,0,0,0,0,0,0,0,0,0,0,0,0,0,0,0,0,0,0,0,0,0,0,0,0,0,0,0,0,0,0,0,0,0,0,0,0,0,0,0,0,0,0,0,0,0,0,0,0,0,0,0,0,0,0,0,0,0,0,0,0,0,0,0,0,0,0,0,0,0,0
"179",252.336725,252.44105,252.6816,252.806075,252.848325,252.975775,253.8807,253.949725,254.062175,254.12895,254.307425,255.118325,255.6433,255.72995,256.940575,258.719975,258.798125,258.819325,0,0,0,0,0,0,0,0,0,0,0,0,0,0,0,0,0,0,0,0,0,0,0,0,0,0,0,0,0,0,0,0,0,0,0,0,0,0,0,0,0,0,0,0,0,0,0,0,0,0,0,0,0,0,0,0,0,0,0,0,0,0,0,0,0,0,0,0,0,0,0,0,0,0,0,0,0,0,0,0,0,0,0,0,0,0,0,0,0,0,0,0,0,0,0,0,0,0,0,0,0,0,0,0,0,0,0,0,0,0,0,0,0,0,0,0,0,0,0,0,0,0,0,0,0,0,0,0,0,0,0,0,0,0,0,0,0,0,0,0,0,0,0,0,0,0,0,0,0,0,0,0,0,0,0,0,0,0,0,0,0,0,0,0,0,0,0,0,0,0,0,0,0,0,0,0,0,0,0,0,0,0,0,0,0,0,0,0,0,0,0,0,0,0,0,0,0,0,0,0,0,0,0,0,0,0,0,0,0,0,0,0,0,0,0,0,0,0,0,0,0,0,0,0,0,0,0,0,0,0,0,0,0,0,0,0,0,0,0,0,0,0,0,0,0,0,0,0,0,0,0,0,0,0,0,0,0,0,0,0,0,0,0,0,0,0,0,0,0,0,0,0,0,0,0,0,0,0,0,0,0,0,0,0,0,0,0,0,0,0,0,0,0,0,0,0,0,0,0,0,0,0,0,0,0,0,0,0,0,0,0,0,0,0,0,0,0,0,0,0,0,0,0,0,0,0,0,0,0,0,0,0,0,0,0,0,0,0,0,0,0,0,0,0,0,0,0,0
"180",250.346675,250.4863,250.579675,250.63935,250.77555,251.8905,251.96085,252.0074,252.4983,254.696575,258.13785,259.561475,259.6627,259.690075,259.719725,259.800575,259.830125,262.174675,0,0,0,0,0,0,0,0,0,0,0,0,0,0,0,0,0,0,0,0,0,0,0,0,0,0,0,0,0,0,0,0,0,0,0,0,0,0,0,0,0,0,0,0,0,0,0,0,0,0,0,0,0,0,0,0,0,0,0,0,0,0,0,0,0,0,0,0,0,0,0,0,0,0,0,0,0,0,0,0,0,0,0,0,0,0,0,0,0,0,0,0,0,0,0,0,0,0,0,0,0,0,0,0,0,0,0,0,0,0,0,0,0,0,0,0,0,0,0,0,0,0,0,0,0,0,0,0,0,0,0,0,0,0,0,0,0,0,0,0,0,0,0,0,0,0,0,0,0,0,0,0,0,0,0,0,0,0,0,0,0,0,0,0,0,0,0,0,0,0,0,0,0,0,0,0,0,0,0,0,0,0,0,0,0,0,0,0,0,0,0,0,0,0,0,0,0,0,0,0,0,0,0,0,0,0,0,0,0,0,0,0,0,0,0,0,0,0,0,0,0,0,0,0,0,0,0,0,0,0,0,0,0,0,0,0,0,0,0,0,0,0,0,0,0,0,0,0,0,0,0,0,0,0,0,0,0,0,0,0,0,0,0,0,0,0,0,0,0,0,0,0,0,0,0,0,0,0,0,0,0,0,0,0,0,0,0,0,0,0,0,0,0,0,0,0,0,0,0,0,0,0,0,0,0,0,0,0,0,0,0,0,0,0,0,0,0,0,0,0,0,0,0,0,0,0,0,0,0,0,0,0,0,0,0,0,0,0,0,0,0,0,0,0,0,0,0,0
"181",251.373225,251.49525,252.537125,252.62385,252.651675,252.76755,252.791825,252.962475,253.62265,253.807,254.02705,254.0441,254.143125,254.189675,254.201075,254.266775,255.181325,255.32255,255.3767,255.427925,255.67785,255.900075,256.11845,256.8011,256.863025,257.096725,257.1642,257.750175,258.6005,258.673525,258.74965,258.8954,258.95655,259.027025,259.052375,259.098775,260.597075,260.645925,260.774675,260.86005,260.938375,260.9909,0,0,0,0,0,0,0,0,0,0,0,0,0,0,0,0,0,0,0,0,0,0,0,0,0,0,0,0,0,0,0,0,0,0,0,0,0,0,0,0,0,0,0,0,0,0,0,0,0,0,0,0,0,0,0,0,0,0,0,0,0,0,0,0,0,0,0,0,0,0,0,0,0,0,0,0,0,0,0,0,0,0,0,0,0,0,0,0,0,0,0,0,0,0,0,0,0,0,0,0,0,0,0,0,0,0,0,0,0,0,0,0,0,0,0,0,0,0,0,0,0,0,0,0,0,0,0,0,0,0,0,0,0,0,0,0,0,0,0,0,0,0,0,0,0,0,0,0,0,0,0,0,0,0,0,0,0,0,0,0,0,0,0,0,0,0,0,0,0,0,0,0,0,0,0,0,0,0,0,0,0,0,0,0,0,0,0,0,0,0,0,0,0,0,0,0,0,0,0,0,0,0,0,0,0,0,0,0,0,0,0,0,0,0,0,0,0,0,0,0,0,0,0,0,0,0,0,0,0,0,0,0,0,0,0,0,0,0,0,0,0,0,0,0,0,0,0,0,0,0,0,0,0,0,0,0,0,0,0,0,0,0,0,0,0,0,0,0,0,0,0,0,0,0,0,0,0,0,0,0,0,0,0,0,0,0,0,0,0,0,0,0,0,0,0,0,0,0,0,0,0,0,0,0,0,0,0,0,0,0,0,0,0,0,0,0,0,0,0,0,0,0,0,0
"182",251.075575,251.0964,251.109025,251.156325,251.17385,251.18925,252.270775,252.3218,252.85395,253.55105,253.63425,255.5891,256.729275,258.5008,260.426875,260.56705,0,0,0,0,0,0,0,0,0,0,0,0,0,0,0,0,0,0,0,0,0,0,0,0,0,0,0,0,0,0,0,0,0,0,0,0,0,0,0,0,0,0,0,0,0,0,0,0,0,0,0,0,0,0,0,0,0,0,0,0,0,0,0,0,0,0,0,0,0,0,0,0,0,0,0,0,0,0,0,0,0,0,0,0,0,0,0,0,0,0,0,0,0,0,0,0,0,0,0,0,0,0,0,0,0,0,0,0,0,0,0,0,0,0,0,0,0,0,0,0,0,0,0,0,0,0,0,0,0,0,0,0,0,0,0,0,0,0,0,0,0,0,0,0,0,0,0,0,0,0,0,0,0,0,0,0,0,0,0,0,0,0,0,0,0,0,0,0,0,0,0,0,0,0,0,0,0,0,0,0,0,0,0,0,0,0,0,0,0,0,0,0,0,0,0,0,0,0,0,0,0,0,0,0,0,0,0,0,0,0,0,0,0,0,0,0,0,0,0,0,0,0,0,0,0,0,0,0,0,0,0,0,0,0,0,0,0,0,0,0,0,0,0,0,0,0,0,0,0,0,0,0,0,0,0,0,0,0,0,0,0,0,0,0,0,0,0,0,0,0,0,0,0,0,0,0,0,0,0,0,0,0,0,0,0,0,0,0,0,0,0,0,0,0,0,0,0,0,0,0,0,0,0,0,0,0,0,0,0,0,0,0,0,0,0,0,0,0,0,0,0,0,0,0,0,0,0,0,0,0,0,0,0,0,0,0,0,0,0,0,0,0,0,0,0,0,0,0,0,0
"183",251.155125,251.2611,251.319675,251.47315,251.643525,252.3381,252.4486,252.493225,252.5357,252.596875,252.63575,252.900325,253.042325,253.68025,253.732575,253.7847,253.820975,253.862175,254.087575,255.14325,255.319775,256.934175,256.9909,257.067225,257.12145,257.25925,258.71645,258.87985,259.040125,0,0,0,0,0,0,0,0,0,0,0,0,0,0,0,0,0,0,0,0,0,0,0,0,0,0,0,0,0,0,0,0,0,0,0,0,0,0,0,0,0,0,0,0,0,0,0,0,0,0,0,0,0,0,0,0,0,0,0,0,0,0,0,0,0,0,0,0,0,0,0,0,0,0,0,0,0,0,0,0,0,0,0,0,0,0,0,0,0,0,0,0,0,0,0,0,0,0,0,0,0,0,0,0,0,0,0,0,0,0,0,0,0,0,0,0,0,0,0,0,0,0,0,0,0,0,0,0,0,0,0,0,0,0,0,0,0,0,0,0,0,0,0,0,0,0,0,0,0,0,0,0,0,0,0,0,0,0,0,0,0,0,0,0,0,0,0,0,0,0,0,0,0,0,0,0,0,0,0,0,0,0,0,0,0,0,0,0,0,0,0,0,0,0,0,0,0,0,0,0,0,0,0,0,0,0,0,0,0,0,0,0,0,0,0,0,0,0,0,0,0,0,0,0,0,0,0,0,0,0,0,0,0,0,0,0,0,0,0,0,0,0,0,0,0,0,0,0,0,0,0,0,0,0,0,0,0,0,0,0,0,0,0,0,0,0,0,0,0,0,0,0,0,0,0,0,0,0,0,0,0,0,0,0,0,0,0,0,0,0,0,0,0,0,0,0,0,0,0,0,0,0,0,0,0,0,0,0,0,0,0,0,0,0,0,0,0,0,0,0,0,0,0,0,0,0,0,0,0,0,0,0,0,0,0,0,0
"184",251.220425,251.250325,251.297875,251.3572,251.39055,251.42395,251.4669,251.54835,251.5686,251.6051,251.635975,252.345925,252.37765,252.4727,252.505125,252.5145,252.540025,252.556275,252.5742,252.63025,252.65365,252.669275,252.697775,252.76485,252.804675,252.86155,252.890925,252.90705,252.951875,252.981325,253.02725,253.1034,253.162475,253.5455,253.60115,253.62495,253.687875,253.71245,253.744475,253.7713,253.84965,253.865175,253.91365,253.92655,253.956675,253.98755,254.01195,254.0208,254.051275,254.111275,254.21575,254.2736,254.390725,254.4861,254.561825,255.127175,255.1722,255.217475,255.25055,255.28625,255.327625,255.386525,255.4178,255.456575,255.492675,255.54735,255.5708,255.605875,255.736425,255.859775,255.981425,256.0364,256.8333,256.896425,256.9234,256.98985,257.016125,257.053025,257.08015,257.0889,257.146375,257.1843,257.2054,257.251325,257.27625,257.30885,257.364325,258.6206,258.679275,258.708275,258.736575,258.778375,258.82415,258.8426,258.88885,258.929625,258.9629,259.00855,260.60165,260.671625,260.737325,260.82915,260.920175,260.97065,261.02955,264.1996,264.445,264.497625,264.57375,264.80735,0,0,0,0,0,0,0,0,0,0,0,0,0,0,0,0,0,0,0,0,0,0,0,0,0,0,0,0,0,0,0,0,0,0,0,0,0,0,0,0,0,0,0,0,0,0,0,0,0,0,0,0,0,0,0,0,0,0,0,0,0,0,0,0,0,0,0,0,0,0,0,0,0,0,0,0,0,0,0,0,0,0,0,0,0,0,0,0,0,0,0,0,0,0,0,0,0,0,0,0,0,0,0,0,0,0,0,0,0,0,0,0,0,0,0,0,0,0,0,0,0,0,0,0,0,0,0,0,0,0,0,0,0,0,0,0,0,0,0,0,0,0,0,0,0,0,0,0,0,0,0,0,0,0,0,0,0,0,0,0,0,0,0,0,0,0,0,0,0,0,0,0,0,0,0,0,0,0,0,0,0,0,0,0,0,0,0,0,0,0,0,0,0,0,0,0,0,0,0,0,0,0,0,0,0,0,0,0,0,0,0,0,0,0,0,0,0,0,0,0,0,0,0,0,0,0,0,0,0,0,0,0,0,0,0,0,0,0,0,0,0,0,0,0,0,0,0,0,0,0,0,0,0,0,0,0
"185",254.0457,254.0599,254.090125,254.118175,254.133975,254.1576,254.192325,254.24895,254.2701,254.31005,254.331825,254.38025,0,0,0,0,0,0,0,0,0,0,0,0,0,0,0,0,0,0,0,0,0,0,0,0,0,0,0,0,0,0,0,0,0,0,0,0,0,0,0,0,0,0,0,0,0,0,0,0,0,0,0,0,0,0,0,0,0,0,0,0,0,0,0,0,0,0,0,0,0,0,0,0,0,0,0,0,0,0,0,0,0,0,0,0,0,0,0,0,0,0,0,0,0,0,0,0,0,0,0,0,0,0,0,0,0,0,0,0,0,0,0,0,0,0,0,0,0,0,0,0,0,0,0,0,0,0,0,0,0,0,0,0,0,0,0,0,0,0,0,0,0,0,0,0,0,0,0,0,0,0,0,0,0,0,0,0,0,0,0,0,0,0,0,0,0,0,0,0,0,0,0,0,0,0,0,0,0,0,0,0,0,0,0,0,0,0,0,0,0,0,0,0,0,0,0,0,0,0,0,0,0,0,0,0,0,0,0,0,0,0,0,0,0,0,0,0,0,0,0,0,0,0,0,0,0,0,0,0,0,0,0,0,0,0,0,0,0,0,0,0,0,0,0,0,0,0,0,0,0,0,0,0,0,0,0,0,0,0,0,0,0,0,0,0,0,0,0,0,0,0,0,0,0,0,0,0,0,0,0,0,0,0,0,0,0,0,0,0,0,0,0,0,0,0,0,0,0,0,0,0,0,0,0,0,0,0,0,0,0,0,0,0,0,0,0,0,0,0,0,0,0,0,0,0,0,0,0,0,0,0,0,0,0,0,0,0,0,0,0,0,0,0,0,0,0,0,0,0,0,0,0,0,0,0
"186",252.6655,252.7601,252.8961,0,0,0,0,0,0,0,0,0,0,0,0,0,0,0,0,0,0,0,0,0,0,0,0,0,0,0,0,0,0,0,0,0,0,0,0,0,0,0,0,0,0,0,0,0,0,0,0,0,0,0,0,0,0,0,0,0,0,0,0,0,0,0,0,0,0,0,0,0,0,0,0,0,0,0,0,0,0,0,0,0,0,0,0,0,0,0,0,0,0,0,0,0,0,0,0,0,0,0,0,0,0,0,0,0,0,0,0,0,0,0,0,0,0,0,0,0,0,0,0,0,0,0,0,0,0,0,0,0,0,0,0,0,0,0,0,0,0,0,0,0,0,0,0,0,0,0,0,0,0,0,0,0,0,0,0,0,0,0,0,0,0,0,0,0,0,0,0,0,0,0,0,0,0,0,0,0,0,0,0,0,0,0,0,0,0,0,0,0,0,0,0,0,0,0,0,0,0,0,0,0,0,0,0,0,0,0,0,0,0,0,0,0,0,0,0,0,0,0,0,0,0,0,0,0,0,0,0,0,0,0,0,0,0,0,0,0,0,0,0,0,0,0,0,0,0,0,0,0,0,0,0,0,0,0,0,0,0,0,0,0,0,0,0,0,0,0,0,0,0,0,0,0,0,0,0,0,0,0,0,0,0,0,0,0,0,0,0,0,0,0,0,0,0,0,0,0,0,0,0,0,0,0,0,0,0,0,0,0,0,0,0,0,0,0,0,0,0,0,0,0,0,0,0,0,0,0,0,0,0,0,0,0,0,0,0,0,0,0,0,0,0,0,0,0,0,0,0,0,0,0,0,0,0,0,0,0,0,0,0,0,0,0
"187",251.022625,251.0359,251.09385,251.14485,251.170475,251.200275,251.24545,251.29645,251.30815,251.319225,251.32995,251.343575,251.412025,251.4188,251.5147,251.53235,251.548975,251.566675,251.612075,251.62275,252.1433,252.188375,252.20195,252.210425,252.235775,252.2429,252.25365,252.280125,252.28765,252.30275,252.3055,252.323475,252.335625,252.340275,252.3533,252.364925,252.3962,252.408575,252.42425,252.43415,252.463125,252.4667,252.513975,252.53855,252.56445,252.5781,252.611625,252.62775,252.67115,252.71005,252.726475,252.72775,252.76415,252.779775,252.78915,252.7939,252.836025,252.901225,252.908825,252.925125,253.016725,253.01785,253.037425,253.065375,253.0717,253.143825,253.156175,253.492475,253.504725,253.532325,253.5473,253.561125,253.581225,253.58915,253.6005,253.60255,253.628375,253.6601,253.66415,253.685125,253.751525,253.76885,253.776425,253.7897,253.8019,253.81665,253.81955,253.847525,253.858725,253.8844,253.92235,253.980125,253.98195,253.9888,253.99785,254.040175,254.0655,254.1396,254.140975,254.160575,254.1847,254.18735,254.203275,254.22235,254.2536,254.2582,254.2626,254.27965,254.3008,254.347375,254.352925,254.358975,254.388375,254.436575,254.439525,254.511525,254.901625,254.931875,254.985825,255.017275,255.022325,255.0726,255.0822,255.1043,255.11535,255.1885,255.2115,255.217125,255.2356,255.237225,255.261925,255.2683,255.28315,255.2893,255.3146,255.318,255.332975,255.355375,255.398425,255.4231,255.42535,255.443725,255.458675,255.5,255.532125,255.545425,255.55535,255.570025,255.573375,255.5863,255.601625,255.608625,255.622475,255.630775,255.636625,255.656225,255.6587,255.7376,255.802725,255.830725,255.8338,255.8462,255.8657,255.888275,255.93215,255.9418,255.972975,255.98255,256.016725,256.020375,256.05295,256.242775,256.3082,256.70285,256.727575,256.7548,256.775675,256.81325,256.8465,256.879275,256.90955,256.933625,256.9393,256.958075,256.9994,257.00425,257.0431,257.07785,257.0794,257.0826,257.11795,257.146475,257.183625,257.1906,257.204375,257.239,257.241725,257.2673,257.2989,257.30555,257.323525,257.331225,257.382925,257.397,257.4082,257.41635,257.44765,257.46475,257.562425,257.577975,257.59565,257.677475,257.6841,258.12215,258.48525,258.531325,258.543125,258.598075,258.602925,258.62765,258.636725,258.650825,258.6708,258.6996,258.7045,258.773525,258.789125,258.81845,258.837675,258.86025,258.86385,258.892925,258.913425,258.9185,258.9228,258.94575,258.9719,258.982175,259.024725,259.03765,259.065875,259.11455,259.157425,259.165375,259.1905,259.19295,259.2104,259.27305,259.282075,259.33075,259.413075,260.516025,260.51845,260.60225,260.62345,260.659475,260.670325,260.7151,260.752525,260.758475,260.844075,260.886375,260.919775,260.945875,260.978175,261.044225,261.18395,264.087125,264.2906,264.421025,269.9371,0,0,0,0,0,0,0,0,0,0,0,0,0,0,0,0,0,0,0,0,0,0,0,0,0,0,0,0,0,0,0,0,0,0,0,0,0,0,0,0,0,0,0,0,0,0,0,0,0,0,0,0,0,0,0,0,0,0,0,0,0,0,0,0,0,0,0,0,0,0,0,0,0,0,0,0,0,0,0,0,0,0,0,0,0,0,0,0,0,0,0,0,0,0,0
"188",249.56525,249.698375,249.7895,249.93345,250.0258,250.111425,250.16095,250.20505,250.2439,250.2699,250.31225,250.347425,250.365225,250.39555,250.411075,250.4397,250.471,250.5294,250.5539,250.564425,250.57965,250.593725,250.604925,250.632275,250.643925,250.6484,250.696525,250.7131,250.732775,250.7592,250.789825,250.81595,250.833025,250.85465,250.904975,250.955775,251.020675,251.10315,251.685475,251.7299,251.846825,251.95895,252.025675,252.101175,252.5305,253.048825,253.109325,253.188025,253.215975,253.2304,253.259625,253.2876,253.339525,253.3733,253.41725,254.434275,254.469525,254.556175,254.581225,254.621425,254.66535,254.698925,254.750275,254.779725,254.847325,256.0717,256.111875,256.216125,256.236725,256.2689,256.28755,256.321775,256.3687,256.397375,256.421375,256.448225,256.46015,256.49725,256.51845,256.552175,256.578825,256.622675,256.662775,257.492675,257.621775,257.6884,257.7551,257.8203,257.8385,257.9317,257.9935,258.024525,258.0497,258.065675,258.0919,258.10625,258.130525,258.1503,258.201775,258.216375,258.23535,258.260175,258.34355,258.37595,258.43595,259.0806,259.2371,259.2993,259.350475,259.40595,259.5185,259.563075,259.591575,259.6224,259.69545,259.717225,259.764775,259.797625,259.8187,259.88585,259.9353,259.972925,260.028725,260.055925,260.090425,260.116975,260.2009,260.29735,261.00025,261.112775,261.179325,261.250325,261.318425,261.37255,261.425725,261.447075,261.49925,261.546425,261.603225,261.62365,261.653625,261.7032,261.732375,261.814775,261.870025,261.9122,261.971675,262.0844,262.096725,262.2028,262.279475,262.341125,262.434525,262.488575,262.628725,262.6796,262.792825,263.08,268.3084,269.008275,270.192075,0,0,0,0,0,0,0,0,0,0,0,0,0,0,0,0,0,0,0,0,0,0,0,0,0,0,0,0,0,0,0,0,0,0,0,0,0,0,0,0,0,0,0,0,0,0,0,0,0,0,0,0,0,0,0,0,0,0,0,0,0,0,0,0,0,0,0,0,0,0,0,0,0,0,0,0,0,0,0,0,0,0,0,0,0,0,0,0,0,0,0,0,0,0,0,0,0,0,0,0,0,0,0,0,0,0,0,0,0,0,0,0,0,0,0,0,0,0,0,0,0,0,0,0,0,0,0,0,0,0,0,0,0,0,0,0,0,0,0,0,0,0,0,0,0,0,0,0,0,0,0,0,0,0,0,0,0,0,0,0,0,0,0,0,0,0,0,0,0,0,0,0,0,0,0,0,0,0,0,0,0,0,0,0,0,0,0,0,0,0,0,0,0,0,0,0,0,0,0,0,0,0,0,0,0
"189",252.46255,252.4888,252.507225,252.52005,252.536925,252.556375,252.671,252.680475,252.6991,252.734925,252.7517,252.8726,252.88825,252.936725,253.00485,253.1201,253.72745,253.794375,253.820825,253.895,253.9158,254.076075,254.115825,254.212975,255.24,255.375125,255.4431,255.496675,255.5343,255.931325,256.958075,256.991975,257.051375,257.115125,257.204475,257.390125,257.460225,258.7461,258.83065,258.8987,258.91855,258.949075,258.970775,0,0,0,0,0,0,0,0,0,0,0,0,0,0,0,0,0,0,0,0,0,0,0,0,0,0,0,0,0,0,0,0,0,0,0,0,0,0,0,0,0,0,0,0,0,0,0,0,0,0,0,0,0,0,0,0,0,0,0,0,0,0,0,0,0,0,0,0,0,0,0,0,0,0,0,0,0,0,0,0,0,0,0,0,0,0,0,0,0,0,0,0,0,0,0,0,0,0,0,0,0,0,0,0,0,0,0,0,0,0,0,0,0,0,0,0,0,0,0,0,0,0,0,0,0,0,0,0,0,0,0,0,0,0,0,0,0,0,0,0,0,0,0,0,0,0,0,0,0,0,0,0,0,0,0,0,0,0,0,0,0,0,0,0,0,0,0,0,0,0,0,0,0,0,0,0,0,0,0,0,0,0,0,0,0,0,0,0,0,0,0,0,0,0,0,0,0,0,0,0,0,0,0,0,0,0,0,0,0,0,0,0,0,0,0,0,0,0,0,0,0,0,0,0,0,0,0,0,0,0,0,0,0,0,0,0,0,0,0,0,0,0,0,0,0,0,0,0,0,0,0,0,0,0,0,0,0,0,0,0,0,0,0,0,0,0,0,0,0,0,0,0,0,0,0,0,0,0,0,0,0,0,0,0,0,0,0,0,0,0,0,0,0,0,0,0,0,0,0,0,0,0,0,0,0,0,0,0,0,0,0,0,0,0,0,0,0,0,0,0,0,0,0
"190",254.317825,254.6632,254.7292,257.9796,259.6202,261.589175,261.707025,261.828125,261.8899,261.98605,0,0,0,0,0,0,0,0,0,0,0,0,0,0,0,0,0,0,0,0,0,0,0,0,0,0,0,0,0,0,0,0,0,0,0,0,0,0,0,0,0,0,0,0,0,0,0,0,0,0,0,0,0,0,0,0,0,0,0,0,0,0,0,0,0,0,0,0,0,0,0,0,0,0,0,0,0,0,0,0,0,0,0,0,0,0,0,0,0,0,0,0,0,0,0,0,0,0,0,0,0,0,0,0,0,0,0,0,0,0,0,0,0,0,0,0,0,0,0,0,0,0,0,0,0,0,0,0,0,0,0,0,0,0,0,0,0,0,0,0,0,0,0,0,0,0,0,0,0,0,0,0,0,0,0,0,0,0,0,0,0,0,0,0,0,0,0,0,0,0,0,0,0,0,0,0,0,0,0,0,0,0,0,0,0,0,0,0,0,0,0,0,0,0,0,0,0,0,0,0,0,0,0,0,0,0,0,0,0,0,0,0,0,0,0,0,0,0,0,0,0,0,0,0,0,0,0,0,0,0,0,0,0,0,0,0,0,0,0,0,0,0,0,0,0,0,0,0,0,0,0,0,0,0,0,0,0,0,0,0,0,0,0,0,0,0,0,0,0,0,0,0,0,0,0,0,0,0,0,0,0,0,0,0,0,0,0,0,0,0,0,0,0,0,0,0,0,0,0,0,0,0,0,0,0,0,0,0,0,0,0,0,0,0,0,0,0,0,0,0,0,0,0,0,0,0,0,0,0,0,0,0,0,0,0,0,0,0,0,0,0,0,0,0,0,0,0,0,0,0,0,0,0,0,0,0
"191",250.14235,250.27745,250.392325,250.423975,250.457625,250.485625,250.55215,250.573375,250.6072,250.609075,250.651375,250.707975,250.722575,250.7488,250.7705,250.86535,251.72525,251.788075,251.816,251.905125,251.955575,252.006775,252.05055,252.951975,253.20665,253.868175,254.71815,254.756975,256.192225,256.228775,256.3331,256.424075,256.436975,256.452875,256.51415,256.569525,257.77575,257.790425,257.826575,257.864425,257.887825,258.003325,258.0379,258.076125,258.1153,258.127875,258.15305,258.155525,258.198175,258.256725,258.2898,258.332475,259.17665,259.46225,259.541375,259.549175,259.60075,259.602775,259.652475,259.676925,259.7063,259.727725,259.7545,259.843925,259.868325,259.8993,259.91345,259.966675,259.985575,260.0359,0,0,0,0,0,0,0,0,0,0,0,0,0,0,0,0,0,0,0,0,0,0,0,0,0,0,0,0,0,0,0,0,0,0,0,0,0,0,0,0,0,0,0,0,0,0,0,0,0,0,0,0,0,0,0,0,0,0,0,0,0,0,0,0,0,0,0,0,0,0,0,0,0,0,0,0,0,0,0,0,0,0,0,0,0,0,0,0,0,0,0,0,0,0,0,0,0,0,0,0,0,0,0,0,0,0,0,0,0,0,0,0,0,0,0,0,0,0,0,0,0,0,0,0,0,0,0,0,0,0,0,0,0,0,0,0,0,0,0,0,0,0,0,0,0,0,0,0,0,0,0,0,0,0,0,0,0,0,0,0,0,0,0,0,0,0,0,0,0,0,0,0,0,0,0,0,0,0,0,0,0,0,0,0,0,0,0,0,0,0,0,0,0,0,0,0,0,0,0,0,0,0,0,0,0,0,0,0,0,0,0,0,0,0,0,0,0,0,0,0,0,0,0,0,0,0,0,0,0,0,0,0,0,0,0,0,0,0,0,0,0,0,0,0,0,0,0,0,0,0,0,0,0,0,0,0,0,0,0,0,0,0,0,0,0,0,0,0,0,0,0,0,0,0,0,0,0,0,0,0,0,0,0,0,0,0,0,0,0,0,0,0,0,0,0,0
"192",252.543675,252.632225,252.710325,253.788725,253.840725,253.92135,254.65235,255.370975,257.032175,257.1697,257.21625,257.248975,257.27825,258.88155,258.9482,0,0,0,0,0,0,0,0,0,0,0,0,0,0,0,0,0,0,0,0,0,0,0,0,0,0,0,0,0,0,0,0,0,0,0,0,0,0,0,0,0,0,0,0,0,0,0,0,0,0,0,0,0,0,0,0,0,0,0,0,0,0,0,0,0,0,0,0,0,0,0,0,0,0,0,0,0,0,0,0,0,0,0,0,0,0,0,0,0,0,0,0,0,0,0,0,0,0,0,0,0,0,0,0,0,0,0,0,0,0,0,0,0,0,0,0,0,0,0,0,0,0,0,0,0,0,0,0,0,0,0,0,0,0,0,0,0,0,0,0,0,0,0,0,0,0,0,0,0,0,0,0,0,0,0,0,0,0,0,0,0,0,0,0,0,0,0,0,0,0,0,0,0,0,0,0,0,0,0,0,0,0,0,0,0,0,0,0,0,0,0,0,0,0,0,0,0,0,0,0,0,0,0,0,0,0,0,0,0,0,0,0,0,0,0,0,0,0,0,0,0,0,0,0,0,0,0,0,0,0,0,0,0,0,0,0,0,0,0,0,0,0,0,0,0,0,0,0,0,0,0,0,0,0,0,0,0,0,0,0,0,0,0,0,0,0,0,0,0,0,0,0,0,0,0,0,0,0,0,0,0,0,0,0,0,0,0,0,0,0,0,0,0,0,0,0,0,0,0,0,0,0,0,0,0,0,0,0,0,0,0,0,0,0,0,0,0,0,0,0,0,0,0,0,0,0,0,0,0,0,0,0,0,0,0,0,0,0,0,0,0,0,0,0,0,0,0,0,0,0,0
"193",250.55685,250.6346,250.672525,251.820075,251.88275,251.9327,251.997875,256.34745,256.40555,256.4423,256.476575,256.50125,256.596075,257.9606,258.017525,258.0589,258.12165,258.167025,258.243725,258.286375,258.33505,259.662725,259.735075,259.81625,259.8649,259.918825,259.97545,260.0855,0,0,0,0,0,0,0,0,0,0,0,0,0,0,0,0,0,0,0,0,0,0,0,0,0,0,0,0,0,0,0,0,0,0,0,0,0,0,0,0,0,0,0,0,0,0,0,0,0,0,0,0,0,0,0,0,0,0,0,0,0,0,0,0,0,0,0,0,0,0,0,0,0,0,0,0,0,0,0,0,0,0,0,0,0,0,0,0,0,0,0,0,0,0,0,0,0,0,0,0,0,0,0,0,0,0,0,0,0,0,0,0,0,0,0,0,0,0,0,0,0,0,0,0,0,0,0,0,0,0,0,0,0,0,0,0,0,0,0,0,0,0,0,0,0,0,0,0,0,0,0,0,0,0,0,0,0,0,0,0,0,0,0,0,0,0,0,0,0,0,0,0,0,0,0,0,0,0,0,0,0,0,0,0,0,0,0,0,0,0,0,0,0,0,0,0,0,0,0,0,0,0,0,0,0,0,0,0,0,0,0,0,0,0,0,0,0,0,0,0,0,0,0,0,0,0,0,0,0,0,0,0,0,0,0,0,0,0,0,0,0,0,0,0,0,0,0,0,0,0,0,0,0,0,0,0,0,0,0,0,0,0,0,0,0,0,0,0,0,0,0,0,0,0,0,0,0,0,0,0,0,0,0,0,0,0,0,0,0,0,0,0,0,0,0,0,0,0,0,0,0,0,0,0,0,0,0,0,0,0,0,0,0,0,0,0,0,0,0,0,0,0,0,0,0,0,0,0,0,0,0,0,0,0,0,0,0,0
"194",251.089475,251.11535,251.1223,251.16195,251.185125,251.21795,251.37295,251.50175,252.20255,252.233725,252.244275,252.284825,254.938425,256.7224,258.52545,258.5564,258.598775,260.529275,260.59665,260.65555,260.6862,0,0,0,0,0,0,0,0,0,0,0,0,0,0,0,0,0,0,0,0,0,0,0,0,0,0,0,0,0,0,0,0,0,0,0,0,0,0,0,0,0,0,0,0,0,0,0,0,0,0,0,0,0,0,0,0,0,0,0,0,0,0,0,0,0,0,0,0,0,0,0,0,0,0,0,0,0,0,0,0,0,0,0,0,0,0,0,0,0,0,0,0,0,0,0,0,0,0,0,0,0,0,0,0,0,0,0,0,0,0,0,0,0,0,0,0,0,0,0,0,0,0,0,0,0,0,0,0,0,0,0,0,0,0,0,0,0,0,0,0,0,0,0,0,0,0,0,0,0,0,0,0,0,0,0,0,0,0,0,0,0,0,0,0,0,0,0,0,0,0,0,0,0,0,0,0,0,0,0,0,0,0,0,0,0,0,0,0,0,0,0,0,0,0,0,0,0,0,0,0,0,0,0,0,0,0,0,0,0,0,0,0,0,0,0,0,0,0,0,0,0,0,0,0,0,0,0,0,0,0,0,0,0,0,0,0,0,0,0,0,0,0,0,0,0,0,0,0,0,0,0,0,0,0,0,0,0,0,0,0,0,0,0,0,0,0,0,0,0,0,0,0,0,0,0,0,0,0,0,0,0,0,0,0,0,0,0,0,0,0,0,0,0,0,0,0,0,0,0,0,0,0,0,0,0,0,0,0,0,0,0,0,0,0,0,0,0,0,0,0,0,0,0,0,0,0,0,0,0,0,0,0,0,0,0,0,0,0,0,0,0,0,0,0,0
"195",250.6953,251.655925,251.817925,252.037475,253.21075,253.28965,254.2782,254.455075,254.833025,256.12485,256.342225,256.6322,257.34065,257.500425,257.720075,257.82805,257.968975,258.2118,258.3446,259.1216,259.340125,259.507825,259.707,259.887925,0,0,0,0,0,0,0,0,0,0,0,0,0,0,0,0,0,0,0,0,0,0,0,0,0,0,0,0,0,0,0,0,0,0,0,0,0,0,0,0,0,0,0,0,0,0,0,0,0,0,0,0,0,0,0,0,0,0,0,0,0,0,0,0,0,0,0,0,0,0,0,0,0,0,0,0,0,0,0,0,0,0,0,0,0,0,0,0,0,0,0,0,0,0,0,0,0,0,0,0,0,0,0,0,0,0,0,0,0,0,0,0,0,0,0,0,0,0,0,0,0,0,0,0,0,0,0,0,0,0,0,0,0,0,0,0,0,0,0,0,0,0,0,0,0,0,0,0,0,0,0,0,0,0,0,0,0,0,0,0,0,0,0,0,0,0,0,0,0,0,0,0,0,0,0,0,0,0,0,0,0,0,0,0,0,0,0,0,0,0,0,0,0,0,0,0,0,0,0,0,0,0,0,0,0,0,0,0,0,0,0,0,0,0,0,0,0,0,0,0,0,0,0,0,0,0,0,0,0,0,0,0,0,0,0,0,0,0,0,0,0,0,0,0,0,0,0,0,0,0,0,0,0,0,0,0,0,0,0,0,0,0,0,0,0,0,0,0,0,0,0,0,0,0,0,0,0,0,0,0,0,0,0,0,0,0,0,0,0,0,0,0,0,0,0,0,0,0,0,0,0,0,0,0,0,0,0,0,0,0,0,0,0,0,0,0,0,0,0,0,0,0,0,0,0,0,0,0,0,0,0,0,0,0,0,0,0,0,0,0,0,0
"196",252.767225,252.858525,254.048775,254.1175,254.1557,254.178075,254.197025,254.223425,254.25425,254.284525,254.315525,254.375525,257.1768,257.2967,257.32225,257.351975,257.38835,257.438975,257.47555,257.56875,0,0,0,0,0,0,0,0,0,0,0,0,0,0,0,0,0,0,0,0,0,0,0,0,0,0,0,0,0,0,0,0,0,0,0,0,0,0,0,0,0,0,0,0,0,0,0,0,0,0,0,0,0,0,0,0,0,0,0,0,0,0,0,0,0,0,0,0,0,0,0,0,0,0,0,0,0,0,0,0,0,0,0,0,0,0,0,0,0,0,0,0,0,0,0,0,0,0,0,0,0,0,0,0,0,0,0,0,0,0,0,0,0,0,0,0,0,0,0,0,0,0,0,0,0,0,0,0,0,0,0,0,0,0,0,0,0,0,0,0,0,0,0,0,0,0,0,0,0,0,0,0,0,0,0,0,0,0,0,0,0,0,0,0,0,0,0,0,0,0,0,0,0,0,0,0,0,0,0,0,0,0,0,0,0,0,0,0,0,0,0,0,0,0,0,0,0,0,0,0,0,0,0,0,0,0,0,0,0,0,0,0,0,0,0,0,0,0,0,0,0,0,0,0,0,0,0,0,0,0,0,0,0,0,0,0,0,0,0,0,0,0,0,0,0,0,0,0,0,0,0,0,0,0,0,0,0,0,0,0,0,0,0,0,0,0,0,0,0,0,0,0,0,0,0,0,0,0,0,0,0,0,0,0,0,0,0,0,0,0,0,0,0,0,0,0,0,0,0,0,0,0,0,0,0,0,0,0,0,0,0,0,0,0,0,0,0,0,0,0,0,0,0,0,0,0,0,0,0,0,0,0,0,0,0,0,0,0,0,0,0,0,0,0,0,0
"197",252.4305,252.587475,252.690275,253.274325,253.3905,253.479975,253.585125,253.65915,253.7172,253.777975,253.805075,253.9282,253.9641,254.632025,254.869275,255.26595,256.04675,256.63565,256.9313,257.031525,0,0,0,0,0,0,0,0,0,0,0,0,0,0,0,0,0,0,0,0,0,0,0,0,0,0,0,0,0,0,0,0,0,0,0,0,0,0,0,0,0,0,0,0,0,0,0,0,0,0,0,0,0,0,0,0,0,0,0,0,0,0,0,0,0,0,0,0,0,0,0,0,0,0,0,0,0,0,0,0,0,0,0,0,0,0,0,0,0,0,0,0,0,0,0,0,0,0,0,0,0,0,0,0,0,0,0,0,0,0,0,0,0,0,0,0,0,0,0,0,0,0,0,0,0,0,0,0,0,0,0,0,0,0,0,0,0,0,0,0,0,0,0,0,0,0,0,0,0,0,0,0,0,0,0,0,0,0,0,0,0,0,0,0,0,0,0,0,0,0,0,0,0,0,0,0,0,0,0,0,0,0,0,0,0,0,0,0,0,0,0,0,0,0,0,0,0,0,0,0,0,0,0,0,0,0,0,0,0,0,0,0,0,0,0,0,0,0,0,0,0,0,0,0,0,0,0,0,0,0,0,0,0,0,0,0,0,0,0,0,0,0,0,0,0,0,0,0,0,0,0,0,0,0,0,0,0,0,0,0,0,0,0,0,0,0,0,0,0,0,0,0,0,0,0,0,0,0,0,0,0,0,0,0,0,0,0,0,0,0,0,0,0,0,0,0,0,0,0,0,0,0,0,0,0,0,0,0,0,0,0,0,0,0,0,0,0,0,0,0,0,0,0,0,0,0,0,0,0,0,0,0,0,0,0,0,0,0,0,0,0,0,0,0,0,0
"198",251.54305,252.197475,252.22595,252.288625,252.342675,252.37205,252.46585,252.539275,252.6045,252.7138,252.737225,253.000775,253.530475,253.607525,253.67545,253.6935,253.770125,253.90855,254.000375,254.131675,254.9811,255.00125,255.023225,255.044575,255.08365,255.134975,255.34145,255.4984,255.64745,256.736475,256.75965,256.785175,256.8334,256.85595,257.0744,257.183525,257.260475,257.3301,258.610475,258.641525,258.78925,259.0644,259.111675,0,0,0,0,0,0,0,0,0,0,0,0,0,0,0,0,0,0,0,0,0,0,0,0,0,0,0,0,0,0,0,0,0,0,0,0,0,0,0,0,0,0,0,0,0,0,0,0,0,0,0,0,0,0,0,0,0,0,0,0,0,0,0,0,0,0,0,0,0,0,0,0,0,0,0,0,0,0,0,0,0,0,0,0,0,0,0,0,0,0,0,0,0,0,0,0,0,0,0,0,0,0,0,0,0,0,0,0,0,0,0,0,0,0,0,0,0,0,0,0,0,0,0,0,0,0,0,0,0,0,0,0,0,0,0,0,0,0,0,0,0,0,0,0,0,0,0,0,0,0,0,0,0,0,0,0,0,0,0,0,0,0,0,0,0,0,0,0,0,0,0,0,0,0,0,0,0,0,0,0,0,0,0,0,0,0,0,0,0,0,0,0,0,0,0,0,0,0,0,0,0,0,0,0,0,0,0,0,0,0,0,0,0,0,0,0,0,0,0,0,0,0,0,0,0,0,0,0,0,0,0,0,0,0,0,0,0,0,0,0,0,0,0,0,0,0,0,0,0,0,0,0,0,0,0,0,0,0,0,0,0,0,0,0,0,0,0,0,0,0,0,0,0,0,0,0,0,0,0,0,0,0,0,0,0,0,0,0,0,0,0,0,0,0,0,0,0,0,0,0,0,0,0,0,0,0,0,0,0,0,0,0,0,0,0,0,0,0,0,0,0,0,0
"199",250.546075,250.564725,250.577125,250.60055,250.619275,250.6627,250.6807,250.7012,250.717475,250.737475,250.7658,250.818,250.937625,251.369575,251.9991,252.035275,253.209025,254.60605,254.69285,254.719625,254.8528,255.94605,256.261875,256.310825,256.34445,256.402025,256.42645,256.4619,256.5452,257.140025,257.285175,257.69615,258.02505,258.21535,258.321525,259.6483,259.9144,260.0893,262.538925,263.6066,264.45055,265.57375,0,0,0,0,0,0,0,0,0,0,0,0,0,0,0,0,0,0,0,0,0,0,0,0,0,0,0,0,0,0,0,0,0,0,0,0,0,0,0,0,0,0,0,0,0,0,0,0,0,0,0,0,0,0,0,0,0,0,0,0,0,0,0,0,0,0,0,0,0,0,0,0,0,0,0,0,0,0,0,0,0,0,0,0,0,0,0,0,0,0,0,0,0,0,0,0,0,0,0,0,0,0,0,0,0,0,0,0,0,0,0,0,0,0,0,0,0,0,0,0,0,0,0,0,0,0,0,0,0,0,0,0,0,0,0,0,0,0,0,0,0,0,0,0,0,0,0,0,0,0,0,0,0,0,0,0,0,0,0,0,0,0,0,0,0,0,0,0,0,0,0,0,0,0,0,0,0,0,0,0,0,0,0,0,0,0,0,0,0,0,0,0,0,0,0,0,0,0,0,0,0,0,0,0,0,0,0,0,0,0,0,0,0,0,0,0,0,0,0,0,0,0,0,0,0,0,0,0,0,0,0,0,0,0,0,0,0,0,0,0,0,0,0,0,0,0,0,0,0,0,0,0,0,0,0,0,0,0,0,0,0,0,0,0,0,0,0,0,0,0,0,0,0,0,0,0,0,0,0,0,0,0,0,0,0,0,0,0,0,0,0,0,0,0,0,0,0,0,0,0,0,0,0,0,0,0,0,0,0,0,0,0,0,0,0,0,0,0,0,0,0,0,0,0
"200",250.6157,251.09195,251.13595,251.208825,251.2331,251.29185,251.32915,251.36535,251.412825,251.418875,251.499425,251.592075,251.647275,251.68175,251.933125,252.164225,252.22295,252.25615,252.304075,252.341775,252.4164,252.460775,252.516375,252.5955,252.651175,252.68655,252.76215,252.7801,252.8649,252.9864,252.994825,253.009,253.05035,253.073325,253.090875,253.1157,253.1616,253.2606,253.376725,253.39315,253.4552,253.49695,253.52965,253.538925,253.574675,253.60815,253.6413,253.671975,253.714475,253.749825,253.767075,253.80435,253.883425,253.950375,253.975075,253.976175,253.998275,254.02465,254.1504,254.281725,254.343675,254.362375,254.402975,254.483675,254.4954,254.522825,254.544325,254.547725,254.577,254.59225,254.6358,254.667025,254.68745,254.764725,254.8106,254.868825,254.90305,254.932,254.9591,254.9948,255.001975,255.05075,255.082825,255.141325,255.186275,255.299175,255.314825,255.33755,255.356025,255.589,255.668675,255.6855,255.8059,255.834375,255.858325,255.865875,255.8841,255.93905,255.97605,256.105325,256.11265,256.197575,256.2017,256.226725,256.37435,256.441075,256.5299,256.68765,256.86435,256.9093,256.932275,256.98005,256.9839,257.014,257.13215,257.159075,257.401875,257.63395,257.654575,257.66565,257.764675,257.8501,257.976725,258.07015,258.164525,258.2761,258.384075,258.422575,258.459,258.4936,258.552625,258.558425,258.640325,258.701625,258.7392,258.805425,258.88415,258.9255,259.04745,259.1315,259.253875,259.418075,259.455925,259.486075,259.50945,259.829675,260.183375,260.211925,260.308475,260.32785,260.384375,260.4191,260.48835,260.540225,260.6026,260.66925,260.713525,260.769925,260.8096,260.8449,260.885725,260.911975,260.9284,260.93915,260.986025,261.022575,261.062025,261.21955,261.287975,261.35165,261.415125,263.0759,263.2093,263.3255,263.414725,263.47615,263.56045,263.62635,263.743625,263.801775,263.89445,263.953825,264.020025,264.083475,264.158525,264.20305,264.256375,264.299075,264.365175,264.402375,264.487325,264.51635,264.55685,264.6136,264.66015,264.694875,264.74165,264.78935,264.857675,264.93565,264.993425,265.099575,265.155225,265.2572,265.31845,265.395375,265.494925,265.56895,265.65065,265.8038,265.901025,265.994875,266.179225,266.313425,266.42745,266.659675,0,0,0,0,0,0,0,0,0,0,0,0,0,0,0,0,0,0,0,0,0,0,0,0,0,0,0,0,0,0,0,0,0,0,0,0,0,0,0,0,0,0,0,0,0,0,0,0,0,0,0,0,0,0,0,0,0,0,0,0,0,0,0,0,0,0,0,0,0,0,0,0,0,0,0,0,0,0,0,0,0,0,0,0,0,0,0,0,0,0,0,0,0,0,0,0,0,0,0,0,0,0,0,0,0,0,0,0,0,0,0,0,0,0,0,0,0,0,0,0,0,0,0,0,0,0,0,0,0,0,0,0,0,0,0,0,0,0,0,0,0,0,0,0,0,0,0,0,0,0
"201",250.332575,250.351075,250.5331,250.588975,250.636625,250.667025,251.75575,251.798775,251.8322,251.8732,251.9221,251.979125,253.285375,254.445275,254.65425,254.67815,256.18105,256.248525,256.265425,256.30265,256.325175,256.35405,256.3926,256.465,256.48205,257.8792,257.899775,257.9528,258.0194,258.060675,258.098475,260.00305,260.0766,0,0,0,0,0,0,0,0,0,0,0,0,0,0,0,0,0,0,0,0,0,0,0,0,0,0,0,0,0,0,0,0,0,0,0,0,0,0,0,0,0,0,0,0,0,0,0,0,0,0,0,0,0,0,0,0,0,0,0,0,0,0,0,0,0,0,0,0,0,0,0,0,0,0,0,0,0,0,0,0,0,0,0,0,0,0,0,0,0,0,0,0,0,0,0,0,0,0,0,0,0,0,0,0,0,0,0,0,0,0,0,0,0,0,0,0,0,0,0,0,0,0,0,0,0,0,0,0,0,0,0,0,0,0,0,0,0,0,0,0,0,0,0,0,0,0,0,0,0,0,0,0,0,0,0,0,0,0,0,0,0,0,0,0,0,0,0,0,0,0,0,0,0,0,0,0,0,0,0,0,0,0,0,0,0,0,0,0,0,0,0,0,0,0,0,0,0,0,0,0,0,0,0,0,0,0,0,0,0,0,0,0,0,0,0,0,0,0,0,0,0,0,0,0,0,0,0,0,0,0,0,0,0,0,0,0,0,0,0,0,0,0,0,0,0,0,0,0,0,0,0,0,0,0,0,0,0,0,0,0,0,0,0,0,0,0,0,0,0,0,0,0,0,0,0,0,0,0,0,0,0,0,0,0,0,0,0,0,0,0,0,0,0,0,0,0,0,0,0,0,0,0,0,0,0,0,0,0,0,0,0,0,0,0,0,0,0,0,0,0,0,0,0,0,0,0,0,0,0,0,0,0,0
"202",251.13865,251.181175,251.212125,252.32185,252.720125,253.511525,253.6296,256.72455,256.76125,256.8772,258.542425,260.526825,260.5987,264.50935,0,0,0,0,0,0,0,0,0,0,0,0,0,0,0,0,0,0,0,0,0,0,0,0,0,0,0,0,0,0,0,0,0,0,0,0,0,0,0,0,0,0,0,0,0,0,0,0,0,0,0,0,0,0,0,0,0,0,0,0,0,0,0,0,0,0,0,0,0,0,0,0,0,0,0,0,0,0,0,0,0,0,0,0,0,0,0,0,0,0,0,0,0,0,0,0,0,0,0,0,0,0,0,0,0,0,0,0,0,0,0,0,0,0,0,0,0,0,0,0,0,0,0,0,0,0,0,0,0,0,0,0,0,0,0,0,0,0,0,0,0,0,0,0,0,0,0,0,0,0,0,0,0,0,0,0,0,0,0,0,0,0,0,0,0,0,0,0,0,0,0,0,0,0,0,0,0,0,0,0,0,0,0,0,0,0,0,0,0,0,0,0,0,0,0,0,0,0,0,0,0,0,0,0,0,0,0,0,0,0,0,0,0,0,0,0,0,0,0,0,0,0,0,0,0,0,0,0,0,0,0,0,0,0,0,0,0,0,0,0,0,0,0,0,0,0,0,0,0,0,0,0,0,0,0,0,0,0,0,0,0,0,0,0,0,0,0,0,0,0,0,0,0,0,0,0,0,0,0,0,0,0,0,0,0,0,0,0,0,0,0,0,0,0,0,0,0,0,0,0,0,0,0,0,0,0,0,0,0,0,0,0,0,0,0,0,0,0,0,0,0,0,0,0,0,0,0,0,0,0,0,0,0,0,0,0,0,0,0,0,0,0,0,0,0,0,0,0,0,0,0,0
"203",252.245425,252.3907,252.563175,252.765375,253.143825,253.487575,253.517675,253.7123,253.7346,253.870175,253.892875,254.046125,254.183,255.16775,255.182275,255.205575,255.528625,255.681625,255.7332,256.8919,256.93265,256.985325,257.0563,257.211675,257.3566,257.45165,259.045825,0,0,0,0,0,0,0,0,0,0,0,0,0,0,0,0,0,0,0,0,0,0,0,0,0,0,0,0,0,0,0,0,0,0,0,0,0,0,0,0,0,0,0,0,0,0,0,0,0,0,0,0,0,0,0,0,0,0,0,0,0,0,0,0,0,0,0,0,0,0,0,0,0,0,0,0,0,0,0,0,0,0,0,0,0,0,0,0,0,0,0,0,0,0,0,0,0,0,0,0,0,0,0,0,0,0,0,0,0,0,0,0,0,0,0,0,0,0,0,0,0,0,0,0,0,0,0,0,0,0,0,0,0,0,0,0,0,0,0,0,0,0,0,0,0,0,0,0,0,0,0,0,0,0,0,0,0,0,0,0,0,0,0,0,0,0,0,0,0,0,0,0,0,0,0,0,0,0,0,0,0,0,0,0,0,0,0,0,0,0,0,0,0,0,0,0,0,0,0,0,0,0,0,0,0,0,0,0,0,0,0,0,0,0,0,0,0,0,0,0,0,0,0,0,0,0,0,0,0,0,0,0,0,0,0,0,0,0,0,0,0,0,0,0,0,0,0,0,0,0,0,0,0,0,0,0,0,0,0,0,0,0,0,0,0,0,0,0,0,0,0,0,0,0,0,0,0,0,0,0,0,0,0,0,0,0,0,0,0,0,0,0,0,0,0,0,0,0,0,0,0,0,0,0,0,0,0,0,0,0,0,0,0,0,0,0,0,0,0,0,0,0,0,0,0,0,0,0,0,0,0,0,0,0,0,0,0,0,0
"204",252.5806,252.69635,253.555175,253.583725,253.622975,253.974225,254.169125,254.35825,255.070075,255.21865,255.232225,255.404825,255.570025,256.8102,257.01815,257.039125,257.143875,257.2385,257.2939,258.56905,258.817575,0,0,0,0,0,0,0,0,0,0,0,0,0,0,0,0,0,0,0,0,0,0,0,0,0,0,0,0,0,0,0,0,0,0,0,0,0,0,0,0,0,0,0,0,0,0,0,0,0,0,0,0,0,0,0,0,0,0,0,0,0,0,0,0,0,0,0,0,0,0,0,0,0,0,0,0,0,0,0,0,0,0,0,0,0,0,0,0,0,0,0,0,0,0,0,0,0,0,0,0,0,0,0,0,0,0,0,0,0,0,0,0,0,0,0,0,0,0,0,0,0,0,0,0,0,0,0,0,0,0,0,0,0,0,0,0,0,0,0,0,0,0,0,0,0,0,0,0,0,0,0,0,0,0,0,0,0,0,0,0,0,0,0,0,0,0,0,0,0,0,0,0,0,0,0,0,0,0,0,0,0,0,0,0,0,0,0,0,0,0,0,0,0,0,0,0,0,0,0,0,0,0,0,0,0,0,0,0,0,0,0,0,0,0,0,0,0,0,0,0,0,0,0,0,0,0,0,0,0,0,0,0,0,0,0,0,0,0,0,0,0,0,0,0,0,0,0,0,0,0,0,0,0,0,0,0,0,0,0,0,0,0,0,0,0,0,0,0,0,0,0,0,0,0,0,0,0,0,0,0,0,0,0,0,0,0,0,0,0,0,0,0,0,0,0,0,0,0,0,0,0,0,0,0,0,0,0,0,0,0,0,0,0,0,0,0,0,0,0,0,0,0,0,0,0,0,0,0,0,0,0,0,0,0,0,0,0,0,0,0,0,0,0,0,0
"205",249.631625,250.4992,250.558525,250.653,250.66025,251.223625,251.502575,251.667725,252.013225,252.2338,252.261225,252.30775,252.477125,252.5176,252.559125,252.58035,252.596975,252.601575,252.6455,252.676375,252.733275,252.73425,252.787725,252.81875,252.91575,252.964475,252.98375,252.997975,253.011725,253.0196,253.048375,253.081225,253.118275,253.1959,253.345975,253.5114,253.517875,253.52525,253.548025,253.581425,253.595675,253.6997,253.722025,253.728525,253.79755,253.8402,253.864475,253.896075,253.91645,253.942275,253.9511,253.984475,253.991525,254.0467,254.0842,254.0917,254.13695,254.174975,254.2397,254.244775,254.2927,254.325275,254.356375,254.366925,254.372525,254.395025,254.4283,254.44235,254.5425,254.5563,254.5569,254.565175,254.610225,254.69745,254.78545,254.8352,254.9922,255.05855,255.066,255.104825,255.136475,255.160125,255.184525,255.227475,255.274625,255.300425,255.3301,255.352025,255.35355,255.37355,255.39035,255.40345,255.421775,255.426275,255.43915,255.45925,255.477775,255.492,255.515225,255.543,255.561725,255.574925,255.592675,255.603325,255.615025,255.6489,255.6612,255.6665,255.67775,255.6993,255.73245,255.74875,255.7784,255.82345,255.862425,255.8936,255.9489,256.000675,256.045075,256.061875,256.097825,256.76645,256.826925,256.8824,256.9601,256.971425,257.03985,257.0527,257.096375,257.11935,257.140475,257.179875,257.191875,257.22175,257.25955,257.273275,257.301225,257.31895,257.349625,257.376725,257.39785,257.4174,257.4319,257.459275,257.4734,257.52505,257.5723,257.58905,257.6691,258.558325,258.615025,258.6924,258.8107,258.8631,258.919825,258.9974,259.04155,259.106875,259.122425,259.190125,259.22975,259.3173,259.348375,259.388125,259.4613,259.71915,260.291025,260.578475,260.622025,260.66915,260.841425,261.02845,261.139025,261.204325,262.3213,264.606875,0,0,0,0,0,0,0,0,0,0,0,0,0,0,0,0,0,0,0,0,0,0,0,0,0,0,0,0,0,0,0,0,0,0,0,0,0,0,0,0,0,0,0,0,0,0,0,0,0,0,0,0,0,0,0,0,0,0,0,0,0,0,0,0,0,0,0,0,0,0,0,0,0,0,0,0,0,0,0,0,0,0,0,0,0,0,0,0,0,0,0,0,0,0,0,0,0,0,0,0,0,0,0,0,0,0,0,0,0,0,0,0,0,0,0,0,0,0,0,0,0,0,0,0,0,0,0,0,0,0,0,0,0,0,0,0,0,0,0,0,0,0,0,0,0,0,0,0,0,0,0,0,0,0,0,0,0,0,0,0,0,0,0,0,0,0,0,0,0,0,0,0,0,0,0,0,0,0,0,0,0,0,0,0,0,0,0,0,0,0
"206",249.572425,249.61715,249.64525,249.784225,249.862125,249.891175,249.9524,249.97675,250.001975,250.029375,250.044825,250.0824,250.13155,250.157925,250.256625,250.6634,250.988375,251.01525,251.0326,251.04795,251.085675,251.096775,251.1153,251.126675,251.133425,251.1569,251.166125,251.17455,251.188075,251.196,251.2018,251.209675,251.217775,251.228725,251.234775,251.25435,251.261475,251.26915,251.275675,251.2838,251.290375,251.301575,251.3069,251.31285,251.323025,251.3303,251.34015,251.345975,251.3523,251.36105,251.373775,251.3832,251.396125,251.403975,251.4156,251.42515,251.4342,251.442025,251.44905,251.461475,251.47135,251.488325,251.503175,251.531125,251.5423,251.547875,251.56005,251.574,251.58245,251.591475,251.642525,251.66045,251.685925,251.6935,251.7613,251.790625,252.2172,252.257925,252.2721,252.377575,252.436075,252.47445,252.50695,252.5639,252.6241,252.65065,252.666375,252.685325,252.7146,252.759775,252.77395,252.836175,252.860375,252.883975,252.8948,252.9394,252.982975,253.00955,253.033425,253.060625,253.0902,253.113725,253.150225,253.19735,253.456425,253.63335,253.7228,253.760025,253.890725,254.85205,254.975925,255.055925,255.187825,255.50235,256.928475,256.984425,257.034975,257.085275,257.215975,258.62005,258.7923,258.923375,259.040575,259.899,260.8464,0,0,0,0,0,0,0,0,0,0,0,0,0,0,0,0,0,0,0,0,0,0,0,0,0,0,0,0,0,0,0,0,0,0,0,0,0,0,0,0,0,0,0,0,0,0,0,0,0,0,0,0,0,0,0,0,0,0,0,0,0,0,0,0,0,0,0,0,0,0,0,0,0,0,0,0,0,0,0,0,0,0,0,0,0,0,0,0,0,0,0,0,0,0,0,0,0,0,0,0,0,0,0,0,0,0,0,0,0,0,0,0,0,0,0,0,0,0,0,0,0,0,0,0,0,0,0,0,0,0,0,0,0,0,0,0,0,0,0,0,0,0,0,0,0,0,0,0,0,0,0,0,0,0,0,0,0,0,0,0,0,0,0,0,0,0,0,0,0,0,0,0,0,0,0,0,0,0,0,0,0,0,0,0,0,0,0,0,0,0,0,0,0,0,0,0,0,0,0,0,0,0,0,0,0,0,0,0,0,0,0,0,0,0,0,0,0,0,0,0,0,0,0,0,0,0,0,0,0,0,0,0,0,0,0,0,0,0,0,0,0
"207",249.612175,249.667125,249.764525,249.84925,249.918575,250.00915,250.050375,250.120075,250.5462,250.605625,250.62575,250.64275,250.8146,250.90255,250.939125,250.9812,251.00885,251.0268,251.059425,251.073375,251.092125,251.1012,251.146475,251.16535,251.1849,251.202475,251.22475,251.237325,251.258075,251.275375,251.314125,251.3497,251.382075,251.411975,251.44055,251.461675,251.478375,251.5053,251.513425,251.526175,251.562,251.57305,251.58675,251.593075,251.606575,251.633875,251.6635,251.7294,251.93345,252.071125,252.120425,252.145075,252.17345,252.239225,252.2609,252.278125,252.28375,252.333525,252.4377,252.456775,252.4741,252.5364,252.562575,252.610075,252.66035,252.68685,252.708125,252.726475,252.7524,252.77935,252.8883,252.9084,252.9308,252.952175,253.038375,253.048625,253.07345,253.144375,253.184075,253.19725,253.217,253.244375,253.2852,253.343075,253.397975,253.44125,253.4885,253.548475,253.5872,253.6056,253.628475,253.630575,253.63725,253.652275,253.680525,253.701,253.7209,253.767125,253.817175,253.87505,253.885,253.944625,253.955,253.999525,254.071425,254.10815,254.1612,254.211925,254.22725,254.2574,254.290475,254.367225,254.377125,254.424825,254.4752,254.497,254.54715,254.581075,254.62145,254.673075,254.7864,254.816675,254.849075,254.885575,254.926375,254.978375,255.008475,255.029325,255.06005,255.069175,255.114325,255.135425,255.185775,255.228675,255.23845,255.2569,255.286175,255.30975,255.3557,255.37495,255.43295,255.457675,255.477125,255.510875,255.52715,255.57325,255.60175,255.62225,255.67065,255.68975,255.7385,255.793425,255.83885,255.873825,255.9233,255.970775,256.019725,256.060175,256.1061,256.167425,256.253925,256.43175,256.658775,256.692125,256.71955,256.740975,256.75195,256.8474,256.8677,256.87775,256.916575,256.964775,257.00125,257.016075,257.04155,257.07955,257.0939,257.109075,257.191325,257.20275,257.22445,257.27635,257.302125,257.3316,257.437075,257.4651,257.4923,257.54505,257.60105,257.67465,257.718025,257.895525,258.402425,258.4496,258.519075,258.557325,258.5832,258.59305,258.63215,258.64835,258.7126,258.738125,258.748925,258.7766,258.81455,258.855875,258.900275,258.952875,258.9789,259.0448,259.070075,259.0868,259.09085,259.097875,259.125625,259.188925,259.240275,259.3474,259.448925,260.664,0,0,0,0,0,0,0,0,0,0,0,0,0,0,0,0,0,0,0,0,0,0,0,0,0,0,0,0,0,0,0,0,0,0,0,0,0,0,0,0,0,0,0,0,0,0,0,0,0,0,0,0,0,0,0,0,0,0,0,0,0,0,0,0,0,0,0,0,0,0,0,0,0,0,0,0,0,0,0,0,0,0,0,0,0,0,0,0,0,0,0,0,0,0,0,0,0,0,0,0,0,0,0,0,0,0,0,0,0,0,0,0,0,0,0,0,0,0,0,0,0,0,0,0,0,0,0,0,0,0,0,0,0,0,0,0,0,0,0,0,0,0,0,0,0,0
"208",249.91345,250.0287,250.1206,250.243475,250.30485,250.3458,250.394,250.39975,250.432775,250.46495,250.487825,250.536975,250.54905,250.60175,250.61625,250.644825,250.688275,250.701525,250.727175,250.75305,250.790925,250.819375,250.860425,250.880375,250.91385,251.68245,251.7146,251.7485,251.78295,251.84045,251.850075,251.875175,251.94015,251.9562,252.015,252.047025,253.18865,253.264625,254.6192,254.645625,254.69905,254.738825,255.95185,256.09825,256.132925,256.234425,256.27495,256.420125,256.452925,256.488925,256.5747,257.868825,257.89795,257.94355,257.9975,258.0294,258.082975,258.11215,258.13855,258.16745,258.2346,258.313675,259.524775,259.764075,259.886625,259.9078,259.970925,259.989525,260.0888,261.5385,261.9877,262.047625,262.351125,0,0,0,0,0,0,0,0,0,0,0,0,0,0,0,0,0,0,0,0,0,0,0,0,0,0,0,0,0,0,0,0,0,0,0,0,0,0,0,0,0,0,0,0,0,0,0,0,0,0,0,0,0,0,0,0,0,0,0,0,0,0,0,0,0,0,0,0,0,0,0,0,0,0,0,0,0,0,0,0,0,0,0,0,0,0,0,0,0,0,0,0,0,0,0,0,0,0,0,0,0,0,0,0,0,0,0,0,0,0,0,0,0,0,0,0,0,0,0,0,0,0,0,0,0,0,0,0,0,0,0,0,0,0,0,0,0,0,0,0,0,0,0,0,0,0,0,0,0,0,0,0,0,0,0,0,0,0,0,0,0,0,0,0,0,0,0,0,0,0,0,0,0,0,0,0,0,0,0,0,0,0,0,0,0,0,0,0,0,0,0,0,0,0,0,0,0,0,0,0,0,0,0,0,0,0,0,0,0,0,0,0,0,0,0,0,0,0,0,0,0,0,0,0,0,0,0,0,0,0,0,0,0,0,0,0,0,0,0,0,0,0,0,0,0,0,0,0,0,0,0,0,0,0,0,0,0,0,0,0,0,0,0,0,0,0,0,0,0,0,0,0,0,0,0,0,0,0,0,0,0,0,0,0,0,0,0,0,0,0,0,0,0
"209",252.691975,252.727375,252.7542,252.791325,252.844725,252.905975,252.947425,254.0069,254.056125,254.077125,254.099825,254.118325,254.13795,254.1575,254.205525,254.2327,254.2581,254.317775,254.3535,257.13005,257.196825,257.2447,257.2705,257.310625,257.343725,257.386925,0,0,0,0,0,0,0,0,0,0,0,0,0,0,0,0,0,0,0,0,0,0,0,0,0,0,0,0,0,0,0,0,0,0,0,0,0,0,0,0,0,0,0,0,0,0,0,0,0,0,0,0,0,0,0,0,0,0,0,0,0,0,0,0,0,0,0,0,0,0,0,0,0,0,0,0,0,0,0,0,0,0,0,0,0,0,0,0,0,0,0,0,0,0,0,0,0,0,0,0,0,0,0,0,0,0,0,0,0,0,0,0,0,0,0,0,0,0,0,0,0,0,0,0,0,0,0,0,0,0,0,0,0,0,0,0,0,0,0,0,0,0,0,0,0,0,0,0,0,0,0,0,0,0,0,0,0,0,0,0,0,0,0,0,0,0,0,0,0,0,0,0,0,0,0,0,0,0,0,0,0,0,0,0,0,0,0,0,0,0,0,0,0,0,0,0,0,0,0,0,0,0,0,0,0,0,0,0,0,0,0,0,0,0,0,0,0,0,0,0,0,0,0,0,0,0,0,0,0,0,0,0,0,0,0,0,0,0,0,0,0,0,0,0,0,0,0,0,0,0,0,0,0,0,0,0,0,0,0,0,0,0,0,0,0,0,0,0,0,0,0,0,0,0,0,0,0,0,0,0,0,0,0,0,0,0,0,0,0,0,0,0,0,0,0,0,0,0,0,0,0,0,0,0,0,0,0,0,0,0,0,0,0,0,0,0,0,0,0,0,0,0,0,0,0,0,0,0,0,0,0,0,0,0,0,0,0,0,0,0
"210",249.7521,252.283475,252.34045,252.609825,252.686625,253.538575,253.630325,253.77085,253.962275,255.414025,256.376025,256.7896,257.2025,257.258275,258.7487,258.85565,258.973475,259.0906,0,0,0,0,0,0,0,0,0,0,0,0,0,0,0,0,0,0,0,0,0,0,0,0,0,0,0,0,0,0,0,0,0,0,0,0,0,0,0,0,0,0,0,0,0,0,0,0,0,0,0,0,0,0,0,0,0,0,0,0,0,0,0,0,0,0,0,0,0,0,0,0,0,0,0,0,0,0,0,0,0,0,0,0,0,0,0,0,0,0,0,0,0,0,0,0,0,0,0,0,0,0,0,0,0,0,0,0,0,0,0,0,0,0,0,0,0,0,0,0,0,0,0,0,0,0,0,0,0,0,0,0,0,0,0,0,0,0,0,0,0,0,0,0,0,0,0,0,0,0,0,0,0,0,0,0,0,0,0,0,0,0,0,0,0,0,0,0,0,0,0,0,0,0,0,0,0,0,0,0,0,0,0,0,0,0,0,0,0,0,0,0,0,0,0,0,0,0,0,0,0,0,0,0,0,0,0,0,0,0,0,0,0,0,0,0,0,0,0,0,0,0,0,0,0,0,0,0,0,0,0,0,0,0,0,0,0,0,0,0,0,0,0,0,0,0,0,0,0,0,0,0,0,0,0,0,0,0,0,0,0,0,0,0,0,0,0,0,0,0,0,0,0,0,0,0,0,0,0,0,0,0,0,0,0,0,0,0,0,0,0,0,0,0,0,0,0,0,0,0,0,0,0,0,0,0,0,0,0,0,0,0,0,0,0,0,0,0,0,0,0,0,0,0,0,0,0,0,0,0,0,0,0,0,0,0,0,0,0,0,0,0,0,0,0,0,0,0
"211",246.00005,249.535075,249.679875,249.756825,249.822875,249.983925,250.093925,250.26795,250.3341,250.391075,250.4574,250.492325,250.51955,250.6231,250.6592,250.675925,250.72655,250.7492,250.7732,250.792225,250.800475,250.828775,250.858125,250.8853,250.9162,250.9722,251.05325,251.139625,251.215375,251.243525,251.4074,251.4475,251.475725,251.494825,251.54665,251.602525,251.6117,251.619375,251.6223,251.62895,251.6705,251.699025,251.73315,251.88035,251.9089,251.9179,251.939775,251.949675,251.96395,252.001925,252.0066,252.086725,252.12155,252.29095,252.466575,252.547775,252.925825,253.0361,253.205575,253.228625,253.265425,253.356125,253.374025,253.41065,253.432275,253.44905,253.501575,253.610175,254.540775,254.57025,254.59725,254.707025,254.7284,254.80595,254.8389,254.91555,254.95995,255.142125,255.6678,255.77795,256.12125,256.159,256.246825,256.28955,256.408075,256.42325,256.458175,256.532275,256.55275,256.639325,256.679,256.746725,257.193875,257.28365,257.31375,257.481575,257.538,257.61975,257.696175,257.810275,257.888025,257.9818,257.993,258.07005,258.108175,258.141575,258.1813,258.222725,258.241525,258.260725,258.287575,258.336625,258.40945,258.472475,258.5695,258.608425,258.635725,258.78975,258.98565,259.17855,259.227975,259.4412,259.48545,259.594675,259.73355,259.742475,259.7472,259.78845,259.82675,259.878325,259.941525,259.969475,260.021225,260.057875,260.072025,260.164875,260.251,260.500075,260.578875,260.830975,260.873675,260.9148,261.001525,261.043275,261.102975,261.18825,261.233375,261.240775,261.309925,261.372975,261.41715,261.488075,261.54755,261.619625,261.671875,261.728725,261.833675,261.884025,261.99145,262.09245,262.20315,262.282725,262.363875,262.59935,262.927925,263.094375,0,0,0,0,0,0,0,0,0,0,0,0,0,0,0,0,0,0,0,0,0,0,0,0,0,0,0,0,0,0,0,0,0,0,0,0,0,0,0,0,0,0,0,0,0,0,0,0,0,0,0,0,0,0,0,0,0,0,0,0,0,0,0,0,0,0,0,0,0,0,0,0,0,0,0,0,0,0,0,0,0,0,0,0,0,0,0,0,0,0,0,0,0,0,0,0,0,0,0,0,0,0,0,0,0,0,0,0,0,0,0,0,0,0,0,0,0,0,0,0,0,0,0,0,0,0,0,0,0,0,0,0,0,0,0,0,0,0,0,0,0,0,0,0,0,0,0,0,0,0,0,0,0,0,0,0,0,0,0,0,0,0,0,0,0,0,0,0,0,0,0,0,0,0,0,0,0,0,0,0,0,0,0,0,0,0,0,0,0,0,0,0,0,0,0,0,0,0,0,0
"212",250.354175,250.3659,250.461475,250.51195,250.5353,250.59085,250.632675,250.667175,250.730175,251.755175,251.80115,251.8143,251.862625,251.947325,251.990775,253.252325,253.2926,254.65155,254.70155,254.763325,256.227425,256.27885,256.331325,256.4324,256.4471,256.467575,256.487575,256.51235,256.553675,257.829525,257.951175,258.05495,258.081725,258.28415,258.3047,259.65645,259.7745,259.854325,259.974125,0,0,0,0,0,0,0,0,0,0,0,0,0,0,0,0,0,0,0,0,0,0,0,0,0,0,0,0,0,0,0,0,0,0,0,0,0,0,0,0,0,0,0,0,0,0,0,0,0,0,0,0,0,0,0,0,0,0,0,0,0,0,0,0,0,0,0,0,0,0,0,0,0,0,0,0,0,0,0,0,0,0,0,0,0,0,0,0,0,0,0,0,0,0,0,0,0,0,0,0,0,0,0,0,0,0,0,0,0,0,0,0,0,0,0,0,0,0,0,0,0,0,0,0,0,0,0,0,0,0,0,0,0,0,0,0,0,0,0,0,0,0,0,0,0,0,0,0,0,0,0,0,0,0,0,0,0,0,0,0,0,0,0,0,0,0,0,0,0,0,0,0,0,0,0,0,0,0,0,0,0,0,0,0,0,0,0,0,0,0,0,0,0,0,0,0,0,0,0,0,0,0,0,0,0,0,0,0,0,0,0,0,0,0,0,0,0,0,0,0,0,0,0,0,0,0,0,0,0,0,0,0,0,0,0,0,0,0,0,0,0,0,0,0,0,0,0,0,0,0,0,0,0,0,0,0,0,0,0,0,0,0,0,0,0,0,0,0,0,0,0,0,0,0,0,0,0,0,0,0,0,0,0,0,0,0,0,0,0,0,0,0,0,0,0,0,0,0,0,0,0,0,0,0,0,0,0,0,0,0,0,0,0,0,0,0,0,0,0,0,0,0,0,0,0,0,0
"213",242.8854,247.251425,247.773975,248.083325,248.785575,250.52435,250.5736,250.584625,250.6719,250.681875,250.713625,251.601275,251.863175,251.898325,251.9199,251.961425,251.9946,252.025825,252.089475,253.60885,253.7889,254.539275,254.791875,255.3708,256.08305,256.1225,256.15595,256.261675,256.3103,256.5514,256.6153,256.7503,257.440475,257.713325,257.869525,258.077725,258.101675,258.659225,259.365175,259.621175,260.231625,260.990225,261.192275,261.902875,262.31745,262.9202,262.95855,263.56,264.203225,264.686625,264.77025,264.7967,264.93945,265.059,265.58775,265.679875,265.888075,266.171275,266.21195,266.252075,266.994275,267.442175,268.07635,268.276425,268.9012,269.946575,270.38225,270.631575,271.248425,271.280625,271.7578,272.6569,272.885175,273.066,273.814,274.5867,274.731175,275.416625,275.839225,277.50465,277.8674,278.28815,0,0,0,0,0,0,0,0,0,0,0,0,0,0,0,0,0,0,0,0,0,0,0,0,0,0,0,0,0,0,0,0,0,0,0,0,0,0,0,0,0,0,0,0,0,0,0,0,0,0,0,0,0,0,0,0,0,0,0,0,0,0,0,0,0,0,0,0,0,0,0,0,0,0,0,0,0,0,0,0,0,0,0,0,0,0,0,0,0,0,0,0,0,0,0,0,0,0,0,0,0,0,0,0,0,0,0,0,0,0,0,0,0,0,0,0,0,0,0,0,0,0,0,0,0,0,0,0,0,0,0,0,0,0,0,0,0,0,0,0,0,0,0,0,0,0,0,0,0,0,0,0,0,0,0,0,0,0,0,0,0,0,0,0,0,0,0,0,0,0,0,0,0,0,0,0,0,0,0,0,0,0,0,0,0,0,0,0,0,0,0,0,0,0,0,0,0,0,0,0,0,0,0,0,0,0,0,0,0,0,0,0,0,0,0,0,0,0,0,0,0,0,0,0,0,0,0,0,0,0,0,0,0,0,0,0,0,0,0,0,0,0,0,0,0,0,0,0,0,0,0,0,0,0,0,0,0,0,0,0,0,0,0,0,0,0,0,0,0,0,0,0,0,0,0,0,0,0,0,0,0,0,0,0
"214",251.834975,255.560675,255.598975,255.647225,255.703925,255.7507,0,0,0,0,0,0,0,0,0,0,0,0,0,0,0,0,0,0,0,0,0,0,0,0,0,0,0,0,0,0,0,0,0,0,0,0,0,0,0,0,0,0,0,0,0,0,0,0,0,0,0,0,0,0,0,0,0,0,0,0,0,0,0,0,0,0,0,0,0,0,0,0,0,0,0,0,0,0,0,0,0,0,0,0,0,0,0,0,0,0,0,0,0,0,0,0,0,0,0,0,0,0,0,0,0,0,0,0,0,0,0,0,0,0,0,0,0,0,0,0,0,0,0,0,0,0,0,0,0,0,0,0,0,0,0,0,0,0,0,0,0,0,0,0,0,0,0,0,0,0,0,0,0,0,0,0,0,0,0,0,0,0,0,0,0,0,0,0,0,0,0,0,0,0,0,0,0,0,0,0,0,0,0,0,0,0,0,0,0,0,0,0,0,0,0,0,0,0,0,0,0,0,0,0,0,0,0,0,0,0,0,0,0,0,0,0,0,0,0,0,0,0,0,0,0,0,0,0,0,0,0,0,0,0,0,0,0,0,0,0,0,0,0,0,0,0,0,0,0,0,0,0,0,0,0,0,0,0,0,0,0,0,0,0,0,0,0,0,0,0,0,0,0,0,0,0,0,0,0,0,0,0,0,0,0,0,0,0,0,0,0,0,0,0,0,0,0,0,0,0,0,0,0,0,0,0,0,0,0,0,0,0,0,0,0,0,0,0,0,0,0,0,0,0,0,0,0,0,0,0,0,0,0,0,0,0,0,0,0,0,0,0,0,0,0,0,0,0,0,0,0,0,0,0,0,0,0,0,0,0
"215",251.1753,251.216725,251.253,251.29525,251.316925,251.34285,251.36625,251.432875,251.45695,251.493575,251.514575,251.537525,251.57985,251.635325,252.33595,252.381075,252.426825,252.4454,252.4787,252.500425,252.524925,252.55575,252.604325,252.64115,252.6726,252.705775,252.764225,252.81275,252.87035,252.918825,252.995575,253.683125,253.743125,253.82,253.85585,253.94375,253.97555,254.02435,254.079775,254.12155,254.1715,254.236775,254.287875,255.07995,255.2633,255.318075,255.464175,255.871775,256.869325,256.9315,256.99545,257.0564,257.211975,257.28595,257.40705,257.475125,257.67065,258.62605,258.680275,258.75125,258.8293,258.88145,258.945675,259.017025,259.046275,0,0,0,0,0,0,0,0,0,0,0,0,0,0,0,0,0,0,0,0,0,0,0,0,0,0,0,0,0,0,0,0,0,0,0,0,0,0,0,0,0,0,0,0,0,0,0,0,0,0,0,0,0,0,0,0,0,0,0,0,0,0,0,0,0,0,0,0,0,0,0,0,0,0,0,0,0,0,0,0,0,0,0,0,0,0,0,0,0,0,0,0,0,0,0,0,0,0,0,0,0,0,0,0,0,0,0,0,0,0,0,0,0,0,0,0,0,0,0,0,0,0,0,0,0,0,0,0,0,0,0,0,0,0,0,0,0,0,0,0,0,0,0,0,0,0,0,0,0,0,0,0,0,0,0,0,0,0,0,0,0,0,0,0,0,0,0,0,0,0,0,0,0,0,0,0,0,0,0,0,0,0,0,0,0,0,0,0,0,0,0,0,0,0,0,0,0,0,0,0,0,0,0,0,0,0,0,0,0,0,0,0,0,0,0,0,0,0,0,0,0,0,0,0,0,0,0,0,0,0,0,0,0,0,0,0,0,0,0,0,0,0,0,0,0,0,0,0,0,0,0,0,0,0,0,0,0,0,0,0,0,0,0,0,0,0,0,0,0,0,0,0,0,0,0,0,0,0,0,0,0,0,0,0,0,0,0,0,0,0,0,0,0,0,0,0,0,0,0,0,0
"216",249.6152,249.6396,249.763375,249.939875,249.940625,250.067375,250.1371,250.138675,250.259075,250.306275,250.41555,250.5268,250.62265,250.723625,250.82035,250.92995,251.0097,251.028225,251.051525,251.0662,251.09015,251.09925,251.135425,251.167025,251.1871,251.242575,251.26285,251.267275,251.29525,251.40015,251.42245,251.459375,251.480025,251.501125,251.538375,251.541525,251.556375,251.588225,251.63285,251.660725,251.705225,251.734675,251.75805,251.783225,251.85145,251.856225,251.925525,252.00125,252.106225,252.1459,252.172175,252.210475,252.260725,252.2804,252.29265,252.3052,252.3327,252.3545,252.36675,252.3762,252.39435,252.41315,252.4204,252.4672,252.476,252.484425,252.513575,252.52635,252.537875,252.544525,252.57965,252.60685,252.6137,252.63045,252.67315,252.7022,252.735425,252.75215,252.7773,252.8246,252.84385,252.88155,252.9668,253.01475,253.03375,253.125525,253.144125,253.14675,253.183875,253.2122,253.2134,253.3088,253.3349,253.3664,253.3885,253.4071,253.42755,253.440175,253.47555,253.496,253.510325,253.527975,253.5364,253.566175,253.5759,253.593775,253.5953,253.605375,253.612625,253.630675,253.6482,253.656725,253.67905,253.70325,253.74045,253.77265,253.7877,253.796025,253.81415,253.851825,253.859775,253.872325,253.874775,253.878625,253.892225,253.910275,253.917675,253.926075,253.9322,253.937675,253.9444,253.9535,253.959925,253.97265,253.981575,254.007275,254.01585,254.023725,254.037875,254.070325,254.134925,254.1775,254.1993,254.2124,254.228,254.276475,254.2945,254.324925,254.3565,254.40175,254.406975,254.4246,254.495475,254.5469,254.55385,254.585825,254.63355,254.662675,254.756925,254.76105,254.7784,254.830925,254.895375,254.913625,254.93605,254.973475,254.99,255.030575,255.04485,255.059325,255.0736,255.1065,255.143275,255.1578,255.17385,255.201625,255.218,255.2261,255.2505,255.2728,255.315025,255.327625,255.346025,255.357025,255.37285,255.387375,255.41045,255.421675,255.439725,255.459975,255.474575,255.48745,255.5099,255.510675,255.522625,255.539975,255.569575,255.641725,255.6654,255.72775,255.755625,255.788325,255.81305,255.911075,255.922975,255.9482,255.983875,256.019425,256.02945,256.105825,256.107975,256.167025,256.18445,256.25035,256.409525,256.4314,256.4626,256.5129,256.7064,256.723225,256.77715,256.7985,256.812,256.847125,256.863625,256.881975,256.9113,256.940075,256.9571,256.99425,257.006275,257.057775,257.087275,257.095425,257.133575,257.157475,257.254525,257.267225,257.2972,257.328575,257.335975,257.402625,257.586475,257.65985,257.719925,257.764425,257.9238,258.016575,258.34815,258.4153,258.44935,258.6014,258.66315,258.70415,258.7176,258.7414,258.759425,258.789475,258.823975,258.837175,258.861875,258.9512,258.97135,258.993925,259.0657,259.098275,259.239975,259.2822,259.3052,259.347125,259.4986,259.92575,259.965575,260.246025,260.265975,260.344,260.382625,260.5087,260.576925,260.632325,260.671325,260.715675,260.770975,260.862925,260.88175,260.9479,261.021875,261.075675,261.17655,261.3555,261.494775,261.931125,262.2051,262.288525,262.73095,262.944275,263.01315,263.34105,263.491925,263.5557,263.600625,263.6659,263.7044,263.7574,263.801225,263.848,263.8907,263.926375,264.00465,264.038375,264.0697,264.119675,264.154775,264.1882,264.2178,264.24645,264.268475,264.29385,264.31725,264.354875,264.379975,264.444725,264.465075,264.49275,264.526975,264.592225,264.627225,264.670025,264.699975,264.73195,264.765875,264.856675,264.8943,264.957875,265.03755,265.11025,265.1853,265.37585,265.644075,265.95805,277.7477,0,0,0,0,0,0,0,0,0,0,0,0,0,0,0,0,0,0,0,0,0,0,0,0,0
"217",249.516125,249.520225,249.53445,249.56945,249.95305,250.164275,250.243475,250.328275,250.382625,250.721775,250.727,250.8573,250.96955,251.00905,251.5138,251.9296,251.997275,252.032825,252.756275,253.197025,253.246475,253.3338,253.385375,253.439125,253.6096,253.896175,254.407875,254.660175,254.6817,254.779825,254.82955,254.922675,256.5003,256.557275,256.58625,256.65455,256.6888,257.87565,258.0087,258.1709,258.254875,258.269625,258.3181,258.356925,259.9373,260.045275,260.101525,0,0,0,0,0,0,0,0,0,0,0,0,0,0,0,0,0,0,0,0,0,0,0,0,0,0,0,0,0,0,0,0,0,0,0,0,0,0,0,0,0,0,0,0,0,0,0,0,0,0,0,0,0,0,0,0,0,0,0,0,0,0,0,0,0,0,0,0,0,0,0,0,0,0,0,0,0,0,0,0,0,0,0,0,0,0,0,0,0,0,0,0,0,0,0,0,0,0,0,0,0,0,0,0,0,0,0,0,0,0,0,0,0,0,0,0,0,0,0,0,0,0,0,0,0,0,0,0,0,0,0,0,0,0,0,0,0,0,0,0,0,0,0,0,0,0,0,0,0,0,0,0,0,0,0,0,0,0,0,0,0,0,0,0,0,0,0,0,0,0,0,0,0,0,0,0,0,0,0,0,0,0,0,0,0,0,0,0,0,0,0,0,0,0,0,0,0,0,0,0,0,0,0,0,0,0,0,0,0,0,0,0,0,0,0,0,0,0,0,0,0,0,0,0,0,0,0,0,0,0,0,0,0,0,0,0,0,0,0,0,0,0,0,0,0,0,0,0,0,0,0,0,0,0,0,0,0,0,0,0,0,0,0,0,0,0,0,0,0,0,0,0,0,0,0,0,0,0,0,0,0,0,0,0,0,0,0,0,0,0,0,0,0,0,0,0,0,0,0,0,0,0,0,0,0,0,0,0,0,0,0,0,0,0,0,0,0,0,0
"218",251.51035,252.429875,252.4458,252.529875,252.5353,252.567125,252.587675,252.602725,252.641475,252.660125,252.6942,252.753825,252.774675,252.877425,252.923125,252.954625,253.188275,253.457625,253.5105,253.57065,253.628225,253.7214,253.80445,253.8393,253.93075,253.94725,253.97465,254.056275,254.057925,254.14305,254.186925,254.21165,254.244625,254.27755,254.311275,254.31845,254.338475,254.367925,254.43475,254.46545,254.4772,254.5583,254.6314,254.669225,254.9461,255.034025,255.111975,255.13225,255.16925,255.189625,255.244375,255.27315,255.299825,255.3268,255.3466,255.4022,255.448125,255.49375,255.5583,255.6155,255.642125,255.680075,255.7067,255.740025,255.7739,255.81705,255.85405,255.929225,255.972675,256.04625,256.097225,256.159625,256.2457,256.698725,256.81585,256.88105,256.882875,257.029575,257.1195,257.13085,257.13695,257.183325,257.19555,257.274625,257.35655,257.392775,257.419825,257.457025,257.5983,257.67065,257.73175,257.88095,258.085925,258.615925,258.69495,258.72475,258.756875,258.81555,258.867325,258.982175,258.98635,259.036375,259.0714,259.11075,259.134725,259.162,259.18475,259.280025,259.36165,260.6126,260.8441,260.892475,260.947675,261.04775,0,0,0,0,0,0,0,0,0,0,0,0,0,0,0,0,0,0,0,0,0,0,0,0,0,0,0,0,0,0,0,0,0,0,0,0,0,0,0,0,0,0,0,0,0,0,0,0,0,0,0,0,0,0,0,0,0,0,0,0,0,0,0,0,0,0,0,0,0,0,0,0,0,0,0,0,0,0,0,0,0,0,0,0,0,0,0,0,0,0,0,0,0,0,0,0,0,0,0,0,0,0,0,0,0,0,0,0,0,0,0,0,0,0,0,0,0,0,0,0,0,0,0,0,0,0,0,0,0,0,0,0,0,0,0,0,0,0,0,0,0,0,0,0,0,0,0,0,0,0,0,0,0,0,0,0,0,0,0,0,0,0,0,0,0,0,0,0,0,0,0,0,0,0,0,0,0,0,0,0,0,0,0,0,0,0,0,0,0,0,0,0,0,0,0,0,0,0,0,0,0,0,0,0,0,0,0,0,0,0,0,0,0,0,0,0,0,0,0,0,0,0,0,0,0,0,0,0,0,0,0,0,0,0,0,0,0,0,0,0,0,0,0,0,0,0,0,0,0,0,0,0
"219",249.989775,251.040925,251.087075,251.1201,251.14085,251.1836,251.236775,251.2826,251.315325,251.437525,251.50865,251.546525,252.27255,252.3224,252.34675,252.52075,252.5964,252.6445,252.7199,252.903925,253.081475,253.575375,253.655925,253.7218,253.82595,253.88085,254.030625,254.063375,254.23085,254.349075,254.58855,254.950225,255.087225,255.12485,255.1925,255.213625,255.42045,255.543175,255.66135,255.71945,255.839475,255.917,256.0839,256.7896,256.8315,256.9255,257.120225,257.24745,257.3938,257.450875,257.695475,257.85235,258.550775,258.621575,258.6811,258.774125,258.8282,258.970625,259.060675,259.18905,259.2602,259.401725,259.548625,260.425275,260.5019,260.58795,260.6941,260.75045,260.81845,260.946925,261.17425,261.505925,0,0,0,0,0,0,0,0,0,0,0,0,0,0,0,0,0,0,0,0,0,0,0,0,0,0,0,0,0,0,0,0,0,0,0,0,0,0,0,0,0,0,0,0,0,0,0,0,0,0,0,0,0,0,0,0,0,0,0,0,0,0,0,0,0,0,0,0,0,0,0,0,0,0,0,0,0,0,0,0,0,0,0,0,0,0,0,0,0,0,0,0,0,0,0,0,0,0,0,0,0,0,0,0,0,0,0,0,0,0,0,0,0,0,0,0,0,0,0,0,0,0,0,0,0,0,0,0,0,0,0,0,0,0,0,0,0,0,0,0,0,0,0,0,0,0,0,0,0,0,0,0,0,0,0,0,0,0,0,0,0,0,0,0,0,0,0,0,0,0,0,0,0,0,0,0,0,0,0,0,0,0,0,0,0,0,0,0,0,0,0,0,0,0,0,0,0,0,0,0,0,0,0,0,0,0,0,0,0,0,0,0,0,0,0,0,0,0,0,0,0,0,0,0,0,0,0,0,0,0,0,0,0,0,0,0,0,0,0,0,0,0,0,0,0,0,0,0,0,0,0,0,0,0,0,0,0,0,0,0,0,0,0,0,0,0,0,0,0,0,0,0,0,0,0,0,0,0,0,0,0,0,0,0,0,0,0,0,0,0,0,0,0,0
"220",251.109175,251.1583,251.176175,251.197375,251.234025,251.25145,251.29665,251.3087,251.349475,251.407325,252.2619,252.29585,252.323625,252.33505,252.362125,252.5253,252.63385,252.678175,252.70095,253.539625,253.572075,253.607475,253.714225,253.855675,253.922425,254.966425,254.9862,255.020875,255.046975,256.17895,256.734925,256.77755,256.83595,257.0708,257.16745,257.770575,258.55275,258.591625,258.635775,258.780775,258.885425,260.490675,260.5475,260.592275,260.652075,260.665275,260.748675,260.77285,264.4141,264.6562,0,0,0,0,0,0,0,0,0,0,0,0,0,0,0,0,0,0,0,0,0,0,0,0,0,0,0,0,0,0,0,0,0,0,0,0,0,0,0,0,0,0,0,0,0,0,0,0,0,0,0,0,0,0,0,0,0,0,0,0,0,0,0,0,0,0,0,0,0,0,0,0,0,0,0,0,0,0,0,0,0,0,0,0,0,0,0,0,0,0,0,0,0,0,0,0,0,0,0,0,0,0,0,0,0,0,0,0,0,0,0,0,0,0,0,0,0,0,0,0,0,0,0,0,0,0,0,0,0,0,0,0,0,0,0,0,0,0,0,0,0,0,0,0,0,0,0,0,0,0,0,0,0,0,0,0,0,0,0,0,0,0,0,0,0,0,0,0,0,0,0,0,0,0,0,0,0,0,0,0,0,0,0,0,0,0,0,0,0,0,0,0,0,0,0,0,0,0,0,0,0,0,0,0,0,0,0,0,0,0,0,0,0,0,0,0,0,0,0,0,0,0,0,0,0,0,0,0,0,0,0,0,0,0,0,0,0,0,0,0,0,0,0,0,0,0,0,0,0,0,0,0,0,0,0,0,0,0,0,0,0,0,0,0,0,0,0,0,0,0,0,0,0,0,0,0,0,0,0,0,0,0,0,0,0,0,0,0,0,0,0,0,0,0,0,0,0,0,0,0,0,0,0,0,0,0,0,0,0,0,0,0,0,0,0,0
"221",251.3285,252.077225,252.439725,252.508375,253.09365,253.646,253.76695,255.62535,256.6621,257.035975,257.0604,259.4486,0,0,0,0,0,0,0,0,0,0,0,0,0,0,0,0,0,0,0,0,0,0,0,0,0,0,0,0,0,0,0,0,0,0,0,0,0,0,0,0,0,0,0,0,0,0,0,0,0,0,0,0,0,0,0,0,0,0,0,0,0,0,0,0,0,0,0,0,0,0,0,0,0,0,0,0,0,0,0,0,0,0,0,0,0,0,0,0,0,0,0,0,0,0,0,0,0,0,0,0,0,0,0,0,0,0,0,0,0,0,0,0,0,0,0,0,0,0,0,0,0,0,0,0,0,0,0,0,0,0,0,0,0,0,0,0,0,0,0,0,0,0,0,0,0,0,0,0,0,0,0,0,0,0,0,0,0,0,0,0,0,0,0,0,0,0,0,0,0,0,0,0,0,0,0,0,0,0,0,0,0,0,0,0,0,0,0,0,0,0,0,0,0,0,0,0,0,0,0,0,0,0,0,0,0,0,0,0,0,0,0,0,0,0,0,0,0,0,0,0,0,0,0,0,0,0,0,0,0,0,0,0,0,0,0,0,0,0,0,0,0,0,0,0,0,0,0,0,0,0,0,0,0,0,0,0,0,0,0,0,0,0,0,0,0,0,0,0,0,0,0,0,0,0,0,0,0,0,0,0,0,0,0,0,0,0,0,0,0,0,0,0,0,0,0,0,0,0,0,0,0,0,0,0,0,0,0,0,0,0,0,0,0,0,0,0,0,0,0,0,0,0,0,0,0,0,0,0,0,0,0,0,0,0,0,0,0,0,0,0,0,0,0,0,0,0,0,0,0,0,0,0,0,0
"222",240.115075,240.2325,240.616125,241.028425,241.32505,241.498325,241.81685,241.925375,242.46655,242.85305,243.155975,243.49445,244.29335,244.83185,245.123675,245.465325,246.015025,246.072,246.90595,247.107325,247.537225,247.899125,248.07075,248.282025,248.58625,248.91255,249.631325,249.744225,249.943525,250.010825,251.03535,251.058625,251.13605,251.15665,251.28075,251.28595,251.3176,251.3452,251.361425,251.431125,251.434025,251.460375,251.516025,252.33835,252.3927,252.424625,252.50205,252.5881,252.589575,252.631875,252.6544,252.9103,252.939175,253.573375,253.63215,253.73575,253.8026,253.837325,253.948925,254.026425,254.07175,254.143575,254.16705,254.271525,254.369025,254.9876,255.048375,255.105475,255.1695,255.223075,255.291275,255.3955,255.451475,255.501075,255.8826,256.722125,256.767975,256.809025,256.853925,256.87665,256.9062,256.931925,257.026675,257.05615,257.1244,257.1616,257.266275,258.47925,258.51375,258.56175,258.590475,258.64105,258.675,258.71305,258.7288,258.75435,258.803,258.838275,258.864675,258.893675,258.923725,258.95245,259.0323,259.1024,259.387475,260.3243,260.37465,260.4317,260.478925,260.5257,260.570325,260.58875,260.633075,260.671825,260.724675,260.7519,260.780425,260.83555,260.921925,261.002475,261.042025,261.0843,261.153175,261.22505,261.311125,262.74935,262.848325,262.924275,262.9749,263.041275,263.256575,263.342075,263.4539,263.51305,263.610175,263.67765,263.757825,263.846125,263.9182,263.978675,264.1013,264.139775,264.180225,264.248325,264.28455,264.31505,264.3768,264.41745,264.471975,264.511125,264.54395,264.565475,264.61795,264.6674,264.70965,264.74665,264.822675,264.8982,264.929525,265.005225,265.064475,265.4104,265.667675,269.216225,273.414425,274.450525,0,0,0,0,0,0,0,0,0,0,0,0,0,0,0,0,0,0,0,0,0,0,0,0,0,0,0,0,0,0,0,0,0,0,0,0,0,0,0,0,0,0,0,0,0,0,0,0,0,0,0,0,0,0,0,0,0,0,0,0,0,0,0,0,0,0,0,0,0,0,0,0,0,0,0,0,0,0,0,0,0,0,0,0,0,0,0,0,0,0,0,0,0,0,0,0,0,0,0,0,0,0,0,0,0,0,0,0,0,0,0,0,0,0,0,0,0,0,0,0,0,0,0,0,0,0,0,0,0,0,0,0,0,0,0,0,0,0,0,0,0,0,0,0,0,0,0,0,0,0,0,0,0,0,0,0,0,0,0,0,0,0,0,0,0,0,0,0,0,0,0,0,0,0,0,0,0,0,0,0,0,0,0,0,0,0,0,0,0,0,0,0,0,0,0,0,0,0,0,0
"223",251.11895,251.161775,251.311575,251.33815,251.351025,251.38495,251.421,251.457475,251.480875,251.571875,251.627825,252.26675,252.30205,252.3435,252.384825,252.492225,252.55555,252.670825,252.756425,252.794275,252.902725,252.941925,252.99855,253.55195,253.57455,253.626425,253.75625,253.8583,253.871575,254.032725,254.095475,254.123025,254.15585,254.180475,254.272225,254.313,254.330525,254.3668,254.406225,254.4351,254.971925,254.989575,255.035325,255.14795,255.24695,255.41685,255.458175,255.485575,255.56165,255.6265,255.69895,255.717375,255.745,255.7673,255.810925,255.83355,255.9423,256.0166,256.066,256.082925,256.14635,256.7521,256.8841,256.927775,257.054425,257.269675,257.344525,257.3786,257.45395,257.609375,257.6576,257.6845,257.713725,257.767325,257.81835,257.977025,258.52115,258.587625,258.609525,258.685075,258.8938,259.168325,259.190725,259.224525,259.264175,259.328425,259.35515,259.442425,259.47335,259.5639,260.490125,260.726725,260.759975,260.86365,260.8967,261.058,0,0,0,0,0,0,0,0,0,0,0,0,0,0,0,0,0,0,0,0,0,0,0,0,0,0,0,0,0,0,0,0,0,0,0,0,0,0,0,0,0,0,0,0,0,0,0,0,0,0,0,0,0,0,0,0,0,0,0,0,0,0,0,0,0,0,0,0,0,0,0,0,0,0,0,0,0,0,0,0,0,0,0,0,0,0,0,0,0,0,0,0,0,0,0,0,0,0,0,0,0,0,0,0,0,0,0,0,0,0,0,0,0,0,0,0,0,0,0,0,0,0,0,0,0,0,0,0,0,0,0,0,0,0,0,0,0,0,0,0,0,0,0,0,0,0,0,0,0,0,0,0,0,0,0,0,0,0,0,0,0,0,0,0,0,0,0,0,0,0,0,0,0,0,0,0,0,0,0,0,0,0,0,0,0,0,0,0,0,0,0,0,0,0,0,0,0,0,0,0,0,0,0,0,0,0,0,0,0,0,0,0,0,0,0,0,0,0,0,0,0,0,0,0,0,0,0,0,0,0,0,0,0,0,0,0,0,0,0,0,0,0,0,0,0,0,0,0,0,0,0,0,0,0,0,0,0,0,0,0,0,0,0,0,0,0,0,0,0,0
"224",251.1963,251.256075,252.22985,252.325125,252.41965,252.4355,252.54325,252.606175,252.657375,252.7371,252.781925,252.817125,252.854925,252.882875,253.017075,253.506175,253.593625,253.660975,253.69375,253.737625,253.7588,253.809575,253.83085,253.8558,253.905225,253.94665,254.4031,255.0817,255.10745,255.151475,255.17185,255.292825,255.332125,255.4251,255.4823,255.549625,255.95735,255.999875,256.805125,256.822025,256.854875,256.9056,257.0259,257.076225,257.469525,257.54705,258.564275,258.632525,258.653425,258.752625,258.776175,258.802425,258.873925,260.5861,260.63135,260.668425,260.814875,264.035475,264.4553,0,0,0,0,0,0,0,0,0,0,0,0,0,0,0,0,0,0,0,0,0,0,0,0,0,0,0,0,0,0,0,0,0,0,0,0,0,0,0,0,0,0,0,0,0,0,0,0,0,0,0,0,0,0,0,0,0,0,0,0,0,0,0,0,0,0,0,0,0,0,0,0,0,0,0,0,0,0,0,0,0,0,0,0,0,0,0,0,0,0,0,0,0,0,0,0,0,0,0,0,0,0,0,0,0,0,0,0,0,0,0,0,0,0,0,0,0,0,0,0,0,0,0,0,0,0,0,0,0,0,0,0,0,0,0,0,0,0,0,0,0,0,0,0,0,0,0,0,0,0,0,0,0,0,0,0,0,0,0,0,0,0,0,0,0,0,0,0,0,0,0,0,0,0,0,0,0,0,0,0,0,0,0,0,0,0,0,0,0,0,0,0,0,0,0,0,0,0,0,0,0,0,0,0,0,0,0,0,0,0,0,0,0,0,0,0,0,0,0,0,0,0,0,0,0,0,0,0,0,0,0,0,0,0,0,0,0,0,0,0,0,0,0,0,0,0,0,0,0,0,0,0,0,0,0,0,0,0,0,0,0,0,0,0,0,0,0,0,0,0,0,0,0,0,0,0,0,0,0,0,0,0,0,0,0,0,0,0,0,0,0,0,0,0,0,0,0,0,0,0,0,0,0,0,0,0,0
"225",249.9711,250.09595,250.153725,250.18055,250.2256,250.2563,250.3441,250.375475,250.3983,250.42545,250.46285,250.4924,250.51875,250.54125,250.56125,250.6018,250.61755,251.604975,251.662725,251.716725,251.813525,251.8522,256.300775,256.345975,256.482775,257.824225,257.917,258.001525,258.0485,259.4645,259.556975,259.56075,259.623025,259.666025,259.71125,259.796925,261.325075,261.451425,261.493775,261.57735,261.6277,261.704675,261.753625,261.8678,261.922375,262.0274,262.101425,262.174775,262.242825,262.3524,266.205375,266.292325,266.521525,266.6416,0,0,0,0,0,0,0,0,0,0,0,0,0,0,0,0,0,0,0,0,0,0,0,0,0,0,0,0,0,0,0,0,0,0,0,0,0,0,0,0,0,0,0,0,0,0,0,0,0,0,0,0,0,0,0,0,0,0,0,0,0,0,0,0,0,0,0,0,0,0,0,0,0,0,0,0,0,0,0,0,0,0,0,0,0,0,0,0,0,0,0,0,0,0,0,0,0,0,0,0,0,0,0,0,0,0,0,0,0,0,0,0,0,0,0,0,0,0,0,0,0,0,0,0,0,0,0,0,0,0,0,0,0,0,0,0,0,0,0,0,0,0,0,0,0,0,0,0,0,0,0,0,0,0,0,0,0,0,0,0,0,0,0,0,0,0,0,0,0,0,0,0,0,0,0,0,0,0,0,0,0,0,0,0,0,0,0,0,0,0,0,0,0,0,0,0,0,0,0,0,0,0,0,0,0,0,0,0,0,0,0,0,0,0,0,0,0,0,0,0,0,0,0,0,0,0,0,0,0,0,0,0,0,0,0,0,0,0,0,0,0,0,0,0,0,0,0,0,0,0,0,0,0,0,0,0,0,0,0,0,0,0,0,0,0,0,0,0,0,0,0,0,0,0,0,0,0,0,0,0,0,0,0,0,0,0,0,0,0,0,0,0,0,0,0,0,0,0,0,0,0,0,0,0,0,0,0,0,0,0,0,0
"226",249.88255,250.540275,250.8422,251.307025,251.432725,251.68955,252.29105,254.253825,255.966025,257.597575,257.6409,0,0,0,0,0,0,0,0,0,0,0,0,0,0,0,0,0,0,0,0,0,0,0,0,0,0,0,0,0,0,0,0,0,0,0,0,0,0,0,0,0,0,0,0,0,0,0,0,0,0,0,0,0,0,0,0,0,0,0,0,0,0,0,0,0,0,0,0,0,0,0,0,0,0,0,0,0,0,0,0,0,0,0,0,0,0,0,0,0,0,0,0,0,0,0,0,0,0,0,0,0,0,0,0,0,0,0,0,0,0,0,0,0,0,0,0,0,0,0,0,0,0,0,0,0,0,0,0,0,0,0,0,0,0,0,0,0,0,0,0,0,0,0,0,0,0,0,0,0,0,0,0,0,0,0,0,0,0,0,0,0,0,0,0,0,0,0,0,0,0,0,0,0,0,0,0,0,0,0,0,0,0,0,0,0,0,0,0,0,0,0,0,0,0,0,0,0,0,0,0,0,0,0,0,0,0,0,0,0,0,0,0,0,0,0,0,0,0,0,0,0,0,0,0,0,0,0,0,0,0,0,0,0,0,0,0,0,0,0,0,0,0,0,0,0,0,0,0,0,0,0,0,0,0,0,0,0,0,0,0,0,0,0,0,0,0,0,0,0,0,0,0,0,0,0,0,0,0,0,0,0,0,0,0,0,0,0,0,0,0,0,0,0,0,0,0,0,0,0,0,0,0,0,0,0,0,0,0,0,0,0,0,0,0,0,0,0,0,0,0,0,0,0,0,0,0,0,0,0,0,0,0,0,0,0,0,0,0,0,0,0,0,0,0,0,0,0,0,0,0,0,0,0,0,0
"227",251.514425,252.49385,252.53435,252.593175,252.62645,252.667,252.70925,253.878625,253.9836,254.02845,254.073925,254.14345,255.166075,255.2819,255.4144,255.446,255.491325,255.60625,257.2769,257.341575,258.8203,258.8895,258.9337,259.0316,259.084925,0,0,0,0,0,0,0,0,0,0,0,0,0,0,0,0,0,0,0,0,0,0,0,0,0,0,0,0,0,0,0,0,0,0,0,0,0,0,0,0,0,0,0,0,0,0,0,0,0,0,0,0,0,0,0,0,0,0,0,0,0,0,0,0,0,0,0,0,0,0,0,0,0,0,0,0,0,0,0,0,0,0,0,0,0,0,0,0,0,0,0,0,0,0,0,0,0,0,0,0,0,0,0,0,0,0,0,0,0,0,0,0,0,0,0,0,0,0,0,0,0,0,0,0,0,0,0,0,0,0,0,0,0,0,0,0,0,0,0,0,0,0,0,0,0,0,0,0,0,0,0,0,0,0,0,0,0,0,0,0,0,0,0,0,0,0,0,0,0,0,0,0,0,0,0,0,0,0,0,0,0,0,0,0,0,0,0,0,0,0,0,0,0,0,0,0,0,0,0,0,0,0,0,0,0,0,0,0,0,0,0,0,0,0,0,0,0,0,0,0,0,0,0,0,0,0,0,0,0,0,0,0,0,0,0,0,0,0,0,0,0,0,0,0,0,0,0,0,0,0,0,0,0,0,0,0,0,0,0,0,0,0,0,0,0,0,0,0,0,0,0,0,0,0,0,0,0,0,0,0,0,0,0,0,0,0,0,0,0,0,0,0,0,0,0,0,0,0,0,0,0,0,0,0,0,0,0,0,0,0,0,0,0,0,0,0,0,0,0,0,0,0,0,0,0,0,0,0,0,0,0,0,0,0,0,0,0,0,0,0,0
"228",252.49725,252.5752,252.714775,252.85695,252.9697,253.031425,253.129425,253.6441,253.825,253.9196,253.98225,254.45615,254.502625,255.063825,255.191225,255.310075,255.33585,255.3841,255.463525,255.519975,255.581275,255.645275,255.670775,255.87165,256.03615,256.123475,257.065725,257.094725,257.143575,257.224,257.284625,257.51545,257.544975,257.584,257.631025,258.9254,258.9718,259.02295,259.0653,259.104475,259.39735,259.643725,259.78855,0,0,0,0,0,0,0,0,0,0,0,0,0,0,0,0,0,0,0,0,0,0,0,0,0,0,0,0,0,0,0,0,0,0,0,0,0,0,0,0,0,0,0,0,0,0,0,0,0,0,0,0,0,0,0,0,0,0,0,0,0,0,0,0,0,0,0,0,0,0,0,0,0,0,0,0,0,0,0,0,0,0,0,0,0,0,0,0,0,0,0,0,0,0,0,0,0,0,0,0,0,0,0,0,0,0,0,0,0,0,0,0,0,0,0,0,0,0,0,0,0,0,0,0,0,0,0,0,0,0,0,0,0,0,0,0,0,0,0,0,0,0,0,0,0,0,0,0,0,0,0,0,0,0,0,0,0,0,0,0,0,0,0,0,0,0,0,0,0,0,0,0,0,0,0,0,0,0,0,0,0,0,0,0,0,0,0,0,0,0,0,0,0,0,0,0,0,0,0,0,0,0,0,0,0,0,0,0,0,0,0,0,0,0,0,0,0,0,0,0,0,0,0,0,0,0,0,0,0,0,0,0,0,0,0,0,0,0,0,0,0,0,0,0,0,0,0,0,0,0,0,0,0,0,0,0,0,0,0,0,0,0,0,0,0,0,0,0,0,0,0,0,0,0,0,0,0,0,0,0,0,0,0,0,0,0,0,0,0,0,0,0,0,0,0,0,0,0,0,0,0,0,0,0,0,0,0,0,0,0,0,0,0,0,0,0,0,0,0,0,0,0,0
"229",254.09105,254.1171,254.14075,254.167075,254.197525,254.2214,254.2666,254.321425,0,0,0,0,0,0,0,0,0,0,0,0,0,0,0,0,0,0,0,0,0,0,0,0,0,0,0,0,0,0,0,0,0,0,0,0,0,0,0,0,0,0,0,0,0,0,0,0,0,0,0,0,0,0,0,0,0,0,0,0,0,0,0,0,0,0,0,0,0,0,0,0,0,0,0,0,0,0,0,0,0,0,0,0,0,0,0,0,0,0,0,0,0,0,0,0,0,0,0,0,0,0,0,0,0,0,0,0,0,0,0,0,0,0,0,0,0,0,0,0,0,0,0,0,0,0,0,0,0,0,0,0,0,0,0,0,0,0,0,0,0,0,0,0,0,0,0,0,0,0,0,0,0,0,0,0,0,0,0,0,0,0,0,0,0,0,0,0,0,0,0,0,0,0,0,0,0,0,0,0,0,0,0,0,0,0,0,0,0,0,0,0,0,0,0,0,0,0,0,0,0,0,0,0,0,0,0,0,0,0,0,0,0,0,0,0,0,0,0,0,0,0,0,0,0,0,0,0,0,0,0,0,0,0,0,0,0,0,0,0,0,0,0,0,0,0,0,0,0,0,0,0,0,0,0,0,0,0,0,0,0,0,0,0,0,0,0,0,0,0,0,0,0,0,0,0,0,0,0,0,0,0,0,0,0,0,0,0,0,0,0,0,0,0,0,0,0,0,0,0,0,0,0,0,0,0,0,0,0,0,0,0,0,0,0,0,0,0,0,0,0,0,0,0,0,0,0,0,0,0,0,0,0,0,0,0,0,0,0,0,0,0,0,0,0,0,0,0,0,0,0,0,0,0,0,0,0,0
"230",252.450275,252.5202,252.541425,252.713,253.829625,253.9154,255.26815,257.126375,257.25495,258.96705,0,0,0,0,0,0,0,0,0,0,0,0,0,0,0,0,0,0,0,0,0,0,0,0,0,0,0,0,0,0,0,0,0,0,0,0,0,0,0,0,0,0,0,0,0,0,0,0,0,0,0,0,0,0,0,0,0,0,0,0,0,0,0,0,0,0,0,0,0,0,0,0,0,0,0,0,0,0,0,0,0,0,0,0,0,0,0,0,0,0,0,0,0,0,0,0,0,0,0,0,0,0,0,0,0,0,0,0,0,0,0,0,0,0,0,0,0,0,0,0,0,0,0,0,0,0,0,0,0,0,0,0,0,0,0,0,0,0,0,0,0,0,0,0,0,0,0,0,0,0,0,0,0,0,0,0,0,0,0,0,0,0,0,0,0,0,0,0,0,0,0,0,0,0,0,0,0,0,0,0,0,0,0,0,0,0,0,0,0,0,0,0,0,0,0,0,0,0,0,0,0,0,0,0,0,0,0,0,0,0,0,0,0,0,0,0,0,0,0,0,0,0,0,0,0,0,0,0,0,0,0,0,0,0,0,0,0,0,0,0,0,0,0,0,0,0,0,0,0,0,0,0,0,0,0,0,0,0,0,0,0,0,0,0,0,0,0,0,0,0,0,0,0,0,0,0,0,0,0,0,0,0,0,0,0,0,0,0,0,0,0,0,0,0,0,0,0,0,0,0,0,0,0,0,0,0,0,0,0,0,0,0,0,0,0,0,0,0,0,0,0,0,0,0,0,0,0,0,0,0,0,0,0,0,0,0,0,0,0,0,0,0,0,0,0,0,0,0,0,0,0,0,0,0,0,0
"231",250.820325,251.11375,251.136625,251.338025,251.384875,251.4209,251.45575,251.457375,251.5168,251.545525,251.571725,251.697375,251.77835,252.16715,252.19235,252.234725,252.266575,252.3019,252.321425,252.3457,252.3726,252.3826,252.454775,252.4592,252.4662,252.474525,252.517075,252.5385,252.567175,252.626825,252.640425,252.676375,252.680625,252.695675,252.711,252.731025,252.762725,252.787,252.795925,252.80355,252.840225,252.86405,252.8857,252.90265,252.9271,252.961875,252.9803,252.9957,252.9985,253.036975,253.05065,253.067625,253.077775,253.101525,253.13345,253.1463,253.1731,253.443025,253.4927,253.53565,253.561325,253.573925,253.589925,253.626325,253.6412,253.6647,253.6731,253.711825,253.743725,253.7768,253.7798,253.790925,253.80275,253.81585,253.8236,253.837075,253.8587,253.87505,253.88775,253.92175,253.92575,253.934575,253.947825,253.96375,253.9808,253.988775,253.995125,254.01225,254.033825,254.039075,254.04155,254.05395,254.063825,254.07645,254.099975,254.1095,254.12025,254.126525,254.150475,254.1849,254.1903,254.2021,254.216625,254.223775,254.247,254.255975,254.269325,254.277525,254.297225,254.303775,254.3134,254.3191,254.3241,254.33415,254.342125,254.3466,254.353125,254.3674,254.377,254.4,254.4358,254.45415,254.4645,254.5213,254.54135,254.566175,254.58015,254.597225,254.6472,254.7617,254.793275,254.8581,254.8837,254.91785,254.941725,254.963575,254.97435,254.98935,254.995075,255.010975,255.0238,255.035175,255.045575,255.052925,255.05745,255.0753,255.093325,255.1061,255.1218,255.12985,255.13265,255.13915,255.15045,255.168,255.182175,255.190175,255.217525,255.227925,255.24055,255.25705,255.266775,255.269775,255.28595,255.296825,255.30875,255.325525,255.3449,255.365125,255.371025,255.386275,255.397875,255.402025,255.4096,255.42315,255.433725,255.4705,255.48955,255.50145,255.506575,255.514875,255.525275,255.53425,255.566475,255.567825,255.578975,255.6378,255.67215,255.691525,255.702975,255.729575,255.758975,255.77265,255.794675,255.8064,255.809475,255.82185,255.8563,255.865675,255.86815,255.8846,255.893675,255.9084,255.921875,255.931025,255.95915,255.9698,256.0051,256.015175,256.031,256.0523,256.0677,256.15515,256.179925,256.3225,256.370175,256.70995,256.741875,256.751925,256.769275,256.813675,256.86755,256.8845,256.90775,256.965725,256.98605,257.013775,257.037825,257.061625,257.1006,257.117875,257.135925,257.1676,257.191525,257.2077,257.24685,257.259925,257.27395,257.2757,257.2841,257.3517,257.359275,257.369475,257.403875,257.42985,257.449475,257.46785,257.5666,257.61175,257.65795,257.6602,257.78025,257.8387,257.891625,257.935375,258.01345,258.177725,258.50075,258.549725,258.6048,258.640525,258.684925,258.7093,258.73795,258.80835,258.8217,258.9394,258.965,258.975925,258.993475,259.019425,259.072825,259.152825,259.174425,259.216525,259.260675,259.342875,259.389025,259.392225,259.47385,259.5705,260.348675,260.40965,260.463625,260.5278,260.535275,260.604275,260.642675,260.6749,260.702725,260.718275,260.7266,260.7594,260.801425,260.82945,260.854375,260.8635,260.88495,260.90865,260.923275,260.95205,260.977825,261.01315,261.057875,261.061125,261.089025,261.1226,261.161,261.171875,261.272775,261.353375,261.5657,261.72555,262.1775,262.312925,263.113575,263.23425,263.626425,263.6749,263.78125,263.85165,263.913425,263.954775,263.96985,264.0137,264.07375,264.13105,264.2188,264.27845,264.322725,264.365625,264.40605,264.459075,264.498375,264.5457,264.584875,264.664825,264.733,264.80185,264.86865,264.940725,265.01575,265.294075,277.536575,277.844325,0,0,0,0,0,0,0,0,0,0,0,0,0,0,0,0,0,0,0,0,0,0
"232",251.124475,251.36525,251.581075,251.832125,252.15345,252.73215,253.26865,253.40865,253.66645,254.824225,255.0371,255.1996,255.252325,255.347825,255.46195,255.5385,255.609125,255.708775,257.096475,257.1879,257.20855,257.31565,257.362775,257.435125,259.0023,259.139975,259.194425,0,0,0,0,0,0,0,0,0,0,0,0,0,0,0,0,0,0,0,0,0,0,0,0,0,0,0,0,0,0,0,0,0,0,0,0,0,0,0,0,0,0,0,0,0,0,0,0,0,0,0,0,0,0,0,0,0,0,0,0,0,0,0,0,0,0,0,0,0,0,0,0,0,0,0,0,0,0,0,0,0,0,0,0,0,0,0,0,0,0,0,0,0,0,0,0,0,0,0,0,0,0,0,0,0,0,0,0,0,0,0,0,0,0,0,0,0,0,0,0,0,0,0,0,0,0,0,0,0,0,0,0,0,0,0,0,0,0,0,0,0,0,0,0,0,0,0,0,0,0,0,0,0,0,0,0,0,0,0,0,0,0,0,0,0,0,0,0,0,0,0,0,0,0,0,0,0,0,0,0,0,0,0,0,0,0,0,0,0,0,0,0,0,0,0,0,0,0,0,0,0,0,0,0,0,0,0,0,0,0,0,0,0,0,0,0,0,0,0,0,0,0,0,0,0,0,0,0,0,0,0,0,0,0,0,0,0,0,0,0,0,0,0,0,0,0,0,0,0,0,0,0,0,0,0,0,0,0,0,0,0,0,0,0,0,0,0,0,0,0,0,0,0,0,0,0,0,0,0,0,0,0,0,0,0,0,0,0,0,0,0,0,0,0,0,0,0,0,0,0,0,0,0,0,0,0,0,0,0,0,0,0,0,0,0,0,0,0,0,0,0,0,0,0,0,0,0,0,0,0,0,0,0,0,0,0,0,0,0
"233",250.576875,253.728275,253.95395,254.025925,254.15715,254.294825,254.325175,254.376275,254.5364,255.313225,255.415525,255.50625,255.532025,255.535175,255.5668,255.634,255.66245,255.690925,255.74155,255.75445,255.9036,256.09695,257.221775,257.2827,257.395075,257.41275,257.427925,257.52515,257.56295,259.0736,259.148975,259.243275,0,0,0,0,0,0,0,0,0,0,0,0,0,0,0,0,0,0,0,0,0,0,0,0,0,0,0,0,0,0,0,0,0,0,0,0,0,0,0,0,0,0,0,0,0,0,0,0,0,0,0,0,0,0,0,0,0,0,0,0,0,0,0,0,0,0,0,0,0,0,0,0,0,0,0,0,0,0,0,0,0,0,0,0,0,0,0,0,0,0,0,0,0,0,0,0,0,0,0,0,0,0,0,0,0,0,0,0,0,0,0,0,0,0,0,0,0,0,0,0,0,0,0,0,0,0,0,0,0,0,0,0,0,0,0,0,0,0,0,0,0,0,0,0,0,0,0,0,0,0,0,0,0,0,0,0,0,0,0,0,0,0,0,0,0,0,0,0,0,0,0,0,0,0,0,0,0,0,0,0,0,0,0,0,0,0,0,0,0,0,0,0,0,0,0,0,0,0,0,0,0,0,0,0,0,0,0,0,0,0,0,0,0,0,0,0,0,0,0,0,0,0,0,0,0,0,0,0,0,0,0,0,0,0,0,0,0,0,0,0,0,0,0,0,0,0,0,0,0,0,0,0,0,0,0,0,0,0,0,0,0,0,0,0,0,0,0,0,0,0,0,0,0,0,0,0,0,0,0,0,0,0,0,0,0,0,0,0,0,0,0,0,0,0,0,0,0,0,0,0,0,0,0,0,0,0,0,0,0,0,0,0,0,0,0,0,0,0,0,0,0,0,0,0,0,0,0,0,0,0,0,0,0,0
"234",252.267425,252.818975,253.614025,253.818175,253.9034,254.00055,254.085525,254.2094,254.42455,254.48355,255.3383,255.460575,256.663325,256.792525,257.406875,257.5102,257.53555,258.92185,0,0,0,0,0,0,0,0,0,0,0,0,0,0,0,0,0,0,0,0,0,0,0,0,0,0,0,0,0,0,0,0,0,0,0,0,0,0,0,0,0,0,0,0,0,0,0,0,0,0,0,0,0,0,0,0,0,0,0,0,0,0,0,0,0,0,0,0,0,0,0,0,0,0,0,0,0,0,0,0,0,0,0,0,0,0,0,0,0,0,0,0,0,0,0,0,0,0,0,0,0,0,0,0,0,0,0,0,0,0,0,0,0,0,0,0,0,0,0,0,0,0,0,0,0,0,0,0,0,0,0,0,0,0,0,0,0,0,0,0,0,0,0,0,0,0,0,0,0,0,0,0,0,0,0,0,0,0,0,0,0,0,0,0,0,0,0,0,0,0,0,0,0,0,0,0,0,0,0,0,0,0,0,0,0,0,0,0,0,0,0,0,0,0,0,0,0,0,0,0,0,0,0,0,0,0,0,0,0,0,0,0,0,0,0,0,0,0,0,0,0,0,0,0,0,0,0,0,0,0,0,0,0,0,0,0,0,0,0,0,0,0,0,0,0,0,0,0,0,0,0,0,0,0,0,0,0,0,0,0,0,0,0,0,0,0,0,0,0,0,0,0,0,0,0,0,0,0,0,0,0,0,0,0,0,0,0,0,0,0,0,0,0,0,0,0,0,0,0,0,0,0,0,0,0,0,0,0,0,0,0,0,0,0,0,0,0,0,0,0,0,0,0,0,0,0,0,0,0,0,0,0,0,0,0,0,0,0,0,0,0,0,0,0,0,0,0,0
"235",250.0539,250.120725,250.159575,250.257625,250.33645,250.36025,250.406875,250.4434,250.472425,250.502275,250.5177,250.54345,250.556175,250.5731,250.582375,250.5936,250.6049,250.616475,250.626275,250.6457,250.657075,250.670975,250.6796,250.693675,250.713175,250.7301,250.741675,250.764125,250.7797,250.796025,250.81015,250.82685,250.861725,250.9422,250.98795,251.60985,251.68655,251.7287,251.77975,251.796125,251.823075,251.839325,251.871875,251.90385,251.92215,251.945675,251.96015,251.978825,252.007925,252.033525,252.05855,252.07005,252.0848,252.1156,252.1273,252.281725,252.395575,252.586875,252.992175,253.076475,253.1009,253.122725,253.13365,253.1593,253.195075,253.2086,253.2197,253.2319,253.2504,253.265425,253.280775,253.298825,253.3205,253.3406,253.3555,253.367675,253.384425,253.407375,253.446375,253.4644,253.48095,253.7283,254.45025,254.50975,254.52875,254.562325,254.5898,254.60345,254.613275,254.62625,254.6493,254.663025,254.679375,254.6901,254.70685,254.72325,254.7327,254.739675,254.7484,254.772025,254.7863,254.79535,254.8132,254.82645,254.85095,254.859975,254.87005,254.89715,254.9525,255.02645,255.88525,255.971525,256.00735,256.02655,256.094725,256.117525,256.14395,256.166275,256.18035,256.19845,256.208675,256.2391,256.249275,256.271425,256.2873,256.303425,256.312175,256.32635,256.337875,256.347925,256.357875,256.36535,256.377325,256.38725,256.39885,256.4126,256.4223,256.433625,256.4422,256.450075,256.462075,256.4713,256.486425,256.495225,256.506175,256.516475,256.53395,256.545425,256.55515,256.5607,256.575825,256.589875,256.614675,256.633,256.648925,256.664825,256.6969,257.21705,257.35845,257.394325,257.4815,257.528125,257.55545,257.569175,257.617325,257.639275,257.7092,257.767875,257.790575,257.82915,257.849125,257.870325,257.89145,257.912225,257.930975,257.9524,257.962575,257.991525,258.0176,258.03535,258.050875,258.066675,258.0903,258.1096,258.1173,258.130575,258.142225,258.160775,258.17535,258.1899,258.20205,258.212925,258.221175,258.23775,258.255175,258.27095,258.284375,258.302275,258.3276,258.347725,258.36055,258.381425,258.39435,258.449775,258.9341,258.99505,259.133575,259.225075,259.29175,259.33535,259.36755,259.43605,259.472325,259.50815,259.555575,259.581925,259.61335,259.631575,259.6668,259.69285,259.71545,259.742125,259.78425,259.8079,259.82965,259.849175,259.866575,259.880025,259.914025,259.93515,259.95915,259.9823,259.998825,260.0206,260.0359,260.05135,260.0664,260.0809,260.09405,260.105775,260.12065,260.147125,260.171525,260.1904,260.211175,260.222375,260.24895,260.292025,260.35085,260.4017,260.97045,261.185,261.22475,261.2464,261.42315,261.519525,261.659025,261.733525,261.871725,262.13585,262.1925,262.267625,262.37325,0,0,0,0,0,0,0,0,0,0,0,0,0,0,0,0,0,0,0,0,0,0,0,0,0,0,0,0,0,0,0,0,0,0,0,0,0,0,0,0,0,0,0,0,0,0,0,0,0,0,0,0,0,0,0,0,0,0,0,0,0,0,0,0,0,0,0,0,0,0,0,0,0,0,0,0,0,0,0,0,0,0,0,0,0,0,0,0,0,0,0,0,0,0,0,0,0,0,0,0,0,0,0
"236",251.298225,251.420925,252.68135,252.80915,252.82645,252.9142,252.91565,253.6788,253.9892,254.0518,254.09355,254.1109,254.1628,254.18115,254.197725,254.2367,255.043775,255.07385,255.11485,255.129375,255.162275,255.17995,255.263425,255.289575,255.3457,255.384025,255.404825,255.5145,255.765425,255.87345,255.9294,256.87945,256.925375,257.0209,257.042575,257.10735,257.142825,257.360025,258.671425,258.729525,258.785575,258.8115,258.936425,259.078125,259.3061,260.504775,260.551725,260.599225,260.641075,260.68285,260.722575,260.75735,260.8004,260.855775,260.88405,260.920675,260.98805,261.04745,261.113175,263.608725,263.7163,263.802675,263.85975,263.94365,264.000725,264.04245,264.0862,264.1215,264.143175,264.19835,264.23345,264.28685,264.3161,264.347275,264.38585,264.415775,264.45145,264.4766,264.52065,264.560075,264.5804,264.615375,264.6519,264.678975,264.715825,264.756675,264.80195,264.84475,264.89755,264.970075,265.0637,265.146225,265.255425,265.414475,265.5762,265.75895,0,0,0,0,0,0,0,0,0,0,0,0,0,0,0,0,0,0,0,0,0,0,0,0,0,0,0,0,0,0,0,0,0,0,0,0,0,0,0,0,0,0,0,0,0,0,0,0,0,0,0,0,0,0,0,0,0,0,0,0,0,0,0,0,0,0,0,0,0,0,0,0,0,0,0,0,0,0,0,0,0,0,0,0,0,0,0,0,0,0,0,0,0,0,0,0,0,0,0,0,0,0,0,0,0,0,0,0,0,0,0,0,0,0,0,0,0,0,0,0,0,0,0,0,0,0,0,0,0,0,0,0,0,0,0,0,0,0,0,0,0,0,0,0,0,0,0,0,0,0,0,0,0,0,0,0,0,0,0,0,0,0,0,0,0,0,0,0,0,0,0,0,0,0,0,0,0,0,0,0,0,0,0,0,0,0,0,0,0,0,0,0,0,0,0,0,0,0,0,0,0,0,0,0,0,0,0,0,0,0,0,0,0,0,0,0,0,0,0,0,0,0,0,0,0,0,0,0,0,0,0,0,0,0,0,0,0,0,0,0,0,0,0,0,0,0,0,0,0,0,0,0,0,0,0,0,0,0,0,0,0,0,0,0,0,0,0,0,0,0
"237",242.577875,243.428025,245.180025,249.790425,249.9087,249.99535,250.05185,250.461025,250.529375,250.562275,250.586625,250.606675,250.628,250.643675,250.761325,250.839675,250.926525,251.7738,251.834975,251.8369,251.988925,253.29435,254.551925,254.74385,256.314175,256.38855,256.46255,256.611425,256.797775,257.8259,258.1031,258.2057,259.528725,259.621475,259.845925,259.873075,259.9379,260.1663,261.49445,261.601275,261.73015,262.360225,262.488875,267.041575,267.65175,267.895525,268.45435,268.7492,269.429425,269.747025,269.945825,270.17135,272.705375,273.01025,273.525825,274.78165,275.447525,276.294125,276.8653,277.625525,0,0,0,0,0,0,0,0,0,0,0,0,0,0,0,0,0,0,0,0,0,0,0,0,0,0,0,0,0,0,0,0,0,0,0,0,0,0,0,0,0,0,0,0,0,0,0,0,0,0,0,0,0,0,0,0,0,0,0,0,0,0,0,0,0,0,0,0,0,0,0,0,0,0,0,0,0,0,0,0,0,0,0,0,0,0,0,0,0,0,0,0,0,0,0,0,0,0,0,0,0,0,0,0,0,0,0,0,0,0,0,0,0,0,0,0,0,0,0,0,0,0,0,0,0,0,0,0,0,0,0,0,0,0,0,0,0,0,0,0,0,0,0,0,0,0,0,0,0,0,0,0,0,0,0,0,0,0,0,0,0,0,0,0,0,0,0,0,0,0,0,0,0,0,0,0,0,0,0,0,0,0,0,0,0,0,0,0,0,0,0,0,0,0,0,0,0,0,0,0,0,0,0,0,0,0,0,0,0,0,0,0,0,0,0,0,0,0,0,0,0,0,0,0,0,0,0,0,0,0,0,0,0,0,0,0,0,0,0,0,0,0,0,0,0,0,0,0,0,0,0,0,0,0,0,0,0,0,0,0,0,0,0,0,0,0,0,0,0,0,0,0,0,0,0,0,0,0,0,0,0,0,0,0,0,0,0,0,0,0,0,0,0,0,0,0,0,0,0,0,0,0,0,0,0,0
"238",251.293375,251.444425,251.471425,251.495775,251.519725,251.534325,251.54905,252.2659,252.279775,252.3153,252.33625,252.3606,252.37935,252.419625,252.465275,252.48315,252.501675,252.522275,252.552475,252.595875,252.609875,252.6321,252.643475,252.695675,252.72435,252.7479,252.769,252.83625,252.85,252.868375,252.943075,252.96325,252.9888,253.045875,253.073675,253.1345,253.547125,253.582475,253.608025,253.6677,253.692775,253.71445,253.754675,253.792925,253.813625,253.849825,253.85445,253.863525,253.877675,253.89765,253.920975,253.923075,254.0248,254.041225,254.06285,254.0716,254.07585,254.102175,254.127525,254.18605,254.224,254.279475,254.309425,254.353625,254.385775,254.3895,254.45785,255.03295,255.07835,255.1108,255.1486,255.17325,255.187275,255.20755,255.220025,255.2475,255.269725,255.31345,255.3587,255.380275,255.472825,255.5016,255.532025,255.5567,255.582375,255.590775,255.597375,255.6238,255.6394,255.69265,255.7354,255.842225,255.882575,255.924425,255.94995,255.99995,256.100475,256.726525,256.775775,256.800975,256.846675,256.867175,256.8878,256.930525,256.947925,257.01095,257.027475,257.067825,257.1194,257.147975,257.185925,257.2141,257.237675,257.2923,257.3374,257.508275,257.61915,257.671575,258.5795,258.610025,258.6304,258.655725,258.678375,258.716325,258.737775,258.805475,258.818,258.852225,258.871475,258.98515,259.024975,259.105675,259.1533,259.166325,259.17725,259.3011,260.590725,260.615775,260.727325,260.752875,260.79735,260.840925,260.932825,260.995625,261.041125,264.72335,0,0,0,0,0,0,0,0,0,0,0,0,0,0,0,0,0,0,0,0,0,0,0,0,0,0,0,0,0,0,0,0,0,0,0,0,0,0,0,0,0,0,0,0,0,0,0,0,0,0,0,0,0,0,0,0,0,0,0,0,0,0,0,0,0,0,0,0,0,0,0,0,0,0,0,0,0,0,0,0,0,0,0,0,0,0,0,0,0,0,0,0,0,0,0,0,0,0,0,0,0,0,0,0,0,0,0,0,0,0,0,0,0,0,0,0,0,0,0,0,0,0,0,0,0,0,0,0,0,0,0,0,0,0,0,0,0,0,0,0,0,0,0,0,0,0,0,0,0,0,0,0,0,0,0,0,0,0,0,0,0,0,0,0,0,0,0,0,0,0,0,0,0,0,0,0,0,0,0,0,0,0,0,0,0,0,0,0,0,0,0,0,0,0,0,0,0,0,0,0,0,0,0,0,0,0,0,0,0,0,0,0,0,0,0,0,0,0,0,0
"239",254.489975,255.49965,255.53745,255.5649,255.595675,255.630325,255.68865,255.723525,257.365825,257.458225,257.4786,259.13495,0,0,0,0,0,0,0,0,0,0,0,0,0,0,0,0,0,0,0,0,0,0,0,0,0,0,0,0,0,0,0,0,0,0,0,0,0,0,0,0,0,0,0,0,0,0,0,0,0,0,0,0,0,0,0,0,0,0,0,0,0,0,0,0,0,0,0,0,0,0,0,0,0,0,0,0,0,0,0,0,0,0,0,0,0,0,0,0,0,0,0,0,0,0,0,0,0,0,0,0,0,0,0,0,0,0,0,0,0,0,0,0,0,0,0,0,0,0,0,0,0,0,0,0,0,0,0,0,0,0,0,0,0,0,0,0,0,0,0,0,0,0,0,0,0,0,0,0,0,0,0,0,0,0,0,0,0,0,0,0,0,0,0,0,0,0,0,0,0,0,0,0,0,0,0,0,0,0,0,0,0,0,0,0,0,0,0,0,0,0,0,0,0,0,0,0,0,0,0,0,0,0,0,0,0,0,0,0,0,0,0,0,0,0,0,0,0,0,0,0,0,0,0,0,0,0,0,0,0,0,0,0,0,0,0,0,0,0,0,0,0,0,0,0,0,0,0,0,0,0,0,0,0,0,0,0,0,0,0,0,0,0,0,0,0,0,0,0,0,0,0,0,0,0,0,0,0,0,0,0,0,0,0,0,0,0,0,0,0,0,0,0,0,0,0,0,0,0,0,0,0,0,0,0,0,0,0,0,0,0,0,0,0,0,0,0,0,0,0,0,0,0,0,0,0,0,0,0,0,0,0,0,0,0,0,0,0,0,0,0,0,0,0,0,0,0,0,0,0,0,0,0,0,0
"240",251.073575,251.1173,251.14275,251.169575,251.216075,251.246775,251.31765,251.356225,251.39405,251.6291,252.1989,252.237325,253.50315,254.929675,254.9899,255.005925,256.98035,257.5731,258.503,258.90045,260.52955,260.665425,264.013025,264.100375,264.245475,264.352075,264.47325,264.597225,0,0,0,0,0,0,0,0,0,0,0,0,0,0,0,0,0,0,0,0,0,0,0,0,0,0,0,0,0,0,0,0,0,0,0,0,0,0,0,0,0,0,0,0,0,0,0,0,0,0,0,0,0,0,0,0,0,0,0,0,0,0,0,0,0,0,0,0,0,0,0,0,0,0,0,0,0,0,0,0,0,0,0,0,0,0,0,0,0,0,0,0,0,0,0,0,0,0,0,0,0,0,0,0,0,0,0,0,0,0,0,0,0,0,0,0,0,0,0,0,0,0,0,0,0,0,0,0,0,0,0,0,0,0,0,0,0,0,0,0,0,0,0,0,0,0,0,0,0,0,0,0,0,0,0,0,0,0,0,0,0,0,0,0,0,0,0,0,0,0,0,0,0,0,0,0,0,0,0,0,0,0,0,0,0,0,0,0,0,0,0,0,0,0,0,0,0,0,0,0,0,0,0,0,0,0,0,0,0,0,0,0,0,0,0,0,0,0,0,0,0,0,0,0,0,0,0,0,0,0,0,0,0,0,0,0,0,0,0,0,0,0,0,0,0,0,0,0,0,0,0,0,0,0,0,0,0,0,0,0,0,0,0,0,0,0,0,0,0,0,0,0,0,0,0,0,0,0,0,0,0,0,0,0,0,0,0,0,0,0,0,0,0,0,0,0,0,0,0,0,0,0,0,0,0,0,0,0,0,0,0,0,0,0,0,0,0,0,0,0,0,0,0,0,0,0,0,0,0,0,0,0,0,0,0,0,0,0
"241",250.08565,250.3394,250.52005,250.571975,250.630925,251.798175,251.87605,256.30155,256.354675,256.4067,256.451825,257.820075,257.87335,257.909675,257.9248,257.97365,258.012525,258.087825,258.1459,258.190825,259.543975,259.56635,259.646375,259.704325,259.758275,259.8211,259.894525,261.49455,261.611425,261.672025,261.77815,261.855475,261.92195,261.982925,262.181725,262.3159,0,0,0,0,0,0,0,0,0,0,0,0,0,0,0,0,0,0,0,0,0,0,0,0,0,0,0,0,0,0,0,0,0,0,0,0,0,0,0,0,0,0,0,0,0,0,0,0,0,0,0,0,0,0,0,0,0,0,0,0,0,0,0,0,0,0,0,0,0,0,0,0,0,0,0,0,0,0,0,0,0,0,0,0,0,0,0,0,0,0,0,0,0,0,0,0,0,0,0,0,0,0,0,0,0,0,0,0,0,0,0,0,0,0,0,0,0,0,0,0,0,0,0,0,0,0,0,0,0,0,0,0,0,0,0,0,0,0,0,0,0,0,0,0,0,0,0,0,0,0,0,0,0,0,0,0,0,0,0,0,0,0,0,0,0,0,0,0,0,0,0,0,0,0,0,0,0,0,0,0,0,0,0,0,0,0,0,0,0,0,0,0,0,0,0,0,0,0,0,0,0,0,0,0,0,0,0,0,0,0,0,0,0,0,0,0,0,0,0,0,0,0,0,0,0,0,0,0,0,0,0,0,0,0,0,0,0,0,0,0,0,0,0,0,0,0,0,0,0,0,0,0,0,0,0,0,0,0,0,0,0,0,0,0,0,0,0,0,0,0,0,0,0,0,0,0,0,0,0,0,0,0,0,0,0,0,0,0,0,0,0,0,0,0,0,0,0,0,0,0,0,0,0,0,0,0,0,0,0,0,0,0,0,0,0,0,0,0,0,0,0,0,0,0,0,0,0,0,0,0
"242",251.026625,251.07645,251.217425,251.53955,251.970175,252.568325,253.15035,255.418425,255.9196,256.152725,256.709875,256.9867,257.036925,257.44995,258.51965,260.418625,262.397225,263.83685,263.96395,0,0,0,0,0,0,0,0,0,0,0,0,0,0,0,0,0,0,0,0,0,0,0,0,0,0,0,0,0,0,0,0,0,0,0,0,0,0,0,0,0,0,0,0,0,0,0,0,0,0,0,0,0,0,0,0,0,0,0,0,0,0,0,0,0,0,0,0,0,0,0,0,0,0,0,0,0,0,0,0,0,0,0,0,0,0,0,0,0,0,0,0,0,0,0,0,0,0,0,0,0,0,0,0,0,0,0,0,0,0,0,0,0,0,0,0,0,0,0,0,0,0,0,0,0,0,0,0,0,0,0,0,0,0,0,0,0,0,0,0,0,0,0,0,0,0,0,0,0,0,0,0,0,0,0,0,0,0,0,0,0,0,0,0,0,0,0,0,0,0,0,0,0,0,0,0,0,0,0,0,0,0,0,0,0,0,0,0,0,0,0,0,0,0,0,0,0,0,0,0,0,0,0,0,0,0,0,0,0,0,0,0,0,0,0,0,0,0,0,0,0,0,0,0,0,0,0,0,0,0,0,0,0,0,0,0,0,0,0,0,0,0,0,0,0,0,0,0,0,0,0,0,0,0,0,0,0,0,0,0,0,0,0,0,0,0,0,0,0,0,0,0,0,0,0,0,0,0,0,0,0,0,0,0,0,0,0,0,0,0,0,0,0,0,0,0,0,0,0,0,0,0,0,0,0,0,0,0,0,0,0,0,0,0,0,0,0,0,0,0,0,0,0,0,0,0,0,0,0,0,0,0,0,0,0,0,0,0,0,0,0,0,0,0,0,0,0
"243",252.74115,252.797675,252.854675,252.907125,253.00945,254.017275,254.05935,254.087025,254.113875,254.132625,254.1531,254.174725,254.20265,254.220875,254.250375,254.283575,254.316825,254.3782,0,0,0,0,0,0,0,0,0,0,0,0,0,0,0,0,0,0,0,0,0,0,0,0,0,0,0,0,0,0,0,0,0,0,0,0,0,0,0,0,0,0,0,0,0,0,0,0,0,0,0,0,0,0,0,0,0,0,0,0,0,0,0,0,0,0,0,0,0,0,0,0,0,0,0,0,0,0,0,0,0,0,0,0,0,0,0,0,0,0,0,0,0,0,0,0,0,0,0,0,0,0,0,0,0,0,0,0,0,0,0,0,0,0,0,0,0,0,0,0,0,0,0,0,0,0,0,0,0,0,0,0,0,0,0,0,0,0,0,0,0,0,0,0,0,0,0,0,0,0,0,0,0,0,0,0,0,0,0,0,0,0,0,0,0,0,0,0,0,0,0,0,0,0,0,0,0,0,0,0,0,0,0,0,0,0,0,0,0,0,0,0,0,0,0,0,0,0,0,0,0,0,0,0,0,0,0,0,0,0,0,0,0,0,0,0,0,0,0,0,0,0,0,0,0,0,0,0,0,0,0,0,0,0,0,0,0,0,0,0,0,0,0,0,0,0,0,0,0,0,0,0,0,0,0,0,0,0,0,0,0,0,0,0,0,0,0,0,0,0,0,0,0,0,0,0,0,0,0,0,0,0,0,0,0,0,0,0,0,0,0,0,0,0,0,0,0,0,0,0,0,0,0,0,0,0,0,0,0,0,0,0,0,0,0,0,0,0,0,0,0,0,0,0,0,0,0,0,0,0,0,0,0,0,0,0,0,0,0,0,0,0,0,0,0,0,0,0
"244",250.622,250.656175,250.750325,250.791825,250.8395,251.055625,251.54095,251.836775,252.015325,252.227975,252.26135,252.277025,252.4985,252.586275,252.71965,253.1621,253.3743,253.4027,253.4197,253.5241,253.90335,254.331675,254.74375,254.876875,255.51085,256.681075,258.103,258.307925,258.36635,258.4314,259.9776,260.009375,260.084225,260.1986,262.522675,270.0091,0,0,0,0,0,0,0,0,0,0,0,0,0,0,0,0,0,0,0,0,0,0,0,0,0,0,0,0,0,0,0,0,0,0,0,0,0,0,0,0,0,0,0,0,0,0,0,0,0,0,0,0,0,0,0,0,0,0,0,0,0,0,0,0,0,0,0,0,0,0,0,0,0,0,0,0,0,0,0,0,0,0,0,0,0,0,0,0,0,0,0,0,0,0,0,0,0,0,0,0,0,0,0,0,0,0,0,0,0,0,0,0,0,0,0,0,0,0,0,0,0,0,0,0,0,0,0,0,0,0,0,0,0,0,0,0,0,0,0,0,0,0,0,0,0,0,0,0,0,0,0,0,0,0,0,0,0,0,0,0,0,0,0,0,0,0,0,0,0,0,0,0,0,0,0,0,0,0,0,0,0,0,0,0,0,0,0,0,0,0,0,0,0,0,0,0,0,0,0,0,0,0,0,0,0,0,0,0,0,0,0,0,0,0,0,0,0,0,0,0,0,0,0,0,0,0,0,0,0,0,0,0,0,0,0,0,0,0,0,0,0,0,0,0,0,0,0,0,0,0,0,0,0,0,0,0,0,0,0,0,0,0,0,0,0,0,0,0,0,0,0,0,0,0,0,0,0,0,0,0,0,0,0,0,0,0,0,0,0,0,0,0,0,0,0,0,0,0,0,0,0,0,0,0,0,0,0,0,0,0,0,0,0,0,0,0,0,0,0,0,0,0,0,0,0,0,0,0,0,0
"245",252.557175,252.6004,252.649275,252.71615,252.750225,252.78875,252.831075,252.8606,252.905575,252.90895,252.94605,253.01155,253.934525,254.0458,254.07915,254.134225,254.167025,254.229425,254.259475,254.29795,257.2943,0,0,0,0,0,0,0,0,0,0,0,0,0,0,0,0,0,0,0,0,0,0,0,0,0,0,0,0,0,0,0,0,0,0,0,0,0,0,0,0,0,0,0,0,0,0,0,0,0,0,0,0,0,0,0,0,0,0,0,0,0,0,0,0,0,0,0,0,0,0,0,0,0,0,0,0,0,0,0,0,0,0,0,0,0,0,0,0,0,0,0,0,0,0,0,0,0,0,0,0,0,0,0,0,0,0,0,0,0,0,0,0,0,0,0,0,0,0,0,0,0,0,0,0,0,0,0,0,0,0,0,0,0,0,0,0,0,0,0,0,0,0,0,0,0,0,0,0,0,0,0,0,0,0,0,0,0,0,0,0,0,0,0,0,0,0,0,0,0,0,0,0,0,0,0,0,0,0,0,0,0,0,0,0,0,0,0,0,0,0,0,0,0,0,0,0,0,0,0,0,0,0,0,0,0,0,0,0,0,0,0,0,0,0,0,0,0,0,0,0,0,0,0,0,0,0,0,0,0,0,0,0,0,0,0,0,0,0,0,0,0,0,0,0,0,0,0,0,0,0,0,0,0,0,0,0,0,0,0,0,0,0,0,0,0,0,0,0,0,0,0,0,0,0,0,0,0,0,0,0,0,0,0,0,0,0,0,0,0,0,0,0,0,0,0,0,0,0,0,0,0,0,0,0,0,0,0,0,0,0,0,0,0,0,0,0,0,0,0,0,0,0,0,0,0,0,0,0,0,0,0,0,0,0,0,0,0,0,0,0,0,0,0,0,0
"246",251.5463,251.905775,252.327175,252.455625,252.47885,252.541625,252.598575,252.6525,253.6495,253.702625,253.80585,255.274725,255.3522,255.406825,255.53925,257.030175,257.09715,257.23075,257.328125,257.369825,257.448525,258.661625,258.76285,258.812125,258.89225,259.01785,259.1133,259.171825,260.06275,0,0,0,0,0,0,0,0,0,0,0,0,0,0,0,0,0,0,0,0,0,0,0,0,0,0,0,0,0,0,0,0,0,0,0,0,0,0,0,0,0,0,0,0,0,0,0,0,0,0,0,0,0,0,0,0,0,0,0,0,0,0,0,0,0,0,0,0,0,0,0,0,0,0,0,0,0,0,0,0,0,0,0,0,0,0,0,0,0,0,0,0,0,0,0,0,0,0,0,0,0,0,0,0,0,0,0,0,0,0,0,0,0,0,0,0,0,0,0,0,0,0,0,0,0,0,0,0,0,0,0,0,0,0,0,0,0,0,0,0,0,0,0,0,0,0,0,0,0,0,0,0,0,0,0,0,0,0,0,0,0,0,0,0,0,0,0,0,0,0,0,0,0,0,0,0,0,0,0,0,0,0,0,0,0,0,0,0,0,0,0,0,0,0,0,0,0,0,0,0,0,0,0,0,0,0,0,0,0,0,0,0,0,0,0,0,0,0,0,0,0,0,0,0,0,0,0,0,0,0,0,0,0,0,0,0,0,0,0,0,0,0,0,0,0,0,0,0,0,0,0,0,0,0,0,0,0,0,0,0,0,0,0,0,0,0,0,0,0,0,0,0,0,0,0,0,0,0,0,0,0,0,0,0,0,0,0,0,0,0,0,0,0,0,0,0,0,0,0,0,0,0,0,0,0,0,0,0,0,0,0,0,0,0,0,0,0,0,0,0,0,0,0,0,0,0,0,0,0,0,0,0,0,0,0,0,0
"247",251.175025,251.186975,251.256025,251.345,251.493325,252.19705,252.23275,252.2917,252.339175,252.5342,252.703175,252.7547,253.59045,253.855875,254.975475,255.061425,255.466175,256.792475,257.55855,258.491725,258.640425,260.32985,260.36995,260.4225,263.4871,263.5623,266.117225,0,0,0,0,0,0,0,0,0,0,0,0,0,0,0,0,0,0,0,0,0,0,0,0,0,0,0,0,0,0,0,0,0,0,0,0,0,0,0,0,0,0,0,0,0,0,0,0,0,0,0,0,0,0,0,0,0,0,0,0,0,0,0,0,0,0,0,0,0,0,0,0,0,0,0,0,0,0,0,0,0,0,0,0,0,0,0,0,0,0,0,0,0,0,0,0,0,0,0,0,0,0,0,0,0,0,0,0,0,0,0,0,0,0,0,0,0,0,0,0,0,0,0,0,0,0,0,0,0,0,0,0,0,0,0,0,0,0,0,0,0,0,0,0,0,0,0,0,0,0,0,0,0,0,0,0,0,0,0,0,0,0,0,0,0,0,0,0,0,0,0,0,0,0,0,0,0,0,0,0,0,0,0,0,0,0,0,0,0,0,0,0,0,0,0,0,0,0,0,0,0,0,0,0,0,0,0,0,0,0,0,0,0,0,0,0,0,0,0,0,0,0,0,0,0,0,0,0,0,0,0,0,0,0,0,0,0,0,0,0,0,0,0,0,0,0,0,0,0,0,0,0,0,0,0,0,0,0,0,0,0,0,0,0,0,0,0,0,0,0,0,0,0,0,0,0,0,0,0,0,0,0,0,0,0,0,0,0,0,0,0,0,0,0,0,0,0,0,0,0,0,0,0,0,0,0,0,0,0,0,0,0,0,0,0,0,0,0,0,0,0,0,0,0,0,0,0,0,0,0,0,0,0,0,0,0,0,0,0
"248",249.529375,249.702375,249.89825,249.95145,250.060375,250.232475,250.328725,250.463225,250.52655,250.55555,250.639925,250.80875,250.938475,250.972875,251.08095,251.137725,251.229725,251.269175,251.479825,251.5208,251.593025,251.650175,251.7664,251.831,251.87095,252.069675,252.108825,252.1761,252.29335,252.36715,252.4409,252.46765,252.492625,252.638975,252.704725,252.729425,252.779925,252.9575,253.02805,253.1655,253.19615,253.235575,253.36055,253.414,253.489925,253.54105,253.650575,253.803875,253.892525,254.129275,254.343125,254.418425,254.480975,254.659675,254.7224,254.781925,254.8229,254.872675,254.9319,254.981675,255.1711,255.230275,255.808225,255.848225,255.95825,256.021025,256.16795,256.256525,256.39355,256.49185,256.7353,256.8179,257.197675,257.278275,257.3362,257.4668,257.591125,257.68865,257.82415,257.8815,258.01565,258.45675,258.52435,258.5696,258.6318,258.687225,258.78365,258.870025,258.945625,259.040025,259.29255,259.40305,259.462725,259.6261,259.71815,259.7813,259.9368,260.382675,260.5401,260.74345,260.954075,261.254975,261.32965,261.481725,261.567525,261.682075,261.821425,261.95735,262.06155,262.348575,262.51475,0,0,0,0,0,0,0,0,0,0,0,0,0,0,0,0,0,0,0,0,0,0,0,0,0,0,0,0,0,0,0,0,0,0,0,0,0,0,0,0,0,0,0,0,0,0,0,0,0,0,0,0,0,0,0,0,0,0,0,0,0,0,0,0,0,0,0,0,0,0,0,0,0,0,0,0,0,0,0,0,0,0,0,0,0,0,0,0,0,0,0,0,0,0,0,0,0,0,0,0,0,0,0,0,0,0,0,0,0,0,0,0,0,0,0,0,0,0,0,0,0,0,0,0,0,0,0,0,0,0,0,0,0,0,0,0,0,0,0,0,0,0,0,0,0,0,0,0,0,0,0,0,0,0,0,0,0,0,0,0,0,0,0,0,0,0,0,0,0,0,0,0,0,0,0,0,0,0,0,0,0,0,0,0,0,0,0,0,0,0,0,0,0,0,0,0,0,0,0,0,0,0,0,0,0,0,0,0,0,0,0,0,0,0,0,0,0,0,0,0,0,0,0,0,0,0,0,0,0,0,0,0,0,0,0,0,0,0,0,0,0,0,0,0,0,0,0,0,0,0,0,0,0,0,0
"249",252.881025,253.6333,253.76605,253.907525,253.94675,254.18795,255.52765,255.705725,256.74195,257.308125,257.347875,258.9986,0,0,0,0,0,0,0,0,0,0,0,0,0,0,0,0,0,0,0,0,0,0,0,0,0,0,0,0,0,0,0,0,0,0,0,0,0,0,0,0,0,0,0,0,0,0,0,0,0,0,0,0,0,0,0,0,0,0,0,0,0,0,0,0,0,0,0,0,0,0,0,0,0,0,0,0,0,0,0,0,0,0,0,0,0,0,0,0,0,0,0,0,0,0,0,0,0,0,0,0,0,0,0,0,0,0,0,0,0,0,0,0,0,0,0,0,0,0,0,0,0,0,0,0,0,0,0,0,0,0,0,0,0,0,0,0,0,0,0,0,0,0,0,0,0,0,0,0,0,0,0,0,0,0,0,0,0,0,0,0,0,0,0,0,0,0,0,0,0,0,0,0,0,0,0,0,0,0,0,0,0,0,0,0,0,0,0,0,0,0,0,0,0,0,0,0,0,0,0,0,0,0,0,0,0,0,0,0,0,0,0,0,0,0,0,0,0,0,0,0,0,0,0,0,0,0,0,0,0,0,0,0,0,0,0,0,0,0,0,0,0,0,0,0,0,0,0,0,0,0,0,0,0,0,0,0,0,0,0,0,0,0,0,0,0,0,0,0,0,0,0,0,0,0,0,0,0,0,0,0,0,0,0,0,0,0,0,0,0,0,0,0,0,0,0,0,0,0,0,0,0,0,0,0,0,0,0,0,0,0,0,0,0,0,0,0,0,0,0,0,0,0,0,0,0,0,0,0,0,0,0,0,0,0,0,0,0,0,0,0,0,0,0,0,0,0,0,0,0,0,0,0,0,0
