{
  "M": 17,
  "T": 50.0,
  "dt": 0.01,
  "n_spikes_total": 155,
  "drift_params_true": [
    0.1,
    -0.8,
    0.7
  ],
  "sigma_params_true": [
    -0.3,
    0.9,
    1.1
  ],
  "drift_theta_hat": [
    0.1652554957772159,
    -0.6980218189380478,
    1.3150102815555853
  ],
  "sigma_phi_hat": [
    -2.9749069317199854,
    2.2671690749953077,
    2.854622028902579
  ]
}